{"type":"FeatureCollection","features":[{"type":"Feature","geometry":{"type":"Point","coordinates":[35.568582,33.31093,0]},"properties":{"event_id":1572,"data_org":"Green","event_date":"2026-03-03T00:00:00.000Z","post_date":"2026-03-03T00:00:00.000Z","pub_date":"2026-03-03T00:00:00.000Z","actor":"Hezbollah","claimed":"","event_type":"Direct Engagement","city":"Kfarkela","province":"","country":"Lebanon","latitude":33.31093,"longitude":35.568582,"coord_type":"general town","source_1":"https://t.me/defapress_ir/50003","source_2":"https://t.me/mmirleb/10217","sources":""}},{"type":"Feature","geometry":{"type":"Point","coordinates":[35.517017,33.23346,0]},"properties":{"event_id":1579,"data_org":"Green","event_date":"2026-03-05T00:00:00.000Z","post_date":"2026-03-05T00:00:00.000Z","pub_date":"2026-03-05T00:00:00.000Z","actor":"Hezbollah","claimed":"","event_type":"Rocket Attack","city":"","province":"","country":"Lebanon","latitude":33.23346,"longitude":35.517017,"coord_type":"general town","source_1":"https://t.me/mmirleb/10264","source_2":"","sources":""}},{"type":"Feature","geometry":{"type":"Point","coordinates":[35.291005,33.11527,0]},"properties":{"event_id":1580,"data_org":"Green","event_date":"2026-03-05T00:00:00.000Z","post_date":"2026-03-05T00:00:00.000Z","pub_date":"2026-03-05T00:00:00.000Z","actor":"Hezbollah","claimed":"","event_type":"Direct Engagement","city":"Jabal Blat","province":"","country":"Lebanon","latitude":33.11527,"longitude":35.291005,"coord_type":"general town","source_1":"https://t.me/mmirleb/10267","source_2":"","sources":""}},{"type":"Feature","geometry":{"type":"Point","coordinates":[35.516652,33.233439999999995,0]},"properties":{"event_id":1581,"data_org":"Green","event_date":"2026-03-05T00:00:00.000Z","post_date":"2026-03-05T00:00:00.000Z","pub_date":"2026-03-05T00:00:00.000Z","actor":"Hezbollah","claimed":"","event_type":"Rocket Attack","city":"Markaba","province":"","country":"Lebanon","latitude":33.23344,"longitude":35.516652,"coord_type":"general town","source_1":"https://t.me/mmirleb/10281","source_2":"","sources":""}},{"type":"Feature","geometry":{"type":"Point","coordinates":[35.516652,33.233439999999995,0]},"properties":{"event_id":1582,"data_org":"Green","event_date":"2026-03-05T00:00:00.000Z","post_date":"2026-03-05T00:00:00.000Z","pub_date":"2026-03-05T00:00:00.000Z","actor":"Hezbollah","claimed":"","event_type":"Rocket Attack","city":"Markaba","province":"","country":"Lebanon","latitude":33.23344,"longitude":35.516652,"coord_type":"general town","source_1":"https://t.me/mmirleb/10284","source_2":"","sources":""}},{"type":"Feature","geometry":{"type":"Point","coordinates":[35.226494,33.106269999999995,0]},"properties":{"event_id":1577,"data_org":"Green","event_date":"2026-03-04T00:00:00.000Z","post_date":"2026-03-04T00:00:00.000Z","pub_date":"2026-03-05T00:00:00.000Z","actor":"Hezbollah","claimed":"","event_type":"Direct Engagement","city":"Dhayra","province":"","country":"Lebanon","latitude":33.10627,"longitude":35.226494,"coord_type":"general town","source_1":"https://t.me/mmirleb/10252","source_2":"","sources":""}},{"type":"Feature","geometry":{"type":"Point","coordinates":[35.614677,33.330169999999995,0]},"properties":{"event_id":1578,"data_org":"Green","event_date":"2026-03-04T00:00:00.000Z","post_date":"2026-03-04T00:00:00.000Z","pub_date":"2026-03-05T00:00:00.000Z","actor":"Hezbollah","claimed":"","event_type":"Direct Engagement","city":"Khiam","province":"","country":"Lebanon","latitude":33.33017,"longitude":35.614677,"coord_type":"general town","source_1":"https://t.me/mmirleb/10255","source_2":"","sources":""}},{"type":"Feature","geometry":{"type":"Point","coordinates":[35.290013,33.113859999999995,0]},"properties":{"event_id":1593,"data_org":"Green","event_date":"2026-03-06T00:00:00.000Z","post_date":"2026-03-06T00:00:00.000Z","pub_date":"2026-03-06T00:00:00.000Z","actor":"Hezbollah","claimed":"","event_type":"Drone Attack","city":"Jabal Balat","province":"","country":"Lebanon","latitude":33.11386,"longitude":35.290013,"coord_type":"exact","source_1":"https://t.me/mmirleb/10314","source_2":"","sources":""}},{"type":"Feature","geometry":{"type":"Point","coordinates":[35.517295,33.23247,0]},"properties":{"event_id":1594,"data_org":"Green","event_date":"2026-03-06T00:00:00.000Z","post_date":"2026-03-06T00:00:00.000Z","pub_date":"2026-03-06T00:00:00.000Z","actor":"Hezbollah","claimed":"","event_type":"Rocket Attack","city":"Markaba","province":"","country":"Lebanon","latitude":33.23247,"longitude":35.517295,"coord_type":"general town","source_1":"https://t.me/mmirleb/10340","source_2":"","sources":""}},{"type":"Feature","geometry":{"type":"Point","coordinates":[35.290013,33.113859999999995,0]},"properties":{"event_id":1595,"data_org":"Green","event_date":"2026-03-06T00:00:00.000Z","post_date":"2026-03-06T00:00:00.000Z","pub_date":"2026-03-06T00:00:00.000Z","actor":"Hezbollah","claimed":"","event_type":"Direct Engagement","city":"Jabal Balat","province":"","country":"Lebanon","latitude":33.11386,"longitude":35.290013,"coord_type":"exact","source_1":"https://t.me/mmirleb/10349","source_2":"","sources":""}},{"type":"Feature","geometry":{"type":"Point","coordinates":[35.592839,33.29303,0]},"properties":{"event_id":1596,"data_org":"Green","event_date":"2026-03-05T00:00:00.000Z","post_date":"2026-03-06T00:00:00.000Z","pub_date":"2026-03-06T00:00:00.000Z","actor":"Hezbollah","claimed":"","event_type":"Drone Attack","city":"al Khiam","province":"","country":"Lebanon","latitude":33.29303,"longitude":35.592839,"coord_type":"exact","source_1":"https://t.me/mmirleb/10354","source_2":"","sources":""}},{"type":"Feature","geometry":{"type":"Point","coordinates":[35.60757,33.32269,0]},"properties":{"event_id":1586,"data_org":"Green","event_date":"2026-03-05T00:00:00.000Z","post_date":"2026-03-05T00:00:00.000Z","pub_date":"2026-03-06T00:00:00.000Z","actor":"Hezbollah","claimed":"","event_type":"Direct Engagement","city":"al Khiam","province":"","country":"Lebanon","latitude":33.32269,"longitude":35.60757,"coord_type":"general town","source_1":"https://t.me/mmirleb/10293","source_2":"https://x.com/MarioLeb79/status/2029915690040177075","sources":""}},{"type":"Feature","geometry":{"type":"Point","coordinates":[35.606529,33.311899999999994,0]},"properties":{"event_id":1587,"data_org":"Green","event_date":"2026-03-05T00:00:00.000Z","post_date":"2026-03-05T00:00:00.000Z","pub_date":"2026-03-06T00:00:00.000Z","actor":"Hezbollah","claimed":"","event_type":"Direct Engagement","city":"al Khiam","province":"","country":"Lebanon","latitude":33.3119,"longitude":35.606529,"coord_type":"general town","source_1":"https://t.me/mmirleb/10293","source_2":"","sources":""}},{"type":"Feature","geometry":{"type":"Point","coordinates":[35.517295,33.23247,0]},"properties":{"event_id":1585,"data_org":"Green","event_date":"2026-03-05T00:00:00.000Z","post_date":"2026-03-05T00:00:00.000Z","pub_date":"2026-03-06T00:00:00.000Z","actor":"Hezbollah","claimed":"","event_type":"Direct Engagement","city":"Markaba","province":"","country":"Lebanon","latitude":33.23247,"longitude":35.517295,"coord_type":"general town","source_1":"https://t.me/mmirleb/10290","source_2":"","sources":""}},{"type":"Feature","geometry":{"type":"Point","coordinates":[35.517295,33.23247,0]},"properties":{"event_id":1588,"data_org":"Green","event_date":"2026-03-05T00:00:00.000Z","post_date":"2026-03-05T00:00:00.000Z","pub_date":"2026-03-06T00:00:00.000Z","actor":"Hezbollah","claimed":"","event_type":"Rocket Attack","city":"Markaba","province":"","country":"Lebanon","latitude":33.23247,"longitude":35.517295,"coord_type":"general town","source_1":"https://t.me/mmirleb/10300","source_2":"","sources":""}},{"type":"Feature","geometry":{"type":"Point","coordinates":[35.606529,33.311899999999994,0]},"properties":{"event_id":1589,"data_org":"Green","event_date":"2026-03-05T00:00:00.000Z","post_date":"2026-03-05T00:00:00.000Z","pub_date":"2026-03-06T00:00:00.000Z","actor":"Hezbollah","claimed":"","event_type":"Rocket Attack","city":"al Khiam","province":"","country":"Lebanon","latitude":33.3119,"longitude":35.606529,"coord_type":"general town","source_1":"https://t.me/mmirleb/10300","source_2":"","sources":""}},{"type":"Feature","geometry":{"type":"Point","coordinates":[35.555355,33.27848,0]},"properties":{"event_id":1590,"data_org":"Green","event_date":"2026-03-05T00:00:00.000Z","post_date":"2026-03-05T00:00:00.000Z","pub_date":"2026-03-06T00:00:00.000Z","actor":"Hezbollah","claimed":"","event_type":"Rocket Attack","city":"Kfar Kila","province":"","country":"Lebanon","latitude":33.27848,"longitude":35.555355,"coord_type":"general town","source_1":"https://t.me/mmirleb/10300","source_2":"","sources":""}},{"type":"Feature","geometry":{"type":"Point","coordinates":[35.592839,33.29303,0]},"properties":{"event_id":1591,"data_org":"Green","event_date":"2026-03-05T00:00:00.000Z","post_date":"2026-03-05T00:00:00.000Z","pub_date":"2026-03-06T00:00:00.000Z","actor":"Hezbollah","claimed":"","event_type":"Rocket Attack","city":"al Khiam","province":"","country":"Lebanon","latitude":33.29303,"longitude":35.592839,"coord_type":"exact","source_1":"https://t.me/mmirleb/10300","source_2":"","sources":""}},{"type":"Feature","geometry":{"type":"Point","coordinates":[35.60757,33.32269,0]},"properties":{"event_id":1592,"data_org":"Green","event_date":"2026-03-05T00:00:00.000Z","post_date":"2026-03-05T00:00:00.000Z","pub_date":"2026-03-06T00:00:00.000Z","actor":"Hezbollah","claimed":"","event_type":"Rocket Attack","city":"Khiam","province":"","country":"Lebanon","latitude":33.32269,"longitude":35.60757,"coord_type":"general town","source_1":"https://t.me/mmirleb/10300","source_2":"","sources":""}},{"type":"Feature","geometry":{"type":"Point","coordinates":[35.290013,33.113859999999995,0]},"properties":{"event_id":1600,"data_org":"Green","event_date":"2026-03-07T00:00:00.000Z","post_date":"2026-03-07T00:00:00.000Z","pub_date":"2026-03-07T00:00:00.000Z","actor":"Hezbollah","claimed":"","event_type":"Rocket Attack","city":"Jabal Balat","province":"","country":"Lebanon","latitude":33.11386,"longitude":35.290013,"coord_type":"exact","source_1":"https://t.me/mmirleb/10373","source_2":"","sources":""}},{"type":"Feature","geometry":{"type":"Point","coordinates":[35.555355,33.27848,0]},"properties":{"event_id":1601,"data_org":"Green","event_date":"2026-03-07T00:00:00.000Z","post_date":"2026-03-07T00:00:00.000Z","pub_date":"2026-03-07T00:00:00.000Z","actor":"Hezbollah","claimed":"","event_type":"Rocket Attack","city":"Kfar Kila","province":"","country":"Lebanon","latitude":33.27848,"longitude":35.555355,"coord_type":"general town","source_1":"https://t.me/s/mmirleb","source_2":"","sources":";  ;  ;"}},{"type":"Feature","geometry":{"type":"Point","coordinates":[35.60757,33.32269,0]},"properties":{"event_id":1602,"data_org":"Green","event_date":"2026-03-07T00:00:00.000Z","post_date":"2026-03-07T00:00:00.000Z","pub_date":"2026-03-07T00:00:00.000Z","actor":"Hezbollah","claimed":"","event_type":"Drone Attack","city":"Khiam","province":"","country":"Lebanon","latitude":33.32269,"longitude":35.60757,"coord_type":"general town","source_1":"https://t.me/mmirleb/10394","source_2":"","sources":""}},{"type":"Feature","geometry":{"type":"Point","coordinates":[35.592839,33.29303,0]},"properties":{"event_id":1603,"data_org":"Green","event_date":"2026-03-07T00:00:00.000Z","post_date":"2026-03-07T00:00:00.000Z","pub_date":"2026-03-07T00:00:00.000Z","actor":"Hezbollah","claimed":"","event_type":"Drone Attack","city":"al Khiam","province":"","country":"Lebanon","latitude":33.29303,"longitude":35.592839,"coord_type":"exact","source_1":"https://t.me/mmirleb/10397","source_2":"","sources":""}},{"type":"Feature","geometry":{"type":"Point","coordinates":[35.517295,33.23247,0]},"properties":{"event_id":1604,"data_org":"Green","event_date":"2026-03-07T00:00:00.000Z","post_date":"2026-03-07T00:00:00.000Z","pub_date":"2026-03-07T00:00:00.000Z","actor":"Hezbollah","claimed":"","event_type":"Rocket Attack","city":"Markaba","province":"","country":"Lebanon","latitude":33.23247,"longitude":35.517295,"coord_type":"general town","source_1":"https://t.me/mmirleb/10406","source_2":"","sources":""}},{"type":"Feature","geometry":{"type":"Point","coordinates":[36.112809,33.87229,0]},"properties":{"event_id":1597,"data_org":"Green","event_date":"2026-03-06T00:00:00.000Z","post_date":"2026-03-06T00:00:00.000Z","pub_date":"2026-03-07T00:00:00.000Z","actor":"Hezbollah","claimed":"","event_type":"Rocket Attack","city":"Baalbek","province":"","country":"Lebanon","latitude":33.87229,"longitude":36.112809,"coord_type":"general town","source_1":"https://t.me/mmirleb/10362","source_2":"https://t.me/mmirleb/10368","sources":"https://x.com/JoeTruzman/status/2030137723089211575/video/1; https://x.com/FaytuksNetwork/status/2030230073156972553"}},{"type":"Feature","geometry":{"type":"Point","coordinates":[35.592839,33.29303,0]},"properties":{"event_id":1598,"data_org":"Green","event_date":"2026-03-06T00:00:00.000Z","post_date":"2026-03-06T00:00:00.000Z","pub_date":"2026-03-07T00:00:00.000Z","actor":"Hezbollah","claimed":"","event_type":"Rocket Attack","city":"al Khiam","province":"","country":"Lebanon","latitude":33.29303,"longitude":35.592839,"coord_type":"exact","source_1":"https://t.me/mmirleb/10365","source_2":"","sources":""}},{"type":"Feature","geometry":{"type":"Point","coordinates":[35.606529,33.311899999999994,0]},"properties":{"event_id":1599,"data_org":"Green","event_date":"2026-03-06T00:00:00.000Z","post_date":"2026-03-06T00:00:00.000Z","pub_date":"2026-03-07T00:00:00.000Z","actor":"Hezbollah","claimed":"","event_type":"Rocket Attack","city":"al Khiam","province":"","country":"Lebanon","latitude":33.3119,"longitude":35.606529,"coord_type":"general town","source_1":"https://t.me/mmirleb/10365","source_2":"","sources":""}},{"type":"Feature","geometry":{"type":"Point","coordinates":[35.445046,33.10729,0]},"properties":{"event_id":1605,"data_org":"Green","event_date":"2026-03-07T00:00:00.000Z","post_date":"2026-03-07T00:00:00.000Z","pub_date":"2026-03-08T00:00:00.000Z","actor":"Hezbollah","claimed":"","event_type":"Rocket Attack","city":"Maroun al Ras","province":"","country":"Lebanon","latitude":33.10729,"longitude":35.445046,"coord_type":"general town","source_1":"https://t.me/mmirleb/10459","source_2":"","sources":""}},{"type":"Feature","geometry":{"type":"Point","coordinates":[35.562981,33.2834,0]},"properties":{"event_id":1606,"data_org":"Green","event_date":"2026-03-07T00:00:00.000Z","post_date":"2026-03-07T00:00:00.000Z","pub_date":"2026-03-08T00:00:00.000Z","actor":"Hezbollah","claimed":"","event_type":"Rocket Attack","city":"Kfar Kila","province":"","country":"Lebanon","latitude":33.2834,"longitude":35.562981,"coord_type":"exact","source_1":"https://t.me/mmirleb/10465","source_2":"","sources":""}},{"type":"Feature","geometry":{"type":"Point","coordinates":[35.542026,33.25511999999999,0]},"properties":{"event_id":1607,"data_org":"Green","event_date":"2026-03-07T00:00:00.000Z","post_date":"2026-03-07T00:00:00.000Z","pub_date":"2026-03-08T00:00:00.000Z","actor":"Hezbollah","claimed":"","event_type":"Rocket Attack","city":"Oddassieh","province":"","country":"Lebanon","latitude":33.25512,"longitude":35.542026,"coord_type":"general town","source_1":"https://t.me/mmirleb/10468","source_2":"","sources":""}},{"type":"Feature","geometry":{"type":"Point","coordinates":[35.468409,33.11549999999999,0]},"properties":{"event_id":1608,"data_org":"Green","event_date":"2026-03-07T00:00:00.000Z","post_date":"2026-03-07T00:00:00.000Z","pub_date":"2026-03-08T00:00:00.000Z","actor":"Hezbollah","claimed":"","event_type":"Direct Engagement","city":"Aitaroun","province":"","country":"Lebanon","latitude":33.1155,"longitude":35.468409,"coord_type":"general town","source_1":"https://t.me/mmirleb/10486","source_2":"","sources":""}},{"type":"Feature","geometry":{"type":"Point","coordinates":[35.468409,33.11549999999999,0]},"properties":{"event_id":1609,"data_org":"Green","event_date":"2026-03-07T00:00:00.000Z","post_date":"2026-03-07T00:00:00.000Z","pub_date":"2026-03-08T00:00:00.000Z","actor":"Hezbollah","claimed":"","event_type":"Direct Engagement","city":"Aitaroun","province":"","country":"Lebanon","latitude":33.1155,"longitude":35.468409,"coord_type":"general town","source_1":"https://t.me/mmirleb/10493","source_2":"","sources":""}},{"type":"Feature","geometry":{"type":"Point","coordinates":[35.517295,33.23247,0]},"properties":{"event_id":1610,"data_org":"Green","event_date":"2026-03-07T00:00:00.000Z","post_date":"2026-03-07T00:00:00.000Z","pub_date":"2026-03-08T00:00:00.000Z","actor":"Hezbollah","claimed":"","event_type":"Rocket Attack","city":"Markaba","province":"","country":"Lebanon","latitude":33.23247,"longitude":35.517295,"coord_type":"general town","source_1":"https://t.me/mmirleb/10499","source_2":"","sources":""}},{"type":"Feature","geometry":{"type":"Point","coordinates":[35.542026,33.25511999999999,0]},"properties":{"event_id":1618,"data_org":"Green","event_date":"2026-03-09T00:00:00.000Z","post_date":"2026-03-09T00:00:00.000Z","pub_date":"2026-03-09T00:00:00.000Z","actor":"Hezbollah","claimed":"","event_type":"Rocket Attack","city":"Oddaisseh","province":"","country":"Lebanon","latitude":33.25512,"longitude":35.542026,"coord_type":"general town","source_1":"https://t.me/mmirleb/10572","source_2":"","sources":""}},{"type":"Feature","geometry":{"type":"Point","coordinates":[35.517295,33.23247,0]},"properties":{"event_id":1619,"data_org":"Green","event_date":"2026-03-09T00:00:00.000Z","post_date":"2026-03-09T00:00:00.000Z","pub_date":"2026-03-09T00:00:00.000Z","actor":"Hezbollah","claimed":"","event_type":"Rocket Attack","city":"Markaba","province":"","country":"Lebanon","latitude":33.23247,"longitude":35.517295,"coord_type":"general town","source_1":"https://t.me/mmirleb/10581","source_2":"","sources":""}},{"type":"Feature","geometry":{"type":"Point","coordinates":[35.52196,33.24746,0]},"properties":{"event_id":1620,"data_org":"Green","event_date":"2026-03-09T00:00:00.000Z","post_date":"2026-03-09T00:00:00.000Z","pub_date":"2026-03-09T00:00:00.000Z","actor":"Hezbollah","claimed":"","event_type":"Rocket Attack","city":"Rab El Thalathine","province":"","country":"Lebanon","latitude":33.24746,"longitude":35.52196,"coord_type":"general town","source_1":"https://t.me/mmirleb/10584","source_2":"","sources":""}},{"type":"Feature","geometry":{"type":"Point","coordinates":[35.532353,33.22523,0]},"properties":{"event_id":1621,"data_org":"Green","event_date":"2026-03-09T00:00:00.000Z","post_date":"2026-03-09T00:00:00.000Z","pub_date":"2026-03-09T00:00:00.000Z","actor":"Hezbollah","claimed":"","event_type":"Anti-Tank Fire","city":"Markaba","province":"","country":"Lebanon","latitude":33.22523,"longitude":35.532353,"coord_type":"general town","source_1":"https://t.me/mmirleb/10594","source_2":"","sources":""}},{"type":"Feature","geometry":{"type":"Point","coordinates":[35.521966,33.16955999999999,0]},"properties":{"event_id":1612,"data_org":"Green","event_date":"2026-03-08T00:00:00.000Z","post_date":"2026-03-08T00:00:00.000Z","pub_date":"2026-03-09T00:00:00.000Z","actor":"Hezbollah","claimed":"","event_type":"Mortar Attack","city":"Mays al Jabal","province":"","country":"Lebanon","latitude":33.16956,"longitude":35.521966,"coord_type":"general town","source_1":"https://t.me/mmirleb/10539","source_2":"","sources":""}},{"type":"Feature","geometry":{"type":"Point","coordinates":[35.542026,33.25511999999999,0]},"properties":{"event_id":1613,"data_org":"Green","event_date":"2026-03-08T00:00:00.000Z","post_date":"2026-03-08T00:00:00.000Z","pub_date":"2026-03-09T00:00:00.000Z","actor":"Hezbollah","claimed":"","event_type":"Mortar Attack","city":"Oddaisseh","province":"","country":"Lebanon","latitude":33.25512,"longitude":35.542026,"coord_type":"general town","source_1":"https://t.me/mmirleb/10554","source_2":"","sources":""}},{"type":"Feature","geometry":{"type":"Point","coordinates":[35.542026,33.25511999999999,0]},"properties":{"event_id":1614,"data_org":"Green","event_date":"2026-03-08T00:00:00.000Z","post_date":"2026-03-08T00:00:00.000Z","pub_date":"2026-03-09T00:00:00.000Z","actor":"Hezbollah","claimed":"","event_type":"Mortar Attack","city":"Oddaisseh","province":"","country":"Lebanon","latitude":33.25512,"longitude":35.542026,"coord_type":"general town","source_1":"https://t.me/mmirleb/10557","source_2":"","sources":""}},{"type":"Feature","geometry":{"type":"Point","coordinates":[35.468409,33.11549999999999,0]},"properties":{"event_id":1615,"data_org":"Green","event_date":"2026-03-08T00:00:00.000Z","post_date":"2026-03-08T00:00:00.000Z","pub_date":"2026-03-09T00:00:00.000Z","actor":"Hezbollah","claimed":"","event_type":"Mortar Attack","city":"Aitaroun","province":"","country":"Lebanon","latitude":33.1155,"longitude":35.468409,"coord_type":"general town","source_1":"https://t.me/mmirleb/10560","source_2":"","sources":""}},{"type":"Feature","geometry":{"type":"Point","coordinates":[35.468409,33.11549999999999,0]},"properties":{"event_id":1616,"data_org":"Green","event_date":"2026-03-08T00:00:00.000Z","post_date":"2026-03-08T00:00:00.000Z","pub_date":"2026-03-09T00:00:00.000Z","actor":"Hezbollah","claimed":"","event_type":"Mortar Attack","city":"Aitaroun","province":"","country":"Lebanon","latitude":33.1155,"longitude":35.468409,"coord_type":"general town","source_1":"https://t.me/mmirleb/10563","source_2":"","sources":""}},{"type":"Feature","geometry":{"type":"Point","coordinates":[35.542026,33.25511999999999,0]},"properties":{"event_id":1617,"data_org":"Green","event_date":"2026-03-08T00:00:00.000Z","post_date":"2026-03-08T00:00:00.000Z","pub_date":"2026-03-09T00:00:00.000Z","actor":"Hezbollah","claimed":"","event_type":"Direct Engagement","city":"Oddaisseh","province":"","country":"Lebanon","latitude":33.25512,"longitude":35.542026,"coord_type":"general town","source_1":"https://t.me/mmirleb/10566","source_2":"","sources":""}},{"type":"Feature","geometry":{"type":"Point","coordinates":[35.592839,33.29303,0]},"properties":{"event_id":1628,"data_org":"Green","event_date":"2026-03-10T00:00:00.000Z","post_date":"2026-03-10T00:00:00.000Z","pub_date":"2026-03-10T00:00:00.000Z","actor":"Hezbollah","claimed":"","event_type":"Rocket Attack","city":"al Khiam","province":"","country":"Lebanon","latitude":33.29303,"longitude":35.592839,"coord_type":"exact","source_1":"https://t.me/mmirleb/10686","source_2":"","sources":""}},{"type":"Feature","geometry":{"type":"Point","coordinates":[35.606529,33.311899999999994,0]},"properties":{"event_id":1629,"data_org":"Green","event_date":"2026-03-10T00:00:00.000Z","post_date":"2026-03-10T00:00:00.000Z","pub_date":"2026-03-10T00:00:00.000Z","actor":"Hezbollah","claimed":"","event_type":"Rocket Attack","city":"al Khiam","province":"","country":"Lebanon","latitude":33.3119,"longitude":35.606529,"coord_type":"general town","source_1":"https://t.me/mmirleb/10691","source_2":"https://t.me/QudsN/673571","sources":""}},{"type":"Feature","geometry":{"type":"Point","coordinates":[35.60757,33.32269,0]},"properties":{"event_id":1630,"data_org":"Green","event_date":"2026-03-10T00:00:00.000Z","post_date":"2026-03-10T00:00:00.000Z","pub_date":"2026-03-10T00:00:00.000Z","actor":"Hezbollah","claimed":"","event_type":"Rocket Attack","city":"Khiam","province":"","country":"Lebanon","latitude":33.32269,"longitude":35.60757,"coord_type":"general town","source_1":"https://t.me/mmirleb/10694","source_2":"","sources":""}},{"type":"Feature","geometry":{"type":"Point","coordinates":[35.606529,33.311899999999994,0]},"properties":{"event_id":1631,"data_org":"Green","event_date":"2026-03-10T00:00:00.000Z","post_date":"2026-03-10T00:00:00.000Z","pub_date":"2026-03-10T00:00:00.000Z","actor":"Hezbollah","claimed":"","event_type":"Rocket Attack","city":"al Khiam","province":"","country":"Lebanon","latitude":33.3119,"longitude":35.606529,"coord_type":"general town","source_1":"https://t.me/mmirleb/10697","source_2":"","sources":""}},{"type":"Feature","geometry":{"type":"Point","coordinates":[35.542026,33.25511999999999,0]},"properties":{"event_id":1632,"data_org":"Green","event_date":"2026-03-10T00:00:00.000Z","post_date":"2026-03-10T00:00:00.000Z","pub_date":"2026-03-10T00:00:00.000Z","actor":"Hezbollah","claimed":"","event_type":"Rocket Attack","city":"Oddaisseh","province":"","country":"Lebanon","latitude":33.25512,"longitude":35.542026,"coord_type":"general town","source_1":"https://t.me/mmirleb/10702","source_2":"","sources":""}},{"type":"Feature","geometry":{"type":"Point","coordinates":[35.468409,33.11549999999999,0]},"properties":{"event_id":1622,"data_org":"Green","event_date":"2026-03-09T00:00:00.000Z","post_date":"2026-03-09T00:00:00.000Z","pub_date":"2026-03-10T00:00:00.000Z","actor":"Hezbollah","claimed":"","event_type":"Mortar Attack","city":"Aitaroun","province":"","country":"Lebanon","latitude":33.1155,"longitude":35.468409,"coord_type":"general town","source_1":"https://t.me/mmirleb/10635","source_2":"","sources":""}},{"type":"Feature","geometry":{"type":"Point","coordinates":[35.445046,33.10729,0]},"properties":{"event_id":1623,"data_org":"Green","event_date":"2026-03-09T00:00:00.000Z","post_date":"2026-03-09T00:00:00.000Z","pub_date":"2026-03-10T00:00:00.000Z","actor":"Hezbollah","claimed":"","event_type":"Rocket Attack","city":"Maroun al Ras","province":"","country":"Lebanon","latitude":33.10729,"longitude":35.445046,"coord_type":"general town","source_1":"https://t.me/mmirleb/10638","source_2":"","sources":""}},{"type":"Feature","geometry":{"type":"Point","coordinates":[35.517295,33.23247,0]},"properties":{"event_id":1624,"data_org":"Green","event_date":"2026-03-09T00:00:00.000Z","post_date":"2026-03-09T00:00:00.000Z","pub_date":"2026-03-10T00:00:00.000Z","actor":"Hezbollah","claimed":"","event_type":"Rocket Attack","city":"Markaba","province":"","country":"Lebanon","latitude":33.23247,"longitude":35.517295,"coord_type":"general town","source_1":"https://t.me/mmirleb/10647","source_2":"","sources":""}},{"type":"Feature","geometry":{"type":"Point","coordinates":[35.614806,33.33019999999999,0]},"properties":{"event_id":1625,"data_org":"Green","event_date":"2026-03-09T00:00:00.000Z","post_date":"2026-03-09T00:00:00.000Z","pub_date":"2026-03-10T00:00:00.000Z","actor":"Hezbollah","claimed":"","event_type":"Direct Engagement","city":"Khiam","province":"","country":"Lebanon","latitude":33.3302,"longitude":35.614806,"coord_type":"general town","source_1":"https://t.me/mmirleb/10656","source_2":"https://t.me/mmirleb/10659","sources":"https://x.com/manniefabian/status/2031371715834499093"}},{"type":"Feature","geometry":{"type":"Point","coordinates":[35.468409,33.11549999999999,0]},"properties":{"event_id":1626,"data_org":"Green","event_date":"2026-03-09T00:00:00.000Z","post_date":"2026-03-09T00:00:00.000Z","pub_date":"2026-03-10T00:00:00.000Z","actor":"Hezbollah","claimed":"","event_type":"Rocket Attack","city":"Aitaroun","province":"","country":"Lebanon","latitude":33.1155,"longitude":35.468409,"coord_type":"general town","source_1":"https://t.me/mmirleb/10665","source_2":"","sources":""}},{"type":"Feature","geometry":{"type":"Point","coordinates":[35.592839,33.29303,0]},"properties":{"event_id":1627,"data_org":"Green","event_date":"2026-03-09T00:00:00.000Z","post_date":"2026-03-09T00:00:00.000Z","pub_date":"2026-03-10T00:00:00.000Z","actor":"Hezbollah","claimed":"","event_type":"Rocket Attack","city":"al Khiam","province":"","country":"Lebanon","latitude":33.29303,"longitude":35.592839,"coord_type":"exact","source_1":"https://t.me/mmirleb/10674","source_2":"","sources":""}},{"type":"Feature","geometry":{"type":"Point","coordinates":[35.614806,33.33019999999999,0]},"properties":{"event_id":1641,"data_org":"Green","event_date":"2026-03-11T00:00:00.000Z","post_date":"2026-03-11T00:00:00.000Z","pub_date":"2026-03-11T00:00:00.000Z","actor":"Hezbollah","claimed":"","event_type":"Rocket Attack","city":"Khiam","province":"","country":"Lebanon","latitude":33.3302,"longitude":35.614806,"coord_type":"general town","source_1":"https://t.me/mmirleb/10757","source_2":"","sources":";  ;  ;"}},{"type":"Feature","geometry":{"type":"Point","coordinates":[35.468409,33.11549999999999,0]},"properties":{"event_id":1642,"data_org":"Green","event_date":"2026-03-11T00:00:00.000Z","post_date":"2026-03-11T00:00:00.000Z","pub_date":"2026-03-11T00:00:00.000Z","actor":"Hezbollah","claimed":"","event_type":"Mortar Attack","city":"Aitaroun","province":"","country":"Lebanon","latitude":33.1155,"longitude":35.468409,"coord_type":"general town","source_1":"https://t.me/mmirleb/10762","source_2":"","sources":""}},{"type":"Feature","geometry":{"type":"Point","coordinates":[35.51605,33.209509999999995,0]},"properties":{"event_id":1633,"data_org":"Green","event_date":"2026-03-10T00:00:00.000Z","post_date":"2026-03-10T00:00:00.000Z","pub_date":"2026-03-11T00:00:00.000Z","actor":"Hezbollah","claimed":"","event_type":"Rocket Attack","city":"Houla","province":"","country":"Lebanon","latitude":33.20951,"longitude":35.51605,"coord_type":"general town","source_1":"https://t.me/mmirleb/10718","source_2":"","sources":""}},{"type":"Feature","geometry":{"type":"Point","coordinates":[35.593184,33.29364999999999,0]},"properties":{"event_id":1634,"data_org":"Green","event_date":"2026-03-10T00:00:00.000Z","post_date":"2026-03-10T00:00:00.000Z","pub_date":"2026-03-11T00:00:00.000Z","actor":"Hezbollah","claimed":"","event_type":"Rocket Attack","city":"Khiam","province":"","country":"Lebanon","latitude":33.29365,"longitude":35.593184,"coord_type":"general town","source_1":"https://t.me/mmirleb/10724","source_2":"","sources":""}},{"type":"Feature","geometry":{"type":"Point","coordinates":[35.614806,33.33019999999999,0]},"properties":{"event_id":1635,"data_org":"Green","event_date":"2026-03-10T00:00:00.000Z","post_date":"2026-03-10T00:00:00.000Z","pub_date":"2026-03-11T00:00:00.000Z","actor":"Hezbollah","claimed":"","event_type":"Rocket Attack","city":"Khiam","province":"","country":"Lebanon","latitude":33.3302,"longitude":35.614806,"coord_type":"general town","source_1":"https://t.me/mmirleb/10724","source_2":"","sources":""}},{"type":"Feature","geometry":{"type":"Point","coordinates":[35.562981,33.2834,0]},"properties":{"event_id":1636,"data_org":"Green","event_date":"2026-03-10T00:00:00.000Z","post_date":"2026-03-10T00:00:00.000Z","pub_date":"2026-03-11T00:00:00.000Z","actor":"Hezbollah","claimed":"","event_type":"Rocket Attack","city":"Kfar Kila","province":"","country":"Lebanon","latitude":33.2834,"longitude":35.562981,"coord_type":"exact","source_1":"https://t.me/mmirleb/10724","source_2":"","sources":""}},{"type":"Feature","geometry":{"type":"Point","coordinates":[35.47085500000001,33.1154,0]},"properties":{"event_id":1637,"data_org":"Green","event_date":"2026-03-10T00:00:00.000Z","post_date":"2026-03-10T00:00:00.000Z","pub_date":"2026-03-11T00:00:00.000Z","actor":"Hezbollah","claimed":"","event_type":"Direct Engagement","city":"","province":"","country":"Lebanon","latitude":33.1154,"longitude":35.470855,"coord_type":"general town","source_1":"https://t.me/mmirleb/10733","source_2":"","sources":""}},{"type":"Feature","geometry":{"type":"Point","coordinates":[35.47085500000001,33.1154,0]},"properties":{"event_id":1638,"data_org":"Green","event_date":"2026-03-10T00:00:00.000Z","post_date":"2026-03-10T00:00:00.000Z","pub_date":"2026-03-11T00:00:00.000Z","actor":"Hezbollah","claimed":"","event_type":"Rocket Attack","city":"","province":"","country":"Lebanon","latitude":33.1154,"longitude":35.470855,"coord_type":"general town","source_1":"https://t.me/mmirleb/10741","source_2":"https://t.me/defapress_ir/51266","sources":""}},{"type":"Feature","geometry":{"type":"Point","coordinates":[35.512253,33.233009999999986,0]},"properties":{"event_id":1639,"data_org":"Green","event_date":"2026-03-10T00:00:00.000Z","post_date":"2026-03-10T00:00:00.000Z","pub_date":"2026-03-11T00:00:00.000Z","actor":"Hezbollah","claimed":"","event_type":"Mortar Attack","city":"","province":"","country":"Lebanon","latitude":33.23301,"longitude":35.512253,"coord_type":"general town","source_1":"https://t.me/mmirleb/10747","source_2":"","sources":""}},{"type":"Feature","geometry":{"type":"Point","coordinates":[35.614806,33.33019999999999,0]},"properties":{"event_id":1640,"data_org":"Green","event_date":"2026-03-10T00:00:00.000Z","post_date":"2026-03-10T00:00:00.000Z","pub_date":"2026-03-11T00:00:00.000Z","actor":"Hezbollah","claimed":"","event_type":"Rocket Attack","city":"Khiam","province":"","country":"Lebanon","latitude":33.3302,"longitude":35.614806,"coord_type":"general town","source_1":"https://t.me/mmirleb/10754","source_2":"https://t.me/defapress_ir/51342","sources":""}},{"type":"Feature","geometry":{"type":"Point","coordinates":[35.517295,33.23247,0]},"properties":{"event_id":1646,"data_org":"Green","event_date":"2026-03-12T00:00:00.000Z","post_date":"2026-03-12T00:00:00.000Z","pub_date":"2026-03-12T00:00:00.000Z","actor":"Hezbollah","claimed":"","event_type":"Rocket Attack","city":"Markaba","province":"","country":"Lebanon","latitude":33.23247,"longitude":35.517295,"coord_type":"general town","source_1":"https://t.me/mmirleb/10895","source_2":"","sources":""}},{"type":"Feature","geometry":{"type":"Point","coordinates":[35.542026,33.25511999999999,0]},"properties":{"event_id":1647,"data_org":"Green","event_date":"2026-03-12T00:00:00.000Z","post_date":"2026-03-12T00:00:00.000Z","pub_date":"2026-03-12T00:00:00.000Z","actor":"Hezbollah","claimed":"","event_type":"Rocket Attack","city":"Oddaisseh","province":"","country":"Lebanon","latitude":33.25512,"longitude":35.542026,"coord_type":"general town","source_1":"https://t.me/mmirleb/10898","source_2":"","sources":""}},{"type":"Feature","geometry":{"type":"Point","coordinates":[35.614806,33.330200999999995,0]},"properties":{"event_id":1653,"data_org":"Green","event_date":"2026-03-13T00:00:00.000Z","post_date":"2026-03-13T00:00:00.000Z","pub_date":"2026-03-13T00:00:00.000Z","actor":"Hezbollah","claimed":"","event_type":"Rocket Attack","city":"Khiam","province":"","country":"Lebanon","latitude":33.330201,"longitude":35.614806,"coord_type":"general town","source_1":"https://t.me/mmirleb/10967","source_2":"","sources":""}},{"type":"Feature","geometry":{"type":"Point","coordinates":[35.600604,33.38689599999999,0]},"properties":{"event_id":1654,"data_org":"Green","event_date":"2026-03-13T00:00:00.000Z","post_date":"2026-03-13T00:00:00.000Z","pub_date":"2026-03-13T00:00:00.000Z","actor":"Hezbollah","claimed":"","event_type":"Rocket Attack","city":"Blat","province":"","country":"Lebanon","latitude":33.386896,"longitude":35.600604,"coord_type":"general town","source_1":"https://t.me/mmirleb/10986","source_2":"","sources":""}},{"type":"Feature","geometry":{"type":"Point","coordinates":[35.445046,33.10729,0]},"properties":{"event_id":1648,"data_org":"Green","event_date":"2026-03-12T00:00:00.000Z","post_date":"2026-03-12T00:00:00.000Z","pub_date":"2026-03-13T00:00:00.000Z","actor":"Hezbollah","claimed":"","event_type":"Rocket Attack","city":"Maroun al Ras","province":"","country":"Lebanon","latitude":33.10729,"longitude":35.445046,"coord_type":"general town","source_1":"https://t.me/mmirleb/10909","source_2":"","sources":""}},{"type":"Feature","geometry":{"type":"Point","coordinates":[35.614806,33.330200999999995,0]},"properties":{"event_id":1649,"data_org":"Green","event_date":"2026-03-12T00:00:00.000Z","post_date":"2026-03-12T00:00:00.000Z","pub_date":"2026-03-13T00:00:00.000Z","actor":"Hezbollah","claimed":"","event_type":"Rocket Attack","city":"Khiam","province":"","country":"Lebanon","latitude":33.330201,"longitude":35.614806,"coord_type":"general town","source_1":"https://t.me/mmirleb/10932","source_2":"","sources":""}},{"type":"Feature","geometry":{"type":"Point","coordinates":[35.614806,33.330200999999995,0]},"properties":{"event_id":1650,"data_org":"Green","event_date":"2026-03-12T00:00:00.000Z","post_date":"2026-03-12T00:00:00.000Z","pub_date":"2026-03-13T00:00:00.000Z","actor":"Hezbollah","claimed":"","event_type":"Rocket Attack","city":"Khiam","province":"","country":"Lebanon","latitude":33.330201,"longitude":35.614806,"coord_type":"general town","source_1":"https://t.me/mmirleb/10935","source_2":"","sources":""}},{"type":"Feature","geometry":{"type":"Point","coordinates":[35.592839,33.29303,0]},"properties":{"event_id":1651,"data_org":"Green","event_date":"2026-03-12T00:00:00.000Z","post_date":"2026-03-12T00:00:00.000Z","pub_date":"2026-03-13T00:00:00.000Z","actor":"Hezbollah","claimed":"","event_type":"Rocket Attack","city":"al Khiam","province":"","country":"Lebanon","latitude":33.29303,"longitude":35.592839,"coord_type":"exact","source_1":"https://t.me/mmirleb/10938","source_2":"","sources":""}},{"type":"Feature","geometry":{"type":"Point","coordinates":[35.614806,33.330200999999995,0]},"properties":{"event_id":1652,"data_org":"Green","event_date":"2026-03-12T00:00:00.000Z","post_date":"2026-03-12T00:00:00.000Z","pub_date":"2026-03-13T00:00:00.000Z","actor":"Hezbollah","claimed":"","event_type":"Rocket Attack","city":"Khiam","province":"","country":"Lebanon","latitude":33.330201,"longitude":35.614806,"coord_type":"general town","source_1":"https://t.me/mmirleb/10941","source_2":"","sources":""}},{"type":"Feature","geometry":{"type":"Point","coordinates":[35.517295,33.23247,0]},"properties":{"event_id":1667,"data_org":"Green","event_date":"2026-03-14T00:00:00.000Z","post_date":"2026-03-14T00:00:00.000Z","pub_date":"2026-03-14T00:00:00.000Z","actor":"Hezbollah","claimed":"","event_type":"Rocket Attack","city":"Markaba","province":"","country":"Lebanon","latitude":33.23247,"longitude":35.517295,"coord_type":"general town","source_1":"https://t.me/mmirleb/11061","source_2":"","sources":""}},{"type":"Feature","geometry":{"type":"Point","coordinates":[35.518622,33.276585,0]},"properties":{"event_id":1669,"data_org":"Green","event_date":"2026-03-14T00:00:00.000Z","post_date":"2026-03-14T00:00:00.000Z","pub_date":"2026-03-14T00:00:00.000Z","actor":"Hezbollah","claimed":"","event_type":"Mortar Attack","city":"Taybeh","province":"","country":"Lebanon","latitude":33.276585,"longitude":35.518622,"coord_type":"general town","source_1":"https://t.me/mmirleb/11101","source_2":"","sources":""}},{"type":"Feature","geometry":{"type":"Point","coordinates":[35.52196,33.24746,0]},"properties":{"event_id":1670,"data_org":"Green","event_date":"2026-03-14T00:00:00.000Z","post_date":"2026-03-14T00:00:00.000Z","pub_date":"2026-03-14T00:00:00.000Z","actor":"Hezbollah","claimed":"","event_type":"Rocket Attack","city":"Rab El Thalathine","province":"","country":"Lebanon","latitude":33.24746,"longitude":35.52196,"coord_type":"general town","source_1":"https://t.me/mmirleb/11107","source_2":"","sources":""}},{"type":"Feature","geometry":{"type":"Point","coordinates":[35.542026,33.25511999999999,0]},"properties":{"event_id":1671,"data_org":"Green","event_date":"2026-03-14T00:00:00.000Z","post_date":"2026-03-14T00:00:00.000Z","pub_date":"2026-03-14T00:00:00.000Z","actor":"Hezbollah","claimed":"","event_type":"Rocket Attack","city":"Oddaisseh","province":"","country":"Lebanon","latitude":33.25512,"longitude":35.542026,"coord_type":"general town","source_1":"https://t.me/mmirleb/11110","source_2":"","sources":""}},{"type":"Feature","geometry":{"type":"Point","coordinates":[35.52196,33.24746,0]},"properties":{"event_id":1672,"data_org":"Green","event_date":"2026-03-14T00:00:00.000Z","post_date":"2026-03-14T00:00:00.000Z","pub_date":"2026-03-14T00:00:00.000Z","actor":"Hezbollah","claimed":"","event_type":"Rocket Attack","city":"Rab El Thalathine","province":"","country":"Lebanon","latitude":33.24746,"longitude":35.52196,"coord_type":"general town","source_1":"https://t.me/mmirleb/11114","source_2":"","sources":""}},{"type":"Feature","geometry":{"type":"Point","coordinates":[35.542026,33.25511999999999,0]},"properties":{"event_id":1673,"data_org":"Green","event_date":"2026-03-14T00:00:00.000Z","post_date":"2026-03-14T00:00:00.000Z","pub_date":"2026-03-14T00:00:00.000Z","actor":"Hezbollah","claimed":"","event_type":"Rocket Attack","city":"Oddaisseh","province":"","country":"Lebanon","latitude":33.25512,"longitude":35.542026,"coord_type":"general town","source_1":"https://t.me/mmirleb/11117","source_2":"","sources":""}},{"type":"Feature","geometry":{"type":"Point","coordinates":[35.518622,33.276585,0]},"properties":{"event_id":1674,"data_org":"Green","event_date":"2026-03-14T00:00:00.000Z","post_date":"2026-03-14T00:00:00.000Z","pub_date":"2026-03-14T00:00:00.000Z","actor":"Hezbollah","claimed":"","event_type":"Direct Engagement","city":"Taybeh","province":"","country":"Lebanon","latitude":33.276585,"longitude":35.518622,"coord_type":"general town","source_1":"https://t.me/mmirleb/11120","source_2":"","sources":""}},{"type":"Feature","geometry":{"type":"Point","coordinates":[35.592839,33.29303,0]},"properties":{"event_id":1675,"data_org":"Green","event_date":"2026-03-14T00:00:00.000Z","post_date":"2026-03-14T00:00:00.000Z","pub_date":"2026-03-14T00:00:00.000Z","actor":"Hezbollah","claimed":"","event_type":"Rocket Attack","city":"Khiam","province":"","country":"Lebanon","latitude":33.29303,"longitude":35.592839,"coord_type":"exact","source_1":"https://t.me/mmirleb/11124","source_2":"","sources":""}},{"type":"Feature","geometry":{"type":"Point","coordinates":[35.592839,33.29303,0]},"properties":{"event_id":1676,"data_org":"Green","event_date":"2026-03-14T00:00:00.000Z","post_date":"2026-03-14T00:00:00.000Z","pub_date":"2026-03-14T00:00:00.000Z","actor":"Hezbollah","claimed":"","event_type":"Rocket Attack","city":"Khiam","province":"","country":"Lebanon","latitude":33.29303,"longitude":35.592839,"coord_type":"exact","source_1":"https://t.me/mmirleb/11127","source_2":"","sources":""}},{"type":"Feature","geometry":{"type":"Point","coordinates":[35.60757,33.32269,0]},"properties":{"event_id":1677,"data_org":"Green","event_date":"2026-03-14T00:00:00.000Z","post_date":"2026-03-14T00:00:00.000Z","pub_date":"2026-03-14T00:00:00.000Z","actor":"Hezbollah","claimed":"","event_type":"Rocket Attack","city":"Khiam","province":"","country":"Lebanon","latitude":33.32269,"longitude":35.60757,"coord_type":"general town","source_1":"https://t.me/mmirleb/11130","source_2":"","sources":""}},{"type":"Feature","geometry":{"type":"Point","coordinates":[35.555355,33.278477,0]},"properties":{"event_id":1655,"data_org":"Green","event_date":"2026-03-13T00:00:00.000Z","post_date":"2026-03-13T00:00:00.000Z","pub_date":"2026-03-14T00:00:00.000Z","actor":"Hezbollah","claimed":"","event_type":"Rocket Attack","city":"Kfar Kila","province":"","country":"Lebanon","latitude":33.278477,"longitude":35.555355,"coord_type":"general town","source_1":"https://t.me/mmirleb/10992","source_2":"","sources":""}},{"type":"Feature","geometry":{"type":"Point","coordinates":[35.614806,33.330200999999995,0]},"properties":{"event_id":1656,"data_org":"Green","event_date":"2026-03-13T00:00:00.000Z","post_date":"2026-03-13T00:00:00.000Z","pub_date":"2026-03-14T00:00:00.000Z","actor":"Hezbollah","claimed":"","event_type":"Rocket Attack","city":"Khiam","province":"","country":"Lebanon","latitude":33.330201,"longitude":35.614806,"coord_type":"general town","source_1":"https://t.me/mmirleb/10995","source_2":"","sources":""}},{"type":"Feature","geometry":{"type":"Point","coordinates":[35.614806,33.330200999999995,0]},"properties":{"event_id":1657,"data_org":"Green","event_date":"2026-03-13T00:00:00.000Z","post_date":"2026-03-13T00:00:00.000Z","pub_date":"2026-03-14T00:00:00.000Z","actor":"Hezbollah","claimed":"","event_type":"Rocket Attack","city":"Khiam","province":"","country":"Lebanon","latitude":33.330201,"longitude":35.614806,"coord_type":"general town","source_1":"https://t.me/mmirleb/10998","source_2":"","sources":""}},{"type":"Feature","geometry":{"type":"Point","coordinates":[35.468409,33.115503,0]},"properties":{"event_id":1658,"data_org":"Green","event_date":"2026-03-13T00:00:00.000Z","post_date":"2026-03-13T00:00:00.000Z","pub_date":"2026-03-14T00:00:00.000Z","actor":"Hezbollah","claimed":"","event_type":"Direct Engagement","city":"Aitaroun","province":"","country":"Lebanon","latitude":33.115503,"longitude":35.468409,"coord_type":"general town","source_1":"https://t.me/alichoeib1970/15801","source_2":"","sources":""}},{"type":"Feature","geometry":{"type":"Point","coordinates":[35.468409,33.115503,0]},"properties":{"event_id":1659,"data_org":"Green","event_date":"2026-03-13T00:00:00.000Z","post_date":"2026-03-13T00:00:00.000Z","pub_date":"2026-03-14T00:00:00.000Z","actor":"Hezbollah","claimed":"","event_type":"Rocket Attack","city":"Aitaroun","province":"","country":"Lebanon","latitude":33.115503,"longitude":35.468409,"coord_type":"general town","source_1":"https://t.me/alichoeib1970/15803","source_2":"","sources":""}},{"type":"Feature","geometry":{"type":"Point","coordinates":[35.614806,33.330200999999995,0]},"properties":{"event_id":1660,"data_org":"Green","event_date":"2026-03-13T00:00:00.000Z","post_date":"2026-03-13T00:00:00.000Z","pub_date":"2026-03-14T00:00:00.000Z","actor":"Hezbollah","claimed":"","event_type":"Rocket Attack","city":"Khiam","province":"","country":"Lebanon","latitude":33.330201,"longitude":35.614806,"coord_type":"general town","source_1":"https://t.me/mmirleb/11013","source_2":"https://t.me/alichoeib1970/15805","sources":""}},{"type":"Feature","geometry":{"type":"Point","coordinates":[35.445046,33.10728699999999,0]},"properties":{"event_id":1661,"data_org":"Green","event_date":"2026-03-13T00:00:00.000Z","post_date":"2026-03-13T00:00:00.000Z","pub_date":"2026-03-14T00:00:00.000Z","actor":"Hezbollah","claimed":"","event_type":"Rocket Attack","city":"Maroun al Ras","province":"","country":"Lebanon","latitude":33.107287,"longitude":35.445046,"coord_type":"general town","source_1":"https://t.me/mmirleb/11016","source_2":"","sources":""}},{"type":"Feature","geometry":{"type":"Point","coordinates":[35.600604,33.38689599999999,0]},"properties":{"event_id":1662,"data_org":"Green","event_date":"2026-03-13T00:00:00.000Z","post_date":"2026-03-13T00:00:00.000Z","pub_date":"2026-03-14T00:00:00.000Z","actor":"Hezbollah","claimed":"","event_type":"Rocket Attack","city":"Blat","province":"","country":"Lebanon","latitude":33.386896,"longitude":35.600604,"coord_type":"general town","source_1":"https://t.me/mmirleb/11025","source_2":"","sources":""}},{"type":"Feature","geometry":{"type":"Point","coordinates":[35.60757,33.32269,0]},"properties":{"event_id":1663,"data_org":"Green","event_date":"2026-03-13T00:00:00.000Z","post_date":"2026-03-13T00:00:00.000Z","pub_date":"2026-03-14T00:00:00.000Z","actor":"Hezbollah","claimed":"","event_type":"Direct Engagement","city":"Khiam","province":"","country":"Lebanon","latitude":33.32269,"longitude":35.60757,"coord_type":"general town","source_1":"https://t.me/mmirleb/11031","source_2":"https://t.me/alichoeib1970/15806","sources":""}},{"type":"Feature","geometry":{"type":"Point","coordinates":[35.60757,33.32269,0]},"properties":{"event_id":1664,"data_org":"Green","event_date":"2026-03-13T00:00:00.000Z","post_date":"2026-03-13T00:00:00.000Z","pub_date":"2026-03-14T00:00:00.000Z","actor":"Hezbollah","claimed":"","event_type":"Rocket Attack","city":"Khiam","province":"","country":"Lebanon","latitude":33.32269,"longitude":35.60757,"coord_type":"general town","source_1":"https://t.me/mmirleb/11034","source_2":"","sources":""}},{"type":"Feature","geometry":{"type":"Point","coordinates":[35.502589,33.14232700000001,0]},"properties":{"event_id":1665,"data_org":"Green","event_date":"2026-03-13T00:00:00.000Z","post_date":"2026-03-13T00:00:00.000Z","pub_date":"2026-03-14T00:00:00.000Z","actor":"Hezbollah","claimed":"","event_type":"Mortar Attack","city":"Hammousiya","province":"","country":"Lebanon","latitude":33.142327,"longitude":35.502589,"coord_type":"general town","source_1":"https://t.me/mmirleb/11045","source_2":"","sources":""}},{"type":"Feature","geometry":{"type":"Point","coordinates":[35.542026,33.25511999999999,0]},"properties":{"event_id":1666,"data_org":"Green","event_date":"2026-03-13T00:00:00.000Z","post_date":"2026-03-13T00:00:00.000Z","pub_date":"2026-03-14T00:00:00.000Z","actor":"Hezbollah","claimed":"","event_type":"Rocket Attack","city":"Oddaisseh","province":"","country":"Lebanon","latitude":33.25512,"longitude":35.542026,"coord_type":"general town","source_1":"https://t.me/mmirleb/11048","source_2":"https://t.me/mmirleb/11051","sources":""}},{"type":"Feature","geometry":{"type":"Point","coordinates":[35.542026,33.25511999999999,0]},"properties":{"event_id":1688,"data_org":"Green","event_date":"2026-03-15T00:00:00.000Z","post_date":"2026-03-15T00:00:00.000Z","pub_date":"2026-03-15T00:00:00.000Z","actor":"Hezbollah","claimed":"","event_type":"Drone Attack","city":"Oddassieh","province":"","country":"Lebanon","latitude":33.25512,"longitude":35.542026,"coord_type":"general town","source_1":"https://t.me/mmirleb/11198","source_2":"","sources":""}},{"type":"Feature","geometry":{"type":"Point","coordinates":[35.290013,33.113859999999995,0]},"properties":{"event_id":1689,"data_org":"Green","event_date":"2026-03-15T00:00:00.000Z","post_date":"2026-03-15T00:00:00.000Z","pub_date":"2026-03-15T00:00:00.000Z","actor":"Hezbollah","claimed":"","event_type":"Direct Engagement","city":"Jabal Balat","province":"","country":"Lebanon","latitude":33.11386,"longitude":35.290013,"coord_type":"exact","source_1":"https://t.me/mmirleb/11201","source_2":"","sources":""}},{"type":"Feature","geometry":{"type":"Point","coordinates":[35.518622,33.276585,0]},"properties":{"event_id":1690,"data_org":"Green","event_date":"2026-03-15T00:00:00.000Z","post_date":"2026-03-15T00:00:00.000Z","pub_date":"2026-03-15T00:00:00.000Z","actor":"Hezbollah","claimed":"","event_type":"Direct Engagement","city":"Taybeh","province":"","country":"Lebanon","latitude":33.276585,"longitude":35.518622,"coord_type":"general town","source_1":"https://t.me/mmirleb/11203","source_2":"","sources":""}},{"type":"Feature","geometry":{"type":"Point","coordinates":[35.542026,33.25511999999999,0]},"properties":{"event_id":1691,"data_org":"Green","event_date":"2026-03-15T00:00:00.000Z","post_date":"2026-03-15T00:00:00.000Z","pub_date":"2026-03-15T00:00:00.000Z","actor":"Hezbollah","claimed":"","event_type":"Rocket Attack","city":"Oddassieh","province":"","country":"Lebanon","latitude":33.25512,"longitude":35.542026,"coord_type":"general town","source_1":"https://t.me/mmirleb/11206","source_2":"","sources":""}},{"type":"Feature","geometry":{"type":"Point","coordinates":[35.518622,33.276585,0]},"properties":{"event_id":1692,"data_org":"Green","event_date":"2026-03-15T00:00:00.000Z","post_date":"2026-03-15T00:00:00.000Z","pub_date":"2026-03-15T00:00:00.000Z","actor":"Hezbollah","claimed":"","event_type":"Rocket Attack","city":"Taybeh","province":"","country":"Lebanon","latitude":33.276585,"longitude":35.518622,"coord_type":"general town","source_1":"https://t.me/mmirleb/11224","source_2":"","sources":""}},{"type":"Feature","geometry":{"type":"Point","coordinates":[35.518622,33.276585,0]},"properties":{"event_id":1693,"data_org":"Green","event_date":"2026-03-15T00:00:00.000Z","post_date":"2026-03-15T00:00:00.000Z","pub_date":"2026-03-15T00:00:00.000Z","actor":"Hezbollah","claimed":"","event_type":"Anti-Tank Fire","city":"Taybeh","province":"","country":"Lebanon","latitude":33.276585,"longitude":35.518622,"coord_type":"general town","source_1":"https://t.me/mmirleb/11233","source_2":"","sources":""}},{"type":"Feature","geometry":{"type":"Point","coordinates":[35.419608,33.409544,0]},"properties":{"event_id":1678,"data_org":"Green","event_date":"2026-03-14T00:00:00.000Z","post_date":"2026-03-14T00:00:00.000Z","pub_date":"2026-03-15T00:00:00.000Z","actor":"Hezbollah","claimed":"","event_type":"Direct Engagement","city":"Sharqiya","province":"","country":"Lebanon","latitude":33.409544,"longitude":35.419608,"coord_type":"general town","source_1":"https://t.me/mmirleb/11136","source_2":"","sources":""}},{"type":"Feature","geometry":{"type":"Point","coordinates":[35.543404,33.25532599999999,0]},"properties":{"event_id":1679,"data_org":"Green","event_date":"2026-03-14T00:00:00.000Z","post_date":"2026-03-14T00:00:00.000Z","pub_date":"2026-03-15T00:00:00.000Z","actor":"Hezbollah","claimed":"","event_type":"Direct Engagement","city":"Aadaysit Marjaayoun","province":"","country":"Lebanon","latitude":33.255326,"longitude":35.543404,"coord_type":"general town","source_1":"https://t.me/mmirleb/11139","source_2":"","sources":""}},{"type":"Feature","geometry":{"type":"Point","coordinates":[35.518622,33.276585,0]},"properties":{"event_id":1680,"data_org":"Green","event_date":"2026-03-14T00:00:00.000Z","post_date":"2026-03-14T00:00:00.000Z","pub_date":"2026-03-15T00:00:00.000Z","actor":"Hezbollah","claimed":"","event_type":"Direct Engagement","city":"Taybeh","province":"","country":"Lebanon","latitude":33.276585,"longitude":35.518622,"coord_type":"general town","source_1":"https://t.me/mmirleb/11142","source_2":"","sources":""}},{"type":"Feature","geometry":{"type":"Point","coordinates":[35.555355,33.278477,0]},"properties":{"event_id":1681,"data_org":"Green","event_date":"2026-03-14T00:00:00.000Z","post_date":"2026-03-14T00:00:00.000Z","pub_date":"2026-03-15T00:00:00.000Z","actor":"Hezbollah","claimed":"","event_type":"Rocket Attack","city":"Kfar Kila","province":"","country":"Lebanon","latitude":33.278477,"longitude":35.555355,"coord_type":"general town","source_1":"https://t.me/mmirleb/11146","source_2":"","sources":""}},{"type":"Feature","geometry":{"type":"Point","coordinates":[35.542026,33.25511999999999,0]},"properties":{"event_id":1682,"data_org":"Green","event_date":"2026-03-14T00:00:00.000Z","post_date":"2026-03-14T00:00:00.000Z","pub_date":"2026-03-15T00:00:00.000Z","actor":"Hezbollah","claimed":"","event_type":"Rocket Attack","city":"Oddaisseh","province":"","country":"Lebanon","latitude":33.25512,"longitude":35.542026,"coord_type":"general town","source_1":"https://t.me/mmirleb/11152","source_2":"","sources":""}},{"type":"Feature","geometry":{"type":"Point","coordinates":[35.555355,33.278477,0]},"properties":{"event_id":1683,"data_org":"Green","event_date":"2026-03-14T00:00:00.000Z","post_date":"2026-03-14T00:00:00.000Z","pub_date":"2026-03-15T00:00:00.000Z","actor":"Hezbollah","claimed":"","event_type":"Mortar Attack","city":"Kfar Kila","province":"","country":"Lebanon","latitude":33.278477,"longitude":35.555355,"coord_type":"general town","source_1":"https://t.me/mmirleb/11155","source_2":"","sources":""}},{"type":"Feature","geometry":{"type":"Point","coordinates":[35.60757,33.32269,0]},"properties":{"event_id":1684,"data_org":"Green","event_date":"2026-03-14T00:00:00.000Z","post_date":"2026-03-14T00:00:00.000Z","pub_date":"2026-03-15T00:00:00.000Z","actor":"Hezbollah","claimed":"","event_type":"Direct Engagement","city":"Khiam","province":"","country":"Lebanon","latitude":33.32269,"longitude":35.60757,"coord_type":"general town","source_1":"https://t.me/mmirleb/11158","source_2":"","sources":""}},{"type":"Feature","geometry":{"type":"Point","coordinates":[35.542026,33.25511999999999,0]},"properties":{"event_id":1685,"data_org":"Green","event_date":"2026-03-14T00:00:00.000Z","post_date":"2026-03-14T00:00:00.000Z","pub_date":"2026-03-15T00:00:00.000Z","actor":"Hezbollah","claimed":"","event_type":"Rocket Attack","city":"Oddassieh","province":"","country":"Lebanon","latitude":33.25512,"longitude":35.542026,"coord_type":"general town","source_1":"https://t.me/mmirleb/11161","source_2":"","sources":""}},{"type":"Feature","geometry":{"type":"Point","coordinates":[35.542026,33.25511999999999,0]},"properties":{"event_id":1686,"data_org":"Green","event_date":"2026-03-14T00:00:00.000Z","post_date":"2026-03-14T00:00:00.000Z","pub_date":"2026-03-15T00:00:00.000Z","actor":"Hezbollah","claimed":"","event_type":"Rocket Attack","city":"Oddassieh","province":"","country":"Lebanon","latitude":33.25512,"longitude":35.542026,"coord_type":"general town","source_1":"https://t.me/mmirleb/11175","source_2":"","sources":""}},{"type":"Feature","geometry":{"type":"Point","coordinates":[35.521966,33.16955800000001,0]},"properties":{"event_id":1687,"data_org":"Green","event_date":"2026-03-14T00:00:00.000Z","post_date":"2026-03-14T00:00:00.000Z","pub_date":"2026-03-15T00:00:00.000Z","actor":"Hezbollah","claimed":"","event_type":"Mortar Attack","city":"Mays al Jabal","province":"","country":"Lebanon","latitude":33.169558,"longitude":35.521966,"coord_type":"general town","source_1":"https://t.me/mmirleb/11181","source_2":"","sources":""}},{"type":"Feature","geometry":{"type":"Point","coordinates":[35.523139,33.217611000000005,0]},"properties":{"event_id":1700,"data_org":"Green","event_date":"2026-03-16T00:00:00.000Z","post_date":"2026-03-16T00:00:00.000Z","pub_date":"2026-03-16T00:00:00.000Z","actor":"Hezbollah","claimed":"","event_type":"Direct Engagement","city":"Marakaba","province":"","country":"Lebanon","latitude":33.217611,"longitude":35.523139,"coord_type":"exact","source_1":"https://x.com/Stinky915846091/status/2033580178190762350","source_2":"","sources":""}},{"type":"Feature","geometry":{"type":"Point","coordinates":[35.518622,33.276585,0]},"properties":{"event_id":1702,"data_org":"Green","event_date":"2026-03-16T00:00:00.000Z","post_date":"2026-03-16T00:00:00.000Z","pub_date":"2026-03-16T00:00:00.000Z","actor":"Hezbollah","claimed":"","event_type":"Rocket Attack","city":"Taybeh","province":"","country":"Lebanon","latitude":33.276585,"longitude":35.518622,"coord_type":"general town","source_1":"https://t.me/mmirleb/11302","source_2":"","sources":""}},{"type":"Feature","geometry":{"type":"Point","coordinates":[35.542026,33.25511999999999,0]},"properties":{"event_id":1703,"data_org":"Green","event_date":"2026-03-16T00:00:00.000Z","post_date":"2026-03-16T00:00:00.000Z","pub_date":"2026-03-16T00:00:00.000Z","actor":"Hezbollah","claimed":"","event_type":"Mortar Attack","city":"Oddaisseh","province":"","country":"Lebanon","latitude":33.25512,"longitude":35.542026,"coord_type":"general town","source_1":"https://t.me/mmirleb/11305","source_2":"","sources":""}},{"type":"Feature","geometry":{"type":"Point","coordinates":[35.542026,33.25511999999999,0]},"properties":{"event_id":1704,"data_org":"Green","event_date":"2026-03-16T00:00:00.000Z","post_date":"2026-03-16T00:00:00.000Z","pub_date":"2026-03-16T00:00:00.000Z","actor":"Hezbollah","claimed":"","event_type":"Rocket Attack","city":"Oddaisseh","province":"","country":"Lebanon","latitude":33.25512,"longitude":35.542026,"coord_type":"general town","source_1":"https://t.me/mmirleb/11305","source_2":"","sources":""}},{"type":"Feature","geometry":{"type":"Point","coordinates":[35.518622,33.276585,0]},"properties":{"event_id":1705,"data_org":"Green","event_date":"2026-03-16T00:00:00.000Z","post_date":"2026-03-16T00:00:00.000Z","pub_date":"2026-03-16T00:00:00.000Z","actor":"Hezbollah","claimed":"","event_type":"Direct Engagement","city":"Taybeh","province":"","country":"Lebanon","latitude":33.276585,"longitude":35.518622,"coord_type":"general town","source_1":"https://t.me/mmirleb/11311","source_2":"","sources":""}},{"type":"Feature","geometry":{"type":"Point","coordinates":[35.60757,33.32269,0]},"properties":{"event_id":1694,"data_org":"Green","event_date":"2026-03-15T00:00:00.000Z","post_date":"2026-03-15T00:00:00.000Z","pub_date":"2026-03-16T00:00:00.000Z","actor":"Hezbollah","claimed":"","event_type":"Anti-Tank Fire","city":"Khiam","province":"","country":"Lebanon","latitude":33.32269,"longitude":35.60757,"coord_type":"general town","source_1":"https://t.me/mmirleb/11236","source_2":"","sources":""}},{"type":"Feature","geometry":{"type":"Point","coordinates":[35.60757,33.32269,0]},"properties":{"event_id":1695,"data_org":"Green","event_date":"2026-03-15T00:00:00.000Z","post_date":"2026-03-15T00:00:00.000Z","pub_date":"2026-03-16T00:00:00.000Z","actor":"Hezbollah","claimed":"","event_type":"Rocket Attack","city":"Khiam","province":"","country":"Lebanon","latitude":33.32269,"longitude":35.60757,"coord_type":"general town","source_1":"https://t.me/mmirleb/11240","source_2":"","sources":""}},{"type":"Feature","geometry":{"type":"Point","coordinates":[35.60757,33.32269,0]},"properties":{"event_id":1696,"data_org":"Green","event_date":"2026-03-15T00:00:00.000Z","post_date":"2026-03-15T00:00:00.000Z","pub_date":"2026-03-16T00:00:00.000Z","actor":"Hezbollah","claimed":"","event_type":"Rocket Attack","city":"Khiam","province":"","country":"Lebanon","latitude":33.32269,"longitude":35.60757,"coord_type":"general town","source_1":"https://t.me/mmirleb/11243","source_2":"","sources":""}},{"type":"Feature","geometry":{"type":"Point","coordinates":[35.542026,33.25511999999999,0]},"properties":{"event_id":1697,"data_org":"Green","event_date":"2026-03-15T00:00:00.000Z","post_date":"2026-03-15T00:00:00.000Z","pub_date":"2026-03-16T00:00:00.000Z","actor":"Hezbollah","claimed":"","event_type":"Mortar Attack","city":"Oddaisseh","province":"","country":"Lebanon","latitude":33.25512,"longitude":35.542026,"coord_type":"general town","source_1":"https://t.me/mmirleb/11249","source_2":"","sources":""}},{"type":"Feature","geometry":{"type":"Point","coordinates":[35.521966,33.16955800000001,0]},"properties":{"event_id":1698,"data_org":"Green","event_date":"2026-03-15T00:00:00.000Z","post_date":"2026-03-15T00:00:00.000Z","pub_date":"2026-03-16T00:00:00.000Z","actor":"Hezbollah","claimed":"","event_type":"Mortar Attack","city":"Mays al Jabal","province":"","country":"Lebanon","latitude":33.169558,"longitude":35.521966,"coord_type":"general town","source_1":"https://t.me/mmirleb/11262","source_2":"","sources":""}},{"type":"Feature","geometry":{"type":"Point","coordinates":[35.468409,33.11549999999999,0]},"properties":{"event_id":1699,"data_org":"Green","event_date":"2026-03-15T00:00:00.000Z","post_date":"2026-03-15T00:00:00.000Z","pub_date":"2026-03-16T00:00:00.000Z","actor":"Hezbollah","claimed":"","event_type":"Mortar Attack","city":"Aitaroun","province":"","country":"Lebanon","latitude":33.1155,"longitude":35.468409,"coord_type":"general town","source_1":"https://t.me/mmirleb/11265","source_2":"","sources":""}},{"type":"Feature","geometry":{"type":"Point","coordinates":[35.445046,33.10728699999999,0]},"properties":{"event_id":1713,"data_org":"Green","event_date":"2026-03-17T00:00:00.000Z","post_date":"2026-03-17T00:00:00.000Z","pub_date":"2026-03-17T00:00:00.000Z","actor":"Hezbollah","claimed":"","event_type":"Rocket Attack","city":"Maroun al Ras","province":"","country":"Lebanon","latitude":33.107287,"longitude":35.445046,"coord_type":"general town","source_1":"https://t.me/mmirleb/11363","source_2":"","sources":""}},{"type":"Feature","geometry":{"type":"Point","coordinates":[35.614634,33.330200999999995,0]},"properties":{"event_id":1714,"data_org":"Green","event_date":"2026-03-17T00:00:00.000Z","post_date":"2026-03-17T00:00:00.000Z","pub_date":"2026-03-17T00:00:00.000Z","actor":"Hezbollah","claimed":"","event_type":"Rocket Attack","city":"Khiam","province":"","country":"Lebanon","latitude":33.330201,"longitude":35.614634,"coord_type":"general town","source_1":"https://t.me/mmirleb/11366","source_2":"","sources":""}},{"type":"Feature","geometry":{"type":"Point","coordinates":[35.518622,33.276585,0]},"properties":{"event_id":1706,"data_org":"Green","event_date":"2026-03-16T00:00:00.000Z","post_date":"2026-03-16T00:00:00.000Z","pub_date":"2026-03-17T00:00:00.000Z","actor":"Hezbollah","claimed":"","event_type":"Direct Engagement","city":"Taybeh","province":"","country":"Lebanon","latitude":33.276585,"longitude":35.518622,"coord_type":"general town","source_1":"https://t.me/mmirleb/11314","source_2":"","sources":""}},{"type":"Feature","geometry":{"type":"Point","coordinates":[35.518622,33.276585,0]},"properties":{"event_id":1707,"data_org":"Green","event_date":"2026-03-16T00:00:00.000Z","post_date":"2026-03-16T00:00:00.000Z","pub_date":"2026-03-17T00:00:00.000Z","actor":"Hezbollah","claimed":"","event_type":"Rocket Attack","city":"Taybeh","province":"","country":"Lebanon","latitude":33.276585,"longitude":35.518622,"coord_type":"general town","source_1":"https://t.me/mmirleb/11317","source_2":"","sources":""}},{"type":"Feature","geometry":{"type":"Point","coordinates":[35.518622,33.276585,0]},"properties":{"event_id":1708,"data_org":"Green","event_date":"2026-03-16T00:00:00.000Z","post_date":"2026-03-16T00:00:00.000Z","pub_date":"2026-03-17T00:00:00.000Z","actor":"Hezbollah","claimed":"","event_type":"Rocket Attack","city":"Taybeh","province":"","country":"Lebanon","latitude":33.276585,"longitude":35.518622,"coord_type":"general town","source_1":"https://t.me/mmirleb/11317","source_2":"","sources":""}},{"type":"Feature","geometry":{"type":"Point","coordinates":[35.518622,33.276585,0]},"properties":{"event_id":1709,"data_org":"Green","event_date":"2026-03-16T00:00:00.000Z","post_date":"2026-03-16T00:00:00.000Z","pub_date":"2026-03-17T00:00:00.000Z","actor":"Hezbollah","claimed":"","event_type":"Direct Engagement","city":"Taybeh","province":"","country":"Lebanon","latitude":33.276585,"longitude":35.518622,"coord_type":"general town","source_1":"https://t.me/mmirleb/11320","source_2":"","sources":""}},{"type":"Feature","geometry":{"type":"Point","coordinates":[35.60757,33.32269,0]},"properties":{"event_id":1710,"data_org":"Green","event_date":"2026-03-16T00:00:00.000Z","post_date":"2026-03-16T00:00:00.000Z","pub_date":"2026-03-17T00:00:00.000Z","actor":"Hezbollah","claimed":"","event_type":"Rocket Attack","city":"Khiam","province":"","country":"Lebanon","latitude":33.32269,"longitude":35.60757,"coord_type":"general town","source_1":"https://t.me/mmirleb/11326","source_2":"","sources":""}},{"type":"Feature","geometry":{"type":"Point","coordinates":[35.521966,33.16955800000001,0]},"properties":{"event_id":1711,"data_org":"Green","event_date":"2026-03-16T00:00:00.000Z","post_date":"2026-03-16T00:00:00.000Z","pub_date":"2026-03-17T00:00:00.000Z","actor":"Hezbollah","claimed":"","event_type":"Rocket Attack","city":"Mays al Jabal","province":"","country":"Lebanon","latitude":33.169558,"longitude":35.521966,"coord_type":"general town","source_1":"https://t.me/mmirleb/11340","source_2":"","sources":""}},{"type":"Feature","geometry":{"type":"Point","coordinates":[35.44496,33.108294,0]},"properties":{"event_id":1712,"data_org":"Green","event_date":"2026-03-16T00:00:00.000Z","post_date":"2026-03-16T00:00:00.000Z","pub_date":"2026-03-17T00:00:00.000Z","actor":"Hezbollah","claimed":"","event_type":"Rocket Attack","city":"Maroun al-Ras","province":"","country":"Lebanon","latitude":33.108294,"longitude":35.44496,"coord_type":"general town","source_1":"https://t.me/mmirleb/11343","source_2":"","sources":""}},{"type":"Feature","geometry":{"type":"Point","coordinates":[35.522141,33.276585,0]},"properties":{"event_id":1718,"data_org":"Green","event_date":"2026-03-16T00:00:00.000Z","post_date":"2026-03-16T00:00:00.000Z","pub_date":"2026-03-17T00:00:00.000Z","actor":"Hezbollah","claimed":"","event_type":"Direct Engagement","city":"Taybeh","province":"","country":"Lebanon","latitude":33.276585,"longitude":35.522141,"coord_type":"general town","source_1":"https://t.me/mmirleb/11346","source_2":"","sources":""}},{"type":"Feature","geometry":{"type":"Point","coordinates":[35.522141,33.276585,0]},"properties":{"event_id":1717,"data_org":"Green","event_date":"2026-03-16T00:00:00.000Z","post_date":"2026-03-16T00:00:00.000Z","pub_date":"2026-03-17T00:00:00.000Z","actor":"Hezbollah","claimed":"","event_type":"Direct Engagement","city":"Taybeh","province":"","country":"Lebanon","latitude":33.276585,"longitude":35.522141,"coord_type":"general town","source_1":"https://t.me/mmirleb/11349","source_2":"","sources":""}},{"type":"Feature","geometry":{"type":"Point","coordinates":[35.521193,33.169988999999994,0]},"properties":{"event_id":1716,"data_org":"Green","event_date":"2026-03-16T00:00:00.000Z","post_date":"2026-03-16T00:00:00.000Z","pub_date":"2026-03-17T00:00:00.000Z","actor":"Hezbollah","claimed":"","event_type":"Rocket Attack","city":"Mays al Jabal","province":"","country":"Lebanon","latitude":33.169989,"longitude":35.521193,"coord_type":"general town","source_1":"https://t.me/mmirleb/11349","source_2":"","sources":""}},{"type":"Feature","geometry":{"type":"Point","coordinates":[35.614634,33.330200999999995,0]},"properties":{"event_id":1715,"data_org":"Green","event_date":"2026-03-16T00:00:00.000Z","post_date":"2026-03-16T00:00:00.000Z","pub_date":"2026-03-17T00:00:00.000Z","actor":"Hezbollah","claimed":"","event_type":"Rocket Attack","city":"Khiam","province":"","country":"Lebanon","latitude":33.330201,"longitude":35.614634,"coord_type":"general town","source_1":"http://t.me/mmirleb/11355","source_2":"","sources":""}},{"type":"Feature","geometry":{"type":"Point","coordinates":[35.522141,33.276585,0]},"properties":{"event_id":1734,"data_org":"Green","event_date":"2026-03-18T00:00:00.000Z","post_date":"2026-03-18T00:00:00.000Z","pub_date":"2026-03-18T00:00:00.000Z","actor":"Hezbollah","claimed":"","event_type":"Direct Engagement","city":"Taybeh","province":"","country":"Lebanon","latitude":33.276585,"longitude":35.522141,"coord_type":"general town","source_1":"https://t.me/alichoeib1970/16012","source_2":"","sources":""}},{"type":"Feature","geometry":{"type":"Point","coordinates":[35.522141,33.276585,0]},"properties":{"event_id":1735,"data_org":"Green","event_date":"2026-03-18T00:00:00.000Z","post_date":"2026-03-18T00:00:00.000Z","pub_date":"2026-03-18T00:00:00.000Z","actor":"Hezbollah","claimed":"","event_type":"Rocket Attack","city":"Taybeh","province":"","country":"Lebanon","latitude":33.276585,"longitude":35.522141,"coord_type":"general town","source_1":"https://t.me/mmirleb/11483","source_2":"","sources":""}},{"type":"Feature","geometry":{"type":"Point","coordinates":[35.60757,33.32269,0]},"properties":{"event_id":1736,"data_org":"Green","event_date":"2026-03-18T00:00:00.000Z","post_date":"2026-03-18T00:00:00.000Z","pub_date":"2026-03-18T00:00:00.000Z","actor":"Hezbollah","claimed":"","event_type":"Direct Engagement","city":"Khiam","province":"","country":"Lebanon","latitude":33.32269,"longitude":35.60757,"coord_type":"general town","source_1":"https://t.me/mmirleb/11489","source_2":"","sources":""}},{"type":"Feature","geometry":{"type":"Point","coordinates":[35.542026,33.25511999999999,0]},"properties":{"event_id":1737,"data_org":"Green","event_date":"2026-03-18T00:00:00.000Z","post_date":"2026-03-18T00:00:00.000Z","pub_date":"2026-03-18T00:00:00.000Z","actor":"Hezbollah","claimed":"","event_type":"Rocket Attack","city":"Oddaisseh","province":"","country":"Lebanon","latitude":33.25512,"longitude":35.542026,"coord_type":"general town","source_1":"https://t.me/mmirleb/11501","source_2":"","sources":""}},{"type":"Feature","geometry":{"type":"Point","coordinates":[35.522141,33.276585,0]},"properties":{"event_id":1738,"data_org":"Green","event_date":"2026-03-18T00:00:00.000Z","post_date":"2026-03-18T00:00:00.000Z","pub_date":"2026-03-18T00:00:00.000Z","actor":"Hezbollah","claimed":"","event_type":"Rocket Attack","city":"Taybeh","province":"","country":"Lebanon","latitude":33.276585,"longitude":35.522141,"coord_type":"general town","source_1":"https://t.me/mmirleb/11504","source_2":"","sources":""}},{"type":"Feature","geometry":{"type":"Point","coordinates":[35.522141,33.276585,0]},"properties":{"event_id":1740,"data_org":"Green","event_date":"2026-03-18T00:00:00.000Z","post_date":"2026-03-18T00:00:00.000Z","pub_date":"2026-03-18T00:00:00.000Z","actor":"Hezbollah","claimed":"","event_type":"Rocket Attack","city":"Taybeh","province":"","country":"Lebanon","latitude":33.276585,"longitude":35.522141,"coord_type":"general town","source_1":"https://t.me/mmirleb/11530","source_2":"","sources":""}},{"type":"Feature","geometry":{"type":"Point","coordinates":[35.517295,33.23247,0]},"properties":{"event_id":1720,"data_org":"Green","event_date":"2026-03-17T00:00:00.000Z","post_date":"2026-03-17T00:00:00.000Z","pub_date":"2026-03-18T00:00:00.000Z","actor":"Hezbollah","claimed":"","event_type":"Mortar Attack","city":"Markaba","province":"","country":"Lebanon","latitude":33.23247,"longitude":35.517295,"coord_type":"general town","source_1":"https://t.me/mmirleb/11385","source_2":"","sources":""}},{"type":"Feature","geometry":{"type":"Point","coordinates":[35.614634,33.330200999999995,0]},"properties":{"event_id":1721,"data_org":"Green","event_date":"2026-03-17T00:00:00.000Z","post_date":"2026-03-17T00:00:00.000Z","pub_date":"2026-03-18T00:00:00.000Z","actor":"Hezbollah","claimed":"","event_type":"Rocket Attack","city":"Khiam","province":"","country":"Lebanon","latitude":33.330201,"longitude":35.614634,"coord_type":"general town","source_1":"https://t.me/mmirleb/11412","source_2":"","sources":""}},{"type":"Feature","geometry":{"type":"Point","coordinates":[35.521193,33.169988999999994,0]},"properties":{"event_id":1722,"data_org":"Green","event_date":"2026-03-17T00:00:00.000Z","post_date":"2026-03-17T00:00:00.000Z","pub_date":"2026-03-18T00:00:00.000Z","actor":"Hezbollah","claimed":"","event_type":"Rocket Attack","city":"Mays al Jabal","province":"","country":"Lebanon","latitude":33.169989,"longitude":35.521193,"coord_type":"general town","source_1":"https://t.me/mmirleb/11418","source_2":"","sources":""}},{"type":"Feature","geometry":{"type":"Point","coordinates":[35.614634,33.330200999999995,0]},"properties":{"event_id":1723,"data_org":"Green","event_date":"2026-03-17T00:00:00.000Z","post_date":"2026-03-17T00:00:00.000Z","pub_date":"2026-03-18T00:00:00.000Z","actor":"Hezbollah","claimed":"","event_type":"Rocket Attack","city":"Khiam","province":"","country":"Lebanon","latitude":33.330201,"longitude":35.614634,"coord_type":"general town","source_1":"https://t.me/mmirleb/11433","source_2":"","sources":""}},{"type":"Feature","geometry":{"type":"Point","coordinates":[35.522141,33.276585,0]},"properties":{"event_id":1724,"data_org":"Green","event_date":"2026-03-17T00:00:00.000Z","post_date":"2026-03-17T00:00:00.000Z","pub_date":"2026-03-18T00:00:00.000Z","actor":"Hezbollah","claimed":"","event_type":"Direct Engagement","city":"Taybeh","province":"","country":"Lebanon","latitude":33.276585,"longitude":35.522141,"coord_type":"general town","source_1":"https://t.me/mmirleb/11436","source_2":"","sources":""}},{"type":"Feature","geometry":{"type":"Point","coordinates":[35.542026,33.25511999999999,0]},"properties":{"event_id":1725,"data_org":"Green","event_date":"2026-03-17T00:00:00.000Z","post_date":"2026-03-17T00:00:00.000Z","pub_date":"2026-03-18T00:00:00.000Z","actor":"Hezbollah","claimed":"","event_type":"Rocket Attack","city":"Oddaisseh","province":"","country":"Lebanon","latitude":33.25512,"longitude":35.542026,"coord_type":"general town","source_1":"https://t.me/mmirleb/11440","source_2":"","sources":""}},{"type":"Feature","geometry":{"type":"Point","coordinates":[35.445046,33.10728699999999,0]},"properties":{"event_id":1726,"data_org":"Green","event_date":"2026-03-17T00:00:00.000Z","post_date":"2026-03-17T00:00:00.000Z","pub_date":"2026-03-18T00:00:00.000Z","actor":"Hezbollah","claimed":"","event_type":"Drone Attack","city":"Maroun al Ras","province":"","country":"Lebanon","latitude":33.107287,"longitude":35.445046,"coord_type":"general town","source_1":"https://t.me/mmirleb/11446","source_2":"","sources":""}},{"type":"Feature","geometry":{"type":"Point","coordinates":[35.521193,33.169988999999994,0]},"properties":{"event_id":1727,"data_org":"Green","event_date":"2026-03-17T00:00:00.000Z","post_date":"2026-03-17T00:00:00.000Z","pub_date":"2026-03-18T00:00:00.000Z","actor":"Hezbollah","claimed":"","event_type":"Rocket Attack","city":"Mays al Jabal","province":"","country":"Lebanon","latitude":33.169989,"longitude":35.521193,"coord_type":"general town","source_1":"https://t.me/mmirleb/11449","source_2":"","sources":""}},{"type":"Feature","geometry":{"type":"Point","coordinates":[35.52196,33.24746,0]},"properties":{"event_id":1728,"data_org":"Green","event_date":"2026-03-17T00:00:00.000Z","post_date":"2026-03-17T00:00:00.000Z","pub_date":"2026-03-18T00:00:00.000Z","actor":"Hezbollah","claimed":"","event_type":"Rocket Attack","city":"Rab El Thalathine","province":"","country":"Lebanon","latitude":33.24746,"longitude":35.52196,"coord_type":"general town","source_1":"https://t.me/mmirleb/11452","source_2":"","sources":""}},{"type":"Feature","geometry":{"type":"Point","coordinates":[35.522141,33.276585,0]},"properties":{"event_id":1729,"data_org":"Green","event_date":"2026-03-17T00:00:00.000Z","post_date":"2026-03-17T00:00:00.000Z","pub_date":"2026-03-18T00:00:00.000Z","actor":"Hezbollah","claimed":"","event_type":"Mortar Attack","city":"Taybeh","province":"","country":"Lebanon","latitude":33.276585,"longitude":35.522141,"coord_type":"general town","source_1":"https://t.me/mmirleb/11455","source_2":"","sources":""}},{"type":"Feature","geometry":{"type":"Point","coordinates":[35.522141,33.276585,0]},"properties":{"event_id":1730,"data_org":"Green","event_date":"2026-03-17T00:00:00.000Z","post_date":"2026-03-17T00:00:00.000Z","pub_date":"2026-03-18T00:00:00.000Z","actor":"Hezbollah","claimed":"","event_type":"Rocket Attack","city":"Taybeh","province":"","country":"Lebanon","latitude":33.276585,"longitude":35.522141,"coord_type":"general town","source_1":"https://t.me/mmirleb/11458","source_2":"","sources":""}},{"type":"Feature","geometry":{"type":"Point","coordinates":[35.468409,33.11549999999999,0]},"properties":{"event_id":1731,"data_org":"Green","event_date":"2026-03-17T00:00:00.000Z","post_date":"2026-03-17T00:00:00.000Z","pub_date":"2026-03-18T00:00:00.000Z","actor":"Hezbollah","claimed":"","event_type":"Rocket Attack","city":"Aitaroun","province":"","country":"Lebanon","latitude":33.1155,"longitude":35.468409,"coord_type":"general town","source_1":"https://t.me/mmirleb/11466","source_2":"","sources":""}},{"type":"Feature","geometry":{"type":"Point","coordinates":[35.542026,33.25511999999999,0]},"properties":{"event_id":1732,"data_org":"Green","event_date":"2026-03-17T00:00:00.000Z","post_date":"2026-03-17T00:00:00.000Z","pub_date":"2026-03-18T00:00:00.000Z","actor":"Hezbollah","claimed":"","event_type":"Rocket Attack","city":"Oddaisseh","province":"","country":"Lebanon","latitude":33.25512,"longitude":35.542026,"coord_type":"general town","source_1":"https://t.me/mmirleb/11473","source_2":"","sources":""}},{"type":"Feature","geometry":{"type":"Point","coordinates":[35.542026,33.25511999999999,0]},"properties":{"event_id":1733,"data_org":"Green","event_date":"2026-03-17T00:00:00.000Z","post_date":"2026-03-17T00:00:00.000Z","pub_date":"2026-03-18T00:00:00.000Z","actor":"Hezbollah","claimed":"","event_type":"Rocket Attack","city":"Oddaisseh","province":"","country":"Lebanon","latitude":33.25512,"longitude":35.542026,"coord_type":"general town","source_1":"https://t.me/mmirleb/11476","source_2":"","sources":""}},{"type":"Feature","geometry":{"type":"Point","coordinates":[35.148872000000004,33.096132999999995,0]},"properties":{"event_id":1752,"data_org":"Green","event_date":"2026-03-19T00:00:00.000Z","post_date":"2026-03-19T00:00:00.000Z","pub_date":"2026-03-19T00:00:00.000Z","actor":"Hezbollah","claimed":"","event_type":"Rocket Attack","city":"Labbouneh","province":"","country":"Lebanon","latitude":33.096133,"longitude":35.148872,"coord_type":"general town","source_1":"https://t.me/mmirleb/11619","source_2":"","sources":""}},{"type":"Feature","geometry":{"type":"Point","coordinates":[35.522141,33.276585,0]},"properties":{"event_id":1753,"data_org":"Green","event_date":"2026-03-19T00:00:00.000Z","post_date":"2026-03-19T00:00:00.000Z","pub_date":"2026-03-19T00:00:00.000Z","actor":"Hezbollah","claimed":"","event_type":"Mortar Attack","city":"Taybeh","province":"","country":"Lebanon","latitude":33.276585,"longitude":35.522141,"coord_type":"general town","source_1":"https://t.me/mmirleb/11648","source_2":"","sources":""}},{"type":"Feature","geometry":{"type":"Point","coordinates":[35.542026,33.25511999999999,0]},"properties":{"event_id":1741,"data_org":"Green","event_date":"2026-03-18T00:00:00.000Z","post_date":"2026-03-18T00:00:00.000Z","pub_date":"2026-03-19T00:00:00.000Z","actor":"Hezbollah","claimed":"","event_type":"Mortar Attack","city":"Oddaisseh","province":"","country":"Lebanon","latitude":33.25512,"longitude":35.542026,"coord_type":"general town","source_1":"https://t.me/mmirleb/11539","source_2":"","sources":""}},{"type":"Feature","geometry":{"type":"Point","coordinates":[35.522141,33.276585,0]},"properties":{"event_id":1742,"data_org":"Green","event_date":"2026-03-18T00:00:00.000Z","post_date":"2026-03-18T00:00:00.000Z","pub_date":"2026-03-19T00:00:00.000Z","actor":"Hezbollah","claimed":"","event_type":"Rocket Attack","city":"Taybeh","province":"","country":"Lebanon","latitude":33.276585,"longitude":35.522141,"coord_type":"general town","source_1":"https://t.me/mmirleb/11548","source_2":"","sources":""}},{"type":"Feature","geometry":{"type":"Point","coordinates":[35.522141,33.276585,0]},"properties":{"event_id":1743,"data_org":"Green","event_date":"2026-03-18T00:00:00.000Z","post_date":"2026-03-18T00:00:00.000Z","pub_date":"2026-03-19T00:00:00.000Z","actor":"Hezbollah","claimed":"","event_type":"Rocket Attack","city":"Taybeh","province":"","country":"Lebanon","latitude":33.276585,"longitude":35.522141,"coord_type":"general town","source_1":"https://t.me/mmirleb/11551","source_2":"","sources":""}},{"type":"Feature","geometry":{"type":"Point","coordinates":[35.468409,33.11549999999999,0]},"properties":{"event_id":1744,"data_org":"Green","event_date":"2026-03-18T00:00:00.000Z","post_date":"2026-03-18T00:00:00.000Z","pub_date":"2026-03-19T00:00:00.000Z","actor":"Hezbollah","claimed":"","event_type":"Mortar Attack","city":"Aitaroun","province":"","country":"Lebanon","latitude":33.1155,"longitude":35.468409,"coord_type":"general town","source_1":"https://t.me/mmirleb/11557","source_2":"","sources":""}},{"type":"Feature","geometry":{"type":"Point","coordinates":[35.522141,33.276585,0]},"properties":{"event_id":1745,"data_org":"Green","event_date":"2026-03-18T00:00:00.000Z","post_date":"2026-03-18T00:00:00.000Z","pub_date":"2026-03-19T00:00:00.000Z","actor":"Hezbollah","claimed":"","event_type":"Rocket Attack","city":"Taybeh","province":"","country":"Lebanon","latitude":33.276585,"longitude":35.522141,"coord_type":"general town","source_1":"https://t.me/mmirleb/11560","source_2":"","sources":""}},{"type":"Feature","geometry":{"type":"Point","coordinates":[35.52196,33.24746,0]},"properties":{"event_id":1746,"data_org":"Green","event_date":"2026-03-18T00:00:00.000Z","post_date":"2026-03-18T00:00:00.000Z","pub_date":"2026-03-19T00:00:00.000Z","actor":"Hezbollah","claimed":"","event_type":"Rocket Attack","city":"Rab El Thalathine","province":"","country":"Lebanon","latitude":33.24746,"longitude":35.52196,"coord_type":"general town","source_1":"https://t.me/mmirleb/11569","source_2":"","sources":""}},{"type":"Feature","geometry":{"type":"Point","coordinates":[35.522141,33.276585,0]},"properties":{"event_id":1747,"data_org":"Green","event_date":"2026-03-18T00:00:00.000Z","post_date":"2026-03-18T00:00:00.000Z","pub_date":"2026-03-19T00:00:00.000Z","actor":"Hezbollah","claimed":"","event_type":"Direct Engagement","city":"Taybeh","province":"","country":"Lebanon","latitude":33.276585,"longitude":35.522141,"coord_type":"general town","source_1":"https://t.me/mmirleb/11581","source_2":"","sources":""}},{"type":"Feature","geometry":{"type":"Point","coordinates":[35.522141,33.276585,0]},"properties":{"event_id":1748,"data_org":"Green","event_date":"2026-03-18T00:00:00.000Z","post_date":"2026-03-18T00:00:00.000Z","pub_date":"2026-03-19T00:00:00.000Z","actor":"Hezbollah","claimed":"","event_type":"Direct Engagement","city":"Taybeh","province":"","country":"Lebanon","latitude":33.276585,"longitude":35.522141,"coord_type":"general town","source_1":"https://t.me/mmirleb/11584","source_2":"","sources":""}},{"type":"Feature","geometry":{"type":"Point","coordinates":[35.522141,33.276585,0]},"properties":{"event_id":1749,"data_org":"Green","event_date":"2026-03-18T00:00:00.000Z","post_date":"2026-03-18T00:00:00.000Z","pub_date":"2026-03-19T00:00:00.000Z","actor":"Hezbollah","claimed":"","event_type":"Direct Engagement","city":"Taybeh","province":"","country":"Lebanon","latitude":33.276585,"longitude":35.522141,"coord_type":"general town","source_1":"https://t.me/mmirleb/11587","source_2":"","sources":""}},{"type":"Feature","geometry":{"type":"Point","coordinates":[35.522141,33.276585,0]},"properties":{"event_id":1750,"data_org":"Green","event_date":"2026-03-18T00:00:00.000Z","post_date":"2026-03-18T00:00:00.000Z","pub_date":"2026-03-19T00:00:00.000Z","actor":"Hezbollah","claimed":"","event_type":"Rocket Attack","city":"Taybeh","province":"","country":"Lebanon","latitude":33.276585,"longitude":35.522141,"coord_type":"general town","source_1":"https://t.me/mmirleb/11587","source_2":"","sources":""}},{"type":"Feature","geometry":{"type":"Point","coordinates":[35.522141,33.276585,0]},"properties":{"event_id":1751,"data_org":"Green","event_date":"2026-03-18T00:00:00.000Z","post_date":"2026-03-18T00:00:00.000Z","pub_date":"2026-03-19T00:00:00.000Z","actor":"Hezbollah","claimed":"","event_type":"Direct Engagement","city":"Taybeh","province":"","country":"Lebanon","latitude":33.276585,"longitude":35.522141,"coord_type":"general town","source_1":"https://t.me/mmirleb/11592","source_2":"","sources":""}},{"type":"Feature","geometry":{"type":"Point","coordinates":[35.60757,33.32269,0]},"properties":{"event_id":1765,"data_org":"Green","event_date":"2026-03-20T00:00:00.000Z","post_date":"2026-03-20T00:00:00.000Z","pub_date":"2026-03-20T00:00:00.000Z","actor":"Hezbollah","claimed":"","event_type":"Rocket Attack","city":"Khiam","province":"","country":"Lebanon","latitude":33.32269,"longitude":35.60757,"coord_type":"general town","source_1":"https://t.me/mmirleb/11733","source_2":"","sources":""}},{"type":"Feature","geometry":{"type":"Point","coordinates":[35.522141,33.276585,0]},"properties":{"event_id":1766,"data_org":"Green","event_date":"2026-03-20T00:00:00.000Z","post_date":"2026-03-20T00:00:00.000Z","pub_date":"2026-03-20T00:00:00.000Z","actor":"Hezbollah","claimed":"","event_type":"Direct Engagement","city":"Taybeh","province":"","country":"Lebanon","latitude":33.276585,"longitude":35.522141,"coord_type":"general town","source_1":"https://t.me/mmirleb/11768","source_2":"","sources":""}},{"type":"Feature","geometry":{"type":"Point","coordinates":[35.522141,33.276585,0]},"properties":{"event_id":1767,"data_org":"Green","event_date":"2026-03-20T00:00:00.000Z","post_date":"2026-03-20T00:00:00.000Z","pub_date":"2026-03-20T00:00:00.000Z","actor":"Hezbollah","claimed":"","event_type":"Mortar Attack","city":"Taybeh","province":"","country":"Lebanon","latitude":33.276585,"longitude":35.522141,"coord_type":"general town","source_1":"https://t.me/mmirleb/11774","source_2":"","sources":""}},{"type":"Feature","geometry":{"type":"Point","coordinates":[35.468409,33.11549999999999,0]},"properties":{"event_id":1768,"data_org":"Green","event_date":"2026-03-20T00:00:00.000Z","post_date":"2026-03-20T00:00:00.000Z","pub_date":"2026-03-20T00:00:00.000Z","actor":"Hezbollah","claimed":"","event_type":"Rocket Attack","city":"Aitaroun","province":"","country":"Lebanon","latitude":33.1155,"longitude":35.468409,"coord_type":"general town","source_1":"https://t.me/mmirleb/11783","source_2":"","sources":""}},{"type":"Feature","geometry":{"type":"Point","coordinates":[35.468409,33.115503,0]},"properties":{"event_id":1769,"data_org":"Green","event_date":"2026-03-20T00:00:00.000Z","post_date":"2026-03-20T00:00:00.000Z","pub_date":"2026-03-20T00:00:00.000Z","actor":"Hezbollah","claimed":"","event_type":"Rocket Attack","city":"Aitaroun","province":"","country":"Lebanon","latitude":33.115503,"longitude":35.468409,"coord_type":"general town","source_1":"https://t.me/mmirleb/11786","source_2":"","sources":""}},{"type":"Feature","geometry":{"type":"Point","coordinates":[35.517295,33.23247,0]},"properties":{"event_id":1770,"data_org":"Green","event_date":"2026-03-20T00:00:00.000Z","post_date":"2026-03-20T00:00:00.000Z","pub_date":"2026-03-20T00:00:00.000Z","actor":"Hezbollah","claimed":"","event_type":"Mortar Attack","city":"Markaba","province":"","country":"Lebanon","latitude":33.23247,"longitude":35.517295,"coord_type":"general town","source_1":"https://t.me/mmirleb/11792","source_2":"","sources":""}},{"type":"Feature","geometry":{"type":"Point","coordinates":[35.181029,33.103843,0]},"properties":{"event_id":1771,"data_org":"Green","event_date":"2026-03-20T00:00:00.000Z","post_date":"2026-03-20T00:00:00.000Z","pub_date":"2026-03-20T00:00:00.000Z","actor":"Hezbollah","claimed":"","event_type":"Rocket Attack","city":"Alma El Chaeb","province":"","country":"Lebanon","latitude":33.103843,"longitude":35.181029,"coord_type":"general town","source_1":"https://t.me/mmirleb/11801","source_2":"","sources":""}},{"type":"Feature","geometry":{"type":"Point","coordinates":[35.225378,33.105187,0]},"properties":{"event_id":1772,"data_org":"Green","event_date":"2026-03-20T00:00:00.000Z","post_date":"2026-03-20T00:00:00.000Z","pub_date":"2026-03-20T00:00:00.000Z","actor":"Hezbollah","claimed":"","event_type":"Rocket Attack","city":"Dhayra","province":"","country":"Lebanon","latitude":33.105187,"longitude":35.225378,"coord_type":"general town","source_1":"https://t.me/mmirleb/11804","source_2":"","sources":""}},{"type":"Feature","geometry":{"type":"Point","coordinates":[35.335689,33.097393999999994,0]},"properties":{"event_id":1773,"data_org":"Green","event_date":"2026-03-20T00:00:00.000Z","post_date":"2026-03-20T00:00:00.000Z","pub_date":"2026-03-20T00:00:00.000Z","actor":"Hezbollah","claimed":"","event_type":"Rocket Attack","city":"Aita al Shaab","province":"","country":"Lebanon","latitude":33.097394,"longitude":35.335689,"coord_type":"general town","source_1":"https://t.me/mmirleb/11807","source_2":"","sources":""}},{"type":"Feature","geometry":{"type":"Point","coordinates":[35.517295,33.23247,0]},"properties":{"event_id":1774,"data_org":"Green","event_date":"2026-03-20T00:00:00.000Z","post_date":"2026-03-20T00:00:00.000Z","pub_date":"2026-03-20T00:00:00.000Z","actor":"Hezbollah","claimed":"","event_type":"Rocket Attack","city":"Markaba","province":"","country":"Lebanon","latitude":33.23247,"longitude":35.517295,"coord_type":"general town","source_1":"https://t.me/mmirleb/11810","source_2":"","sources":""}},{"type":"Feature","geometry":{"type":"Point","coordinates":[35.517295,33.23247,0]},"properties":{"event_id":1775,"data_org":"Green","event_date":"2026-03-20T00:00:00.000Z","post_date":"2026-03-20T00:00:00.000Z","pub_date":"2026-03-20T00:00:00.000Z","actor":"Hezbollah","claimed":"","event_type":"Rocket Attack","city":"Markaba","province":"","country":"Lebanon","latitude":33.23247,"longitude":35.517295,"coord_type":"general town","source_1":"https://t.me/mmirleb/11813","source_2":"","sources":""}},{"type":"Feature","geometry":{"type":"Point","coordinates":[35.445046,33.10728699999999,0]},"properties":{"event_id":1776,"data_org":"Green","event_date":"2026-03-20T00:00:00.000Z","post_date":"2026-03-20T00:00:00.000Z","pub_date":"2026-03-20T00:00:00.000Z","actor":"Hezbollah","claimed":"","event_type":"Rocket Attack","city":"Maroun al Ras","province":"","country":"Lebanon","latitude":33.107287,"longitude":35.445046,"coord_type":"general town","source_1":"https://t.me/mmirleb/11831","source_2":"","sources":""}},{"type":"Feature","geometry":{"type":"Point","coordinates":[35.468409,33.11549999999999,0]},"properties":{"event_id":1777,"data_org":"Green","event_date":"2026-03-20T00:00:00.000Z","post_date":"2026-03-20T00:00:00.000Z","pub_date":"2026-03-20T00:00:00.000Z","actor":"Hezbollah","claimed":"","event_type":"Drone Attack","city":"Aitaroun","province":"","country":"Lebanon","latitude":33.1155,"longitude":35.468409,"coord_type":"general town","source_1":"https://t.me/mmirleb/11834","source_2":"","sources":""}},{"type":"Feature","geometry":{"type":"Point","coordinates":[35.208167,33.103521999999984,0]},"properties":{"event_id":1778,"data_org":"Green","event_date":"2026-03-20T00:00:00.000Z","post_date":"2026-03-20T00:00:00.000Z","pub_date":"2026-03-20T00:00:00.000Z","actor":"Hezbollah","claimed":"","event_type":"Direct Engagement","city":"","province":"","country":"Lebanon","latitude":33.103522,"longitude":35.208167,"coord_type":"NA","source_1":"https://t.me/mmirleb/11837","source_2":"","sources":""}},{"type":"Feature","geometry":{"type":"Point","coordinates":[35.446509,33.175053999999996,0]},"properties":{"event_id":1779,"data_org":"Green","event_date":"2026-03-19T00:00:00.000Z","post_date":"2026-03-20T00:00:00.000Z","pub_date":"2026-03-20T00:00:00.000Z","actor":"Hezbollah","claimed":"","event_type":"unknown","city":"Baraachit","province":"","country":"Lebanon","latitude":33.175054,"longitude":35.446509,"coord_type":"general town","source_1":"https://t.me/mmirleb/11842","source_2":"","sources":""}},{"type":"Feature","geometry":{"type":"Point","coordinates":[35.445046,33.10728699999999,0]},"properties":{"event_id":1780,"data_org":"Green","event_date":"2026-03-20T00:00:00.000Z","post_date":"2026-03-20T00:00:00.000Z","pub_date":"2026-03-20T00:00:00.000Z","actor":"Hezbollah","claimed":"","event_type":"Drone Attack","city":"Maroun al Ras","province":"","country":"Lebanon","latitude":33.107287,"longitude":35.445046,"coord_type":"general town","source_1":"https://t.me/mmirleb/11845","source_2":"","sources":""}},{"type":"Feature","geometry":{"type":"Point","coordinates":[35.499018,33.26912200000001,0]},"properties":{"event_id":1754,"data_org":"Green","event_date":"2026-03-19T00:00:00.000Z","post_date":"2026-03-19T00:00:00.000Z","pub_date":"2026-03-20T00:00:00.000Z","actor":"Hezbollah","claimed":"","event_type":"Mortar Attack","city":"Khirbet al Kasif","province":"","country":"Lebanon","latitude":33.269122,"longitude":35.499018,"coord_type":"general town","source_1":"https://t.me/mmirleb/11674","source_2":"","sources":""}},{"type":"Feature","geometry":{"type":"Point","coordinates":[35.522141,33.276585,0]},"properties":{"event_id":1755,"data_org":"Green","event_date":"2026-03-19T00:00:00.000Z","post_date":"2026-03-19T00:00:00.000Z","pub_date":"2026-03-20T00:00:00.000Z","actor":"Hezbollah","claimed":"","event_type":"Mortar Attack","city":"Taybeh","province":"","country":"Lebanon","latitude":33.276585,"longitude":35.522141,"coord_type":"general town","source_1":"https://t.me/mmirleb/11677","source_2":"","sources":""}},{"type":"Feature","geometry":{"type":"Point","coordinates":[35.522141,33.276585,0]},"properties":{"event_id":1756,"data_org":"Green","event_date":"2026-03-19T00:00:00.000Z","post_date":"2026-03-19T00:00:00.000Z","pub_date":"2026-03-20T00:00:00.000Z","actor":"Hezbollah","claimed":"","event_type":"Mortar Attack","city":"Taybeh","province":"","country":"Lebanon","latitude":33.276585,"longitude":35.522141,"coord_type":"general town","source_1":"https://t.me/mmirleb/11680","source_2":"","sources":""}},{"type":"Feature","geometry":{"type":"Point","coordinates":[35.524465,33.283117999999995,0]},"properties":{"event_id":1757,"data_org":"Green","event_date":"2026-03-19T00:00:00.000Z","post_date":"2026-03-19T00:00:00.000Z","pub_date":"2026-03-20T00:00:00.000Z","actor":"Hezbollah","claimed":"","event_type":"Mortar Attack","city":"Taybeh","province":"","country":"Lebanon","latitude":33.283118,"longitude":35.524465,"coord_type":"general neighborhood","source_1":"https://t.me/mmirleb/11683","source_2":"","sources":""}},{"type":"Feature","geometry":{"type":"Point","coordinates":[35.445046,33.10728699999999,0]},"properties":{"event_id":1758,"data_org":"Green","event_date":"2026-03-19T00:00:00.000Z","post_date":"2026-03-19T00:00:00.000Z","pub_date":"2026-03-20T00:00:00.000Z","actor":"Hezbollah","claimed":"","event_type":"Rocket Attack","city":"Maroun al Ras","province":"","country":"Lebanon","latitude":33.107287,"longitude":35.445046,"coord_type":"general town","source_1":"https://t.me/mmirleb/11686","source_2":"","sources":""}},{"type":"Feature","geometry":{"type":"Point","coordinates":[35.445046,33.10728699999999,0]},"properties":{"event_id":1759,"data_org":"Green","event_date":"2026-03-19T00:00:00.000Z","post_date":"2026-03-19T00:00:00.000Z","pub_date":"2026-03-20T00:00:00.000Z","actor":"Hezbollah","claimed":"","event_type":"Rocket Attack","city":"Maroun al Ras","province":"","country":"Lebanon","latitude":33.107287,"longitude":35.445046,"coord_type":"general town","source_1":"https://t.me/mmirleb/11695","source_2":"","sources":""}},{"type":"Feature","geometry":{"type":"Point","coordinates":[35.542026,33.25511999999999,0]},"properties":{"event_id":1760,"data_org":"Green","event_date":"2026-03-19T00:00:00.000Z","post_date":"2026-03-19T00:00:00.000Z","pub_date":"2026-03-20T00:00:00.000Z","actor":"Hezbollah","claimed":"","event_type":"Rocket Attack","city":"Oddaisseh","province":"","country":"Lebanon","latitude":33.25512,"longitude":35.542026,"coord_type":"general town","source_1":"https://t.me/mmirleb/11701","source_2":"","sources":""}},{"type":"Feature","geometry":{"type":"Point","coordinates":[35.522141,33.276585,0]},"properties":{"event_id":1761,"data_org":"Green","event_date":"2026-03-19T00:00:00.000Z","post_date":"2026-03-19T00:00:00.000Z","pub_date":"2026-03-20T00:00:00.000Z","actor":"Hezbollah","claimed":"","event_type":"Rocket Attack","city":"Taybeh","province":"","country":"Lebanon","latitude":33.276585,"longitude":35.522141,"coord_type":"general town","source_1":"https://t.me/mmirleb/11704","source_2":"","sources":""}},{"type":"Feature","geometry":{"type":"Point","coordinates":[35.521966,33.16955999999999,0]},"properties":{"event_id":1762,"data_org":"Green","event_date":"2026-03-19T00:00:00.000Z","post_date":"2026-03-19T00:00:00.000Z","pub_date":"2026-03-20T00:00:00.000Z","actor":"Hezbollah","claimed":"","event_type":"Rocket Attack","city":"Mays al Jabal","province":"","country":"Lebanon","latitude":33.16956,"longitude":35.521966,"coord_type":"general town","source_1":"https://t.me/mmirleb/11707","source_2":"","sources":""}},{"type":"Feature","geometry":{"type":"Point","coordinates":[35.522141,33.276585,0]},"properties":{"event_id":1763,"data_org":"Green","event_date":"2026-03-19T00:00:00.000Z","post_date":"2026-03-19T00:00:00.000Z","pub_date":"2026-03-20T00:00:00.000Z","actor":"Hezbollah","claimed":"","event_type":"Direct Engagement","city":"Taybeh","province":"","country":"Lebanon","latitude":33.276585,"longitude":35.522141,"coord_type":"general town","source_1":"https://t.me/mmirleb/11710","source_2":"","sources":""}},{"type":"Feature","geometry":{"type":"Point","coordinates":[35.468409,33.11549999999999,0]},"properties":{"event_id":1764,"data_org":"Green","event_date":"2026-03-19T00:00:00.000Z","post_date":"2026-03-19T00:00:00.000Z","pub_date":"2026-03-20T00:00:00.000Z","actor":"Hezbollah","claimed":"","event_type":"Direct Engagement","city":"Aitaroun","province":"","country":"Lebanon","latitude":33.1155,"longitude":35.468409,"coord_type":"general town","source_1":"https://t.me/mmirleb/11710","source_2":"","sources":""}},{"type":"Feature","geometry":{"type":"Point","coordinates":[35.614634,33.330200999999995,0]},"properties":{"event_id":1790,"data_org":"Green","event_date":"2026-03-21T00:00:00.000Z","post_date":"2026-03-21T00:00:00.000Z","pub_date":"2026-03-21T00:00:00.000Z","actor":"Hezbollah","claimed":"","event_type":"Rocket Attack","city":"Khiam","province":"","country":"Lebanon","latitude":33.330201,"longitude":35.614634,"coord_type":"general town","source_1":"https://t.me/mmirleb/11916","source_2":"","sources":""}},{"type":"Feature","geometry":{"type":"Point","coordinates":[35.141012,33.118258,0]},"properties":{"event_id":1791,"data_org":"Green","event_date":"2026-03-21T00:00:00.000Z","post_date":"2026-03-21T00:00:00.000Z","pub_date":"2026-03-21T00:00:00.000Z","actor":"Hezbollah","claimed":"","event_type":"Direct Engagement","city":"Naqoura","province":"","country":"Lebanon","latitude":33.118258,"longitude":35.141012,"coord_type":"general town","source_1":"https://t.me/mmirleb/11919","source_2":"","sources":""}},{"type":"Feature","geometry":{"type":"Point","coordinates":[35.542026,33.25511999999999,0]},"properties":{"event_id":1792,"data_org":"Green","event_date":"2026-03-21T00:00:00.000Z","post_date":"2026-03-21T00:00:00.000Z","pub_date":"2026-03-21T00:00:00.000Z","actor":"Hezbollah","claimed":"","event_type":"Rocket Attack","city":"Oddaisseh","province":"","country":"Lebanon","latitude":33.25512,"longitude":35.542026,"coord_type":"general town","source_1":"https://t.me/mmirleb/11925","source_2":"","sources":""}},{"type":"Feature","geometry":{"type":"Point","coordinates":[35.522141,33.276585,0]},"properties":{"event_id":1793,"data_org":"Green","event_date":"2026-03-21T00:00:00.000Z","post_date":"2026-03-21T00:00:00.000Z","pub_date":"2026-03-21T00:00:00.000Z","actor":"Hezbollah","claimed":"","event_type":"Rocket Attack","city":"Taybeh","province":"","country":"Lebanon","latitude":33.276585,"longitude":35.522141,"coord_type":"general town","source_1":"https://t.me/mmirleb/11928","source_2":"","sources":""}},{"type":"Feature","geometry":{"type":"Point","coordinates":[35.614806,33.33019999999999,0]},"properties":{"event_id":1794,"data_org":"Green","event_date":"2026-03-21T00:00:00.000Z","post_date":"2026-03-21T00:00:00.000Z","pub_date":"2026-03-21T00:00:00.000Z","actor":"Hezbollah","claimed":"","event_type":"Direct Engagement","city":"Khiam","province":"","country":"Lebanon","latitude":33.3302,"longitude":35.614806,"coord_type":"general town","source_1":"https://t.me/mmirleb/11933","source_2":"","sources":""}},{"type":"Feature","geometry":{"type":"Point","coordinates":[35.614806,33.33019999999999,0]},"properties":{"event_id":1795,"data_org":"Green","event_date":"2026-03-21T00:00:00.000Z","post_date":"2026-03-21T00:00:00.000Z","pub_date":"2026-03-21T00:00:00.000Z","actor":"Hezbollah","claimed":"","event_type":"Rocket Attack","city":"Khiam","province":"","country":"Lebanon","latitude":33.3302,"longitude":35.614806,"coord_type":"general town","source_1":"https://t.me/mmirleb/11933","source_2":"","sources":""}},{"type":"Feature","geometry":{"type":"Point","coordinates":[35.522141,33.276585,0]},"properties":{"event_id":1796,"data_org":"Green","event_date":"2026-03-21T00:00:00.000Z","post_date":"2026-03-21T00:00:00.000Z","pub_date":"2026-03-21T00:00:00.000Z","actor":"Hezbollah","claimed":"","event_type":"Rocket Attack","city":"Taybeh","province":"","country":"Lebanon","latitude":33.276585,"longitude":35.522141,"coord_type":"general town","source_1":"https://t.me/mmirleb/11942","source_2":"","sources":""}},{"type":"Feature","geometry":{"type":"Point","coordinates":[35.614806,33.33019999999999,0]},"properties":{"event_id":1797,"data_org":"Green","event_date":"2026-03-21T00:00:00.000Z","post_date":"2026-03-21T00:00:00.000Z","pub_date":"2026-03-21T00:00:00.000Z","actor":"Hezbollah","claimed":"","event_type":"Rocket Attack","city":"Khiam","province":"","country":"Lebanon","latitude":33.3302,"longitude":35.614806,"coord_type":"general town","source_1":"https://t.me/mmirleb/11945","source_2":"","sources":""}},{"type":"Feature","geometry":{"type":"Point","coordinates":[35.600604,33.38689599999999,0]},"properties":{"event_id":1798,"data_org":"Green","event_date":"2026-03-21T00:00:00.000Z","post_date":"2026-03-21T00:00:00.000Z","pub_date":"2026-03-21T00:00:00.000Z","actor":"Hezbollah","claimed":"","event_type":"Drone Attack","city":"Blat","province":"","country":"Lebanon","latitude":33.386896,"longitude":35.600604,"coord_type":"general town","source_1":"https://t.me/mmirleb/11951","source_2":"","sources":""}},{"type":"Feature","geometry":{"type":"Point","coordinates":[35.614806,33.33019999999999,0]},"properties":{"event_id":1799,"data_org":"Green","event_date":"2026-03-21T00:00:00.000Z","post_date":"2026-03-21T00:00:00.000Z","pub_date":"2026-03-21T00:00:00.000Z","actor":"Hezbollah","claimed":"","event_type":"Direct Engagement","city":"Khiam","province":"","country":"Lebanon","latitude":33.3302,"longitude":35.614806,"coord_type":"general town","source_1":"https://t.me/mmirleb/11954","source_2":"","sources":""}},{"type":"Feature","geometry":{"type":"Point","coordinates":[35.614806,33.33019999999999,0]},"properties":{"event_id":1800,"data_org":"Green","event_date":"2026-03-21T00:00:00.000Z","post_date":"2026-03-21T00:00:00.000Z","pub_date":"2026-03-21T00:00:00.000Z","actor":"Hezbollah","claimed":"","event_type":"Mortar Attack","city":"Khiam","province":"","country":"Lebanon","latitude":33.3302,"longitude":35.614806,"coord_type":"general town","source_1":"https://t.me/mmirleb/11954","source_2":"","sources":""}},{"type":"Feature","geometry":{"type":"Point","coordinates":[35.614806,33.33019999999999,0]},"properties":{"event_id":1801,"data_org":"Green","event_date":"2026-03-21T00:00:00.000Z","post_date":"2026-03-21T00:00:00.000Z","pub_date":"2026-03-21T00:00:00.000Z","actor":"Hezbollah","claimed":"","event_type":"Rocket Attack","city":"Khiam","province":"","country":"Lebanon","latitude":33.3302,"longitude":35.614806,"coord_type":"general town","source_1":"https://t.me/mmirleb/11954","source_2":"","sources":""}},{"type":"Feature","geometry":{"type":"Point","coordinates":[35.141012,33.118258,0]},"properties":{"event_id":1802,"data_org":"Green","event_date":"2026-03-21T00:00:00.000Z","post_date":"2026-03-21T00:00:00.000Z","pub_date":"2026-03-21T00:00:00.000Z","actor":"Hezbollah","claimed":"","event_type":"Rocket Attack","city":"Naqoura","province":"","country":"Lebanon","latitude":33.118258,"longitude":35.141012,"coord_type":"general town","source_1":"https://t.me/mmirleb/11957","source_2":"","sources":""}},{"type":"Feature","geometry":{"type":"Point","coordinates":[35.141012,33.118258,0]},"properties":{"event_id":1803,"data_org":"Green","event_date":"2026-03-21T00:00:00.000Z","post_date":"2026-03-21T00:00:00.000Z","pub_date":"2026-03-21T00:00:00.000Z","actor":"Hezbollah","claimed":"","event_type":"Mortar Attack","city":"Naqoura","province":"","country":"Lebanon","latitude":33.118258,"longitude":35.141012,"coord_type":"general town","source_1":"https://t.me/mmirleb/11957","source_2":"","sources":""}},{"type":"Feature","geometry":{"type":"Point","coordinates":[35.614806,33.33019999999999,0]},"properties":{"event_id":1804,"data_org":"Green","event_date":"2026-03-21T00:00:00.000Z","post_date":"2026-03-21T00:00:00.000Z","pub_date":"2026-03-21T00:00:00.000Z","actor":"Hezbollah","claimed":"","event_type":"Direct Engagement","city":"Khiam","province":"","country":"Lebanon","latitude":33.3302,"longitude":35.614806,"coord_type":"general town","source_1":"https://t.me/mmirleb/12013","source_2":"","sources":""}},{"type":"Feature","geometry":{"type":"Point","coordinates":[35.445046,33.10728699999999,0]},"properties":{"event_id":1805,"data_org":"Green","event_date":"2026-03-21T00:00:00.000Z","post_date":"2026-03-21T00:00:00.000Z","pub_date":"2026-03-21T00:00:00.000Z","actor":"Hezbollah","claimed":"","event_type":"Mortar Attack","city":"Maroun al Ras","province":"","country":"Lebanon","latitude":33.107287,"longitude":35.445046,"coord_type":"general town","source_1":"https://t.me/mmirleb/12019","source_2":"","sources":""}},{"type":"Feature","geometry":{"type":"Point","coordinates":[35.51512,33.24096999999999,0]},"properties":{"event_id":1781,"data_org":"Green","event_date":"2026-03-20T00:00:00.000Z","post_date":"2026-03-20T00:00:00.000Z","pub_date":"2026-03-21T00:00:00.000Z","actor":"Hezbollah","claimed":"","event_type":"Rocket Attack","city":"Zohr al Tayyara","province":"","country":"Lebanon","latitude":33.24097,"longitude":35.51512,"coord_type":"general town","source_1":"https://t.me/mmirleb/11859","source_2":"","sources":""}},{"type":"Feature","geometry":{"type":"Point","coordinates":[35.542026,33.25511999999999,0]},"properties":{"event_id":1782,"data_org":"Green","event_date":"2026-03-20T00:00:00.000Z","post_date":"2026-03-20T00:00:00.000Z","pub_date":"2026-03-21T00:00:00.000Z","actor":"Hezbollah","claimed":"","event_type":"Rocket Attack","city":"Oddaisseh","province":"","country":"Lebanon","latitude":33.25512,"longitude":35.542026,"coord_type":"general town","source_1":"https://t.me/mmirleb/11862","source_2":"","sources":""}},{"type":"Feature","geometry":{"type":"Point","coordinates":[35.542026,33.25511999999999,0]},"properties":{"event_id":1783,"data_org":"Green","event_date":"2026-03-20T00:00:00.000Z","post_date":"2026-03-20T00:00:00.000Z","pub_date":"2026-03-21T00:00:00.000Z","actor":"Hezbollah","claimed":"","event_type":"Rocket Attack","city":"Oddaisseh","province":"","country":"Lebanon","latitude":33.25512,"longitude":35.542026,"coord_type":"general town","source_1":"https://t.me/mmirleb/11865","source_2":"","sources":""}},{"type":"Feature","geometry":{"type":"Point","coordinates":[35.518257,33.23319399999999,0]},"properties":{"event_id":1784,"data_org":"Green","event_date":"2026-03-20T00:00:00.000Z","post_date":"2026-03-20T00:00:00.000Z","pub_date":"2026-03-21T00:00:00.000Z","actor":"Hezbollah","claimed":"","event_type":"unknown","city":"Markaba","province":"","country":"Lebanon","latitude":33.233194,"longitude":35.518257,"coord_type":"general town","source_1":"https://t.me/mmirleb/11874","source_2":"","sources":""}},{"type":"Feature","geometry":{"type":"Point","coordinates":[35.518257,33.23319399999999,0]},"properties":{"event_id":1785,"data_org":"Green","event_date":"2026-03-20T00:00:00.000Z","post_date":"2026-03-20T00:00:00.000Z","pub_date":"2026-03-21T00:00:00.000Z","actor":"Hezbollah","claimed":"","event_type":"Rocket Attack","city":"Markaba","province":"","country":"Lebanon","latitude":33.233194,"longitude":35.518257,"coord_type":"general town","source_1":"https://t.me/mmirleb/11877","source_2":"","sources":""}},{"type":"Feature","geometry":{"type":"Point","coordinates":[35.518257,33.23319399999999,0]},"properties":{"event_id":1786,"data_org":"Green","event_date":"2026-03-20T00:00:00.000Z","post_date":"2026-03-20T00:00:00.000Z","pub_date":"2026-03-21T00:00:00.000Z","actor":"Hezbollah","claimed":"","event_type":"Rocket Attack","city":"Markaba","province":"","country":"Lebanon","latitude":33.233194,"longitude":35.518257,"coord_type":"general town","source_1":"https://t.me/mmirleb/11880","source_2":"","sources":""}},{"type":"Feature","geometry":{"type":"Point","coordinates":[35.522141,33.276585,0]},"properties":{"event_id":1787,"data_org":"Green","event_date":"2026-03-20T00:00:00.000Z","post_date":"2026-03-20T00:00:00.000Z","pub_date":"2026-03-21T00:00:00.000Z","actor":"Hezbollah","claimed":"","event_type":"Rocket Attack","city":"Taybeh","province":"","country":"Lebanon","latitude":33.276585,"longitude":35.522141,"coord_type":"general town","source_1":"https://t.me/mmirleb/11883","source_2":"","sources":""}},{"type":"Feature","geometry":{"type":"Point","coordinates":[35.445046,33.10728699999999,0]},"properties":{"event_id":1788,"data_org":"Green","event_date":"2026-03-20T00:00:00.000Z","post_date":"2026-03-20T00:00:00.000Z","pub_date":"2026-03-21T00:00:00.000Z","actor":"Hezbollah","claimed":"","event_type":"Rocket Attack","city":"Maroun al Ras","province":"","country":"Lebanon","latitude":33.107287,"longitude":35.445046,"coord_type":"general town","source_1":"https://t.me/mmirleb/11886","source_2":"","sources":""}},{"type":"Feature","geometry":{"type":"Point","coordinates":[35.542026,33.25511999999999,0]},"properties":{"event_id":1789,"data_org":"Green","event_date":"2026-03-20T00:00:00.000Z","post_date":"2026-03-20T00:00:00.000Z","pub_date":"2026-03-21T00:00:00.000Z","actor":"Hezbollah","claimed":"","event_type":"Rocket Attack","city":"Oddaisseh","province":"","country":"Lebanon","latitude":33.25512,"longitude":35.542026,"coord_type":"general town","source_1":"https://t.me/mmirleb/11898","source_2":"","sources":""}},{"type":"Feature","geometry":{"type":"Point","coordinates":[35.614806,33.33019999999999,0]},"properties":{"event_id":1819,"data_org":"Green","event_date":"2026-03-22T00:00:00.000Z","post_date":"2026-03-22T00:00:00.000Z","pub_date":"2026-03-22T00:00:00.000Z","actor":"Hezbollah","claimed":"","event_type":"Rocket Attack","city":"Khiam","province":"","country":"Lebanon","latitude":33.3302,"longitude":35.614806,"coord_type":"general town","source_1":"https://t.me/mmirleb/12067","source_2":"","sources":""}},{"type":"Feature","geometry":{"type":"Point","coordinates":[35.140459,33.118851,0]},"properties":{"event_id":1820,"data_org":"Green","event_date":"2026-03-22T00:00:00.000Z","post_date":"2026-03-22T00:00:00.000Z","pub_date":"2026-03-22T00:00:00.000Z","actor":"Hezbollah","claimed":"","event_type":"Rocket Attack","city":"Naqoura","province":"","country":"Lebanon","latitude":33.118851,"longitude":35.140459,"coord_type":"general town","source_1":"https://t.me/mmirleb/12088","source_2":"","sources":""}},{"type":"Feature","geometry":{"type":"Point","coordinates":[35.522141,33.276585,0]},"properties":{"event_id":1821,"data_org":"Green","event_date":"2026-03-22T00:00:00.000Z","post_date":"2026-03-22T00:00:00.000Z","pub_date":"2026-03-22T00:00:00.000Z","actor":"Hezbollah","claimed":"","event_type":"Rocket Attack","city":"Taybeh","province":"","country":"Lebanon","latitude":33.276585,"longitude":35.522141,"coord_type":"general town","source_1":"https://t.me/mmirleb/12094","source_2":"","sources":""}},{"type":"Feature","geometry":{"type":"Point","coordinates":[35.522141,33.276585,0]},"properties":{"event_id":1822,"data_org":"Green","event_date":"2026-03-22T00:00:00.000Z","post_date":"2026-03-22T00:00:00.000Z","pub_date":"2026-03-22T00:00:00.000Z","actor":"Hezbollah","claimed":"","event_type":"Rocket Attack","city":"Taybeh","province":"","country":"Lebanon","latitude":33.276585,"longitude":35.522141,"coord_type":"general town","source_1":"https://t.me/mmirleb/12097","source_2":"","sources":""}},{"type":"Feature","geometry":{"type":"Point","coordinates":[35.542026,33.25511999999999,0]},"properties":{"event_id":1823,"data_org":"Green","event_date":"2026-03-22T00:00:00.000Z","post_date":"2026-03-22T00:00:00.000Z","pub_date":"2026-03-22T00:00:00.000Z","actor":"Hezbollah","claimed":"","event_type":"Drone Attack","city":"Oddaisseh","province":"","country":"Lebanon","latitude":33.25512,"longitude":35.542026,"coord_type":"general town","source_1":"https://t.me/mmirleb/12108","source_2":"","sources":""}},{"type":"Feature","geometry":{"type":"Point","coordinates":[35.614806,33.33019999999999,0]},"properties":{"event_id":1824,"data_org":"Green","event_date":"2026-03-22T00:00:00.000Z","post_date":"2026-03-22T00:00:00.000Z","pub_date":"2026-03-22T00:00:00.000Z","actor":"Hezbollah","claimed":"","event_type":"Rocket Attack","city":"Khiam","province":"","country":"Lebanon","latitude":33.3302,"longitude":35.614806,"coord_type":"general town","source_1":"https://t.me/mmirleb/12113","source_2":"","sources":""}},{"type":"Feature","geometry":{"type":"Point","coordinates":[35.522141,33.276585,0]},"properties":{"event_id":1825,"data_org":"Green","event_date":"2026-03-22T00:00:00.000Z","post_date":"2026-03-22T00:00:00.000Z","pub_date":"2026-03-22T00:00:00.000Z","actor":"Hezbollah","claimed":"","event_type":"Rocket Attack","city":"Taybeh","province":"","country":"Lebanon","latitude":33.276585,"longitude":35.522141,"coord_type":"general town","source_1":"https://t.me/mmirleb/12116","source_2":"","sources":""}},{"type":"Feature","geometry":{"type":"Point","coordinates":[35.542026,33.25511999999999,0]},"properties":{"event_id":1826,"data_org":"Green","event_date":"2026-03-22T00:00:00.000Z","post_date":"2026-03-22T00:00:00.000Z","pub_date":"2026-03-22T00:00:00.000Z","actor":"Hezbollah","claimed":"","event_type":"Rocket Attack","city":"Oddaisseh","province":"","country":"Lebanon","latitude":33.25512,"longitude":35.542026,"coord_type":"general town","source_1":"https://t.me/mmirleb/12119","source_2":"","sources":""}},{"type":"Feature","geometry":{"type":"Point","coordinates":[35.712395,33.318131,0]},"properties":{"event_id":1827,"data_org":"Green","event_date":"2026-03-22T00:00:00.000Z","post_date":"2026-03-22T00:00:00.000Z","pub_date":"2026-03-22T00:00:00.000Z","actor":"Hezbollah","claimed":"","event_type":"Rocket Attack","city":"Kfarchouba","province":"","country":"Lebanon","latitude":33.318131,"longitude":35.712395,"coord_type":"exact","source_1":"https://t.me/mmirleb/12128","source_2":"","sources":""}},{"type":"Feature","geometry":{"type":"Point","coordinates":[35.208941,33.104345,0]},"properties":{"event_id":1828,"data_org":"Green","event_date":"2026-03-22T00:00:00.000Z","post_date":"2026-03-22T00:00:00.000Z","pub_date":"2026-03-22T00:00:00.000Z","actor":"Hezbollah","claimed":"","event_type":"Rocket Attack","city":"Randa","province":"","country":"Lebanon","latitude":33.104345,"longitude":35.208941,"coord_type":"general town","source_1":"https://t.me/mmirleb/12139","source_2":"","sources":""}},{"type":"Feature","geometry":{"type":"Point","coordinates":[35.290013,33.113859999999995,0]},"properties":{"event_id":1829,"data_org":"Green","event_date":"2026-03-22T00:00:00.000Z","post_date":"2026-03-22T00:00:00.000Z","pub_date":"2026-03-22T00:00:00.000Z","actor":"Hezbollah","claimed":"","event_type":"Mortar Attack","city":"Aitaroun","province":"","country":"Lebanon","latitude":33.11386,"longitude":35.290013,"coord_type":"exact","source_1":"https://t.me/mmirleb/12142","source_2":"","sources":""}},{"type":"Feature","geometry":{"type":"Point","coordinates":[35.178166,33.104608999999996,0]},"properties":{"event_id":1830,"data_org":"Green","event_date":"2026-03-22T00:00:00.000Z","post_date":"2026-03-22T00:00:00.000Z","pub_date":"2026-03-22T00:00:00.000Z","actor":"Hezbollah","claimed":"","event_type":"Rocket Attack","city":"Aalma El Chaeb","province":"","country":"Lebanon","latitude":33.104609,"longitude":35.178166,"coord_type":"general town","source_1":"https://t.me/mmirleb/12145","source_2":"","sources":""}},{"type":"Feature","geometry":{"type":"Point","coordinates":[35.178166,33.104608999999996,0]},"properties":{"event_id":1831,"data_org":"Green","event_date":"2026-03-22T00:00:00.000Z","post_date":"2026-03-22T00:00:00.000Z","pub_date":"2026-03-22T00:00:00.000Z","actor":"Hezbollah","claimed":"","event_type":"Rocket Attack","city":"Aalma El Chaeb","province":"","country":"Lebanon","latitude":33.104609,"longitude":35.178166,"coord_type":"general town","source_1":"https://t.me/mmirleb/12151","source_2":"","sources":""}},{"type":"Feature","geometry":{"type":"Point","coordinates":[35.614806,33.33019999999999,0]},"properties":{"event_id":1832,"data_org":"Green","event_date":"2026-03-22T00:00:00.000Z","post_date":"2026-03-22T00:00:00.000Z","pub_date":"2026-03-22T00:00:00.000Z","actor":"Hezbollah","claimed":"","event_type":"Rocket Attack","city":"Khiam","province":"","country":"Lebanon","latitude":33.3302,"longitude":35.614806,"coord_type":"general town","source_1":"https://t.me/mmirleb/12154","source_2":"","sources":""}},{"type":"Feature","geometry":{"type":"Point","coordinates":[35.140459,33.118851,0]},"properties":{"event_id":1833,"data_org":"Green","event_date":"2026-03-22T00:00:00.000Z","post_date":"2026-03-22T00:00:00.000Z","pub_date":"2026-03-22T00:00:00.000Z","actor":"Hezbollah","claimed":"","event_type":"Rocket Attack","city":"Naqoura","province":"","country":"Lebanon","latitude":33.118851,"longitude":35.140459,"coord_type":"general town","source_1":"https://t.me/mmirleb/12157","source_2":"","sources":""}},{"type":"Feature","geometry":{"type":"Point","coordinates":[35.425807,33.081957,0]},"properties":{"event_id":1834,"data_org":"Green","event_date":"2026-03-22T00:00:00.000Z","post_date":"2026-03-22T00:00:00.000Z","pub_date":"2026-03-22T00:00:00.000Z","actor":"Hezbollah","claimed":"","event_type":"Rocket Attack","city":"Yaroun","province":"","country":"Lebanon","latitude":33.081957,"longitude":35.425807,"coord_type":"general town","source_1":"https://t.me/mmirleb/12160","source_2":"","sources":""}},{"type":"Feature","geometry":{"type":"Point","coordinates":[35.521579,33.168766999999995,0]},"properties":{"event_id":1835,"data_org":"Green","event_date":"2026-03-22T00:00:00.000Z","post_date":"2026-03-22T00:00:00.000Z","pub_date":"2026-03-22T00:00:00.000Z","actor":"Hezbollah","claimed":"","event_type":"Rocket Attack","city":"Meiss al Jabal","province":"","country":"Lebanon","latitude":33.168767,"longitude":35.521579,"coord_type":"general town","source_1":"https://t.me/mmirleb/12163","source_2":"","sources":""}},{"type":"Feature","geometry":{"type":"Point","coordinates":[35.474046,33.101985,0]},"properties":{"event_id":1836,"data_org":"Green","event_date":"2026-03-22T00:00:00.000Z","post_date":"2026-03-22T00:00:00.000Z","pub_date":"2026-03-22T00:00:00.000Z","actor":"Hezbollah","claimed":"","event_type":"Rocket Attack","city":"Aitaroun Forrest","province":"","country":"Lebanon","latitude":33.101985,"longitude":35.474046,"coord_type":"general town","source_1":"https://t.me/mmirleb/12169","source_2":"","sources":""}},{"type":"Feature","geometry":{"type":"Point","coordinates":[35.474046,33.101985,0]},"properties":{"event_id":1837,"data_org":"Green","event_date":"2026-03-22T00:00:00.000Z","post_date":"2026-03-22T00:00:00.000Z","pub_date":"2026-03-22T00:00:00.000Z","actor":"Hezbollah","claimed":"","event_type":"Rocket Attack","city":"Aitaroun","province":"","country":"Lebanon","latitude":33.101985,"longitude":35.474046,"coord_type":"general town","source_1":"https://t.me/mmirleb/12175","source_2":"","sources":""}},{"type":"Feature","geometry":{"type":"Point","coordinates":[35.445046,33.10728699999999,0]},"properties":{"event_id":1838,"data_org":"Green","event_date":"2026-03-22T00:00:00.000Z","post_date":"2026-03-22T00:00:00.000Z","pub_date":"2026-03-22T00:00:00.000Z","actor":"Hezbollah","claimed":"","event_type":"Mortar Attack","city":"Maroun al Ras","province":"","country":"Lebanon","latitude":33.107287,"longitude":35.445046,"coord_type":"general town","source_1":"https://t.me/mmirleb/12178","source_2":"","sources":""}},{"type":"Feature","geometry":{"type":"Point","coordinates":[35.60797,33.32021,0]},"properties":{"event_id":1839,"data_org":"Green","event_date":"2026-03-22T00:00:00.000Z","post_date":"2026-03-22T00:00:00.000Z","pub_date":"2026-03-22T00:00:00.000Z","actor":"Hezbollah","claimed":"","event_type":"Mortar Attack","city":"Khiam","province":"","country":"Lebanon","latitude":33.32021,"longitude":35.60797,"coord_type":"exact","source_1":"https://t.me/mmirleb/12197","source_2":"","sources":""}},{"type":"Feature","geometry":{"type":"Point","coordinates":[35.542026,33.25511999999999,0]},"properties":{"event_id":1806,"data_org":"Green","event_date":"2026-03-21T00:00:00.000Z","post_date":"2026-03-21T00:00:00.000Z","pub_date":"2026-03-22T00:00:00.000Z","actor":"Hezbollah","claimed":"","event_type":"Rocket Attack","city":"Oddaisseh","province":"","country":"Lebanon","latitude":33.25512,"longitude":35.542026,"coord_type":"general town","source_1":"https://t.me/mmirleb/12022","source_2":"","sources":""}},{"type":"Feature","geometry":{"type":"Point","coordinates":[35.425807,33.081957,0]},"properties":{"event_id":1807,"data_org":"Green","event_date":"2026-03-21T00:00:00.000Z","post_date":"2026-03-21T00:00:00.000Z","pub_date":"2026-03-22T00:00:00.000Z","actor":"Hezbollah","claimed":"","event_type":"Rocket Attack","city":"Yaroun","province":"","country":"Lebanon","latitude":33.081957,"longitude":35.425807,"coord_type":"general town","source_1":"https://t.me/mmirleb/12025","source_2":"","sources":""}},{"type":"Feature","geometry":{"type":"Point","coordinates":[35.542026,33.25511999999999,0]},"properties":{"event_id":1808,"data_org":"Green","event_date":"2026-03-21T00:00:00.000Z","post_date":"2026-03-21T00:00:00.000Z","pub_date":"2026-03-22T00:00:00.000Z","actor":"Hezbollah","claimed":"","event_type":"Rocket Attack","city":"Oddaisseh","province":"","country":"Lebanon","latitude":33.25512,"longitude":35.542026,"coord_type":"general town","source_1":"https://t.me/mmirleb/12034","source_2":"","sources":""}},{"type":"Feature","geometry":{"type":"Point","coordinates":[35.517295,33.23247,0]},"properties":{"event_id":1809,"data_org":"Green","event_date":"2026-03-21T00:00:00.000Z","post_date":"2026-03-21T00:00:00.000Z","pub_date":"2026-03-22T00:00:00.000Z","actor":"Hezbollah","claimed":"","event_type":"Rocket Attack","city":"Markaba","province":"","country":"Lebanon","latitude":33.23247,"longitude":35.517295,"coord_type":"general town","source_1":"https://t.me/mmirleb/12037","source_2":"","sources":""}},{"type":"Feature","geometry":{"type":"Point","coordinates":[35.522141,33.276585,0]},"properties":{"event_id":1810,"data_org":"Green","event_date":"2026-03-21T00:00:00.000Z","post_date":"2026-03-21T00:00:00.000Z","pub_date":"2026-03-22T00:00:00.000Z","actor":"Hezbollah","claimed":"","event_type":"Rocket Attack","city":"Taybeh","province":"","country":"Lebanon","latitude":33.276585,"longitude":35.522141,"coord_type":"general town","source_1":"https://t.me/mmirleb/12040","source_2":"","sources":""}},{"type":"Feature","geometry":{"type":"Point","coordinates":[35.522141,33.276585,0]},"properties":{"event_id":1811,"data_org":"Green","event_date":"2026-03-21T00:00:00.000Z","post_date":"2026-03-21T00:00:00.000Z","pub_date":"2026-03-22T00:00:00.000Z","actor":"Hezbollah","claimed":"","event_type":"Rocket Attack","city":"Taybeh","province":"","country":"Lebanon","latitude":33.276585,"longitude":35.522141,"coord_type":"general town","source_1":"https://t.me/mmirleb/12043","source_2":"","sources":""}},{"type":"Feature","geometry":{"type":"Point","coordinates":[35.522141,33.276585,0]},"properties":{"event_id":1812,"data_org":"Green","event_date":"2026-03-21T00:00:00.000Z","post_date":"2026-03-21T00:00:00.000Z","pub_date":"2026-03-22T00:00:00.000Z","actor":"Hezbollah","claimed":"","event_type":"Rocket Attack","city":"Taybeh","province":"","country":"Lebanon","latitude":33.276585,"longitude":35.522141,"coord_type":"general town","source_1":"https://t.me/mmirleb/12046","source_2":"","sources":""}},{"type":"Feature","geometry":{"type":"Point","coordinates":[35.522141,33.276585,0]},"properties":{"event_id":1813,"data_org":"Green","event_date":"2026-03-21T00:00:00.000Z","post_date":"2026-03-21T00:00:00.000Z","pub_date":"2026-03-22T00:00:00.000Z","actor":"Hezbollah","claimed":"","event_type":"Rocket Attack","city":"Taybeh","province":"","country":"Lebanon","latitude":33.276585,"longitude":35.522141,"coord_type":"general town","source_1":"https://t.me/mmirleb/12049","source_2":"","sources":""}},{"type":"Feature","geometry":{"type":"Point","coordinates":[35.522141,33.276585,0]},"properties":{"event_id":1814,"data_org":"Green","event_date":"2026-03-21T00:00:00.000Z","post_date":"2026-03-21T00:00:00.000Z","pub_date":"2026-03-22T00:00:00.000Z","actor":"Hezbollah","claimed":"","event_type":"Mortar Attack","city":"Taybeh","province":"","country":"Lebanon","latitude":33.276585,"longitude":35.522141,"coord_type":"general town","source_1":"https://t.me/mmirleb/12052","source_2":"","sources":""}},{"type":"Feature","geometry":{"type":"Point","coordinates":[35.614806,33.33019999999999,0]},"properties":{"event_id":1815,"data_org":"Green","event_date":"2026-03-21T00:00:00.000Z","post_date":"2026-03-21T00:00:00.000Z","pub_date":"2026-03-22T00:00:00.000Z","actor":"Hezbollah","claimed":"","event_type":"Rocket Attack","city":"Khiam","province":"","country":"Lebanon","latitude":33.3302,"longitude":35.614806,"coord_type":"general town","source_1":"https://t.me/mmirleb/12055","source_2":"","sources":""}},{"type":"Feature","geometry":{"type":"Point","coordinates":[35.614806,33.33019999999999,0]},"properties":{"event_id":1816,"data_org":"Green","event_date":"2026-03-21T00:00:00.000Z","post_date":"2026-03-21T00:00:00.000Z","pub_date":"2026-03-22T00:00:00.000Z","actor":"Hezbollah","claimed":"","event_type":"Rocket Attack","city":"Khiam","province":"","country":"Lebanon","latitude":33.3302,"longitude":35.614806,"coord_type":"general town","source_1":"https://t.me/mmirleb/12058","source_2":"","sources":""}},{"type":"Feature","geometry":{"type":"Point","coordinates":[35.614806,33.33019999999999,0]},"properties":{"event_id":1817,"data_org":"Green","event_date":"2026-03-21T00:00:00.000Z","post_date":"2026-03-21T00:00:00.000Z","pub_date":"2026-03-22T00:00:00.000Z","actor":"Hezbollah","claimed":"","event_type":"Rocket Attack","city":"Khiam","province":"","country":"Lebanon","latitude":33.3302,"longitude":35.614806,"coord_type":"general town","source_1":"https://t.me/mmirleb/12061","source_2":"","sources":""}},{"type":"Feature","geometry":{"type":"Point","coordinates":[35.522141,33.276585,0]},"properties":{"event_id":1818,"data_org":"Green","event_date":"2026-03-21T00:00:00.000Z","post_date":"2026-03-21T00:00:00.000Z","pub_date":"2026-03-22T00:00:00.000Z","actor":"Hezbollah","claimed":"","event_type":"Rocket Attack","city":"Taybeh","province":"","country":"Lebanon","latitude":33.276585,"longitude":35.522141,"coord_type":"general town","source_1":"https://t.me/mmirleb/12064","source_2":"","sources":""}},{"type":"Feature","geometry":{"type":"Point","coordinates":[35.225378,33.105187,0]},"properties":{"event_id":1848,"data_org":"Green","event_date":"2026-03-23T00:00:00.000Z","post_date":"2026-03-23T00:00:00.000Z","pub_date":"2026-03-23T00:00:00.000Z","actor":"Hezbollah","claimed":"","event_type":"Rocket Attack","city":"Dhayra","province":"","country":"Lebanon","latitude":33.105187,"longitude":35.225378,"coord_type":"general town","source_1":"https://t.me/mmirleb/12242","source_2":"","sources":""}},{"type":"Feature","geometry":{"type":"Point","coordinates":[35.141012,33.118258,0]},"properties":{"event_id":1849,"data_org":"Green","event_date":"2026-03-23T00:00:00.000Z","post_date":"2026-03-23T00:00:00.000Z","pub_date":"2026-03-23T00:00:00.000Z","actor":"Hezbollah","claimed":"","event_type":"Rocket Attack","city":"Naqoura","province":"","country":"Lebanon","latitude":33.118258,"longitude":35.141012,"coord_type":"general town","source_1":"https://t.me/mmirleb/12245","source_2":"","sources":""}},{"type":"Feature","geometry":{"type":"Point","coordinates":[35.522141,33.276585,0]},"properties":{"event_id":1850,"data_org":"Green","event_date":"2026-03-23T00:00:00.000Z","post_date":"2026-03-23T00:00:00.000Z","pub_date":"2026-03-23T00:00:00.000Z","actor":"Hezbollah","claimed":"","event_type":"Rocket Attack","city":"Taybeh","province":"","country":"Lebanon","latitude":33.276585,"longitude":35.522141,"coord_type":"general town","source_1":"https://t.me/mmirleb/12248","source_2":"","sources":""}},{"type":"Feature","geometry":{"type":"Point","coordinates":[35.141012,33.118258,0]},"properties":{"event_id":1851,"data_org":"Green","event_date":"2026-03-23T00:00:00.000Z","post_date":"2026-03-23T00:00:00.000Z","pub_date":"2026-03-23T00:00:00.000Z","actor":"Hezbollah","claimed":"","event_type":"Rocket Attack","city":"Naqoura","province":"","country":"Lebanon","latitude":33.118258,"longitude":35.141012,"coord_type":"general town","source_1":"https://t.me/mmirleb/12284","source_2":"","sources":""}},{"type":"Feature","geometry":{"type":"Point","coordinates":[35.517295,33.23247,0]},"properties":{"event_id":1852,"data_org":"Green","event_date":"2026-03-23T00:00:00.000Z","post_date":"2026-03-23T00:00:00.000Z","pub_date":"2026-03-23T00:00:00.000Z","actor":"Hezbollah","claimed":"","event_type":"Mortar Attack","city":"Markaba","province":"","country":"Lebanon","latitude":33.23247,"longitude":35.517295,"coord_type":"general town","source_1":"https://t.me/mmirleb/12290","source_2":"","sources":""}},{"type":"Feature","geometry":{"type":"Point","coordinates":[35.517295,33.23247,0]},"properties":{"event_id":1853,"data_org":"Green","event_date":"2026-03-23T00:00:00.000Z","post_date":"2026-03-23T00:00:00.000Z","pub_date":"2026-03-23T00:00:00.000Z","actor":"Hezbollah","claimed":"","event_type":"Rocket Attack","city":"Markaba","province":"","country":"Lebanon","latitude":33.23247,"longitude":35.517295,"coord_type":"general town","source_1":"https://t.me/mmirleb/12293","source_2":"","sources":""}},{"type":"Feature","geometry":{"type":"Point","coordinates":[35.517295,33.23247,0]},"properties":{"event_id":1854,"data_org":"Green","event_date":"2026-03-23T00:00:00.000Z","post_date":"2026-03-23T00:00:00.000Z","pub_date":"2026-03-23T00:00:00.000Z","actor":"Hezbollah","claimed":"","event_type":"Rocket Attack","city":"Markaba","province":"","country":"Lebanon","latitude":33.23247,"longitude":35.517295,"coord_type":"general town","source_1":"https://t.me/mmirleb/12296","source_2":"","sources":""}},{"type":"Feature","geometry":{"type":"Point","coordinates":[35.522141,33.276585,0]},"properties":{"event_id":1855,"data_org":"Green","event_date":"2026-03-23T00:00:00.000Z","post_date":"2026-03-23T00:00:00.000Z","pub_date":"2026-03-23T00:00:00.000Z","actor":"Hezbollah","claimed":"","event_type":"Rocket Attack","city":"Taybeh","province":"","country":"Lebanon","latitude":33.276585,"longitude":35.522141,"coord_type":"general town","source_1":"https://t.me/mmirleb/12311","source_2":"","sources":""}},{"type":"Feature","geometry":{"type":"Point","coordinates":[35.522141,33.276585,0]},"properties":{"event_id":1856,"data_org":"Green","event_date":"2026-03-23T00:00:00.000Z","post_date":"2026-03-23T00:00:00.000Z","pub_date":"2026-03-23T00:00:00.000Z","actor":"Hezbollah","claimed":"","event_type":"Rocket Attack","city":"Taybeh","province":"","country":"Lebanon","latitude":33.276585,"longitude":35.522141,"coord_type":"general town","source_1":"https://t.me/mmirleb/12314","source_2":"","sources":""}},{"type":"Feature","geometry":{"type":"Point","coordinates":[35.445046,33.10728699999999,0]},"properties":{"event_id":1857,"data_org":"Green","event_date":"2026-03-23T00:00:00.000Z","post_date":"2026-03-23T00:00:00.000Z","pub_date":"2026-03-23T00:00:00.000Z","actor":"Hezbollah","claimed":"","event_type":"Mortar Attack","city":"Maroun al Ras","province":"","country":"Lebanon","latitude":33.107287,"longitude":35.445046,"coord_type":"general town","source_1":"https://t.me/mmirleb/12323","source_2":"","sources":""}},{"type":"Feature","geometry":{"type":"Point","coordinates":[35.522141,33.276585,0]},"properties":{"event_id":1858,"data_org":"Green","event_date":"2026-03-23T00:00:00.000Z","post_date":"2026-03-23T00:00:00.000Z","pub_date":"2026-03-23T00:00:00.000Z","actor":"Hezbollah","claimed":"","event_type":"Rocket Attack","city":"Taybeh","province":"","country":"Lebanon","latitude":33.276585,"longitude":35.522141,"coord_type":"general town","source_1":"https://t.me/mmirleb/12326","source_2":"","sources":""}},{"type":"Feature","geometry":{"type":"Point","coordinates":[35.425807,33.081957,0]},"properties":{"event_id":1859,"data_org":"Green","event_date":"2026-03-23T00:00:00.000Z","post_date":"2026-03-23T00:00:00.000Z","pub_date":"2026-03-23T00:00:00.000Z","actor":"Hezbollah","claimed":"","event_type":"Rocket Attack","city":"Yaroun","province":"","country":"Lebanon","latitude":33.081957,"longitude":35.425807,"coord_type":"general town","source_1":"https://t.me/mmirleb/12335","source_2":"","sources":""}},{"type":"Feature","geometry":{"type":"Point","coordinates":[35.141012,33.118258,0]},"properties":{"event_id":1860,"data_org":"Green","event_date":"2026-03-23T00:00:00.000Z","post_date":"2026-03-23T00:00:00.000Z","pub_date":"2026-03-23T00:00:00.000Z","actor":"Hezbollah","claimed":"","event_type":"Rocket Attack","city":"Naqoura","province":"","country":"Lebanon","latitude":33.118258,"longitude":35.141012,"coord_type":"general town","source_1":"https://t.me/mmirleb/12364","source_2":"","sources":""}},{"type":"Feature","geometry":{"type":"Point","coordinates":[35.140459,33.118851,0]},"properties":{"event_id":1861,"data_org":"Green","event_date":"2026-03-23T00:00:00.000Z","post_date":"2026-03-23T00:00:00.000Z","pub_date":"2026-03-23T00:00:00.000Z","actor":"Hezbollah","claimed":"","event_type":"Drone Attack","city":"Naqoura","province":"","country":"Lebanon","latitude":33.118851,"longitude":35.140459,"coord_type":"general town","source_1":"https://t.me/mmirleb/12373","source_2":"","sources":""}},{"type":"Feature","geometry":{"type":"Point","coordinates":[35.140459,33.118851,0]},"properties":{"event_id":1862,"data_org":"Green","event_date":"2026-03-23T00:00:00.000Z","post_date":"2026-03-23T00:00:00.000Z","pub_date":"2026-03-23T00:00:00.000Z","actor":"Hezbollah","claimed":"","event_type":"Drone Attack","city":"Naqoura","province":"","country":"Lebanon","latitude":33.118851,"longitude":35.140459,"coord_type":"general town","source_1":"https://t.me/mmirleb/12376","source_2":"","sources":""}},{"type":"Feature","geometry":{"type":"Point","coordinates":[35.60797,33.32021,0]},"properties":{"event_id":1840,"data_org":"Green","event_date":"2026-03-22T00:00:00.000Z","post_date":"2026-03-22T00:00:00.000Z","pub_date":"2026-03-23T00:00:00.000Z","actor":"Hezbollah","claimed":"","event_type":"Rocket Attack","city":"Khiam","province":"","country":"Lebanon","latitude":33.32021,"longitude":35.60797,"coord_type":"exact","source_1":"https://t.me/mmirleb/12206","source_2":"","sources":""}},{"type":"Feature","geometry":{"type":"Point","coordinates":[35.225378,33.105187,0]},"properties":{"event_id":1841,"data_org":"Green","event_date":"2026-03-22T00:00:00.000Z","post_date":"2026-03-22T00:00:00.000Z","pub_date":"2026-03-23T00:00:00.000Z","actor":"Hezbollah","claimed":"","event_type":"Rocket Attack","city":"Dhayra","province":"","country":"Lebanon","latitude":33.105187,"longitude":35.225378,"coord_type":"general town","source_1":"https://t.me/mmirleb/12209","source_2":"","sources":""}},{"type":"Feature","geometry":{"type":"Point","coordinates":[35.225378,33.105187,0]},"properties":{"event_id":1842,"data_org":"Green","event_date":"2026-03-22T00:00:00.000Z","post_date":"2026-03-22T00:00:00.000Z","pub_date":"2026-03-23T00:00:00.000Z","actor":"Hezbollah","claimed":"","event_type":"Rocket Attack","city":"Dhayra","province":"","country":"Lebanon","latitude":33.105187,"longitude":35.225378,"coord_type":"general town","source_1":"https://t.me/mmirleb/12212","source_2":"","sources":""}},{"type":"Feature","geometry":{"type":"Point","coordinates":[35.392992,33.454819999999984,0]},"properties":{"event_id":1843,"data_org":"Green","event_date":"2026-03-22T00:00:00.000Z","post_date":"2026-03-22T00:00:00.000Z","pub_date":"2026-03-23T00:00:00.000Z","actor":"Hezbollah","claimed":"","event_type":"Rocket Attack","city":"Marwahin","province":"","country":"Lebanon","latitude":33.45482,"longitude":35.392992,"coord_type":"general town","source_1":"https://t.me/mmirleb/12215","source_2":"","sources":""}},{"type":"Feature","geometry":{"type":"Point","coordinates":[35.445046,33.10728699999999,0]},"properties":{"event_id":1844,"data_org":"Green","event_date":"2026-03-22T00:00:00.000Z","post_date":"2026-03-22T00:00:00.000Z","pub_date":"2026-03-23T00:00:00.000Z","actor":"Hezbollah","claimed":"","event_type":"Mortar Attack","city":"Maroun al Ras","province":"","country":"Lebanon","latitude":33.107287,"longitude":35.445046,"coord_type":"general town","source_1":"https://t.me/mmirleb/12218","source_2":"","sources":""}},{"type":"Feature","geometry":{"type":"Point","coordinates":[35.425807,33.081957,0]},"properties":{"event_id":1845,"data_org":"Green","event_date":"2026-03-22T00:00:00.000Z","post_date":"2026-03-22T00:00:00.000Z","pub_date":"2026-03-23T00:00:00.000Z","actor":"Hezbollah","claimed":"","event_type":"Rocket Attack","city":"Yaroun","province":"","country":"Lebanon","latitude":33.081957,"longitude":35.425807,"coord_type":"general town","source_1":"https://t.me/mmirleb/12221","source_2":"","sources":""}},{"type":"Feature","geometry":{"type":"Point","coordinates":[35.445046,33.10728699999999,0]},"properties":{"event_id":1846,"data_org":"Green","event_date":"2026-03-22T00:00:00.000Z","post_date":"2026-03-22T00:00:00.000Z","pub_date":"2026-03-23T00:00:00.000Z","actor":"Hezbollah","claimed":"","event_type":"Drone Attack","city":"Maroun al Ras","province":"","country":"Lebanon","latitude":33.107287,"longitude":35.445046,"coord_type":"general town","source_1":"https://t.me/mmirleb/12224","source_2":"","sources":""}},{"type":"Feature","geometry":{"type":"Point","coordinates":[35.614806,33.33019999999999,0]},"properties":{"event_id":1847,"data_org":"Green","event_date":"2026-03-22T00:00:00.000Z","post_date":"2026-03-22T00:00:00.000Z","pub_date":"2026-03-23T00:00:00.000Z","actor":"Hezbollah","claimed":"","event_type":"Drone Attack","city":"Khiam","province":"","country":"Lebanon","latitude":33.3302,"longitude":35.614806,"coord_type":"general town","source_1":"https://t.me/mmirleb/12227","source_2":"","sources":""}},{"type":"Feature","geometry":{"type":"Point","coordinates":[35.341351,33.117122,0]},"properties":{"event_id":1872,"data_org":"Green","event_date":"2026-03-24T00:00:00.000Z","post_date":"2026-03-24T00:00:00.000Z","pub_date":"2026-03-24T00:00:00.000Z","actor":"Hezbollah","claimed":"","event_type":"Direct Engagement","city":"Qouzah","province":"","country":"Lebanon","latitude":33.117122,"longitude":35.341351,"coord_type":"general town","source_1":"https://t.me/mmirleb/12434","source_2":"","sources":""}},{"type":"Feature","geometry":{"type":"Point","coordinates":[35.341351,33.117122,0]},"properties":{"event_id":1873,"data_org":"Green","event_date":"2026-03-24T00:00:00.000Z","post_date":"2026-03-24T00:00:00.000Z","pub_date":"2026-03-24T00:00:00.000Z","actor":"Hezbollah","claimed":"","event_type":"Rocket Attack","city":"Qouzah","province":"","country":"Lebanon","latitude":33.117122,"longitude":35.341351,"coord_type":"general town","source_1":"https://t.me/mmirleb/12437","source_2":"","sources":""}},{"type":"Feature","geometry":{"type":"Point","coordinates":[35.181029,33.103843,0]},"properties":{"event_id":1874,"data_org":"Green","event_date":"2026-03-24T00:00:00.000Z","post_date":"2026-03-24T00:00:00.000Z","pub_date":"2026-03-24T00:00:00.000Z","actor":"Hezbollah","claimed":"","event_type":"Rocket Attack","city":"Alma El Chaeb","province":"","country":"Lebanon","latitude":33.103843,"longitude":35.181029,"coord_type":"general town","source_1":"https://t.me/mmirleb/12443","source_2":"","sources":""}},{"type":"Feature","geometry":{"type":"Point","coordinates":[35.290013,33.113859999999995,0]},"properties":{"event_id":1875,"data_org":"Green","event_date":"2026-03-24T00:00:00.000Z","post_date":"2026-03-24T00:00:00.000Z","pub_date":"2026-03-24T00:00:00.000Z","actor":"Hezbollah","claimed":"","event_type":"Rocket Attack","city":"Jabal Balat","province":"","country":"Lebanon","latitude":33.11386,"longitude":35.290013,"coord_type":"exact","source_1":"https://t.me/mmirleb/12446","source_2":"","sources":""}},{"type":"Feature","geometry":{"type":"Point","coordinates":[35.341351,33.117122,0]},"properties":{"event_id":1876,"data_org":"Green","event_date":"2026-03-24T00:00:00.000Z","post_date":"2026-03-24T00:00:00.000Z","pub_date":"2026-03-24T00:00:00.000Z","actor":"Hezbollah","claimed":"","event_type":"Rocket Attack","city":"Qouzah","province":"","country":"Lebanon","latitude":33.117122,"longitude":35.341351,"coord_type":"general town","source_1":"https://t.me/mmirleb/12449","source_2":"","sources":""}},{"type":"Feature","geometry":{"type":"Point","coordinates":[35.290013,33.113859999999995,0]},"properties":{"event_id":1877,"data_org":"Green","event_date":"2026-03-24T00:00:00.000Z","post_date":"2026-03-24T00:00:00.000Z","pub_date":"2026-03-24T00:00:00.000Z","actor":"Hezbollah","claimed":"","event_type":"Direct Engagement","city":"Jabal Balat","province":"","country":"Lebanon","latitude":33.11386,"longitude":35.290013,"coord_type":"exact","source_1":"https://t.me/mmirleb/12452","source_2":"","sources":""}},{"type":"Feature","geometry":{"type":"Point","coordinates":[35.341351,33.117122,0]},"properties":{"event_id":1878,"data_org":"Green","event_date":"2026-03-24T00:00:00.000Z","post_date":"2026-03-24T00:00:00.000Z","pub_date":"2026-03-24T00:00:00.000Z","actor":"Hezbollah","claimed":"","event_type":"Direct Engagement","city":"Qouzah","province":"","country":"Lebanon","latitude":33.117122,"longitude":35.341351,"coord_type":"general town","source_1":"https://t.me/mmirleb/12455","source_2":"","sources":""}},{"type":"Feature","geometry":{"type":"Point","coordinates":[35.341351,33.117122,0]},"properties":{"event_id":1879,"data_org":"Green","event_date":"2026-03-24T00:00:00.000Z","post_date":"2026-03-24T00:00:00.000Z","pub_date":"2026-03-24T00:00:00.000Z","actor":"Hezbollah","claimed":"","event_type":"Rocket Attack","city":"Qouzah","province":"","country":"Lebanon","latitude":33.117122,"longitude":35.341351,"coord_type":"general town","source_1":"https://t.me/mmirleb/12458","source_2":"","sources":""}},{"type":"Feature","geometry":{"type":"Point","coordinates":[35.341351,33.117122,0]},"properties":{"event_id":1880,"data_org":"Green","event_date":"2026-03-24T00:00:00.000Z","post_date":"2026-03-24T00:00:00.000Z","pub_date":"2026-03-24T00:00:00.000Z","actor":"Hezbollah","claimed":"","event_type":"Direct Engagement","city":"Qouzah","province":"","country":"Lebanon","latitude":33.117122,"longitude":35.341351,"coord_type":"general town","source_1":"https://t.me/mmirleb/12461","source_2":"","sources":""}},{"type":"Feature","geometry":{"type":"Point","coordinates":[35.181029,33.103843,0]},"properties":{"event_id":1881,"data_org":"Green","event_date":"2026-03-24T00:00:00.000Z","post_date":"2026-03-24T00:00:00.000Z","pub_date":"2026-03-24T00:00:00.000Z","actor":"Hezbollah","claimed":"","event_type":"Rocket Attack","city":"Alma El Chaeb","province":"","country":"Lebanon","latitude":33.103843,"longitude":35.181029,"coord_type":"general town","source_1":"https://t.me/mmirleb/12470","source_2":"","sources":""}},{"type":"Feature","geometry":{"type":"Point","coordinates":[35.341351,33.117122,0]},"properties":{"event_id":1882,"data_org":"Green","event_date":"2026-03-24T00:00:00.000Z","post_date":"2026-03-24T00:00:00.000Z","pub_date":"2026-03-24T00:00:00.000Z","actor":"Hezbollah","claimed":"","event_type":"Direct Engagement","city":"Qouzah","province":"","country":"Lebanon","latitude":33.117122,"longitude":35.341351,"coord_type":"general town","source_1":"https://t.me/mmirleb/12473","source_2":"","sources":""}},{"type":"Feature","geometry":{"type":"Point","coordinates":[35.341351,33.117122,0]},"properties":{"event_id":1883,"data_org":"Green","event_date":"2026-03-24T00:00:00.000Z","post_date":"2026-03-24T00:00:00.000Z","pub_date":"2026-03-24T00:00:00.000Z","actor":"Hezbollah","claimed":"","event_type":"Drone Attack","city":"Qouzah","province":"","country":"Lebanon","latitude":33.117122,"longitude":35.341351,"coord_type":"general town","source_1":"https://t.me/mmirleb/12486","source_2":"","sources":""}},{"type":"Feature","geometry":{"type":"Point","coordinates":[35.614806,33.33019999999999,0]},"properties":{"event_id":1884,"data_org":"Green","event_date":"2026-03-24T00:00:00.000Z","post_date":"2026-03-24T00:00:00.000Z","pub_date":"2026-03-24T00:00:00.000Z","actor":"Hezbollah","claimed":"","event_type":"Direct Engagement","city":"Khiam","province":"","country":"Lebanon","latitude":33.3302,"longitude":35.614806,"coord_type":"general town","source_1":"https://t.me/mmirleb/12492","source_2":"","sources":""}},{"type":"Feature","geometry":{"type":"Point","coordinates":[35.341351,33.117122,0]},"properties":{"event_id":1885,"data_org":"Green","event_date":"2026-03-24T00:00:00.000Z","post_date":"2026-03-24T00:00:00.000Z","pub_date":"2026-03-24T00:00:00.000Z","actor":"Hezbollah","claimed":"","event_type":"Drone Attack","city":"Qouzah","province":"","country":"Lebanon","latitude":33.117122,"longitude":35.341351,"coord_type":"general town","source_1":"https://t.me/mmirleb/12495","source_2":"","sources":""}},{"type":"Feature","geometry":{"type":"Point","coordinates":[35.614806,33.33019999999999,0]},"properties":{"event_id":1886,"data_org":"Green","event_date":"2026-03-24T00:00:00.000Z","post_date":"2026-03-24T00:00:00.000Z","pub_date":"2026-03-24T00:00:00.000Z","actor":"Hezbollah","claimed":"","event_type":"unknown","city":"Khiam","province":"","country":"Lebanon","latitude":33.3302,"longitude":35.614806,"coord_type":"general town","source_1":"https://t.me/mmirleb/12498","source_2":"","sources":""}},{"type":"Feature","geometry":{"type":"Point","coordinates":[35.522141,33.276585,0]},"properties":{"event_id":1887,"data_org":"Green","event_date":"2026-03-24T00:00:00.000Z","post_date":"2026-03-24T00:00:00.000Z","pub_date":"2026-03-24T00:00:00.000Z","actor":"Hezbollah","claimed":"","event_type":"Direct Engagement","city":"Taybeh","province":"","country":"Lebanon","latitude":33.276585,"longitude":35.522141,"coord_type":"general town","source_1":"https://t.me/mmirleb/12501","source_2":"","sources":""}},{"type":"Feature","geometry":{"type":"Point","coordinates":[35.614806,33.33019999999999,0]},"properties":{"event_id":1888,"data_org":"Green","event_date":"2026-03-24T00:00:00.000Z","post_date":"2026-03-24T00:00:00.000Z","pub_date":"2026-03-24T00:00:00.000Z","actor":"Hezbollah","claimed":"","event_type":"Rocket Attack","city":"Khiam","province":"","country":"Lebanon","latitude":33.3302,"longitude":35.614806,"coord_type":"general town","source_1":"https://t.me/mmirleb/12510","source_2":"","sources":""}},{"type":"Feature","geometry":{"type":"Point","coordinates":[35.425807,33.081957,0]},"properties":{"event_id":1889,"data_org":"Green","event_date":"2026-03-24T00:00:00.000Z","post_date":"2026-03-24T00:00:00.000Z","pub_date":"2026-03-24T00:00:00.000Z","actor":"Hezbollah","claimed":"","event_type":"Rocket Attack","city":"Yaroun","province":"","country":"Lebanon","latitude":33.081957,"longitude":35.425807,"coord_type":"general town","source_1":"https://t.me/mmirleb/12513","source_2":"","sources":""}},{"type":"Feature","geometry":{"type":"Point","coordinates":[35.341351,33.117122,0]},"properties":{"event_id":1890,"data_org":"Green","event_date":"2026-03-24T00:00:00.000Z","post_date":"2026-03-24T00:00:00.000Z","pub_date":"2026-03-24T00:00:00.000Z","actor":"Hezbollah","claimed":"","event_type":"Direct Engagement","city":"Qouzah","province":"","country":"Lebanon","latitude":33.117122,"longitude":35.341351,"coord_type":"general town","source_1":"https://t.me/mmirleb/12522","source_2":"","sources":""}},{"type":"Feature","geometry":{"type":"Point","coordinates":[35.341351,33.117122,0]},"properties":{"event_id":1891,"data_org":"Green","event_date":"2026-03-24T00:00:00.000Z","post_date":"2026-03-24T00:00:00.000Z","pub_date":"2026-03-24T00:00:00.000Z","actor":"Hezbollah","claimed":"","event_type":"Mortar Attack","city":"Qouzah","province":"","country":"Lebanon","latitude":33.117122,"longitude":35.341351,"coord_type":"general town","source_1":"https://t.me/mmirleb/12526","source_2":"","sources":""}},{"type":"Feature","geometry":{"type":"Point","coordinates":[35.140459,33.118851,0]},"properties":{"event_id":1892,"data_org":"Green","event_date":"2026-03-24T00:00:00.000Z","post_date":"2026-03-24T00:00:00.000Z","pub_date":"2026-03-24T00:00:00.000Z","actor":"Hezbollah","claimed":"","event_type":"Drone Attack","city":"Naqoura","province":"","country":"Lebanon","latitude":33.118851,"longitude":35.140459,"coord_type":"general town","source_1":"https://t.me/mmirleb/12531","source_2":"","sources":""}},{"type":"Feature","geometry":{"type":"Point","coordinates":[35.614806,33.33019999999999,0]},"properties":{"event_id":1893,"data_org":"Green","event_date":"2026-03-24T00:00:00.000Z","post_date":"2026-03-24T00:00:00.000Z","pub_date":"2026-03-24T00:00:00.000Z","actor":"Hezbollah","claimed":"","event_type":"Rocket Attack","city":"Khiam","province":"","country":"Lebanon","latitude":33.3302,"longitude":35.614806,"coord_type":"general town","source_1":"https://t.me/mmirleb/12540","source_2":"","sources":""}},{"type":"Feature","geometry":{"type":"Point","coordinates":[35.542026,33.25511999999999,0]},"properties":{"event_id":1894,"data_org":"Green","event_date":"2026-03-24T00:00:00.000Z","post_date":"2026-03-24T00:00:00.000Z","pub_date":"2026-03-24T00:00:00.000Z","actor":"Hezbollah","claimed":"","event_type":"Rocket Attack","city":"Oddaisseh","province":"","country":"Lebanon","latitude":33.25512,"longitude":35.542026,"coord_type":"general town","source_1":"https://t.me/mmirleb/12543","source_2":"","sources":""}},{"type":"Feature","geometry":{"type":"Point","coordinates":[35.52196,33.24746,0]},"properties":{"event_id":1895,"data_org":"Green","event_date":"2026-03-24T00:00:00.000Z","post_date":"2026-03-24T00:00:00.000Z","pub_date":"2026-03-24T00:00:00.000Z","actor":"Hezbollah","claimed":"","event_type":"Mortar Attack","city":"Rab El Thalathine","province":"","country":"Lebanon","latitude":33.24746,"longitude":35.52196,"coord_type":"general town","source_1":"https://t.me/mmirleb/12546","source_2":"","sources":""}},{"type":"Feature","geometry":{"type":"Point","coordinates":[35.335689,33.097393999999994,0]},"properties":{"event_id":1863,"data_org":"Green","event_date":"2026-03-23T00:00:00.000Z","post_date":"2026-03-23T00:00:00.000Z","pub_date":"2026-03-24T00:00:00.000Z","actor":"Hezbollah","claimed":"","event_type":"Rocket Attack","city":"Aita al Shaab","province":"","country":"Lebanon","latitude":33.097394,"longitude":35.335689,"coord_type":"general town","source_1":"https://t.me/mmirleb/12381","source_2":"","sources":""}},{"type":"Feature","geometry":{"type":"Point","coordinates":[35.341351,33.117122,0]},"properties":{"event_id":1864,"data_org":"Green","event_date":"2026-03-23T00:00:00.000Z","post_date":"2026-03-23T00:00:00.000Z","pub_date":"2026-03-24T00:00:00.000Z","actor":"Hezbollah","claimed":"","event_type":"Rocket Attack","city":"Qouzah","province":"","country":"Lebanon","latitude":33.117122,"longitude":35.341351,"coord_type":"general town","source_1":"https://t.me/mmirleb/12384","source_2":"","sources":""}},{"type":"Feature","geometry":{"type":"Point","coordinates":[35.521966,33.16955999999999,0]},"properties":{"event_id":1865,"data_org":"Green","event_date":"2026-03-23T00:00:00.000Z","post_date":"2026-03-23T00:00:00.000Z","pub_date":"2026-03-24T00:00:00.000Z","actor":"Hezbollah","claimed":"","event_type":"Rocket Attack","city":"Mays al Jabal","province":"","country":"Lebanon","latitude":33.16956,"longitude":35.521966,"coord_type":"general town","source_1":"https://t.me/mmirleb/12389","source_2":"","sources":""}},{"type":"Feature","geometry":{"type":"Point","coordinates":[35.521966,33.16955999999999,0]},"properties":{"event_id":1866,"data_org":"Green","event_date":"2026-03-23T00:00:00.000Z","post_date":"2026-03-23T00:00:00.000Z","pub_date":"2026-03-24T00:00:00.000Z","actor":"Hezbollah","claimed":"","event_type":"Drone Attack","city":"Mays al Jabal","province":"","country":"Lebanon","latitude":33.16956,"longitude":35.521966,"coord_type":"general town","source_1":"https://t.me/mmirleb/12395","source_2":"","sources":""}},{"type":"Feature","geometry":{"type":"Point","coordinates":[35.445046,33.10728699999999,0]},"properties":{"event_id":1867,"data_org":"Green","event_date":"2026-03-23T00:00:00.000Z","post_date":"2026-03-23T00:00:00.000Z","pub_date":"2026-03-24T00:00:00.000Z","actor":"Hezbollah","claimed":"","event_type":"Mortar Attack","city":"Maroun al Ras","province":"","country":"Lebanon","latitude":33.107287,"longitude":35.445046,"coord_type":"general town","source_1":"https://t.me/mmirleb/12398","source_2":"","sources":""}},{"type":"Feature","geometry":{"type":"Point","coordinates":[35.522141,33.276585,0]},"properties":{"event_id":1868,"data_org":"Green","event_date":"2026-03-23T00:00:00.000Z","post_date":"2026-03-23T00:00:00.000Z","pub_date":"2026-03-24T00:00:00.000Z","actor":"Hezbollah","claimed":"","event_type":"Mortar Attack","city":"Taybeh","province":"","country":"Lebanon","latitude":33.276585,"longitude":35.522141,"coord_type":"general town","source_1":"https://t.me/mmirleb/12404","source_2":"","sources":""}},{"type":"Feature","geometry":{"type":"Point","coordinates":[35.522141,33.276585,0]},"properties":{"event_id":1869,"data_org":"Green","event_date":"2026-03-23T00:00:00.000Z","post_date":"2026-03-23T00:00:00.000Z","pub_date":"2026-03-24T00:00:00.000Z","actor":"Hezbollah","claimed":"","event_type":"Rocket Attack","city":"Taybeh","province":"","country":"Lebanon","latitude":33.276585,"longitude":35.522141,"coord_type":"general town","source_1":"https://t.me/mmirleb/12407","source_2":"","sources":""}},{"type":"Feature","geometry":{"type":"Point","coordinates":[35.445046,33.10728699999999,0]},"properties":{"event_id":1870,"data_org":"Green","event_date":"2026-03-23T00:00:00.000Z","post_date":"2026-03-23T00:00:00.000Z","pub_date":"2026-03-24T00:00:00.000Z","actor":"Hezbollah","claimed":"","event_type":"Mortar Attack","city":"Maroun al Ras","province":"","country":"Lebanon","latitude":33.107287,"longitude":35.445046,"coord_type":"general town","source_1":"https://t.me/mmirleb/12414","source_2":"","sources":""}},{"type":"Feature","geometry":{"type":"Point","coordinates":[35.562981,33.2834,0]},"properties":{"event_id":1871,"data_org":"Green","event_date":"2026-03-23T00:00:00.000Z","post_date":"2026-03-23T00:00:00.000Z","pub_date":"2026-03-24T00:00:00.000Z","actor":"Hezbollah","claimed":"","event_type":"Rocket Attack","city":"Kfar Kila","province":"","country":"Lebanon","latitude":33.2834,"longitude":35.562981,"coord_type":"exact","source_1":"https://t.me/mmirleb/12422","source_2":"","sources":""}},{"type":"Feature","geometry":{"type":"Point","coordinates":[35.341351,33.117122,0]},"properties":{"event_id":1903,"data_org":"Green","event_date":"2026-03-25T00:00:00.000Z","post_date":"2026-03-25T00:00:00.000Z","pub_date":"2026-03-25T00:00:00.000Z","actor":"Hezbollah","claimed":"","event_type":"Rocket Attack","city":"Qouzah","province":"","country":"Lebanon","latitude":33.117122,"longitude":35.341351,"coord_type":"general town","source_1":"https://t.me/mmirleb/12607","source_2":"","sources":""}},{"type":"Feature","geometry":{"type":"Point","coordinates":[35.341351,33.117122,0]},"properties":{"event_id":1904,"data_org":"Green","event_date":"2026-03-25T00:00:00.000Z","post_date":"2026-03-25T00:00:00.000Z","pub_date":"2026-03-25T00:00:00.000Z","actor":"Hezbollah","claimed":"","event_type":"Direct Engagement","city":"Qouzah","province":"","country":"Lebanon","latitude":33.117122,"longitude":35.341351,"coord_type":"general town","source_1":"https://t.me/mmirleb/12610","source_2":"","sources":""}},{"type":"Feature","geometry":{"type":"Point","coordinates":[35.341351,33.117122,0]},"properties":{"event_id":1905,"data_org":"Green","event_date":"2026-03-25T00:00:00.000Z","post_date":"2026-03-25T00:00:00.000Z","pub_date":"2026-03-25T00:00:00.000Z","actor":"Hezbollah","claimed":"","event_type":"Missile Attack","city":"Qouzah","province":"","country":"Lebanon","latitude":33.117122,"longitude":35.341351,"coord_type":"general town","source_1":"https://t.me/mmirleb/12610","source_2":"","sources":""}},{"type":"Feature","geometry":{"type":"Point","coordinates":[35.341351,33.117122,0]},"properties":{"event_id":1907,"data_org":"Green","event_date":"2026-03-25T00:00:00.000Z","post_date":"2026-03-25T00:00:00.000Z","pub_date":"2026-03-25T00:00:00.000Z","actor":"Hezbollah","claimed":"","event_type":"Rocket Attack","city":"Qouzah","province":"","country":"Lebanon","latitude":33.117122,"longitude":35.341351,"coord_type":"general town","source_1":"https://t.me/mmirleb/12633","source_2":"","sources":""}},{"type":"Feature","geometry":{"type":"Point","coordinates":[35.140112,33.119274,0]},"properties":{"event_id":1908,"data_org":"Green","event_date":"2026-03-25T00:00:00.000Z","post_date":"2026-03-25T00:00:00.000Z","pub_date":"2026-03-25T00:00:00.000Z","actor":"Hezbollah","claimed":"","event_type":"Rocket Attack","city":"Naqoura","province":"","country":"Lebanon","latitude":33.119274,"longitude":35.140112,"coord_type":"general town","source_1":"https://t.me/mmirleb/12636","source_2":"","sources":""}},{"type":"Feature","geometry":{"type":"Point","coordinates":[35.341351,33.117122,0]},"properties":{"event_id":1909,"data_org":"Green","event_date":"2026-03-25T00:00:00.000Z","post_date":"2026-03-25T00:00:00.000Z","pub_date":"2026-03-25T00:00:00.000Z","actor":"Hezbollah","claimed":"","event_type":"Rocket Attack","city":"Qouzah","province":"","country":"Lebanon","latitude":33.117122,"longitude":35.341351,"coord_type":"general town","source_1":"https://t.me/mmirleb/12639","source_2":"","sources":""}},{"type":"Feature","geometry":{"type":"Point","coordinates":[35.140112,33.119274,0]},"properties":{"event_id":1910,"data_org":"Green","event_date":"2026-03-25T00:00:00.000Z","post_date":"2026-03-25T00:00:00.000Z","pub_date":"2026-03-25T00:00:00.000Z","actor":"Hezbollah","claimed":"","event_type":"Rocket Attack","city":"Naqoura","province":"","country":"Lebanon","latitude":33.119274,"longitude":35.140112,"coord_type":"general town","source_1":"https://t.me/mmirleb/12639","source_2":"","sources":""}},{"type":"Feature","geometry":{"type":"Point","coordinates":[35.341351,33.117122,0]},"properties":{"event_id":1911,"data_org":"Green","event_date":"2026-03-25T00:00:00.000Z","post_date":"2026-03-25T00:00:00.000Z","pub_date":"2026-03-25T00:00:00.000Z","actor":"Hezbollah","claimed":"","event_type":"Drone Attack","city":"Qouzah","province":"","country":"Lebanon","latitude":33.117122,"longitude":35.341351,"coord_type":"general town","source_1":"https://t.me/mmirleb/12642","source_2":"","sources":""}},{"type":"Feature","geometry":{"type":"Point","coordinates":[35.60797,33.32021,0]},"properties":{"event_id":1912,"data_org":"Green","event_date":"2026-03-25T00:00:00.000Z","post_date":"2026-03-25T00:00:00.000Z","pub_date":"2026-03-25T00:00:00.000Z","actor":"Hezbollah","claimed":"","event_type":"Rocket Attack","city":"Khiam","province":"","country":"Lebanon","latitude":33.32021,"longitude":35.60797,"coord_type":"exact","source_1":"https://t.me/mmirleb/12645","source_2":"","sources":""}},{"type":"Feature","geometry":{"type":"Point","coordinates":[35.522141,33.276585,0]},"properties":{"event_id":1913,"data_org":"Green","event_date":"2026-03-25T00:00:00.000Z","post_date":"2026-03-25T00:00:00.000Z","pub_date":"2026-03-25T00:00:00.000Z","actor":"Hezbollah","claimed":"","event_type":"Drone Attack","city":"Taybeh","province":"","country":"Lebanon","latitude":33.276585,"longitude":35.522141,"coord_type":"general town","source_1":"https://t.me/mmirleb/12650","source_2":"","sources":""}},{"type":"Feature","geometry":{"type":"Point","coordinates":[35.341351,33.117122,0]},"properties":{"event_id":1914,"data_org":"Green","event_date":"2026-03-25T00:00:00.000Z","post_date":"2026-03-25T00:00:00.000Z","pub_date":"2026-03-25T00:00:00.000Z","actor":"Hezbollah","claimed":"","event_type":"Drone Attack","city":"Qouzah","province":"","country":"Lebanon","latitude":33.117122,"longitude":35.341351,"coord_type":"general town","source_1":"https://t.me/mmirleb/12653","source_2":"","sources":""}},{"type":"Feature","geometry":{"type":"Point","coordinates":[35.60797,33.32021,0]},"properties":{"event_id":1915,"data_org":"Green","event_date":"2026-03-25T00:00:00.000Z","post_date":"2026-03-25T00:00:00.000Z","pub_date":"2026-03-25T00:00:00.000Z","actor":"Hezbollah","claimed":"","event_type":"Drone Attack","city":"Khiam","province":"","country":"Lebanon","latitude":33.32021,"longitude":35.60797,"coord_type":"exact","source_1":"https://t.me/mmirleb/12656","source_2":"","sources":""}},{"type":"Feature","geometry":{"type":"Point","coordinates":[35.521605,33.186888,0]},"properties":{"event_id":1916,"data_org":"Green","event_date":"2026-03-25T00:00:00.000Z","post_date":"2026-03-25T00:00:00.000Z","pub_date":"2026-03-25T00:00:00.000Z","actor":"Hezbollah","claimed":"","event_type":"Direct Engagement","city":"Mays al Jabal","province":"","country":"Lebanon","latitude":33.186888,"longitude":35.521605,"coord_type":"exact","source_1":"https://t.me/mmirleb/12659","source_2":"","sources":""}},{"type":"Feature","geometry":{"type":"Point","coordinates":[35.592839,33.29303,0]},"properties":{"event_id":1917,"data_org":"Green","event_date":"2026-03-25T00:00:00.000Z","post_date":"2026-03-25T00:00:00.000Z","pub_date":"2026-03-25T00:00:00.000Z","actor":"Hezbollah","claimed":"","event_type":"Drone Attack","city":"al Khiam","province":"","country":"Lebanon","latitude":33.29303,"longitude":35.592839,"coord_type":"exact","source_1":"https://t.me/mmirleb/12662","source_2":"","sources":""}},{"type":"Feature","geometry":{"type":"Point","coordinates":[35.522141,33.276585,0]},"properties":{"event_id":1918,"data_org":"Green","event_date":"2026-03-25T00:00:00.000Z","post_date":"2026-03-25T00:00:00.000Z","pub_date":"2026-03-25T00:00:00.000Z","actor":"Hezbollah","claimed":"","event_type":"Rocket Attack","city":"Taybeh","province":"","country":"Lebanon","latitude":33.276585,"longitude":35.522141,"coord_type":"general town","source_1":"https://t.me/mmirleb/12666","source_2":"","sources":""}},{"type":"Feature","geometry":{"type":"Point","coordinates":[35.341351,33.117122,0]},"properties":{"event_id":1919,"data_org":"Green","event_date":"2026-03-25T00:00:00.000Z","post_date":"2026-03-25T00:00:00.000Z","pub_date":"2026-03-25T00:00:00.000Z","actor":"Hezbollah","claimed":"","event_type":"Drone Attack","city":"Qouzah","province":"","country":"Lebanon","latitude":33.117122,"longitude":35.341351,"coord_type":"general town","source_1":"https://t.me/mmirleb/12669","source_2":"","sources":""}},{"type":"Feature","geometry":{"type":"Point","coordinates":[35.181029,33.103843,0]},"properties":{"event_id":1920,"data_org":"Green","event_date":"2026-03-25T00:00:00.000Z","post_date":"2026-03-25T00:00:00.000Z","pub_date":"2026-03-25T00:00:00.000Z","actor":"Hezbollah","claimed":"","event_type":"Drone Attack","city":"Alma El Chaeb","province":"","country":"Lebanon","latitude":33.103843,"longitude":35.181029,"coord_type":"general town","source_1":"https://t.me/mmirleb/12672","source_2":"","sources":""}},{"type":"Feature","geometry":{"type":"Point","coordinates":[35.3687,33.119749999999996,0]},"properties":{"event_id":1921,"data_org":"Green","event_date":"2026-03-25T00:00:00.000Z","post_date":"2026-03-25T00:00:00.000Z","pub_date":"2026-03-25T00:00:00.000Z","actor":"Hezbollah","claimed":"","event_type":"Rocket Attack","city":"Debl","province":"","country":"Lebanon","latitude":33.11975,"longitude":35.3687,"coord_type":"general town","source_1":"https://t.me/mmirleb/12675","source_2":"","sources":""}},{"type":"Feature","geometry":{"type":"Point","coordinates":[35.34044,33.123266,0]},"properties":{"event_id":1922,"data_org":"Green","event_date":"2026-03-25T00:00:00.000Z","post_date":"2026-03-25T00:00:00.000Z","pub_date":"2026-03-25T00:00:00.000Z","actor":"Hezbollah","claimed":"","event_type":"Rocket Attack","city":"Between Beit Lif and Qouzah","province":"","country":"Lebanon","latitude":33.123266,"longitude":35.34044,"coord_type":"general town","source_1":"https://t.me/mmirleb/12678","source_2":"","sources":""}},{"type":"Feature","geometry":{"type":"Point","coordinates":[35.3687,33.119749999999996,0]},"properties":{"event_id":1923,"data_org":"Green","event_date":"2026-03-25T00:00:00.000Z","post_date":"2026-03-25T00:00:00.000Z","pub_date":"2026-03-25T00:00:00.000Z","actor":"Hezbollah","claimed":"","event_type":"Rocket Attack","city":"Debl","province":"","country":"Lebanon","latitude":33.11975,"longitude":35.3687,"coord_type":"general town","source_1":"https://t.me/mmirleb/12681","source_2":"","sources":""}},{"type":"Feature","geometry":{"type":"Point","coordinates":[35.34044,33.123266,0]},"properties":{"event_id":1924,"data_org":"Green","event_date":"2026-03-25T00:00:00.000Z","post_date":"2026-03-25T00:00:00.000Z","pub_date":"2026-03-25T00:00:00.000Z","actor":"Hezbollah","claimed":"","event_type":"Rocket Attack","city":"Between Beit Lif and Qouzah","province":"","country":"Lebanon","latitude":33.123266,"longitude":35.34044,"coord_type":"general town","source_1":"https://t.me/mmirleb/12684","source_2":"","sources":""}},{"type":"Feature","geometry":{"type":"Point","coordinates":[35.3687,33.119749999999996,0]},"properties":{"event_id":1925,"data_org":"Green","event_date":"2026-03-25T00:00:00.000Z","post_date":"2026-03-25T00:00:00.000Z","pub_date":"2026-03-25T00:00:00.000Z","actor":"Hezbollah","claimed":"","event_type":"Rocket Attack","city":"Debl","province":"","country":"Lebanon","latitude":33.11975,"longitude":35.3687,"coord_type":"general town","source_1":"https://t.me/mmirleb/12687","source_2":"","sources":""}},{"type":"Feature","geometry":{"type":"Point","coordinates":[35.60797,33.32021,0]},"properties":{"event_id":1926,"data_org":"Green","event_date":"2026-03-25T00:00:00.000Z","post_date":"2026-03-25T00:00:00.000Z","pub_date":"2026-03-25T00:00:00.000Z","actor":"Hezbollah","claimed":"","event_type":"Mortar Attack","city":"Khiam","province":"","country":"Lebanon","latitude":33.32021,"longitude":35.60797,"coord_type":"general town","source_1":"https://t.me/mmirleb/12690","source_2":"","sources":""}},{"type":"Feature","geometry":{"type":"Point","coordinates":[35.3687,33.119749999999996,0]},"properties":{"event_id":1927,"data_org":"Green","event_date":"2026-03-25T00:00:00.000Z","post_date":"2026-03-25T00:00:00.000Z","pub_date":"2026-03-25T00:00:00.000Z","actor":"Hezbollah","claimed":"","event_type":"Rocket Attack","city":"Debl","province":"","country":"Lebanon","latitude":33.11975,"longitude":35.3687,"coord_type":"general town","source_1":"https://t.me/mmirleb/12708","source_2":"","sources":""}},{"type":"Feature","geometry":{"type":"Point","coordinates":[35.522141,33.276585,0]},"properties":{"event_id":1928,"data_org":"Green","event_date":"2026-03-25T00:00:00.000Z","post_date":"2026-03-25T00:00:00.000Z","pub_date":"2026-03-25T00:00:00.000Z","actor":"Hezbollah","claimed":"","event_type":"Drone Attack","city":"Taybeh","province":"","country":"Lebanon","latitude":33.276585,"longitude":35.522141,"coord_type":"general town","source_1":"https://t.me/mmirleb/12711","source_2":"","sources":""}},{"type":"Feature","geometry":{"type":"Point","coordinates":[35.445046,33.10728699999999,0]},"properties":{"event_id":1929,"data_org":"Green","event_date":"2026-03-25T00:00:00.000Z","post_date":"2026-03-25T00:00:00.000Z","pub_date":"2026-03-25T00:00:00.000Z","actor":"Hezbollah","claimed":"","event_type":"Drone Attack","city":"Maroun al Ras","province":"","country":"Lebanon","latitude":33.107287,"longitude":35.445046,"coord_type":"general town","source_1":"https://t.me/mmirleb/12717","source_2":"","sources":""}},{"type":"Feature","geometry":{"type":"Point","coordinates":[35.522141,33.276585,0]},"properties":{"event_id":1930,"data_org":"Green","event_date":"2026-03-25T00:00:00.000Z","post_date":"2026-03-25T00:00:00.000Z","pub_date":"2026-03-25T00:00:00.000Z","actor":"Hezbollah","claimed":"","event_type":"Drone Attack","city":"Taybeh","province":"","country":"Lebanon","latitude":33.276585,"longitude":35.522141,"coord_type":"general town","source_1":"https://t.me/mmirleb/12720","source_2":"","sources":""}},{"type":"Feature","geometry":{"type":"Point","coordinates":[35.3687,33.119749999999996,0]},"properties":{"event_id":1931,"data_org":"Green","event_date":"2026-03-25T00:00:00.000Z","post_date":"2026-03-25T00:00:00.000Z","pub_date":"2026-03-25T00:00:00.000Z","actor":"Hezbollah","claimed":"","event_type":"Direct Engagement","city":"Debl","province":"","country":"Lebanon","latitude":33.11975,"longitude":35.3687,"coord_type":"general town","source_1":"https://t.me/mmirleb/12736","source_2":"","sources":""}},{"type":"Feature","geometry":{"type":"Point","coordinates":[35.517295,33.23247,0]},"properties":{"event_id":1932,"data_org":"Green","event_date":"2026-03-25T00:00:00.000Z","post_date":"2026-03-25T00:00:00.000Z","pub_date":"2026-03-25T00:00:00.000Z","actor":"Hezbollah","claimed":"","event_type":"Drone Attack","city":"Markaba","province":"","country":"Lebanon","latitude":33.23247,"longitude":35.517295,"coord_type":"general town","source_1":"https://t.me/mmirleb/12748","source_2":"","sources":""}},{"type":"Feature","geometry":{"type":"Point","coordinates":[35.52002,33.276509999999995,0]},"properties":{"event_id":1933,"data_org":"Green","event_date":"2026-03-25T00:00:00.000Z","post_date":"2026-03-25T00:00:00.000Z","pub_date":"2026-03-25T00:00:00.000Z","actor":"Hezbollah","claimed":"","event_type":"Drone Attack","city":"Taybeh","province":"","country":"Lebanon","latitude":33.27651,"longitude":35.52002,"coord_type":"general town","source_1":"https://t.me/mmirleb/12751","source_2":"","sources":""}},{"type":"Feature","geometry":{"type":"Point","coordinates":[35.52002,33.276509999999995,0]},"properties":{"event_id":1934,"data_org":"Green","event_date":"2026-03-25T00:00:00.000Z","post_date":"2026-03-25T00:00:00.000Z","pub_date":"2026-03-25T00:00:00.000Z","actor":"Hezbollah","claimed":"","event_type":"Mortar Attack","city":"Taybeh","province":"","country":"Lebanon","latitude":33.27651,"longitude":35.52002,"coord_type":"general town","source_1":"https://t.me/mmirleb/12754","source_2":"","sources":""}},{"type":"Feature","geometry":{"type":"Point","coordinates":[35.3687,33.119749999999996,0]},"properties":{"event_id":1935,"data_org":"Green","event_date":"2026-03-25T00:00:00.000Z","post_date":"2026-03-25T00:00:00.000Z","pub_date":"2026-03-25T00:00:00.000Z","actor":"Hezbollah","claimed":"","event_type":"Drone Attack","city":"Debl","province":"","country":"Lebanon","latitude":33.11975,"longitude":35.3687,"coord_type":"general town","source_1":"https://t.me/mmirleb/12757","source_2":"","sources":""}},{"type":"Feature","geometry":{"type":"Point","coordinates":[35.60757,33.32269,0]},"properties":{"event_id":1936,"data_org":"Green","event_date":"2026-03-25T00:00:00.000Z","post_date":"2026-03-25T00:00:00.000Z","pub_date":"2026-03-25T00:00:00.000Z","actor":"Hezbollah","claimed":"","event_type":"Mortar Attack","city":"Khiam","province":"","country":"Lebanon","latitude":33.32269,"longitude":35.60757,"coord_type":"general town","source_1":"https://t.me/mmirleb/12760","source_2":"","sources":""}},{"type":"Feature","geometry":{"type":"Point","coordinates":[35.52002,33.276509999999995,0]},"properties":{"event_id":1937,"data_org":"Green","event_date":"2026-03-25T00:00:00.000Z","post_date":"2026-03-25T00:00:00.000Z","pub_date":"2026-03-25T00:00:00.000Z","actor":"Hezbollah","claimed":"","event_type":"Drone Attack","city":"Taybeh","province":"","country":"Lebanon","latitude":33.27651,"longitude":35.52002,"coord_type":"general town","source_1":"https://t.me/mmirleb/12763","source_2":"","sources":""}},{"type":"Feature","geometry":{"type":"Point","coordinates":[35.52002,33.276509999999995,0]},"properties":{"event_id":1938,"data_org":"Green","event_date":"2026-03-25T00:00:00.000Z","post_date":"2026-03-25T00:00:00.000Z","pub_date":"2026-03-25T00:00:00.000Z","actor":"Hezbollah","claimed":"","event_type":"Direct Engagement","city":"Taybeh","province":"","country":"Lebanon","latitude":33.27651,"longitude":35.52002,"coord_type":"general town","source_1":"https://t.me/mmirleb/12773","source_2":"","sources":""}},{"type":"Feature","geometry":{"type":"Point","coordinates":[35.52002,33.276509999999995,0]},"properties":{"event_id":1939,"data_org":"Green","event_date":"2026-03-25T00:00:00.000Z","post_date":"2026-03-25T00:00:00.000Z","pub_date":"2026-03-25T00:00:00.000Z","actor":"Hezbollah","claimed":"","event_type":"Rocket Attack","city":"Taybeh","province":"","country":"Lebanon","latitude":33.27651,"longitude":35.52002,"coord_type":"general town","source_1":"https://t.me/mmirleb/12776","source_2":"","sources":""}},{"type":"Feature","geometry":{"type":"Point","coordinates":[35.60757,33.32269,0]},"properties":{"event_id":1940,"data_org":"Green","event_date":"2026-03-25T00:00:00.000Z","post_date":"2026-03-25T00:00:00.000Z","pub_date":"2026-03-25T00:00:00.000Z","actor":"Hezbollah","claimed":"","event_type":"Rocket Attack","city":"Khiam","province":"","country":"Lebanon","latitude":33.32269,"longitude":35.60757,"coord_type":"general town","source_1":"https://t.me/mmirleb/12779","source_2":"","sources":""}},{"type":"Feature","geometry":{"type":"Point","coordinates":[35.3687,33.119749999999996,0]},"properties":{"event_id":1941,"data_org":"Green","event_date":"2026-03-25T00:00:00.000Z","post_date":"2026-03-25T00:00:00.000Z","pub_date":"2026-03-25T00:00:00.000Z","actor":"Hezbollah","claimed":"","event_type":"Direct Engagement","city":"Debl","province":"","country":"Lebanon","latitude":33.11975,"longitude":35.3687,"coord_type":"general town","source_1":"https://t.me/mmirleb/12782","source_2":"","sources":""}},{"type":"Feature","geometry":{"type":"Point","coordinates":[35.225378,33.105187,0]},"properties":{"event_id":1942,"data_org":"Green","event_date":"2026-03-25T00:00:00.000Z","post_date":"2026-03-25T00:00:00.000Z","pub_date":"2026-03-25T00:00:00.000Z","actor":"Hezbollah","claimed":"","event_type":"Rocket Attack","city":"Dhayra","province":"","country":"Lebanon","latitude":33.105187,"longitude":35.225378,"coord_type":"general town","source_1":"https://t.me/mmirleb/12785","source_2":"","sources":""}},{"type":"Feature","geometry":{"type":"Point","coordinates":[35.52002,33.276509999999995,0]},"properties":{"event_id":1943,"data_org":"Green","event_date":"2026-03-25T00:00:00.000Z","post_date":"2026-03-25T00:00:00.000Z","pub_date":"2026-03-25T00:00:00.000Z","actor":"Hezbollah","claimed":"","event_type":"Direct Engagement","city":"Taybeh","province":"","country":"Lebanon","latitude":33.27651,"longitude":35.52002,"coord_type":"general town","source_1":"https://t.me/mmirleb/12788","source_2":"","sources":""}},{"type":"Feature","geometry":{"type":"Point","coordinates":[35.522141,33.276585,0]},"properties":{"event_id":1896,"data_org":"Green","event_date":"2026-03-24T00:00:00.000Z","post_date":"2026-03-24T00:00:00.000Z","pub_date":"2026-03-25T00:00:00.000Z","actor":"Hezbollah","claimed":"","event_type":"Rocket Attack","city":"Taybeh","province":"","country":"Lebanon","latitude":33.276585,"longitude":35.522141,"coord_type":"general town","source_1":"https://t.me/mmirleb/12570","source_2":"","sources":""}},{"type":"Feature","geometry":{"type":"Point","coordinates":[35.522141,33.276585,0]},"properties":{"event_id":1897,"data_org":"Green","event_date":"2026-03-24T00:00:00.000Z","post_date":"2026-03-24T00:00:00.000Z","pub_date":"2026-03-25T00:00:00.000Z","actor":"Hezbollah","claimed":"","event_type":"Rocket Attack","city":"Taybeh","province":"","country":"Lebanon","latitude":33.276585,"longitude":35.522141,"coord_type":"general town","source_1":"https://t.me/mmirleb/12575","source_2":"","sources":""}},{"type":"Feature","geometry":{"type":"Point","coordinates":[35.522141,33.276585,0]},"properties":{"event_id":1898,"data_org":"Green","event_date":"2026-03-24T00:00:00.000Z","post_date":"2026-03-24T00:00:00.000Z","pub_date":"2026-03-25T00:00:00.000Z","actor":"Hezbollah","claimed":"","event_type":"Rocket Attack","city":"Taybeh","province":"","country":"Lebanon","latitude":33.276585,"longitude":35.522141,"coord_type":"general town","source_1":"https://t.me/mmirleb/12578","source_2":"","sources":""}},{"type":"Feature","geometry":{"type":"Point","coordinates":[35.522141,33.276585,0]},"properties":{"event_id":1899,"data_org":"Green","event_date":"2026-03-24T00:00:00.000Z","post_date":"2026-03-24T00:00:00.000Z","pub_date":"2026-03-25T00:00:00.000Z","actor":"Hezbollah","claimed":"","event_type":"Other (see note)","city":"Taybeh","province":"","country":"Lebanon","latitude":33.276585,"longitude":35.522141,"coord_type":"general town","source_1":"https://t.me/mmirleb/12581","source_2":"","sources":""}},{"type":"Feature","geometry":{"type":"Point","coordinates":[35.341351,33.117122,0]},"properties":{"event_id":1900,"data_org":"Green","event_date":"2026-03-24T00:00:00.000Z","post_date":"2026-03-24T00:00:00.000Z","pub_date":"2026-03-25T00:00:00.000Z","actor":"Hezbollah","claimed":"","event_type":"Rocket Attack","city":"Qouzah","province":"","country":"Lebanon","latitude":33.117122,"longitude":35.341351,"coord_type":"general town","source_1":"https://t.me/mmirleb/12595","source_2":"","sources":""}},{"type":"Feature","geometry":{"type":"Point","coordinates":[35.341351,33.117122,0]},"properties":{"event_id":1901,"data_org":"Green","event_date":"2026-03-24T00:00:00.000Z","post_date":"2026-03-24T00:00:00.000Z","pub_date":"2026-03-25T00:00:00.000Z","actor":"Hezbollah","claimed":"","event_type":"Rocket Attack","city":"Qouzah","province":"","country":"Lebanon","latitude":33.117122,"longitude":35.341351,"coord_type":"general town","source_1":"https://t.me/mmirleb/12598","source_2":"","sources":""}},{"type":"Feature","geometry":{"type":"Point","coordinates":[35.341351,33.117122,0]},"properties":{"event_id":1902,"data_org":"Green","event_date":"2026-03-24T00:00:00.000Z","post_date":"2026-03-24T00:00:00.000Z","pub_date":"2026-03-25T00:00:00.000Z","actor":"Hezbollah","claimed":"","event_type":"Direct Engagement","city":"Qouzah","province":"","country":"Lebanon","latitude":33.117122,"longitude":35.341351,"coord_type":"general town","source_1":"https://t.me/mmirleb/12604","source_2":"","sources":""}},{"type":"Feature","geometry":{"type":"Point","coordinates":[35.3687,33.119749999999996,0]},"properties":{"event_id":1970,"data_org":"Green","event_date":"2026-03-26T00:00:00.000Z","post_date":"2026-03-26T00:00:00.000Z","pub_date":"2026-03-26T00:00:00.000Z","actor":"Hezbollah","claimed":"","event_type":"Direct Engagement","city":"Debl","province":"","country":"Lebanon","latitude":33.11975,"longitude":35.3687,"coord_type":"general town","source_1":"https://t.me/mmirleb/12905","source_2":"","sources":""}},{"type":"Feature","geometry":{"type":"Point","coordinates":[35.3687,33.119749999999996,0]},"properties":{"event_id":1971,"data_org":"Green","event_date":"2026-03-26T00:00:00.000Z","post_date":"2026-03-26T00:00:00.000Z","pub_date":"2026-03-26T00:00:00.000Z","actor":"Hezbollah","claimed":"","event_type":"Direct Engagement","city":"Debl","province":"","country":"Lebanon","latitude":33.11975,"longitude":35.3687,"coord_type":"general town","source_1":"https://t.me/mmirleb/12908","source_2":"","sources":""}},{"type":"Feature","geometry":{"type":"Point","coordinates":[35.464296,33.270855999999995,0]},"properties":{"event_id":1972,"data_org":"Green","event_date":"2026-03-26T00:00:00.000Z","post_date":"2026-03-26T00:00:00.000Z","pub_date":"2026-03-26T00:00:00.000Z","actor":"Hezbollah","claimed":"","event_type":"Direct Engagement","city":"Qantara","province":"","country":"Lebanon","latitude":33.270856,"longitude":35.464296,"coord_type":"general town","source_1":"https://t.me/mmirleb/12911","source_2":"","sources":""}},{"type":"Feature","geometry":{"type":"Point","coordinates":[35.464296,33.270855999999995,0]},"properties":{"event_id":1973,"data_org":"Green","event_date":"2026-03-26T00:00:00.000Z","post_date":"2026-03-26T00:00:00.000Z","pub_date":"2026-03-26T00:00:00.000Z","actor":"Hezbollah","claimed":"","event_type":"Direct Engagement","city":"Qantara","province":"","country":"Lebanon","latitude":33.270856,"longitude":35.464296,"coord_type":"general town","source_1":"https://t.me/mmirleb/12914","source_2":"","sources":""}},{"type":"Feature","geometry":{"type":"Point","coordinates":[35.464296,33.270855999999995,0]},"properties":{"event_id":1974,"data_org":"Green","event_date":"2026-03-26T00:00:00.000Z","post_date":"2026-03-26T00:00:00.000Z","pub_date":"2026-03-26T00:00:00.000Z","actor":"Hezbollah","claimed":"","event_type":"Direct Engagement","city":"Qantara","province":"","country":"Lebanon","latitude":33.270856,"longitude":35.464296,"coord_type":"general town","source_1":"https://t.me/mmirleb/12917","source_2":"","sources":""}},{"type":"Feature","geometry":{"type":"Point","coordinates":[35.52002,33.276509999999995,0]},"properties":{"event_id":1975,"data_org":"Green","event_date":"2026-03-26T00:00:00.000Z","post_date":"2026-03-26T00:00:00.000Z","pub_date":"2026-03-26T00:00:00.000Z","actor":"Hezbollah","claimed":"","event_type":"Direct Engagement","city":"Taybeh","province":"","country":"Lebanon","latitude":33.27651,"longitude":35.52002,"coord_type":"general town","source_1":"https://t.me/mmirleb/12920","source_2":"","sources":""}},{"type":"Feature","geometry":{"type":"Point","coordinates":[35.499729,33.292021000000005,0]},"properties":{"event_id":1976,"data_org":"Green","event_date":"2026-03-26T00:00:00.000Z","post_date":"2026-03-26T00:00:00.000Z","pub_date":"2026-03-26T00:00:00.000Z","actor":"Hezbollah","claimed":"","event_type":"Direct Engagement","city":"Deir Seryan","province":"","country":"Lebanon","latitude":33.292021,"longitude":35.499729,"coord_type":"general town","source_1":"https://t.me/mmirleb/12923","source_2":"","sources":""}},{"type":"Feature","geometry":{"type":"Point","coordinates":[35.464296,33.270855999999995,0]},"properties":{"event_id":1977,"data_org":"Green","event_date":"2026-03-26T00:00:00.000Z","post_date":"2026-03-26T00:00:00.000Z","pub_date":"2026-03-26T00:00:00.000Z","actor":"Hezbollah","claimed":"","event_type":"Direct Engagement","city":"Qantara","province":"","country":"Lebanon","latitude":33.270856,"longitude":35.464296,"coord_type":"general town","source_1":"https://t.me/mmirleb/12926","source_2":"","sources":""}},{"type":"Feature","geometry":{"type":"Point","coordinates":[35.341351,33.117122,0]},"properties":{"event_id":1978,"data_org":"Green","event_date":"2026-03-26T00:00:00.000Z","post_date":"2026-03-26T00:00:00.000Z","pub_date":"2026-03-26T00:00:00.000Z","actor":"Hezbollah","claimed":"","event_type":"Rocket Attack","city":"Qouzah","province":"","country":"Lebanon","latitude":33.117122,"longitude":35.341351,"coord_type":"general town","source_1":"https://t.me/mmirleb/12929","source_2":"","sources":""}},{"type":"Feature","geometry":{"type":"Point","coordinates":[35.499729,33.292021000000005,0]},"properties":{"event_id":1979,"data_org":"Green","event_date":"2026-03-26T00:00:00.000Z","post_date":"2026-03-26T00:00:00.000Z","pub_date":"2026-03-26T00:00:00.000Z","actor":"Hezbollah","claimed":"","event_type":"Direct Engagement","city":"Deir Seryan","province":"","country":"Lebanon","latitude":33.292021,"longitude":35.499729,"coord_type":"general town","source_1":"https://t.me/mmirleb/12932","source_2":"","sources":""}},{"type":"Feature","geometry":{"type":"Point","coordinates":[35.499729,33.292021000000005,0]},"properties":{"event_id":1980,"data_org":"Green","event_date":"2026-03-26T00:00:00.000Z","post_date":"2026-03-26T00:00:00.000Z","pub_date":"2026-03-26T00:00:00.000Z","actor":"Hezbollah","claimed":"","event_type":"Direct Engagement","city":"Deir Seryan","province":"","country":"Lebanon","latitude":33.292021,"longitude":35.499729,"coord_type":"general town","source_1":"https://t.me/mmirleb/12997","source_2":"","sources":""}},{"type":"Feature","geometry":{"type":"Point","coordinates":[35.555355,33.278477,0]},"properties":{"event_id":1981,"data_org":"Green","event_date":"2026-03-26T00:00:00.000Z","post_date":"2026-03-26T00:00:00.000Z","pub_date":"2026-03-26T00:00:00.000Z","actor":"Hezbollah","claimed":"","event_type":"Air Defense Activity","city":"Kfar Kila","province":"","country":"Lebanon","latitude":33.278477,"longitude":35.555355,"coord_type":"general town","source_1":"https://t.me/mmirleb/13000","source_2":"","sources":""}},{"type":"Feature","geometry":{"type":"Point","coordinates":[35.520292,33.274875,0]},"properties":{"event_id":1982,"data_org":"Green","event_date":"2026-03-26T00:00:00.000Z","post_date":"2026-03-26T00:00:00.000Z","pub_date":"2026-03-26T00:00:00.000Z","actor":"Hezbollah","claimed":"","event_type":"Drone Attack","city":"Taybeh","province":"","country":"Lebanon","latitude":33.274875,"longitude":35.520292,"coord_type":"exact","source_1":"https://x.com/EndlessWint_r/status/2037217592578888039","source_2":"","sources":""}},{"type":"Feature","geometry":{"type":"Point","coordinates":[35.60757,33.32269,0]},"properties":{"event_id":1983,"data_org":"Green","event_date":"2026-03-26T00:00:00.000Z","post_date":"2026-03-26T00:00:00.000Z","pub_date":"2026-03-26T00:00:00.000Z","actor":"Hezbollah","claimed":"","event_type":"Rocket Attack","city":"outskirts of Khiam","province":"","country":"Lebanon","latitude":33.32269,"longitude":35.60757,"coord_type":"general town","source_1":"https://t.me/mmirleb/13022","source_2":"","sources":""}},{"type":"Feature","geometry":{"type":"Point","coordinates":[35.52002,33.276509999999995,0]},"properties":{"event_id":1944,"data_org":"Green","event_date":"2026-03-25T00:00:00.000Z","post_date":"2026-03-25T00:00:00.000Z","pub_date":"2026-03-26T00:00:00.000Z","actor":"Hezbollah","claimed":"","event_type":"Drone Attack","city":"Taybeh","province":"","country":"Lebanon","latitude":33.27651,"longitude":35.52002,"coord_type":"general town","source_1":"https://t.me/mmirleb/12791","source_2":"","sources":""}},{"type":"Feature","geometry":{"type":"Point","coordinates":[35.52002,33.276509999999995,0]},"properties":{"event_id":1945,"data_org":"Green","event_date":"2026-03-25T00:00:00.000Z","post_date":"2026-03-25T00:00:00.000Z","pub_date":"2026-03-26T00:00:00.000Z","actor":"Hezbollah","claimed":"","event_type":"Direct Engagement","city":"Taybeh","province":"","country":"Lebanon","latitude":33.27651,"longitude":35.52002,"coord_type":"general town","source_1":"https://t.me/mmirleb/12794","source_2":"","sources":""}},{"type":"Feature","geometry":{"type":"Point","coordinates":[35.52002,33.276509999999995,0]},"properties":{"event_id":1946,"data_org":"Green","event_date":"2026-03-25T00:00:00.000Z","post_date":"2026-03-25T00:00:00.000Z","pub_date":"2026-03-26T00:00:00.000Z","actor":"Hezbollah","claimed":"","event_type":"Direct Engagement","city":"Taybeh","province":"","country":"Lebanon","latitude":33.27651,"longitude":35.52002,"coord_type":"general town","source_1":"https://t.me/mmirleb/12797","source_2":"","sources":""}},{"type":"Feature","geometry":{"type":"Point","coordinates":[35.225378,33.105187,0]},"properties":{"event_id":1947,"data_org":"Green","event_date":"2026-03-25T00:00:00.000Z","post_date":"2026-03-25T00:00:00.000Z","pub_date":"2026-03-26T00:00:00.000Z","actor":"Hezbollah","claimed":"","event_type":"Rocket Attack","city":"Dhayra","province":"","country":"Lebanon","latitude":33.105187,"longitude":35.225378,"coord_type":"general town","source_1":"https://t.me/mmirleb/12801","source_2":"","sources":""}},{"type":"Feature","geometry":{"type":"Point","coordinates":[35.425807,33.081957,0]},"properties":{"event_id":1948,"data_org":"Green","event_date":"2026-03-25T00:00:00.000Z","post_date":"2026-03-25T00:00:00.000Z","pub_date":"2026-03-26T00:00:00.000Z","actor":"Hezbollah","claimed":"","event_type":"Rocket Attack","city":"Yaroun","province":"","country":"Lebanon","latitude":33.081957,"longitude":35.425807,"coord_type":"general town","source_1":"https://t.me/mmirleb/12801","source_2":"","sources":""}},{"type":"Feature","geometry":{"type":"Point","coordinates":[35.290013,33.113859999999995,0]},"properties":{"event_id":1949,"data_org":"Green","event_date":"2026-03-25T00:00:00.000Z","post_date":"2026-03-25T00:00:00.000Z","pub_date":"2026-03-26T00:00:00.000Z","actor":"Hezbollah","claimed":"","event_type":"Rocket Attack","city":"Marwahin","province":"","country":"Lebanon","latitude":33.11386,"longitude":35.290013,"coord_type":"exact","source_1":"https://t.me/mmirleb/12801","source_2":"","sources":""}},{"type":"Feature","geometry":{"type":"Point","coordinates":[35.464296,33.270855999999995,0]},"properties":{"event_id":1950,"data_org":"Green","event_date":"2026-03-25T00:00:00.000Z","post_date":"2026-03-25T00:00:00.000Z","pub_date":"2026-03-26T00:00:00.000Z","actor":"Hezbollah","claimed":"","event_type":"Direct Engagement","city":"Qantara","province":"","country":"Lebanon","latitude":33.270856,"longitude":35.464296,"coord_type":"general town","source_1":"https://t.me/mmirleb/12804","source_2":"","sources":""}},{"type":"Feature","geometry":{"type":"Point","coordinates":[35.181029,33.103843,0]},"properties":{"event_id":1951,"data_org":"Green","event_date":"2026-03-25T00:00:00.000Z","post_date":"2026-03-25T00:00:00.000Z","pub_date":"2026-03-26T00:00:00.000Z","actor":"Hezbollah","claimed":"","event_type":"Rocket Attack","city":"Alma El Chaeb","province":"","country":"Lebanon","latitude":33.103843,"longitude":35.181029,"coord_type":"general town","source_1":"https://t.me/mmirleb/12813","source_2":"","sources":""}},{"type":"Feature","geometry":{"type":"Point","coordinates":[35.464296,33.270855999999995,0]},"properties":{"event_id":1952,"data_org":"Green","event_date":"2026-03-25T00:00:00.000Z","post_date":"2026-03-25T00:00:00.000Z","pub_date":"2026-03-26T00:00:00.000Z","actor":"Hezbollah","claimed":"","event_type":"Direct Engagement","city":"Qantara","province":"","country":"Lebanon","latitude":33.270856,"longitude":35.464296,"coord_type":"general town","source_1":"https://t.me/mmirleb/12816","source_2":"https://t.me/alichoeib1970/16272","sources":""}},{"type":"Feature","geometry":{"type":"Point","coordinates":[35.275346,33.108433,0]},"properties":{"event_id":1953,"data_org":"Green","event_date":"2026-03-25T00:00:00.000Z","post_date":"2026-03-25T00:00:00.000Z","pub_date":"2026-03-26T00:00:00.000Z","actor":"Hezbollah","claimed":"","event_type":"Rocket Attack","city":"Marwahin","province":"","country":"Lebanon","latitude":33.108433,"longitude":35.275346,"coord_type":"general town","source_1":"https://t.me/mmirleb/12819","source_2":"","sources":""}},{"type":"Feature","geometry":{"type":"Point","coordinates":[35.464296,33.270855999999995,0]},"properties":{"event_id":1954,"data_org":"Green","event_date":"2026-03-25T00:00:00.000Z","post_date":"2026-03-25T00:00:00.000Z","pub_date":"2026-03-26T00:00:00.000Z","actor":"Hezbollah","claimed":"","event_type":"Direct Engagement","city":"Qantara","province":"","country":"Lebanon","latitude":33.270856,"longitude":35.464296,"coord_type":"general town","source_1":"https://t.me/mmirleb/12824","source_2":"","sources":""}},{"type":"Feature","geometry":{"type":"Point","coordinates":[35.464296,33.270855999999995,0]},"properties":{"event_id":1955,"data_org":"Green","event_date":"2026-03-25T00:00:00.000Z","post_date":"2026-03-25T00:00:00.000Z","pub_date":"2026-03-26T00:00:00.000Z","actor":"Hezbollah","claimed":"","event_type":"Rocket Attack","city":"Qantara","province":"","country":"Lebanon","latitude":33.270856,"longitude":35.464296,"coord_type":"general town","source_1":"https://t.me/mmirleb/12841","source_2":"","sources":""}},{"type":"Feature","geometry":{"type":"Point","coordinates":[35.3687,33.119749999999996,0]},"properties":{"event_id":1956,"data_org":"Green","event_date":"2026-03-25T00:00:00.000Z","post_date":"2026-03-25T00:00:00.000Z","pub_date":"2026-03-26T00:00:00.000Z","actor":"Hezbollah","claimed":"","event_type":"Direct Engagement","city":"Debl","province":"","country":"Lebanon","latitude":33.11975,"longitude":35.3687,"coord_type":"general town","source_1":"https://t.me/mmirleb/12847","source_2":"","sources":""}},{"type":"Feature","geometry":{"type":"Point","coordinates":[35.60757,33.32269,0]},"properties":{"event_id":1957,"data_org":"Green","event_date":"2026-03-25T00:00:00.000Z","post_date":"2026-03-25T00:00:00.000Z","pub_date":"2026-03-26T00:00:00.000Z","actor":"Hezbollah","claimed":"","event_type":"Drone Attack","city":"Khiam","province":"","country":"Lebanon","latitude":33.32269,"longitude":35.60757,"coord_type":"general town","source_1":"https://t.me/mmirleb/12850","source_2":"","sources":""}},{"type":"Feature","geometry":{"type":"Point","coordinates":[35.341351,33.117122,0]},"properties":{"event_id":1958,"data_org":"Green","event_date":"2026-03-25T00:00:00.000Z","post_date":"2026-03-25T00:00:00.000Z","pub_date":"2026-03-26T00:00:00.000Z","actor":"Hezbollah","claimed":"","event_type":"Mortar Attack","city":"Qouzah","province":"","country":"Lebanon","latitude":33.117122,"longitude":35.341351,"coord_type":"general town","source_1":"https://t.me/mmirleb/12853","source_2":"","sources":""}},{"type":"Feature","geometry":{"type":"Point","coordinates":[35.60757,33.32269,0]},"properties":{"event_id":1959,"data_org":"Green","event_date":"2026-03-25T00:00:00.000Z","post_date":"2026-03-25T00:00:00.000Z","pub_date":"2026-03-26T00:00:00.000Z","actor":"Hezbollah","claimed":"","event_type":"Drone Attack","city":"Khiam","province":"","country":"Lebanon","latitude":33.32269,"longitude":35.60757,"coord_type":"general town","source_1":"https://t.me/mmirleb/12856","source_2":"","sources":""}},{"type":"Feature","geometry":{"type":"Point","coordinates":[35.52002,33.276509999999995,0]},"properties":{"event_id":1960,"data_org":"Green","event_date":"2026-03-25T00:00:00.000Z","post_date":"2026-03-25T00:00:00.000Z","pub_date":"2026-03-26T00:00:00.000Z","actor":"Hezbollah","claimed":"","event_type":"Rocket Attack","city":"Taybeh","province":"","country":"Lebanon","latitude":33.27651,"longitude":35.52002,"coord_type":"general town","source_1":"https://t.me/mmirleb/12862","source_2":"","sources":""}},{"type":"Feature","geometry":{"type":"Point","coordinates":[35.445046,33.10728699999999,0]},"properties":{"event_id":1961,"data_org":"Green","event_date":"2026-03-25T00:00:00.000Z","post_date":"2026-03-25T00:00:00.000Z","pub_date":"2026-03-26T00:00:00.000Z","actor":"Hezbollah","claimed":"","event_type":"Rocket Attack","city":"Maroun al Ras","province":"","country":"Lebanon","latitude":33.107287,"longitude":35.445046,"coord_type":"general town","source_1":"https://t.me/mmirleb/12865","source_2":"","sources":""}},{"type":"Feature","geometry":{"type":"Point","coordinates":[35.499729,33.292021000000005,0]},"properties":{"event_id":1962,"data_org":"Green","event_date":"2026-03-25T00:00:00.000Z","post_date":"2026-03-25T00:00:00.000Z","pub_date":"2026-03-26T00:00:00.000Z","actor":"Hezbollah","claimed":"","event_type":"Direct Engagement","city":"Deir Seryan","province":"","country":"Lebanon","latitude":33.292021,"longitude":35.499729,"coord_type":"general town","source_1":"https://t.me/mmirleb/12882","source_2":"","sources":""}},{"type":"Feature","geometry":{"type":"Point","coordinates":[35.499729,33.292021000000005,0]},"properties":{"event_id":1963,"data_org":"Green","event_date":"2026-03-25T00:00:00.000Z","post_date":"2026-03-25T00:00:00.000Z","pub_date":"2026-03-26T00:00:00.000Z","actor":"Hezbollah","claimed":"","event_type":"Direct Engagement","city":"Deir Seryan","province":"","country":"Lebanon","latitude":33.292021,"longitude":35.499729,"coord_type":"general town","source_1":"https://t.me/mmirleb/12885","source_2":"","sources":""}},{"type":"Feature","geometry":{"type":"Point","coordinates":[35.50108,33.26324499999999,0]},"properties":{"event_id":1964,"data_org":"Green","event_date":"2026-03-25T00:00:00.000Z","post_date":"2026-03-25T00:00:00.000Z","pub_date":"2026-03-26T00:00:00.000Z","actor":"Hezbollah","claimed":"","event_type":"Direct Engagement","city":"Taybeh-Qantara","province":"","country":"Lebanon","latitude":33.263245,"longitude":35.50108,"coord_type":"general neighborhood","source_1":"https://t.me/mmirleb/12888","source_2":"","sources":""}},{"type":"Feature","geometry":{"type":"Point","coordinates":[35.464296,33.270855999999995,0]},"properties":{"event_id":1965,"data_org":"Green","event_date":"2026-03-25T00:00:00.000Z","post_date":"2026-03-25T00:00:00.000Z","pub_date":"2026-03-26T00:00:00.000Z","actor":"Hezbollah","claimed":"","event_type":"Direct Engagement","city":"Qantara","province":"","country":"Lebanon","latitude":33.270856,"longitude":35.464296,"coord_type":"general town","source_1":"https://t.me/mmirleb/12891","source_2":"","sources":""}},{"type":"Feature","geometry":{"type":"Point","coordinates":[35.464296,33.270855999999995,0]},"properties":{"event_id":1966,"data_org":"Green","event_date":"2026-03-25T00:00:00.000Z","post_date":"2026-03-25T00:00:00.000Z","pub_date":"2026-03-26T00:00:00.000Z","actor":"Hezbollah","claimed":"","event_type":"Direct Engagement","city":"Qantara","province":"","country":"Lebanon","latitude":33.270856,"longitude":35.464296,"coord_type":"general town","source_1":"https://t.me/mmirleb/12894","source_2":"","sources":""}},{"type":"Feature","geometry":{"type":"Point","coordinates":[35.464296,33.270855999999995,0]},"properties":{"event_id":1967,"data_org":"Green","event_date":"2026-03-25T00:00:00.000Z","post_date":"2026-03-25T00:00:00.000Z","pub_date":"2026-03-26T00:00:00.000Z","actor":"Hezbollah","claimed":"","event_type":"Direct Engagement","city":"Qantara","province":"","country":"Lebanon","latitude":33.270856,"longitude":35.464296,"coord_type":"general town","source_1":"https://t.me/mmirleb/12897","source_2":"","sources":""}},{"type":"Feature","geometry":{"type":"Point","coordinates":[35.464296,33.270855999999995,0]},"properties":{"event_id":1969,"data_org":"Green","event_date":"2026-03-25T00:00:00.000Z","post_date":"2026-03-25T00:00:00.000Z","pub_date":"2026-03-26T00:00:00.000Z","actor":"Hezbollah","claimed":"","event_type":"Direct Engagement","city":"Qantara","province":"","country":"Lebanon","latitude":33.270856,"longitude":35.464296,"coord_type":"general town","source_1":"https://t.me/mmirleb/12902","source_2":"","sources":""}},{"type":"Feature","geometry":{"type":"Point","coordinates":[35.18148,33.1627,0]},"properties":{"event_id":2022,"data_org":"Green","event_date":"2026-03-27T00:00:00.000Z","post_date":"2026-03-27T00:00:00.000Z","pub_date":"2026-03-27T00:00:00.000Z","actor":"Hezbollah","claimed":"","event_type":"Direct Engagement","city":"Biyyadah","province":"","country":"Lebanon","latitude":33.1627,"longitude":35.18148,"coord_type":"general town","source_1":"https://t.me/mmirleb/13214","source_2":"","sources":""}},{"type":"Feature","geometry":{"type":"Point","coordinates":[35.566883,33.527368999999986,0]},"properties":{"event_id":2023,"data_org":"Green","event_date":"2026-03-27T00:00:00.000Z","post_date":"2026-03-27T00:00:00.000Z","pub_date":"2026-03-27T00:00:00.000Z","actor":"Hezbollah","claimed":"","event_type":"Direct Engagement","city":"Biyyadah","province":"","country":"Lebanon","latitude":33.527369,"longitude":35.566883,"coord_type":"general town","source_1":"https://t.me/mmirleb/13218","source_2":"","sources":""}},{"type":"Feature","geometry":{"type":"Point","coordinates":[35.567141,33.526296,0]},"properties":{"event_id":2024,"data_org":"Green","event_date":"2026-03-27T00:00:00.000Z","post_date":"2026-03-27T00:00:00.000Z","pub_date":"2026-03-27T00:00:00.000Z","actor":"Hezbollah","claimed":"","event_type":"Direct Engagement","city":"Biyyadah","province":"","country":"Lebanon","latitude":33.526296,"longitude":35.567141,"coord_type":"general town","source_1":"https://t.me/mmirleb/13227","source_2":"https://t.me/mmirleb/13228","sources":""}},{"type":"Feature","geometry":{"type":"Point","coordinates":[35.50876300000001,33.291619999999995,0]},"properties":{"event_id":2026,"data_org":"Green","event_date":"2026-03-27T00:00:00.000Z","post_date":"2026-03-27T00:00:00.000Z","pub_date":"2026-03-27T00:00:00.000Z","actor":"Hezbollah","claimed":"","event_type":"Direct Engagement","city":"Deir Seryan","province":"","country":"Lebanon","latitude":33.29162,"longitude":35.508763,"coord_type":"exact","source_1":"https://x.com/MarioLeb79/status/2037490855888490746?s=20","source_2":"https://t.me/mmirleb/13231","sources":""}},{"type":"Feature","geometry":{"type":"Point","coordinates":[35.566883,33.527368999999986,0]},"properties":{"event_id":2027,"data_org":"Green","event_date":"2026-03-27T00:00:00.000Z","post_date":"2026-03-27T00:00:00.000Z","pub_date":"2026-03-27T00:00:00.000Z","actor":"Hezbollah","claimed":"","event_type":"Direct Engagement","city":"Biyyadah","province":"","country":"Lebanon","latitude":33.527369,"longitude":35.566883,"coord_type":"general town","source_1":"https://t.me/mmirleb/13234","source_2":"","sources":""}},{"type":"Feature","geometry":{"type":"Point","coordinates":[35.567141,33.526296,0]},"properties":{"event_id":2028,"data_org":"Green","event_date":"2026-03-27T00:00:00.000Z","post_date":"2026-03-27T00:00:00.000Z","pub_date":"2026-03-27T00:00:00.000Z","actor":"Hezbollah","claimed":"","event_type":"Direct Engagement","city":"Biyyadah","province":"","country":"Lebanon","latitude":33.526296,"longitude":35.567141,"coord_type":"general town","source_1":"https://t.me/mmirleb/13237","source_2":"","sources":""}},{"type":"Feature","geometry":{"type":"Point","coordinates":[35.567141,33.526296,0]},"properties":{"event_id":2029,"data_org":"Green","event_date":"2026-03-27T00:00:00.000Z","post_date":"2026-03-27T00:00:00.000Z","pub_date":"2026-03-27T00:00:00.000Z","actor":"Hezbollah","claimed":"","event_type":"Direct Engagement","city":"Biyyadah","province":"","country":"Lebanon","latitude":33.526296,"longitude":35.567141,"coord_type":"general town","source_1":"https://t.me/mmirleb/13240","source_2":"","sources":""}},{"type":"Feature","geometry":{"type":"Point","coordinates":[35.567141,33.526296,0]},"properties":{"event_id":2030,"data_org":"Green","event_date":"2026-03-27T00:00:00.000Z","post_date":"2026-03-27T00:00:00.000Z","pub_date":"2026-03-27T00:00:00.000Z","actor":"Hezbollah","claimed":"","event_type":"Rocket Attack","city":"Biyyadah","province":"","country":"Lebanon","latitude":33.526296,"longitude":35.567141,"coord_type":"exact","source_1":"https://t.me/mmirleb/13249","source_2":"","sources":""}},{"type":"Feature","geometry":{"type":"Point","coordinates":[35.463703,33.274097,0]},"properties":{"event_id":2031,"data_org":"Green","event_date":"2026-03-27T00:00:00.000Z","post_date":"2026-03-27T00:00:00.000Z","pub_date":"2026-03-27T00:00:00.000Z","actor":"Hezbollah","claimed":"","event_type":"Direct Engagement","city":"Qantara","province":"","country":"Lebanon","latitude":33.274097,"longitude":35.463703,"coord_type":"general town","source_1":"https://t.me/mmirleb/13259","source_2":"","sources":""}},{"type":"Feature","geometry":{"type":"Point","coordinates":[35.3687,33.119749999999996,0]},"properties":{"event_id":2032,"data_org":"Green","event_date":"2026-03-27T00:00:00.000Z","post_date":"2026-03-27T00:00:00.000Z","pub_date":"2026-03-27T00:00:00.000Z","actor":"Hezbollah","claimed":"","event_type":"Direct Engagement","city":"Debl","province":"","country":"Lebanon","latitude":33.11975,"longitude":35.3687,"coord_type":"general town","source_1":"https://t.me/mmirleb/13261","source_2":"","sources":""}},{"type":"Feature","geometry":{"type":"Point","coordinates":[35.567141,33.526296,0]},"properties":{"event_id":2033,"data_org":"Green","event_date":"2026-03-27T00:00:00.000Z","post_date":"2026-03-27T00:00:00.000Z","pub_date":"2026-03-27T00:00:00.000Z","actor":"Hezbollah","claimed":"","event_type":"Direct Engagement","city":"Biyyadah","province":"","country":"Lebanon","latitude":33.526296,"longitude":35.567141,"coord_type":"general town","source_1":"https://t.me/mmirleb/13267","source_2":"","sources":""}},{"type":"Feature","geometry":{"type":"Point","coordinates":[35.567141,33.526296,0]},"properties":{"event_id":2034,"data_org":"Green","event_date":"2026-03-27T00:00:00.000Z","post_date":"2026-03-27T00:00:00.000Z","pub_date":"2026-03-27T00:00:00.000Z","actor":"Hezbollah","claimed":"","event_type":"Direct Engagement","city":"Biyyadah","province":"","country":"Lebanon","latitude":33.526296,"longitude":35.567141,"coord_type":"general town","source_1":"https://t.me/mmirleb/13286","source_2":"","sources":""}},{"type":"Feature","geometry":{"type":"Point","coordinates":[35.503423,33.895481,0]},"properties":{"event_id":2035,"data_org":"Green","event_date":"2026-03-27T00:00:00.000Z","post_date":"2026-03-27T00:00:00.000Z","pub_date":"2026-03-27T00:00:00.000Z","actor":"Hezbollah","claimed":"","event_type":"Air Defense Activity","city":"Beirut","province":"","country":"Lebanon","latitude":33.895481,"longitude":35.503423,"coord_type":"general town","source_1":"https://t.me/mmirleb/13288","source_2":"","sources":""}},{"type":"Feature","geometry":{"type":"Point","coordinates":[35.567141,33.526296,0]},"properties":{"event_id":2036,"data_org":"Green","event_date":"2026-03-27T00:00:00.000Z","post_date":"2026-03-27T00:00:00.000Z","pub_date":"2026-03-27T00:00:00.000Z","actor":"Hezbollah","claimed":"","event_type":"Direct Engagement","city":"Biyyadah","province":"","country":"Lebanon","latitude":33.526296,"longitude":35.567141,"coord_type":"general town","source_1":"https://t.me/mmirleb/13290","source_2":"","sources":""}},{"type":"Feature","geometry":{"type":"Point","coordinates":[35.567141,33.526296,0]},"properties":{"event_id":2037,"data_org":"Green","event_date":"2026-03-27T00:00:00.000Z","post_date":"2026-03-27T00:00:00.000Z","pub_date":"2026-03-27T00:00:00.000Z","actor":"Hezbollah","claimed":"","event_type":"Direct Engagement","city":"Biyyadah","province":"","country":"Lebanon","latitude":33.526296,"longitude":35.567141,"coord_type":"general town","source_1":"https://t.me/mmirleb/13294","source_2":"","sources":""}},{"type":"Feature","geometry":{"type":"Point","coordinates":[35.344398,33.117803,0]},"properties":{"event_id":2038,"data_org":"Green","event_date":"2026-03-27T00:00:00.000Z","post_date":"2026-03-27T00:00:00.000Z","pub_date":"2026-03-27T00:00:00.000Z","actor":"Hezbollah","claimed":"","event_type":"unknown","city":"Qouzah","province":"","country":"Lebanon","latitude":33.117803,"longitude":35.344398,"coord_type":"general town","source_1":"https://t.me/mmirleb/13301","source_2":"","sources":""}},{"type":"Feature","geometry":{"type":"Point","coordinates":[35.60757,33.32269,0]},"properties":{"event_id":1984,"data_org":"Green","event_date":"2026-03-26T00:00:00.000Z","post_date":"2026-03-26T00:00:00.000Z","pub_date":"2026-03-27T00:00:00.000Z","actor":"Hezbollah","claimed":"","event_type":"Direct Engagement","city":"Khiam","province":"","country":"Lebanon","latitude":33.32269,"longitude":35.60757,"coord_type":"general town","source_1":"https://t.me/mmirleb/13026","source_2":"","sources":""}},{"type":"Feature","geometry":{"type":"Point","coordinates":[35.464296,33.270855999999995,0]},"properties":{"event_id":1985,"data_org":"Green","event_date":"2026-03-26T00:00:00.000Z","post_date":"2026-03-26T00:00:00.000Z","pub_date":"2026-03-27T00:00:00.000Z","actor":"Hezbollah","claimed":"","event_type":"Unknown","city":"Qantara","province":"","country":"Lebanon","latitude":33.270856,"longitude":35.464296,"coord_type":"general town","source_1":"https://t.me/mmirleb/13031","source_2":"https://t.me/alichoeib1970/16303","sources":""}},{"type":"Feature","geometry":{"type":"Point","coordinates":[35.464296,33.270855999999995,0]},"properties":{"event_id":1986,"data_org":"Green","event_date":"2026-03-26T00:00:00.000Z","post_date":"2026-03-26T00:00:00.000Z","pub_date":"2026-03-27T00:00:00.000Z","actor":"Hezbollah","claimed":"","event_type":"unknown","city":"Qantara","province":"","country":"Lebanon","latitude":33.270856,"longitude":35.464296,"coord_type":"general town","source_1":"https://t.me/mmirleb/13034","source_2":"https://t.me/alichoeib1970/16303","sources":""}},{"type":"Feature","geometry":{"type":"Point","coordinates":[35.464296,33.270855999999995,0]},"properties":{"event_id":1987,"data_org":"Green","event_date":"2026-03-26T00:00:00.000Z","post_date":"2026-03-26T00:00:00.000Z","pub_date":"2026-03-27T00:00:00.000Z","actor":"Hezbollah","claimed":"","event_type":"unknown","city":"Qantara","province":"","country":"Lebanon","latitude":33.270856,"longitude":35.464296,"coord_type":"general town","source_1":"https://t.me/mmirleb/13037","source_2":"https://t.me/alichoeib1970/16303","sources":""}},{"type":"Feature","geometry":{"type":"Point","coordinates":[35.464296,33.270855999999995,0]},"properties":{"event_id":1988,"data_org":"Green","event_date":"2026-03-26T00:00:00.000Z","post_date":"2026-03-26T00:00:00.000Z","pub_date":"2026-03-27T00:00:00.000Z","actor":"Hezbollah","claimed":"","event_type":"unknown","city":"Qantara","province":"","country":"Lebanon","latitude":33.270856,"longitude":35.464296,"coord_type":"general town","source_1":"https://t.me/mmirleb/13040","source_2":"https://t.me/alichoeib1970/16303","sources":""}},{"type":"Feature","geometry":{"type":"Point","coordinates":[35.140112,33.119274,0]},"properties":{"event_id":1989,"data_org":"Green","event_date":"2026-03-26T00:00:00.000Z","post_date":"2026-03-26T00:00:00.000Z","pub_date":"2026-03-27T00:00:00.000Z","actor":"Hezbollah","claimed":"","event_type":"Rocket Attack","city":"Naqoura","province":"","country":"Lebanon","latitude":33.119274,"longitude":35.140112,"coord_type":"general town","source_1":"https://t.me/mmirleb/13043","source_2":"","sources":""}},{"type":"Feature","geometry":{"type":"Point","coordinates":[35.464296,33.270855999999995,0]},"properties":{"event_id":1990,"data_org":"Green","event_date":"2026-03-26T00:00:00.000Z","post_date":"2026-03-26T00:00:00.000Z","pub_date":"2026-03-27T00:00:00.000Z","actor":"Hezbollah","claimed":"","event_type":"Rocket Attack","city":"Qantara","province":"","country":"Lebanon","latitude":33.270856,"longitude":35.464296,"coord_type":"general town","source_1":"https://t.me/mmirleb/13046","source_2":"","sources":""}},{"type":"Feature","geometry":{"type":"Point","coordinates":[35.464296,33.270855999999995,0]},"properties":{"event_id":1991,"data_org":"Green","event_date":"2026-03-26T00:00:00.000Z","post_date":"2026-03-26T00:00:00.000Z","pub_date":"2026-03-27T00:00:00.000Z","actor":"Hezbollah","claimed":"","event_type":"Mortar Attack","city":"Qantara","province":"","country":"Lebanon","latitude":33.270856,"longitude":35.464296,"coord_type":"general town","source_1":"https://t.me/mmirleb/13052","source_2":"","sources":""}},{"type":"Feature","geometry":{"type":"Point","coordinates":[35.464296,33.270855999999995,0]},"properties":{"event_id":1992,"data_org":"Green","event_date":"2026-03-26T00:00:00.000Z","post_date":"2026-03-26T00:00:00.000Z","pub_date":"2026-03-27T00:00:00.000Z","actor":"Hezbollah","claimed":"","event_type":"Rocket Attack","city":"Qantara","province":"","country":"Lebanon","latitude":33.270856,"longitude":35.464296,"coord_type":"general town","source_1":"https://t.me/mmirleb/13055","source_2":"","sources":""}},{"type":"Feature","geometry":{"type":"Point","coordinates":[35.464296,33.270855999999995,0]},"properties":{"event_id":1993,"data_org":"Green","event_date":"2026-03-26T00:00:00.000Z","post_date":"2026-03-26T00:00:00.000Z","pub_date":"2026-03-27T00:00:00.000Z","actor":"Hezbollah","claimed":"","event_type":"Rocket Attack","city":"Qantara","province":"","country":"Lebanon","latitude":33.270856,"longitude":35.464296,"coord_type":"general town","source_1":"https://t.me/mmirleb/13058","source_2":"","sources":""}},{"type":"Feature","geometry":{"type":"Point","coordinates":[35.464296,33.270855999999995,0]},"properties":{"event_id":1994,"data_org":"Green","event_date":"2026-03-26T00:00:00.000Z","post_date":"2026-03-26T00:00:00.000Z","pub_date":"2026-03-27T00:00:00.000Z","actor":"Hezbollah","claimed":"","event_type":"Rocket Attack","city":"Qantara","province":"","country":"Lebanon","latitude":33.270856,"longitude":35.464296,"coord_type":"general town","source_1":"https://t.me/mmirleb/13061","source_2":"","sources":""}},{"type":"Feature","geometry":{"type":"Point","coordinates":[35.445046,33.10728699999999,0]},"properties":{"event_id":1995,"data_org":"Green","event_date":"2026-03-26T00:00:00.000Z","post_date":"2026-03-26T00:00:00.000Z","pub_date":"2026-03-27T00:00:00.000Z","actor":"Hezbollah","claimed":"","event_type":"Mortar Attack","city":"Maroun al Ras","province":"","country":"Lebanon","latitude":33.107287,"longitude":35.445046,"coord_type":"general town","source_1":"https://t.me/mmirleb/13064","source_2":"","sources":""}},{"type":"Feature","geometry":{"type":"Point","coordinates":[35.140112,33.119274,0]},"properties":{"event_id":1996,"data_org":"Green","event_date":"2026-03-26T00:00:00.000Z","post_date":"2026-03-26T00:00:00.000Z","pub_date":"2026-03-27T00:00:00.000Z","actor":"Hezbollah","claimed":"","event_type":"Direct Engagement","city":"Naqoura","province":"","country":"Lebanon","latitude":33.119274,"longitude":35.140112,"coord_type":"general town","source_1":"https://t.me/mmirleb/13079","source_2":"","sources":""}},{"type":"Feature","geometry":{"type":"Point","coordinates":[35.140112,33.119274,0]},"properties":{"event_id":1997,"data_org":"Green","event_date":"2026-03-26T00:00:00.000Z","post_date":"2026-03-26T00:00:00.000Z","pub_date":"2026-03-27T00:00:00.000Z","actor":"Hezbollah","claimed":"","event_type":"Drone Attack","city":"Naqoura","province":"","country":"Lebanon","latitude":33.119274,"longitude":35.140112,"coord_type":"general town","source_1":"https://t.me/mmirleb/13082","source_2":"","sources":""}},{"type":"Feature","geometry":{"type":"Point","coordinates":[35.464296,33.270855999999995,0]},"properties":{"event_id":1999,"data_org":"Green","event_date":"2026-03-26T00:00:00.000Z","post_date":"2026-03-26T00:00:00.000Z","pub_date":"2026-03-27T00:00:00.000Z","actor":"Hezbollah","claimed":"","event_type":"Direct Engagement","city":"Qantara","province":"","country":"Lebanon","latitude":33.270856,"longitude":35.464296,"coord_type":"general town","source_1":"https://t.me/mmirleb/13086","source_2":"","sources":""}},{"type":"Feature","geometry":{"type":"Point","coordinates":[35.140112,33.119274,0]},"properties":{"event_id":2001,"data_org":"Green","event_date":"2026-03-26T00:00:00.000Z","post_date":"2026-03-26T00:00:00.000Z","pub_date":"2026-03-27T00:00:00.000Z","actor":"Hezbollah","claimed":"","event_type":"Drone Attack","city":"Naqoura","province":"","country":"Lebanon","latitude":33.119274,"longitude":35.140112,"coord_type":"general town","source_1":"https://t.me/mmirleb/13098","source_2":"","sources":""}},{"type":"Feature","geometry":{"type":"Point","coordinates":[35.464296,33.270855999999995,0]},"properties":{"event_id":2002,"data_org":"Green","event_date":"2026-03-26T00:00:00.000Z","post_date":"2026-03-26T00:00:00.000Z","pub_date":"2026-03-27T00:00:00.000Z","actor":"Hezbollah","claimed":"","event_type":"Anti-Tank Fire","city":"Qantara","province":"","country":"Lebanon","latitude":33.270856,"longitude":35.464296,"coord_type":"general town","source_1":"https://t.me/mmirleb/13101","source_2":"","sources":""}},{"type":"Feature","geometry":{"type":"Point","coordinates":[35.140112,33.119274,0]},"properties":{"event_id":2003,"data_org":"Green","event_date":"2026-03-26T00:00:00.000Z","post_date":"2026-03-26T00:00:00.000Z","pub_date":"2026-03-27T00:00:00.000Z","actor":"Hezbollah","claimed":"","event_type":"Rocket Attack","city":"Naqoura","province":"","country":"Lebanon","latitude":33.119274,"longitude":35.140112,"coord_type":"general town","source_1":"https://t.me/mmirleb/13110","source_2":"","sources":""}},{"type":"Feature","geometry":{"type":"Point","coordinates":[35.52002,33.276509999999995,0]},"properties":{"event_id":2004,"data_org":"Green","event_date":"2026-03-26T00:00:00.000Z","post_date":"2026-03-26T00:00:00.000Z","pub_date":"2026-03-27T00:00:00.000Z","actor":"Hezbollah","claimed":"","event_type":"Mortar Attack","city":"Taybeh","province":"","country":"Lebanon","latitude":33.27651,"longitude":35.52002,"coord_type":"general town","source_1":"https://t.me/mmirleb/13113","source_2":"","sources":""}},{"type":"Feature","geometry":{"type":"Point","coordinates":[35.464296,33.270855999999995,0]},"properties":{"event_id":2005,"data_org":"Green","event_date":"2026-03-26T00:00:00.000Z","post_date":"2026-03-26T00:00:00.000Z","pub_date":"2026-03-27T00:00:00.000Z","actor":"Hezbollah","claimed":"","event_type":"Rocket Attack","city":"Qantara","province":"","country":"Lebanon","latitude":33.270856,"longitude":35.464296,"coord_type":"general town","source_1":"https://t.me/mmirleb/13122","source_2":"","sources":""}},{"type":"Feature","geometry":{"type":"Point","coordinates":[35.60757,33.32269,0]},"properties":{"event_id":2006,"data_org":"Green","event_date":"2026-03-26T00:00:00.000Z","post_date":"2026-03-26T00:00:00.000Z","pub_date":"2026-03-27T00:00:00.000Z","actor":"Hezbollah","claimed":"","event_type":"Mortar Attack","city":"Khiam","province":"","country":"Lebanon","latitude":33.32269,"longitude":35.60757,"coord_type":"general town","source_1":"https://t.me/mmirleb/13128","source_2":"","sources":""}},{"type":"Feature","geometry":{"type":"Point","coordinates":[35.363657,33.12042,0]},"properties":{"event_id":2007,"data_org":"Green","event_date":"2026-03-26T00:00:00.000Z","post_date":"2026-03-26T00:00:00.000Z","pub_date":"2026-03-27T00:00:00.000Z","actor":"Hezbollah","claimed":"","event_type":"Drone Attack","city":"Debl","province":"","country":"Lebanon","latitude":33.12042,"longitude":35.363657,"coord_type":"general town","source_1":"https://t.me/mmirleb/13134","source_2":"","sources":""}},{"type":"Feature","geometry":{"type":"Point","coordinates":[35.341394,33.11708599999999,0]},"properties":{"event_id":2008,"data_org":"Green","event_date":"2026-03-26T00:00:00.000Z","post_date":"2026-03-26T00:00:00.000Z","pub_date":"2026-03-27T00:00:00.000Z","actor":"Hezbollah","claimed":"","event_type":"Rocket Attack","city":"Qouzah","province":"","country":"Lebanon","latitude":33.117086,"longitude":35.341394,"coord_type":"general town","source_1":"https://t.me/mmirleb/13137","source_2":"","sources":""}},{"type":"Feature","geometry":{"type":"Point","coordinates":[35.341394,33.11708599999999,0]},"properties":{"event_id":2009,"data_org":"Green","event_date":"2026-03-26T00:00:00.000Z","post_date":"2026-03-26T00:00:00.000Z","pub_date":"2026-03-27T00:00:00.000Z","actor":"Hezbollah","claimed":"","event_type":"Mortar Attack","city":"Qouzah","province":"","country":"Lebanon","latitude":33.117086,"longitude":35.341394,"coord_type":"general town","source_1":"https://t.me/mmirleb/13137","source_2":"","sources":""}},{"type":"Feature","geometry":{"type":"Point","coordinates":[35.464296,33.270855999999995,0]},"properties":{"event_id":2010,"data_org":"Green","event_date":"2026-03-26T00:00:00.000Z","post_date":"2026-03-26T00:00:00.000Z","pub_date":"2026-03-27T00:00:00.000Z","actor":"Hezbollah","claimed":"","event_type":"Rocket Attack","city":"Qantara","province":"","country":"Lebanon","latitude":33.270856,"longitude":35.464296,"coord_type":"general town","source_1":"https://t.me/mmirleb/13152","source_2":"","sources":""}},{"type":"Feature","geometry":{"type":"Point","coordinates":[35.464296,33.270855999999995,0]},"properties":{"event_id":2011,"data_org":"Green","event_date":"2026-03-26T00:00:00.000Z","post_date":"2026-03-26T00:00:00.000Z","pub_date":"2026-03-27T00:00:00.000Z","actor":"Hezbollah","claimed":"","event_type":"Mortar Attack","city":"Qantara","province":"","country":"Lebanon","latitude":33.270856,"longitude":35.464296,"coord_type":"general town","source_1":"https://t.me/mmirleb/13152","source_2":"","sources":""}},{"type":"Feature","geometry":{"type":"Point","coordinates":[35.60757,33.32269,0]},"properties":{"event_id":2012,"data_org":"Green","event_date":"2026-03-26T00:00:00.000Z","post_date":"2026-03-26T00:00:00.000Z","pub_date":"2026-03-27T00:00:00.000Z","actor":"Hezbollah","claimed":"","event_type":"Rocket Attack","city":"Khiam","province":"","country":"Lebanon","latitude":33.32269,"longitude":35.60757,"coord_type":"general town","source_1":"https://t.me/mmirleb/13158","source_2":"","sources":""}},{"type":"Feature","geometry":{"type":"Point","coordinates":[35.341394,33.11708599999999,0]},"properties":{"event_id":2013,"data_org":"Green","event_date":"2026-03-26T00:00:00.000Z","post_date":"2026-03-26T00:00:00.000Z","pub_date":"2026-03-27T00:00:00.000Z","actor":"Hezbollah","claimed":"","event_type":"Direct Engagement","city":"Qouzah","province":"","country":"Lebanon","latitude":33.117086,"longitude":35.341394,"coord_type":"general town","source_1":"https://t.me/mmirleb/13167","source_2":"","sources":""}},{"type":"Feature","geometry":{"type":"Point","coordinates":[35.464296,33.270855999999995,0]},"properties":{"event_id":2014,"data_org":"Green","event_date":"2026-03-26T00:00:00.000Z","post_date":"2026-03-26T00:00:00.000Z","pub_date":"2026-03-27T00:00:00.000Z","actor":"Hezbollah","claimed":"","event_type":"Rocket Attack","city":"Qantara","province":"","country":"Lebanon","latitude":33.270856,"longitude":35.464296,"coord_type":"general town","source_1":"https://t.me/mmirleb/13182","source_2":"","sources":""}},{"type":"Feature","geometry":{"type":"Point","coordinates":[35.464296,33.270855999999995,0]},"properties":{"event_id":2015,"data_org":"Green","event_date":"2026-03-26T00:00:00.000Z","post_date":"2026-03-26T00:00:00.000Z","pub_date":"2026-03-27T00:00:00.000Z","actor":"Hezbollah","claimed":"","event_type":"Rocket Attack","city":"Qantara","province":"","country":"Lebanon","latitude":33.270856,"longitude":35.464296,"coord_type":"general town","source_1":"https://t.me/mmirleb/13185","source_2":"","sources":""}},{"type":"Feature","geometry":{"type":"Point","coordinates":[35.464296,33.270855999999995,0]},"properties":{"event_id":2016,"data_org":"Green","event_date":"2026-03-26T00:00:00.000Z","post_date":"2026-03-26T00:00:00.000Z","pub_date":"2026-03-27T00:00:00.000Z","actor":"Hezbollah","claimed":"","event_type":"Rocket Attack","city":"Qantara","province":"","country":"Lebanon","latitude":33.270856,"longitude":35.464296,"coord_type":"general town","source_1":"https://t.me/mmirleb/13188","source_2":"","sources":""}},{"type":"Feature","geometry":{"type":"Point","coordinates":[35.33621,33.133019,0]},"properties":{"event_id":2017,"data_org":"Green","event_date":"2026-03-26T00:00:00.000Z","post_date":"2026-03-26T00:00:00.000Z","pub_date":"2026-03-27T00:00:00.000Z","actor":"Hezbollah","claimed":"","event_type":"Direct Engagement","city":"Beit Lif","province":"","country":"Lebanon","latitude":33.133019,"longitude":35.33621,"coord_type":"general town","source_1":"https://t.me/mmirleb/13191","source_2":"","sources":""}},{"type":"Feature","geometry":{"type":"Point","coordinates":[35.464296,33.270855999999995,0]},"properties":{"event_id":2018,"data_org":"Green","event_date":"2026-03-26T00:00:00.000Z","post_date":"2026-03-26T00:00:00.000Z","pub_date":"2026-03-27T00:00:00.000Z","actor":"Hezbollah","claimed":"","event_type":"Rocket Attack","city":"Qantara","province":"","country":"Lebanon","latitude":33.270856,"longitude":35.464296,"coord_type":"general town","source_1":"https://t.me/mmirleb/13194","source_2":"","sources":""}},{"type":"Feature","geometry":{"type":"Point","coordinates":[35.366312,33.12062499999999,0]},"properties":{"event_id":2019,"data_org":"Green","event_date":"2026-03-26T00:00:00.000Z","post_date":"2026-03-26T00:00:00.000Z","pub_date":"2026-03-27T00:00:00.000Z","actor":"Hezbollah","claimed":"","event_type":"Rocket Attack","city":"Debl","province":"","country":"Lebanon","latitude":33.120625,"longitude":35.366312,"coord_type":"general town","source_1":"https://t.me/mmirleb/13197","source_2":"","sources":""}},{"type":"Feature","geometry":{"type":"Point","coordinates":[35.464296,33.270855999999995,0]},"properties":{"event_id":2020,"data_org":"Green","event_date":"2026-03-26T00:00:00.000Z","post_date":"2026-03-26T00:00:00.000Z","pub_date":"2026-03-27T00:00:00.000Z","actor":"Hezbollah","claimed":"","event_type":"Other (see note)","city":"Qantara","province":"","country":"Lebanon","latitude":33.270856,"longitude":35.464296,"coord_type":"general town","source_1":"https://t.me/mmirleb/13200","source_2":"","sources":""}},{"type":"Feature","geometry":{"type":"Point","coordinates":[35.498276,33.29075399999999,0]},"properties":{"event_id":2021,"data_org":"Green","event_date":"2026-03-26T00:00:00.000Z","post_date":"2026-03-26T00:00:00.000Z","pub_date":"2026-03-27T00:00:00.000Z","actor":"Hezbollah","claimed":"","event_type":"Other (see note)","city":"Deir Seryan","province":"","country":"Lebanon","latitude":33.290754,"longitude":35.498276,"coord_type":"general town","source_1":"https://t.me/mmirleb/13203","source_2":"","sources":""}},{"type":"Feature","geometry":{"type":"Point","coordinates":[35.80526,33.51478999999999,0]},"properties":{"event_id":2053,"data_org":"Green","event_date":"2026-03-28T00:00:00.000Z","post_date":"2026-03-28T00:00:00.000Z","pub_date":"2026-03-28T00:00:00.000Z","actor":"Hezbollah","claimed":"","event_type":"Rocket Attack","city":"Ez Zaoura","province":"","country":"Lebanon","latitude":33.51479,"longitude":35.80526,"coord_type":"general town","source_1":"https://t.me/mmirleb/13353","source_2":"","sources":""}},{"type":"Feature","geometry":{"type":"Point","coordinates":[35.366312,33.12062499999999,0]},"properties":{"event_id":2054,"data_org":"Green","event_date":"2026-03-28T00:00:00.000Z","post_date":"2026-03-28T00:00:00.000Z","pub_date":"2026-03-28T00:00:00.000Z","actor":"Hezbollah","claimed":"","event_type":"Rocket Attack","city":"Debl","province":"","country":"Lebanon","latitude":33.120625,"longitude":35.366312,"coord_type":"general town","source_1":"https://t.me/mmirleb/13361","source_2":"","sources":""}},{"type":"Feature","geometry":{"type":"Point","coordinates":[35.363989,33.14354300000001,0]},"properties":{"event_id":2055,"data_org":"Green","event_date":"2026-03-28T00:00:00.000Z","post_date":"2026-03-28T00:00:00.000Z","pub_date":"2026-03-28T00:00:00.000Z","actor":"Hezbollah","claimed":"","event_type":"Rocket Attack","city":"Rachaf","province":"","country":"Lebanon","latitude":33.143543,"longitude":35.363989,"coord_type":"general town","source_1":"https://t.me/mmirleb/13363","source_2":"","sources":""}},{"type":"Feature","geometry":{"type":"Point","coordinates":[35.366312,33.12062499999999,0]},"properties":{"event_id":2056,"data_org":"Green","event_date":"2026-03-28T00:00:00.000Z","post_date":"2026-03-28T00:00:00.000Z","pub_date":"2026-03-28T00:00:00.000Z","actor":"Hezbollah","claimed":"","event_type":"Drone Attack","city":"Debl","province":"","country":"Lebanon","latitude":33.120625,"longitude":35.366312,"coord_type":"general town","source_1":"https://t.me/mmirleb/13365","source_2":"","sources":""}},{"type":"Feature","geometry":{"type":"Point","coordinates":[35.366312,33.12062499999999,0]},"properties":{"event_id":2057,"data_org":"Green","event_date":"2026-03-28T00:00:00.000Z","post_date":"2026-03-28T00:00:00.000Z","pub_date":"2026-03-28T00:00:00.000Z","actor":"Hezbollah","claimed":"","event_type":"Drone Attack","city":"Debl","province":"","country":"Lebanon","latitude":33.120625,"longitude":35.366312,"coord_type":"general town","source_1":"https://t.me/mmirleb/13367","source_2":"","sources":""}},{"type":"Feature","geometry":{"type":"Point","coordinates":[35.182063,33.163287,0]},"properties":{"event_id":2059,"data_org":"Green","event_date":"2026-03-28T00:00:00.000Z","post_date":"2026-03-28T00:00:00.000Z","pub_date":"2026-03-28T00:00:00.000Z","actor":"Hezbollah","claimed":"","event_type":"Drone Attack","city":"Biyyadah","province":"","country":"Lebanon","latitude":33.163287,"longitude":35.182063,"coord_type":"general town","source_1":"https://t.me/mmirleb/13384","source_2":"","sources":""}},{"type":"Feature","geometry":{"type":"Point","coordinates":[35.182063,33.163287,0]},"properties":{"event_id":2060,"data_org":"Green","event_date":"2026-03-28T00:00:00.000Z","post_date":"2026-03-28T00:00:00.000Z","pub_date":"2026-03-28T00:00:00.000Z","actor":"Hezbollah","claimed":"","event_type":"Mortar Attack","city":"Biyyadah","province":"","country":"Lebanon","latitude":33.163287,"longitude":35.182063,"coord_type":"general town","source_1":"https://t.me/mmirleb/13386","source_2":"","sources":""}},{"type":"Feature","geometry":{"type":"Point","coordinates":[35.182063,33.163287,0]},"properties":{"event_id":2061,"data_org":"Green","event_date":"2026-03-28T00:00:00.000Z","post_date":"2026-03-28T00:00:00.000Z","pub_date":"2026-03-28T00:00:00.000Z","actor":"Hezbollah","claimed":"","event_type":"Drone Attack","city":"Biyyadah","province":"","country":"Lebanon","latitude":33.163287,"longitude":35.182063,"coord_type":"general town","source_1":"https://t.me/mmirleb/13391","source_2":"","sources":""}},{"type":"Feature","geometry":{"type":"Point","coordinates":[35.182063,33.163287,0]},"properties":{"event_id":2062,"data_org":"Green","event_date":"2026-03-28T00:00:00.000Z","post_date":"2026-03-28T00:00:00.000Z","pub_date":"2026-03-28T00:00:00.000Z","actor":"Hezbollah","claimed":"","event_type":"Rocket Attack","city":"Biyyadah","province":"","country":"Lebanon","latitude":33.163287,"longitude":35.182063,"coord_type":"general town","source_1":"https://t.me/mmirleb/13391","source_2":"","sources":""}},{"type":"Feature","geometry":{"type":"Point","coordinates":[35.182063,33.163287,0]},"properties":{"event_id":2063,"data_org":"Green","event_date":"2026-03-28T00:00:00.000Z","post_date":"2026-03-28T00:00:00.000Z","pub_date":"2026-03-28T00:00:00.000Z","actor":"Hezbollah","claimed":"","event_type":"Mortar Attack","city":"Biyyadah","province":"","country":"Lebanon","latitude":33.163287,"longitude":35.182063,"coord_type":"general town","source_1":"https://t.me/mmirleb/13391","source_2":"","sources":""}},{"type":"Feature","geometry":{"type":"Point","coordinates":[35.463703,33.274097,0]},"properties":{"event_id":2064,"data_org":"Green","event_date":"2026-03-28T00:00:00.000Z","post_date":"2026-03-28T00:00:00.000Z","pub_date":"2026-03-28T00:00:00.000Z","actor":"Hezbollah","claimed":"","event_type":"Direct Engagement","city":"Qantara","province":"","country":"Lebanon","latitude":33.274097,"longitude":35.463703,"coord_type":"general town","source_1":"https://t.me/mmirleb/13393","source_2":"","sources":""}},{"type":"Feature","geometry":{"type":"Point","coordinates":[35.182063,33.163287,0]},"properties":{"event_id":2065,"data_org":"Green","event_date":"2026-03-28T00:00:00.000Z","post_date":"2026-03-28T00:00:00.000Z","pub_date":"2026-03-28T00:00:00.000Z","actor":"Hezbollah","claimed":"","event_type":"Drone Attack","city":"Biyyadah","province":"","country":"Lebanon","latitude":33.163287,"longitude":35.182063,"coord_type":"general town","source_1":"https://t.me/mmirleb/13395","source_2":"","sources":""}},{"type":"Feature","geometry":{"type":"Point","coordinates":[35.182063,33.163287,0]},"properties":{"event_id":2066,"data_org":"Green","event_date":"2026-03-28T00:00:00.000Z","post_date":"2026-03-28T00:00:00.000Z","pub_date":"2026-03-28T00:00:00.000Z","actor":"Hezbollah","claimed":"","event_type":"Drone Attack","city":"Biyyadah","province":"","country":"Lebanon","latitude":33.163287,"longitude":35.182063,"coord_type":"general town","source_1":"https://t.me/mmirleb/13398","source_2":"","sources":""}},{"type":"Feature","geometry":{"type":"Point","coordinates":[35.182063,33.163287,0]},"properties":{"event_id":2067,"data_org":"Green","event_date":"2026-03-28T00:00:00.000Z","post_date":"2026-03-28T00:00:00.000Z","pub_date":"2026-03-28T00:00:00.000Z","actor":"Hezbollah","claimed":"","event_type":"Drone Attack","city":"Biyyadah","province":"","country":"Lebanon","latitude":33.163287,"longitude":35.182063,"coord_type":"general town","source_1":"https://t.me/mmirleb/13400","source_2":"","sources":""}},{"type":"Feature","geometry":{"type":"Point","coordinates":[35.182063,33.163287,0]},"properties":{"event_id":2068,"data_org":"Green","event_date":"2026-03-28T00:00:00.000Z","post_date":"2026-03-28T00:00:00.000Z","pub_date":"2026-03-28T00:00:00.000Z","actor":"Hezbollah","claimed":"","event_type":"Drone Attack","city":"Biyyadah","province":"","country":"Lebanon","latitude":33.163287,"longitude":35.182063,"coord_type":"general town","source_1":"https://t.me/mmirleb/13402","source_2":"","sources":""}},{"type":"Feature","geometry":{"type":"Point","coordinates":[35.182063,33.163287,0]},"properties":{"event_id":2069,"data_org":"Green","event_date":"2026-03-28T00:00:00.000Z","post_date":"2026-03-28T00:00:00.000Z","pub_date":"2026-03-28T00:00:00.000Z","actor":"Hezbollah","claimed":"","event_type":"Drone Attack","city":"Biyyadah","province":"","country":"Lebanon","latitude":33.163287,"longitude":35.182063,"coord_type":"general town","source_1":"https://t.me/mmirleb/13404","source_2":"","sources":""}},{"type":"Feature","geometry":{"type":"Point","coordinates":[35.182063,33.163287,0]},"properties":{"event_id":2070,"data_org":"Green","event_date":"2026-03-28T00:00:00.000Z","post_date":"2026-03-28T00:00:00.000Z","pub_date":"2026-03-28T00:00:00.000Z","actor":"Hezbollah","claimed":"","event_type":"Rocket Attack","city":"Biyyadah","province":"","country":"Lebanon","latitude":33.163287,"longitude":35.182063,"coord_type":"general town","source_1":"https://t.me/mmirleb/13406","source_2":"","sources":""}},{"type":"Feature","geometry":{"type":"Point","coordinates":[35.182063,33.163287,0]},"properties":{"event_id":2071,"data_org":"Green","event_date":"2026-03-28T00:00:00.000Z","post_date":"2026-03-28T00:00:00.000Z","pub_date":"2026-03-28T00:00:00.000Z","actor":"Hezbollah","claimed":"","event_type":"Direct Engagement","city":"Biyyadah","province":"","country":"Lebanon","latitude":33.163287,"longitude":35.182063,"coord_type":"general town","source_1":"https://t.me/mmirleb/13409","source_2":"","sources":""}},{"type":"Feature","geometry":{"type":"Point","coordinates":[35.463703,33.274097,0]},"properties":{"event_id":2072,"data_org":"Green","event_date":"2026-03-28T00:00:00.000Z","post_date":"2026-03-28T00:00:00.000Z","pub_date":"2026-03-28T00:00:00.000Z","actor":"Hezbollah","claimed":"","event_type":"Rocket Attack","city":"Qantara","province":"","country":"Lebanon","latitude":33.274097,"longitude":35.463703,"coord_type":"general town","source_1":"https://t.me/mmirleb/13413","source_2":"","sources":""}},{"type":"Feature","geometry":{"type":"Point","coordinates":[35.209091,33.14555899999999,0]},"properties":{"event_id":2073,"data_org":"Green","event_date":"2026-03-28T00:00:00.000Z","post_date":"2026-03-28T00:00:00.000Z","pub_date":"2026-03-28T00:00:00.000Z","actor":"Hezbollah","claimed":"","event_type":"Direct Engagement","city":"Chama","province":"","country":"Lebanon","latitude":33.145559,"longitude":35.209091,"coord_type":"general town","source_1":"https://t.me/mmirleb/13415","source_2":"","sources":""}},{"type":"Feature","geometry":{"type":"Point","coordinates":[35.616103,33.274572,0]},"properties":{"event_id":2074,"data_org":"Green","event_date":"2026-03-28T00:00:00.000Z","post_date":"2026-03-28T00:00:00.000Z","pub_date":"2026-03-28T00:00:00.000Z","actor":"Hezbollah","claimed":"","event_type":"Rocket Attack","city":"Ghahjar","province":"","country":"Lebanon","latitude":33.274572,"longitude":35.616103,"coord_type":"general town","source_1":"https://t.me/mmirleb/13417","source_2":"","sources":""}},{"type":"Feature","geometry":{"type":"Point","coordinates":[35.616103,33.274572,0]},"properties":{"event_id":2075,"data_org":"Green","event_date":"2026-03-28T00:00:00.000Z","post_date":"2026-03-28T00:00:00.000Z","pub_date":"2026-03-28T00:00:00.000Z","actor":"Hezbollah","claimed":"","event_type":"Mortar Attack","city":"Ghahjar","province":"","country":"Lebanon","latitude":33.274572,"longitude":35.616103,"coord_type":"general town","source_1":"https://t.me/mmirleb/13417","source_2":"","sources":""}},{"type":"Feature","geometry":{"type":"Point","coordinates":[35.52002,33.276509999999995,0]},"properties":{"event_id":2076,"data_org":"Green","event_date":"2026-03-28T00:00:00.000Z","post_date":"2026-03-28T00:00:00.000Z","pub_date":"2026-03-28T00:00:00.000Z","actor":"Hezbollah","claimed":"","event_type":"Rocket Attack","city":"Taybeh","province":"","country":"Lebanon","latitude":33.27651,"longitude":35.52002,"coord_type":"general town","source_1":"https://t.me/mmirleb/13421","source_2":"","sources":""}},{"type":"Feature","geometry":{"type":"Point","coordinates":[35.52002,33.276509999999995,0]},"properties":{"event_id":2040,"data_org":"Green","event_date":"2026-03-27T00:00:00.000Z","post_date":"2026-03-27T00:00:00.000Z","pub_date":"2026-03-28T00:00:00.000Z","actor":"Hezbollah","claimed":"","event_type":"Rocket Attack","city":"Taybeh","province":"","country":"Lebanon","latitude":33.27651,"longitude":35.52002,"coord_type":"general town","source_1":"https://t.me/mmirleb/13308","source_2":"","sources":""}},{"type":"Feature","geometry":{"type":"Point","coordinates":[35.498276,33.29075399999999,0]},"properties":{"event_id":2041,"data_org":"Green","event_date":"2026-03-27T00:00:00.000Z","post_date":"2026-03-27T00:00:00.000Z","pub_date":"2026-03-28T00:00:00.000Z","actor":"Hezbollah","claimed":"","event_type":"Drone Attack","city":"Deir Seryan","province":"","country":"Lebanon","latitude":33.290754,"longitude":35.498276,"coord_type":"general town","source_1":"https://t.me/mmirleb/13310","source_2":"","sources":""}},{"type":"Feature","geometry":{"type":"Point","coordinates":[35.463703,33.274097,0]},"properties":{"event_id":2042,"data_org":"Green","event_date":"2026-03-27T00:00:00.000Z","post_date":"2026-03-27T00:00:00.000Z","pub_date":"2026-03-28T00:00:00.000Z","actor":"Hezbollah","claimed":"","event_type":"Rocket Attack","city":"Qantara","province":"","country":"Lebanon","latitude":33.274097,"longitude":35.463703,"coord_type":"general town","source_1":"https://t.me/mmirleb/13312","source_2":"","sources":""}},{"type":"Feature","geometry":{"type":"Point","coordinates":[35.33621,33.133019,0]},"properties":{"event_id":2043,"data_org":"Green","event_date":"2026-03-27T00:00:00.000Z","post_date":"2026-03-27T00:00:00.000Z","pub_date":"2026-03-28T00:00:00.000Z","actor":"Hezbollah","claimed":"","event_type":"Rocket Attack","city":"Beit Lif","province":"","country":"Lebanon","latitude":33.133019,"longitude":35.33621,"coord_type":"general town","source_1":"https://t.me/mmirleb/13314","source_2":"","sources":""}},{"type":"Feature","geometry":{"type":"Point","coordinates":[35.463703,33.274097,0]},"properties":{"event_id":2044,"data_org":"Green","event_date":"2026-03-27T00:00:00.000Z","post_date":"2026-03-27T00:00:00.000Z","pub_date":"2026-03-28T00:00:00.000Z","actor":"Hezbollah","claimed":"","event_type":"Rocket Attack","city":"Qantara","province":"","country":"Lebanon","latitude":33.274097,"longitude":35.463703,"coord_type":"general town","source_1":"https://t.me/mmirleb/13314","source_2":"","sources":""}},{"type":"Feature","geometry":{"type":"Point","coordinates":[35.567141,33.526296,0]},"properties":{"event_id":2045,"data_org":"Green","event_date":"2026-03-27T00:00:00.000Z","post_date":"2026-03-27T00:00:00.000Z","pub_date":"2026-03-28T00:00:00.000Z","actor":"Hezbollah","claimed":"","event_type":"Drone Attack","city":"Biyyadah","province":"","country":"Lebanon","latitude":33.526296,"longitude":35.567141,"coord_type":"general town","source_1":"https://t.me/mmirleb/13316","source_2":"","sources":""}},{"type":"Feature","geometry":{"type":"Point","coordinates":[35.498276,33.29075399999999,0]},"properties":{"event_id":2046,"data_org":"Green","event_date":"2026-03-27T00:00:00.000Z","post_date":"2026-03-27T00:00:00.000Z","pub_date":"2026-03-28T00:00:00.000Z","actor":"Hezbollah","claimed":"","event_type":"Rocket Attack","city":"Deir Seryan","province":"","country":"Lebanon","latitude":33.290754,"longitude":35.498276,"coord_type":"general town","source_1":"https://t.me/mmirleb/13335","source_2":"","sources":""}},{"type":"Feature","geometry":{"type":"Point","coordinates":[35.463703,33.274097,0]},"properties":{"event_id":2047,"data_org":"Green","event_date":"2026-03-27T00:00:00.000Z","post_date":"2026-03-27T00:00:00.000Z","pub_date":"2026-03-28T00:00:00.000Z","actor":"Hezbollah","claimed":"","event_type":"Rocket Attack","city":"Qantara","province":"","country":"Lebanon","latitude":33.274097,"longitude":35.463703,"coord_type":"general town","source_1":"https://t.me/mmirleb/13337","source_2":"","sources":""}},{"type":"Feature","geometry":{"type":"Point","coordinates":[35.463703,33.274097,0]},"properties":{"event_id":2048,"data_org":"Green","event_date":"2026-03-27T00:00:00.000Z","post_date":"2026-03-27T00:00:00.000Z","pub_date":"2026-03-28T00:00:00.000Z","actor":"Hezbollah","claimed":"","event_type":"Mortar Attack","city":"Qantara","province":"","country":"Lebanon","latitude":33.274097,"longitude":35.463703,"coord_type":"general town","source_1":"https://t.me/mmirleb/13337","source_2":"","sources":""}},{"type":"Feature","geometry":{"type":"Point","coordinates":[35.52002,33.276509999999995,0]},"properties":{"event_id":2049,"data_org":"Green","event_date":"2026-03-27T00:00:00.000Z","post_date":"2026-03-27T00:00:00.000Z","pub_date":"2026-03-28T00:00:00.000Z","actor":"Hezbollah","claimed":"","event_type":"Direct Engagement","city":"Taybeh","province":"","country":"Lebanon","latitude":33.27651,"longitude":35.52002,"coord_type":"general town","source_1":"https://t.me/mmirleb/13346","source_2":"","sources":""}},{"type":"Feature","geometry":{"type":"Point","coordinates":[35.52002,33.276509999999995,0]},"properties":{"event_id":2050,"data_org":"Green","event_date":"2026-03-27T00:00:00.000Z","post_date":"2026-03-27T00:00:00.000Z","pub_date":"2026-03-28T00:00:00.000Z","actor":"Hezbollah","claimed":"","event_type":"Mortar Attack","city":"Taybeh","province":"","country":"Lebanon","latitude":33.27651,"longitude":35.52002,"coord_type":"general town","source_1":"https://t.me/mmirleb/13346","source_2":"","sources":""}},{"type":"Feature","geometry":{"type":"Point","coordinates":[35.52002,33.276509999999995,0]},"properties":{"event_id":2051,"data_org":"Green","event_date":"2026-03-27T00:00:00.000Z","post_date":"2026-03-27T00:00:00.000Z","pub_date":"2026-03-28T00:00:00.000Z","actor":"Hezbollah","claimed":"","event_type":"Drone Attack","city":"Taybeh","province":"","country":"Lebanon","latitude":33.27651,"longitude":35.52002,"coord_type":"general town","source_1":"https://t.me/mmirleb/13346","source_2":"","sources":""}},{"type":"Feature","geometry":{"type":"Point","coordinates":[35.463703,33.274097,0]},"properties":{"event_id":2052,"data_org":"Green","event_date":"2026-03-27T00:00:00.000Z","post_date":"2026-03-27T00:00:00.000Z","pub_date":"2026-03-28T00:00:00.000Z","actor":"Hezbollah","claimed":"","event_type":"Direct Engagement","city":"Qantara","province":"","country":"Lebanon","latitude":33.274097,"longitude":35.463703,"coord_type":"general town","source_1":"https://t.me/mmirleb/13351","source_2":"","sources":""}},{"type":"Feature","geometry":{"type":"Point","coordinates":[35.463703,33.274097,0]},"properties":{"event_id":2081,"data_org":"Green","event_date":"2026-03-29T00:00:00.000Z","post_date":"2026-03-29T00:00:00.000Z","pub_date":"2026-03-29T00:00:00.000Z","actor":"Hezbollah","claimed":"","event_type":"Direct Engagement","city":"Qantara","province":"","country":"Lebanon","latitude":33.274097,"longitude":35.463703,"coord_type":"general town","source_1":"https://t.me/mmirleb/13472","source_2":"","sources":""}},{"type":"Feature","geometry":{"type":"Point","coordinates":[35.463703,33.274097,0]},"properties":{"event_id":2082,"data_org":"Green","event_date":"2026-03-29T00:00:00.000Z","post_date":"2026-03-29T00:00:00.000Z","pub_date":"2026-03-29T00:00:00.000Z","actor":"Hezbollah","claimed":"","event_type":"Mortar Attack","city":"Qantara","province":"","country":"Lebanon","latitude":33.274097,"longitude":35.463703,"coord_type":"general town","source_1":"https://t.me/mmirleb/13472","source_2":"","sources":""}},{"type":"Feature","geometry":{"type":"Point","coordinates":[35.463703,33.274097,0]},"properties":{"event_id":2083,"data_org":"Green","event_date":"2026-03-29T00:00:00.000Z","post_date":"2026-03-29T00:00:00.000Z","pub_date":"2026-03-29T00:00:00.000Z","actor":"Hezbollah","claimed":"","event_type":"Rocket Attack","city":"Qantara","province":"","country":"Lebanon","latitude":33.274097,"longitude":35.463703,"coord_type":"general town","source_1":"https://t.me/mmirleb/13472","source_2":"","sources":""}},{"type":"Feature","geometry":{"type":"Point","coordinates":[35.182063,33.163287,0]},"properties":{"event_id":2084,"data_org":"Green","event_date":"2026-03-29T00:00:00.000Z","post_date":"2026-03-29T00:00:00.000Z","pub_date":"2026-03-29T00:00:00.000Z","actor":"Hezbollah","claimed":"","event_type":"Direct Engagement","city":"Biyyadah","province":"","country":"Lebanon","latitude":33.163287,"longitude":35.182063,"coord_type":"general town","source_1":"https://t.me/mmirleb/13474","source_2":"","sources":""}},{"type":"Feature","geometry":{"type":"Point","coordinates":[35.1799137,33.16287032999998,0]},"properties":{"event_id":2085,"data_org":"Green","event_date":"2026-03-29T00:00:00.000Z","post_date":"2026-03-29T00:00:00.000Z","pub_date":"2026-03-29T00:00:00.000Z","actor":"Hezbollah","claimed":"","event_type":"Drone Attack","city":"Bayyada","province":"","country":"Lebanon","latitude":33.16287033,"longitude":35.1799137,"coord_type":"exact","source_1":"https://t.me/mmirleb/13476","source_2":"","sources":"https://x.com/BarracudaVol1/status/2044483346508484762?s=20"}},{"type":"Feature","geometry":{"type":"Point","coordinates":[35.208319,33.145406,0]},"properties":{"event_id":2086,"data_org":"Green","event_date":"2026-03-29T00:00:00.000Z","post_date":"2026-03-29T00:00:00.000Z","pub_date":"2026-03-29T00:00:00.000Z","actor":"Hezbollah","claimed":"","event_type":"Direct Engagement","city":"Chama","province":"","country":"Lebanon","latitude":33.145406,"longitude":35.208319,"coord_type":"general town","source_1":"https://t.me/mmirleb/13478","source_2":"","sources":""}},{"type":"Feature","geometry":{"type":"Point","coordinates":[35.435121,33.128954,0]},"properties":{"event_id":2087,"data_org":"Green","event_date":"2026-03-29T00:00:00.000Z","post_date":"2026-03-29T00:00:00.000Z","pub_date":"2026-03-29T00:00:00.000Z","actor":"Hezbollah","claimed":"","event_type":"Direct Engagement","city":"Ainata","province":"","country":"Lebanon","latitude":33.128954,"longitude":35.435121,"coord_type":"general town","source_1":"https://t.me/mmirleb/13480","source_2":"","sources":""}},{"type":"Feature","geometry":{"type":"Point","coordinates":[35.435121,33.128954,0]},"properties":{"event_id":2088,"data_org":"Green","event_date":"2026-03-29T00:00:00.000Z","post_date":"2026-03-29T00:00:00.000Z","pub_date":"2026-03-29T00:00:00.000Z","actor":"Hezbollah","claimed":"","event_type":"Drone Attack","city":"Ainata","province":"","country":"Lebanon","latitude":33.128954,"longitude":35.435121,"coord_type":"general town","source_1":"https://t.me/mmirleb/13480","source_2":"","sources":""}},{"type":"Feature","geometry":{"type":"Point","coordinates":[35.435121,33.128954,0]},"properties":{"event_id":2089,"data_org":"Green","event_date":"2026-03-29T00:00:00.000Z","post_date":"2026-03-29T00:00:00.000Z","pub_date":"2026-03-29T00:00:00.000Z","actor":"Hezbollah","claimed":"","event_type":"Other (see note)","city":"Ainata","province":"","country":"Lebanon","latitude":33.128954,"longitude":35.435121,"coord_type":"general town","source_1":"https://t.me/mmirleb/13480","source_2":"","sources":""}},{"type":"Feature","geometry":{"type":"Point","coordinates":[35.468409,33.115503,0]},"properties":{"event_id":2090,"data_org":"Green","event_date":"2026-03-29T00:00:00.000Z","post_date":"2026-03-29T00:00:00.000Z","pub_date":"2026-03-29T00:00:00.000Z","actor":"Hezbollah","claimed":"","event_type":"Rocket Attack","city":"Aitaroun","province":"","country":"Lebanon","latitude":33.115503,"longitude":35.468409,"coord_type":"general town","source_1":"https://t.me/mmirleb/13484","source_2":"","sources":""}},{"type":"Feature","geometry":{"type":"Point","coordinates":[35.445046,33.10729,0]},"properties":{"event_id":2091,"data_org":"Green","event_date":"2026-03-29T00:00:00.000Z","post_date":"2026-03-29T00:00:00.000Z","pub_date":"2026-03-29T00:00:00.000Z","actor":"Hezbollah","claimed":"","event_type":"Rocket Attack","city":"Maroun al Ras","province":"","country":"Lebanon","latitude":33.10729,"longitude":35.445046,"coord_type":"general town","source_1":"https://t.me/mmirleb/13486","source_2":"","sources":""}},{"type":"Feature","geometry":{"type":"Point","coordinates":[35.435121,33.128954,0]},"properties":{"event_id":2092,"data_org":"Green","event_date":"2026-03-29T00:00:00.000Z","post_date":"2026-03-29T00:00:00.000Z","pub_date":"2026-03-29T00:00:00.000Z","actor":"Hezbollah","claimed":"","event_type":"Rocket Attack","city":"Ainata","province":"","country":"Lebanon","latitude":33.128954,"longitude":35.435121,"coord_type":"general town","source_1":"https://t.me/mmirleb/13488","source_2":"","sources":""}},{"type":"Feature","geometry":{"type":"Point","coordinates":[35.181029,33.103843,0]},"properties":{"event_id":2093,"data_org":"Green","event_date":"2026-03-29T00:00:00.000Z","post_date":"2026-03-29T00:00:00.000Z","pub_date":"2026-03-29T00:00:00.000Z","actor":"Hezbollah","claimed":"","event_type":"Drone Attack","city":"Aalma El Chaeb","province":"","country":"Lebanon","latitude":33.103843,"longitude":35.181029,"coord_type":"general town","source_1":"https://t.me/mmirleb/13490","source_2":"","sources":""}},{"type":"Feature","geometry":{"type":"Point","coordinates":[35.182063,33.163287,0]},"properties":{"event_id":2094,"data_org":"Green","event_date":"2026-03-29T00:00:00.000Z","post_date":"2026-03-29T00:00:00.000Z","pub_date":"2026-03-29T00:00:00.000Z","actor":"Hezbollah","claimed":"","event_type":"Direct Engagement","city":"Biyyadah","province":"","country":"Lebanon","latitude":33.163287,"longitude":35.182063,"coord_type":"general town","source_1":"https://t.me/mmirleb/13492","source_2":"","sources":""}},{"type":"Feature","geometry":{"type":"Point","coordinates":[35.498276,33.29075399999999,0]},"properties":{"event_id":2095,"data_org":"Green","event_date":"2026-03-29T00:00:00.000Z","post_date":"2026-03-29T00:00:00.000Z","pub_date":"2026-03-29T00:00:00.000Z","actor":"Hezbollah","claimed":"","event_type":"Direct Engagement","city":"Deir Seryan","province":"","country":"Lebanon","latitude":33.290754,"longitude":35.498276,"coord_type":"general town","source_1":"https://t.me/mmirleb/13495","source_2":"","sources":""}},{"type":"Feature","geometry":{"type":"Point","coordinates":[35.344398,33.117803,0]},"properties":{"event_id":2096,"data_org":"Green","event_date":"2026-03-29T00:00:00.000Z","post_date":"2026-03-29T00:00:00.000Z","pub_date":"2026-03-29T00:00:00.000Z","actor":"Hezbollah","claimed":"","event_type":"Direct Engagement","city":"Qouzah","province":"","country":"Lebanon","latitude":33.117803,"longitude":35.344398,"coord_type":"general town","source_1":"https://t.me/mmirleb/13497","source_2":"","sources":""}},{"type":"Feature","geometry":{"type":"Point","coordinates":[35.182063,33.163287,0]},"properties":{"event_id":2097,"data_org":"Green","event_date":"2026-03-29T00:00:00.000Z","post_date":"2026-03-29T00:00:00.000Z","pub_date":"2026-03-29T00:00:00.000Z","actor":"Hezbollah","claimed":"","event_type":"Mortar Attack","city":"Biyyadah","province":"","country":"Lebanon","latitude":33.163287,"longitude":35.182063,"coord_type":"general town","source_1":"https://t.me/mmirleb/13499","source_2":"","sources":""}},{"type":"Feature","geometry":{"type":"Point","coordinates":[35.33621,33.133019,0]},"properties":{"event_id":2098,"data_org":"Green","event_date":"2026-03-29T00:00:00.000Z","post_date":"2026-03-29T00:00:00.000Z","pub_date":"2026-03-29T00:00:00.000Z","actor":"Hezbollah","claimed":"","event_type":"Direct Engagement","city":"Beit Lif","province":"","country":"Lebanon","latitude":33.133019,"longitude":35.33621,"coord_type":"general town","source_1":"https://t.me/mmirleb/13503","source_2":"","sources":""}},{"type":"Feature","geometry":{"type":"Point","coordinates":[35.208319,33.145406,0]},"properties":{"event_id":2099,"data_org":"Green","event_date":"2026-03-29T00:00:00.000Z","post_date":"2026-03-29T00:00:00.000Z","pub_date":"2026-03-29T00:00:00.000Z","actor":"Hezbollah","claimed":"","event_type":"Direct Engagement","city":"Chama","province":"","country":"Lebanon","latitude":33.145406,"longitude":35.208319,"coord_type":"general town","source_1":"https://t.me/s/mmirleb","source_2":"","sources":""}},{"type":"Feature","geometry":{"type":"Point","coordinates":[35.498276,33.29075399999999,0]},"properties":{"event_id":2100,"data_org":"Green","event_date":"2026-03-29T00:00:00.000Z","post_date":"2026-03-29T00:00:00.000Z","pub_date":"2026-03-29T00:00:00.000Z","actor":"Hezbollah","claimed":"","event_type":"Rocket Attack","city":"Deir Seryan","province":"","country":"Lebanon","latitude":33.290754,"longitude":35.498276,"coord_type":"general town","source_1":"https://t.me/mmirleb/13507","source_2":"","sources":""}},{"type":"Feature","geometry":{"type":"Point","coordinates":[35.616103,33.274572,0]},"properties":{"event_id":2101,"data_org":"Green","event_date":"2026-03-29T00:00:00.000Z","post_date":"2026-03-29T00:00:00.000Z","pub_date":"2026-03-29T00:00:00.000Z","actor":"Hezbollah","claimed":"","event_type":"Rocket Attack","city":"Ghahjar","province":"","country":"Lebanon","latitude":33.274572,"longitude":35.616103,"coord_type":"general town","source_1":"https://t.me/mmirleb/13509","source_2":"","sources":""}},{"type":"Feature","geometry":{"type":"Point","coordinates":[35.468409,33.115503,0]},"properties":{"event_id":2102,"data_org":"Green","event_date":"2026-03-29T00:00:00.000Z","post_date":"2026-03-29T00:00:00.000Z","pub_date":"2026-03-29T00:00:00.000Z","actor":"Hezbollah","claimed":"","event_type":"Rocket Attack","city":"Aitaroun","province":"","country":"Lebanon","latitude":33.115503,"longitude":35.468409,"coord_type":"general town","source_1":"https://t.me/mmirleb/13511","source_2":"","sources":""}},{"type":"Feature","geometry":{"type":"Point","coordinates":[35.468409,33.115503,0]},"properties":{"event_id":2105,"data_org":"Green","event_date":"2026-03-29T00:00:00.000Z","post_date":"2026-03-29T00:00:00.000Z","pub_date":"2026-03-29T00:00:00.000Z","actor":"Hezbollah","claimed":"","event_type":"Rocket Attack","city":"Aitaroun","province":"","country":"Lebanon","latitude":33.115503,"longitude":35.468409,"coord_type":"general town","source_1":"https://t.me/mmirleb/13523","source_2":"","sources":""}},{"type":"Feature","geometry":{"type":"Point","coordinates":[35.60797,33.32021,0]},"properties":{"event_id":2106,"data_org":"Green","event_date":"2026-03-29T00:00:00.000Z","post_date":"2026-03-29T00:00:00.000Z","pub_date":"2026-03-29T00:00:00.000Z","actor":"Hezbollah","claimed":"","event_type":"Drone Attack","city":"Khiam","province":"","country":"Lebanon","latitude":33.32021,"longitude":35.60797,"coord_type":"exact","source_1":"https://t.me/mmirleb/13527","source_2":"","sources":""}},{"type":"Feature","geometry":{"type":"Point","coordinates":[35.463703,33.274097,0]},"properties":{"event_id":2108,"data_org":"Green","event_date":"2026-03-29T00:00:00.000Z","post_date":"2026-03-29T00:00:00.000Z","pub_date":"2026-03-29T00:00:00.000Z","actor":"Hezbollah","claimed":"","event_type":"Direct Engagement","city":"Qantara","province":"","country":"Lebanon","latitude":33.274097,"longitude":35.463703,"coord_type":"general town","source_1":"https://t.me/mmirleb/13531","source_2":"","sources":""}},{"type":"Feature","geometry":{"type":"Point","coordinates":[35.463703,33.274097,0]},"properties":{"event_id":2109,"data_org":"Green","event_date":"2026-03-29T00:00:00.000Z","post_date":"2026-03-29T00:00:00.000Z","pub_date":"2026-03-29T00:00:00.000Z","actor":"Hezbollah","claimed":"","event_type":"Drone Attack","city":"Qantara","province":"","country":"Lebanon","latitude":33.274097,"longitude":35.463703,"coord_type":"general town","source_1":"https://t.me/mmirleb/13533","source_2":"","sources":""}},{"type":"Feature","geometry":{"type":"Point","coordinates":[35.52002,33.276509999999995,0]},"properties":{"event_id":2077,"data_org":"Green","event_date":"2026-03-28T00:00:00.000Z","post_date":"2026-03-28T00:00:00.000Z","pub_date":"2026-03-29T00:00:00.000Z","actor":"Hezbollah","claimed":"","event_type":"Rocket Attack","city":"Taybeh","province":"","country":"Lebanon","latitude":33.27651,"longitude":35.52002,"coord_type":"general town","source_1":"https://t.me/mmirleb/13423","source_2":"","sources":""}},{"type":"Feature","geometry":{"type":"Point","coordinates":[35.464296,33.270855999999995,0]},"properties":{"event_id":2078,"data_org":"Green","event_date":"2026-03-28T00:00:00.000Z","post_date":"2026-03-28T00:00:00.000Z","pub_date":"2026-03-29T00:00:00.000Z","actor":"Hezbollah","claimed":"","event_type":"Rocket Attack","city":"Qantara","province":"","country":"Lebanon","latitude":33.270856,"longitude":35.464296,"coord_type":"general town","source_1":"https://t.me/mmirleb/13425","source_2":"","sources":""}},{"type":"Feature","geometry":{"type":"Point","coordinates":[35.498276,33.29075399999999,0]},"properties":{"event_id":2079,"data_org":"Green","event_date":"2026-03-28T00:00:00.000Z","post_date":"2026-03-28T00:00:00.000Z","pub_date":"2026-03-29T00:00:00.000Z","actor":"Hezbollah","claimed":"","event_type":"Mortar Attack","city":"Deir Seryan","province":"","country":"Lebanon","latitude":33.290754,"longitude":35.498276,"coord_type":"general town","source_1":"https://t.me/mmirleb/13443","source_2":"","sources":""}},{"type":"Feature","geometry":{"type":"Point","coordinates":[35.543404,33.25532599999999,0]},"properties":{"event_id":2132,"data_org":"Green","event_date":"2026-03-30T00:00:00.000Z","post_date":"2026-03-30T00:00:00.000Z","pub_date":"2026-03-30T00:00:00.000Z","actor":"Hezbollah","claimed":"","event_type":"Rocket Attack","city":"Odaisseh","province":"","country":"Lebanon","latitude":33.255326,"longitude":35.543404,"coord_type":"general town","source_1":"https://t.me/mmirleb/13612","source_2":"","sources":""}},{"type":"Feature","geometry":{"type":"Point","coordinates":[35.543404,33.25532599999999,0]},"properties":{"event_id":2133,"data_org":"Green","event_date":"2026-03-30T00:00:00.000Z","post_date":"2026-03-30T00:00:00.000Z","pub_date":"2026-03-30T00:00:00.000Z","actor":"Hezbollah","claimed":"","event_type":"Rocket Attack","city":"Odaisseh","province":"","country":"Lebanon","latitude":33.255326,"longitude":35.543404,"coord_type":"general town","source_1":"https://t.me/mmirleb/13614","source_2":"","sources":""}},{"type":"Feature","geometry":{"type":"Point","coordinates":[35.332476,33.133933999999996,0]},"properties":{"event_id":2134,"data_org":"Green","event_date":"2026-03-30T00:00:00.000Z","post_date":"2026-03-30T00:00:00.000Z","pub_date":"2026-03-30T00:00:00.000Z","actor":"Hezbollah","claimed":"","event_type":"Direct Engagement","city":"Beit Lif","province":"","country":"Lebanon","latitude":33.133934,"longitude":35.332476,"coord_type":"general town","source_1":"https://t.me/mmirleb/13627","source_2":"","sources":""}},{"type":"Feature","geometry":{"type":"Point","coordinates":[35.524465,33.283117999999995,0]},"properties":{"event_id":2135,"data_org":"Green","event_date":"2026-03-30T00:00:00.000Z","post_date":"2026-03-30T00:00:00.000Z","pub_date":"2026-03-30T00:00:00.000Z","actor":"Hezbollah","claimed":"","event_type":"Direct Engagement","city":"Taybeh","province":"","country":"Lebanon","latitude":33.283118,"longitude":35.524465,"coord_type":"general neighborhood","source_1":"https://t.me/mmirleb/13629","source_2":"","sources":""}},{"type":"Feature","geometry":{"type":"Point","coordinates":[35.498276,33.29075399999999,0]},"properties":{"event_id":2136,"data_org":"Green","event_date":"2026-03-30T00:00:00.000Z","post_date":"2026-03-30T00:00:00.000Z","pub_date":"2026-03-30T00:00:00.000Z","actor":"Hezbollah","claimed":"","event_type":"Mortar Attack","city":"Deir Seryan","province":"","country":"Lebanon","latitude":33.290754,"longitude":35.498276,"coord_type":"general town","source_1":"https://t.me/mmirleb/13631","source_2":"","sources":""}},{"type":"Feature","geometry":{"type":"Point","coordinates":[35.498276,33.29075399999999,0]},"properties":{"event_id":2137,"data_org":"Green","event_date":"2026-03-30T00:00:00.000Z","post_date":"2026-03-30T00:00:00.000Z","pub_date":"2026-03-30T00:00:00.000Z","actor":"Hezbollah","claimed":"","event_type":"Drone Attack","city":"Deir Seryan","province":"","country":"Lebanon","latitude":33.290754,"longitude":35.498276,"coord_type":"general town","source_1":"https://t.me/mmirleb/13633","source_2":"","sources":""}},{"type":"Feature","geometry":{"type":"Point","coordinates":[35.463703,33.274097,0]},"properties":{"event_id":2138,"data_org":"Green","event_date":"2026-03-30T00:00:00.000Z","post_date":"2026-03-30T00:00:00.000Z","pub_date":"2026-03-30T00:00:00.000Z","actor":"Hezbollah","claimed":"","event_type":"Rocket Attack","city":"Qantara","province":"","country":"Lebanon","latitude":33.274097,"longitude":35.463703,"coord_type":"general town","source_1":"https://t.me/mmirleb/13639","source_2":"","sources":""}},{"type":"Feature","geometry":{"type":"Point","coordinates":[35.435121,33.128954,0]},"properties":{"event_id":2139,"data_org":"Green","event_date":"2026-03-30T00:00:00.000Z","post_date":"2026-03-30T00:00:00.000Z","pub_date":"2026-03-30T00:00:00.000Z","actor":"Hezbollah","claimed":"","event_type":"Mortar Attack","city":"Ainata","province":"","country":"Lebanon","latitude":33.128954,"longitude":35.435121,"coord_type":"general town","source_1":"https://t.me/mmirleb/13641","source_2":"","sources":""}},{"type":"Feature","geometry":{"type":"Point","coordinates":[35.435121,33.128954,0]},"properties":{"event_id":2140,"data_org":"Green","event_date":"2026-03-30T00:00:00.000Z","post_date":"2026-03-30T00:00:00.000Z","pub_date":"2026-03-30T00:00:00.000Z","actor":"Hezbollah","claimed":"","event_type":"Rocket Attack","city":"Ainata","province":"","country":"Lebanon","latitude":33.128954,"longitude":35.435121,"coord_type":"general town","source_1":"https://t.me/mmirleb/13643","source_2":"","sources":""}},{"type":"Feature","geometry":{"type":"Point","coordinates":[35.498276,33.29075399999999,0]},"properties":{"event_id":2141,"data_org":"Green","event_date":"2026-03-30T00:00:00.000Z","post_date":"2026-03-30T00:00:00.000Z","pub_date":"2026-03-30T00:00:00.000Z","actor":"Hezbollah","claimed":"","event_type":"Rocket Attack","city":"Deir Seryan","province":"","country":"Lebanon","latitude":33.290754,"longitude":35.498276,"coord_type":"general town","source_1":"https://t.me/mmirleb/13645","source_2":"","sources":""}},{"type":"Feature","geometry":{"type":"Point","coordinates":[35.498276,33.29075399999999,0]},"properties":{"event_id":2142,"data_org":"Green","event_date":"2026-03-30T00:00:00.000Z","post_date":"2026-03-30T00:00:00.000Z","pub_date":"2026-03-30T00:00:00.000Z","actor":"Hezbollah","claimed":"","event_type":"Mortar Attack","city":"Deir Seryan","province":"","country":"Lebanon","latitude":33.290754,"longitude":35.498276,"coord_type":"general town","source_1":"https://t.me/mmirleb/13645","source_2":"","sources":""}},{"type":"Feature","geometry":{"type":"Point","coordinates":[35.435121,33.128954,0]},"properties":{"event_id":2143,"data_org":"Green","event_date":"2026-03-30T00:00:00.000Z","post_date":"2026-03-30T00:00:00.000Z","pub_date":"2026-03-30T00:00:00.000Z","actor":"Hezbollah","claimed":"","event_type":"Rocket Attack","city":"Ainata","province":"","country":"Lebanon","latitude":33.128954,"longitude":35.435121,"coord_type":"general town","source_1":"https://t.me/mmirleb/13647","source_2":"","sources":""}},{"type":"Feature","geometry":{"type":"Point","coordinates":[35.435121,33.128954,0]},"properties":{"event_id":2144,"data_org":"Green","event_date":"2026-03-30T00:00:00.000Z","post_date":"2026-03-30T00:00:00.000Z","pub_date":"2026-03-30T00:00:00.000Z","actor":"Hezbollah","claimed":"","event_type":"Mortar Attack","city":"Ainata","province":"","country":"Lebanon","latitude":33.128954,"longitude":35.435121,"coord_type":"general town","source_1":"https://t.me/mmirleb/13647","source_2":"","sources":""}},{"type":"Feature","geometry":{"type":"Point","coordinates":[35.463703,33.274097,0]},"properties":{"event_id":2145,"data_org":"Green","event_date":"2026-03-30T00:00:00.000Z","post_date":"2026-03-30T00:00:00.000Z","pub_date":"2026-03-30T00:00:00.000Z","actor":"Hezbollah","claimed":"","event_type":"Drone Attack","city":"Qantara","province":"","country":"Lebanon","latitude":33.274097,"longitude":35.463703,"coord_type":"general town","source_1":"https://t.me/mmirleb/13649","source_2":"","sources":""}},{"type":"Feature","geometry":{"type":"Point","coordinates":[35.425807,33.081957,0]},"properties":{"event_id":2146,"data_org":"Green","event_date":"2026-03-30T00:00:00.000Z","post_date":"2026-03-30T00:00:00.000Z","pub_date":"2026-03-30T00:00:00.000Z","actor":"Hezbollah","claimed":"","event_type":"Rocket Attack","city":"Yaroun","province":"","country":"Lebanon","latitude":33.081957,"longitude":35.425807,"coord_type":"general town","source_1":"https://t.me/mmirleb/13653","source_2":"","sources":""}},{"type":"Feature","geometry":{"type":"Point","coordinates":[35.435121,33.128954,0]},"properties":{"event_id":2147,"data_org":"Green","event_date":"2026-03-30T00:00:00.000Z","post_date":"2026-03-30T00:00:00.000Z","pub_date":"2026-03-30T00:00:00.000Z","actor":"Hezbollah","claimed":"","event_type":"Direct Engagement","city":"Ainata","province":"","country":"Lebanon","latitude":33.128954,"longitude":35.435121,"coord_type":"general town","source_1":"https://t.me/mmirleb/13658","source_2":"","sources":""}},{"type":"Feature","geometry":{"type":"Point","coordinates":[35.435121,33.128954,0]},"properties":{"event_id":2148,"data_org":"Green","event_date":"2026-03-30T00:00:00.000Z","post_date":"2026-03-30T00:00:00.000Z","pub_date":"2026-03-30T00:00:00.000Z","actor":"Hezbollah","claimed":"","event_type":"Direct Engagement","city":"Ainata","province":"","country":"Lebanon","latitude":33.128954,"longitude":35.435121,"coord_type":"general town","source_1":"https://t.me/mmirleb/13658","source_2":"","sources":""}},{"type":"Feature","geometry":{"type":"Point","coordinates":[35.332476,33.133933999999996,0]},"properties":{"event_id":2149,"data_org":"Green","event_date":"2026-03-30T00:00:00.000Z","post_date":"2026-03-30T00:00:00.000Z","pub_date":"2026-03-30T00:00:00.000Z","actor":"Hezbollah","claimed":"","event_type":"Direct Engagement","city":"Beit Lif","province":"","country":"Lebanon","latitude":33.133934,"longitude":35.332476,"coord_type":"general town","source_1":"https://t.me/mmirleb/13660","source_2":"https://t.me/mmirleb/15576","sources":""}},{"type":"Feature","geometry":{"type":"Point","coordinates":[35.435121,33.128954,0]},"properties":{"event_id":2150,"data_org":"Green","event_date":"2026-03-30T00:00:00.000Z","post_date":"2026-03-30T00:00:00.000Z","pub_date":"2026-03-30T00:00:00.000Z","actor":"Hezbollah","claimed":"","event_type":"Direct Engagement","city":"Ainata","province":"","country":"Lebanon","latitude":33.128954,"longitude":35.435121,"coord_type":"general town","source_1":"https://t.me/mmirleb/13662","source_2":"","sources":""}},{"type":"Feature","geometry":{"type":"Point","coordinates":[35.450736,33.122260000000004,0]},"properties":{"event_id":2151,"data_org":"Green","event_date":"2026-03-30T00:00:00.000Z","post_date":"2026-03-30T00:00:00.000Z","pub_date":"2026-03-30T00:00:00.000Z","actor":"Hezbollah","claimed":"","event_type":"Other (see note)","city":"","province":"","country":"Lebanon","latitude":33.12226,"longitude":35.450736,"coord_type":"NA","source_1":"https://t.me/mmirleb/13664","source_2":"","sources":""}},{"type":"Feature","geometry":{"type":"Point","coordinates":[35.51666,33.209613999999995,0]},"properties":{"event_id":2110,"data_org":"Green","event_date":"2026-03-29T00:00:00.000Z","post_date":"2026-03-29T00:00:00.000Z","pub_date":"2026-03-30T00:00:00.000Z","actor":"Hezbollah","claimed":"","event_type":"Direct Engagement","city":"Houla","province":"","country":"Lebanon","latitude":33.209614,"longitude":35.51666,"coord_type":"general town","source_1":"https://t.me/mmirleb/13535","source_2":"","sources":""}},{"type":"Feature","geometry":{"type":"Point","coordinates":[35.51666,33.209613999999995,0]},"properties":{"event_id":2111,"data_org":"Green","event_date":"2026-03-29T00:00:00.000Z","post_date":"2026-03-29T00:00:00.000Z","pub_date":"2026-03-30T00:00:00.000Z","actor":"Hezbollah","claimed":"","event_type":"Mortar Attack","city":"Houla","province":"","country":"Lebanon","latitude":33.209614,"longitude":35.51666,"coord_type":"general town","source_1":"https://t.me/mmirleb/13535","source_2":"","sources":""}},{"type":"Feature","geometry":{"type":"Point","coordinates":[35.332476,33.133933999999996,0]},"properties":{"event_id":2112,"data_org":"Green","event_date":"2026-03-29T00:00:00.000Z","post_date":"2026-03-29T00:00:00.000Z","pub_date":"2026-03-30T00:00:00.000Z","actor":"Hezbollah","claimed":"","event_type":"Drone Attack","city":"Beit Lif","province":"","country":"Lebanon","latitude":33.133934,"longitude":35.332476,"coord_type":"general town","source_1":"https://t.me/mmirleb/13537","source_2":"","sources":""}},{"type":"Feature","geometry":{"type":"Point","coordinates":[35.344398,33.117803,0]},"properties":{"event_id":2113,"data_org":"Green","event_date":"2026-03-29T00:00:00.000Z","post_date":"2026-03-29T00:00:00.000Z","pub_date":"2026-03-30T00:00:00.000Z","actor":"Hezbollah","claimed":"","event_type":"Direct Engagement","city":"Qouzah","province":"","country":"Lebanon","latitude":33.117803,"longitude":35.344398,"coord_type":"general town","source_1":"https://t.me/mmirleb/13539","source_2":"","sources":""}},{"type":"Feature","geometry":{"type":"Point","coordinates":[35.498276,33.29075399999999,0]},"properties":{"event_id":2114,"data_org":"Green","event_date":"2026-03-29T00:00:00.000Z","post_date":"2026-03-29T00:00:00.000Z","pub_date":"2026-03-30T00:00:00.000Z","actor":"Hezbollah","claimed":"","event_type":"Rocket Attack","city":"Deir Seryan","province":"","country":"Lebanon","latitude":33.290754,"longitude":35.498276,"coord_type":"general town","source_1":"https://t.me/mmirleb/13543","source_2":"","sources":""}},{"type":"Feature","geometry":{"type":"Point","coordinates":[35.463703,33.274097,0]},"properties":{"event_id":2115,"data_org":"Green","event_date":"2026-03-29T00:00:00.000Z","post_date":"2026-03-29T00:00:00.000Z","pub_date":"2026-03-30T00:00:00.000Z","actor":"Hezbollah","claimed":"","event_type":"Rocket Attack","city":"Qantara","province":"","country":"Lebanon","latitude":33.274097,"longitude":35.463703,"coord_type":"general town","source_1":"https://t.me/mmirleb/13547","source_2":"","sources":""}},{"type":"Feature","geometry":{"type":"Point","coordinates":[35.463703,33.274097,0]},"properties":{"event_id":2116,"data_org":"Green","event_date":"2026-03-29T00:00:00.000Z","post_date":"2026-03-29T00:00:00.000Z","pub_date":"2026-03-30T00:00:00.000Z","actor":"Hezbollah","claimed":"","event_type":"Mortar Attack","city":"Qantara","province":"","country":"Lebanon","latitude":33.274097,"longitude":35.463703,"coord_type":"general town","source_1":"https://t.me/mmirleb/13551","source_2":"","sources":""}},{"type":"Feature","geometry":{"type":"Point","coordinates":[35.445046,33.10729,0]},"properties":{"event_id":2117,"data_org":"Green","event_date":"2026-03-29T00:00:00.000Z","post_date":"2026-03-29T00:00:00.000Z","pub_date":"2026-03-30T00:00:00.000Z","actor":"Hezbollah","claimed":"","event_type":"Direct Engagement","city":"Maroun al Ras","province":"","country":"Lebanon","latitude":33.10729,"longitude":35.445046,"coord_type":"general town","source_1":"https://t.me/mmirleb/13553","source_2":"","sources":""}},{"type":"Feature","geometry":{"type":"Point","coordinates":[35.445046,33.10729,0]},"properties":{"event_id":2118,"data_org":"Green","event_date":"2026-03-29T00:00:00.000Z","post_date":"2026-03-29T00:00:00.000Z","pub_date":"2026-03-30T00:00:00.000Z","actor":"Hezbollah","claimed":"","event_type":"Anti-Tank Fire","city":"Maroun al Ras","province":"","country":"Lebanon","latitude":33.10729,"longitude":35.445046,"coord_type":"general town","source_1":"https://t.me/mmirleb/13553","source_2":"","sources":""}},{"type":"Feature","geometry":{"type":"Point","coordinates":[35.463703,33.274097,0]},"properties":{"event_id":2119,"data_org":"Green","event_date":"2026-03-29T00:00:00.000Z","post_date":"2026-03-29T00:00:00.000Z","pub_date":"2026-03-30T00:00:00.000Z","actor":"Hezbollah","claimed":"","event_type":"Mortar Attack","city":"Qantara","province":"","country":"Lebanon","latitude":33.274097,"longitude":35.463703,"coord_type":"general town","source_1":"https://t.me/mmirleb/13558","source_2":"","sources":""}},{"type":"Feature","geometry":{"type":"Point","coordinates":[35.463703,33.274097,0]},"properties":{"event_id":2120,"data_org":"Green","event_date":"2026-03-29T00:00:00.000Z","post_date":"2026-03-29T00:00:00.000Z","pub_date":"2026-03-30T00:00:00.000Z","actor":"Hezbollah","claimed":"","event_type":"Mortar Attack","city":"Qantara","province":"","country":"Lebanon","latitude":33.274097,"longitude":35.463703,"coord_type":"general town","source_1":"https://t.me/mmirleb/13560","source_2":"","sources":""}},{"type":"Feature","geometry":{"type":"Point","coordinates":[35.344398,33.117803,0]},"properties":{"event_id":2121,"data_org":"Green","event_date":"2026-03-29T00:00:00.000Z","post_date":"2026-03-29T00:00:00.000Z","pub_date":"2026-03-30T00:00:00.000Z","actor":"Hezbollah","claimed":"","event_type":"Direct Engagement","city":"Qouzah","province":"","country":"Lebanon","latitude":33.117803,"longitude":35.344398,"coord_type":"general town","source_1":"https://t.me/mmirleb/13562","source_2":"","sources":""}},{"type":"Feature","geometry":{"type":"Point","coordinates":[35.344398,33.117803,0]},"properties":{"event_id":2122,"data_org":"Green","event_date":"2026-03-29T00:00:00.000Z","post_date":"2026-03-29T00:00:00.000Z","pub_date":"2026-03-30T00:00:00.000Z","actor":"Hezbollah","claimed":"","event_type":"Drone Attack","city":"Qouzah","province":"","country":"Lebanon","latitude":33.117803,"longitude":35.344398,"coord_type":"general town","source_1":"https://t.me/mmirleb/13562","source_2":"","sources":""}},{"type":"Feature","geometry":{"type":"Point","coordinates":[35.51666,33.209613999999995,0]},"properties":{"event_id":2123,"data_org":"Green","event_date":"2026-03-29T00:00:00.000Z","post_date":"2026-03-29T00:00:00.000Z","pub_date":"2026-03-30T00:00:00.000Z","actor":"Hezbollah","claimed":"","event_type":"Mortar Attack","city":"Houla","province":"","country":"Lebanon","latitude":33.209614,"longitude":35.51666,"coord_type":"general town","source_1":"https://t.me/mmirleb/13564","source_2":"","sources":""}},{"type":"Feature","geometry":{"type":"Point","coordinates":[35.435121,33.128954,0]},"properties":{"event_id":2124,"data_org":"Green","event_date":"2026-03-29T00:00:00.000Z","post_date":"2026-03-29T00:00:00.000Z","pub_date":"2026-03-30T00:00:00.000Z","actor":"Hezbollah","claimed":"","event_type":"Rocket Attack","city":"Ainata","province":"","country":"Lebanon","latitude":33.128954,"longitude":35.435121,"coord_type":"general town","source_1":"https://t.me/mmirleb/13567","source_2":"","sources":""}},{"type":"Feature","geometry":{"type":"Point","coordinates":[35.51666,33.209613999999995,0]},"properties":{"event_id":2125,"data_org":"Green","event_date":"2026-03-29T00:00:00.000Z","post_date":"2026-03-29T00:00:00.000Z","pub_date":"2026-03-30T00:00:00.000Z","actor":"Hezbollah","claimed":"","event_type":"Rocket Attack","city":"Houla","province":"","country":"Lebanon","latitude":33.209614,"longitude":35.51666,"coord_type":"general town","source_1":"https://t.me/mmirleb/13569","source_2":"","sources":""}},{"type":"Feature","geometry":{"type":"Point","coordinates":[35.463703,33.274097,0]},"properties":{"event_id":2126,"data_org":"Green","event_date":"2026-03-29T00:00:00.000Z","post_date":"2026-03-29T00:00:00.000Z","pub_date":"2026-03-30T00:00:00.000Z","actor":"Hezbollah","claimed":"","event_type":"Rocket Attack","city":"Qantara","province":"","country":"Lebanon","latitude":33.274097,"longitude":35.463703,"coord_type":"general town","source_1":"https://t.me/mmirleb/13575","source_2":"","sources":""}},{"type":"Feature","geometry":{"type":"Point","coordinates":[35.435121,33.128954,0]},"properties":{"event_id":2127,"data_org":"Green","event_date":"2026-03-29T00:00:00.000Z","post_date":"2026-03-29T00:00:00.000Z","pub_date":"2026-03-30T00:00:00.000Z","actor":"Hezbollah","claimed":"","event_type":"Rocket Attack","city":"Ainata","province":"","country":"Lebanon","latitude":33.128954,"longitude":35.435121,"coord_type":"general town","source_1":"https://t.me/mmirleb/13577","source_2":"","sources":""}},{"type":"Feature","geometry":{"type":"Point","coordinates":[35.344398,33.117803,0]},"properties":{"event_id":2128,"data_org":"Green","event_date":"2026-03-29T00:00:00.000Z","post_date":"2026-03-29T00:00:00.000Z","pub_date":"2026-03-30T00:00:00.000Z","actor":"Hezbollah","claimed":"","event_type":"Direct Engagement","city":"Qouzah","province":"","country":"Lebanon","latitude":33.117803,"longitude":35.344398,"coord_type":"general town","source_1":"https://t.me/mmirleb/13585","source_2":"","sources":""}},{"type":"Feature","geometry":{"type":"Point","coordinates":[35.498276,33.29075399999999,0]},"properties":{"event_id":2129,"data_org":"Green","event_date":"2026-03-29T00:00:00.000Z","post_date":"2026-03-29T00:00:00.000Z","pub_date":"2026-03-30T00:00:00.000Z","actor":"Hezbollah","claimed":"","event_type":"Drone Attack","city":"Deir Seryan","province":"","country":"Lebanon","latitude":33.290754,"longitude":35.498276,"coord_type":"general town","source_1":"https://t.me/mmirleb/13587","source_2":"","sources":""}},{"type":"Feature","geometry":{"type":"Point","coordinates":[35.498276,33.29075399999999,0]},"properties":{"event_id":2130,"data_org":"Green","event_date":"2026-03-29T00:00:00.000Z","post_date":"2026-03-29T00:00:00.000Z","pub_date":"2026-03-30T00:00:00.000Z","actor":"Hezbollah","claimed":"","event_type":"Rocket Attack","city":"Deir Seryan","province":"","country":"Lebanon","latitude":33.290754,"longitude":35.498276,"coord_type":"general town","source_1":"https://t.me/mmirleb/13589","source_2":"","sources":""}},{"type":"Feature","geometry":{"type":"Point","coordinates":[35.60797,33.32021,0]},"properties":{"event_id":2131,"data_org":"Green","event_date":"2026-03-29T00:00:00.000Z","post_date":"2026-03-29T00:00:00.000Z","pub_date":"2026-03-30T00:00:00.000Z","actor":"Hezbollah","claimed":"","event_type":"Rocket Attack","city":"Khiam","province":"","country":"Lebanon","latitude":33.32021,"longitude":35.60797,"coord_type":"exact","source_1":"https://t.me/mmirleb/13598","source_2":"","sources":""}},{"type":"Feature","geometry":{"type":"Point","coordinates":[35.435121,33.128954,0]},"properties":{"event_id":2161,"data_org":"Green","event_date":"2026-03-31T00:00:00.000Z","post_date":"2026-03-31T00:00:00.000Z","pub_date":"2026-03-31T00:00:00.000Z","actor":"Hezbollah","claimed":"","event_type":"Other (see note)","city":"Ainata","province":"","country":"Lebanon","latitude":33.128954,"longitude":35.435121,"coord_type":"general town","source_1":"https://t.me/mmirleb/13710","source_2":"","sources":""}},{"type":"Feature","geometry":{"type":"Point","coordinates":[35.435121,33.128954,0]},"properties":{"event_id":2162,"data_org":"Green","event_date":"2026-03-31T00:00:00.000Z","post_date":"2026-03-31T00:00:00.000Z","pub_date":"2026-03-31T00:00:00.000Z","actor":"Hezbollah","claimed":"","event_type":"Rocket Attack","city":"Ainata","province":"","country":"Lebanon","latitude":33.128954,"longitude":35.435121,"coord_type":"general town","source_1":"https://t.me/mmirleb/13712","source_2":"","sources":""}},{"type":"Feature","geometry":{"type":"Point","coordinates":[35.535024,33.274969000000006,0]},"properties":{"event_id":2163,"data_org":"Green","event_date":"2026-03-31T00:00:00.000Z","post_date":"2026-03-31T00:00:00.000Z","pub_date":"2026-03-31T00:00:00.000Z","actor":"Hezbollah","claimed":"","event_type":"Rocket Attack","city":"Taybeh","province":"","country":"Lebanon","latitude":33.274969,"longitude":35.535024,"coord_type":"general town","source_1":"https://t.me/mmirleb/13714","source_2":"","sources":""}},{"type":"Feature","geometry":{"type":"Point","coordinates":[35.182063,33.163287,0]},"properties":{"event_id":2164,"data_org":"Green","event_date":"2026-03-31T00:00:00.000Z","post_date":"2026-03-31T00:00:00.000Z","pub_date":"2026-03-31T00:00:00.000Z","actor":"Hezbollah","claimed":"","event_type":"Other (see note)","city":"Biyyadah","province":"","country":"Lebanon","latitude":33.163287,"longitude":35.182063,"coord_type":"general town","source_1":"https://t.me/mmirleb/13720","source_2":"","sources":""}},{"type":"Feature","geometry":{"type":"Point","coordinates":[35.182063,33.163287,0]},"properties":{"event_id":2165,"data_org":"Green","event_date":"2026-03-31T00:00:00.000Z","post_date":"2026-03-31T00:00:00.000Z","pub_date":"2026-03-31T00:00:00.000Z","actor":"Hezbollah","claimed":"","event_type":"Other (see note)","city":"Biyyadah","province":"","country":"Lebanon","latitude":33.163287,"longitude":35.182063,"coord_type":"general town","source_1":"https://t.me/mmirleb/13720","source_2":"","sources":""}},{"type":"Feature","geometry":{"type":"Point","coordinates":[35.435121,33.128954,0]},"properties":{"event_id":2166,"data_org":"Green","event_date":"2026-03-31T00:00:00.000Z","post_date":"2026-03-31T00:00:00.000Z","pub_date":"2026-03-31T00:00:00.000Z","actor":"Hezbollah","claimed":"","event_type":"Mortar Attack","city":"Ainata","province":"","country":"Lebanon","latitude":33.128954,"longitude":35.435121,"coord_type":"general town","source_1":"https://t.me/mmirleb/13722","source_2":"","sources":""}},{"type":"Feature","geometry":{"type":"Point","coordinates":[35.435121,33.128954,0]},"properties":{"event_id":2167,"data_org":"Green","event_date":"2026-03-31T00:00:00.000Z","post_date":"2026-03-31T00:00:00.000Z","pub_date":"2026-03-31T00:00:00.000Z","actor":"Hezbollah","claimed":"","event_type":"Rocket Attack","city":"Ainata","province":"","country":"Lebanon","latitude":33.128954,"longitude":35.435121,"coord_type":"general town","source_1":"https://t.me/mmirleb/13726","source_2":"","sources":""}},{"type":"Feature","geometry":{"type":"Point","coordinates":[35.542026,33.25511999999999,0]},"properties":{"event_id":2168,"data_org":"Green","event_date":"2026-03-31T00:00:00.000Z","post_date":"2026-03-31T00:00:00.000Z","pub_date":"2026-03-31T00:00:00.000Z","actor":"Hezbollah","claimed":"","event_type":"Rocket Attack","city":"Oddaisseh","province":"","country":"Lebanon","latitude":33.25512,"longitude":35.542026,"coord_type":"general town","source_1":"https://t.me/mmirleb/13728","source_2":"","sources":""}},{"type":"Feature","geometry":{"type":"Point","coordinates":[35.535024,33.274969000000006,0]},"properties":{"event_id":2169,"data_org":"Green","event_date":"2026-03-31T00:00:00.000Z","post_date":"2026-03-31T00:00:00.000Z","pub_date":"2026-03-31T00:00:00.000Z","actor":"Hezbollah","claimed":"","event_type":"Other (see note)","city":"Taybeh","province":"","country":"Lebanon","latitude":33.274969,"longitude":35.535024,"coord_type":"general town","source_1":"https://t.me/mmirleb/13730","source_2":"","sources":""}},{"type":"Feature","geometry":{"type":"Point","coordinates":[35.338162,33.131887,0]},"properties":{"event_id":2170,"data_org":"Green","event_date":"2026-03-31T00:00:00.000Z","post_date":"2026-03-31T00:00:00.000Z","pub_date":"2026-03-31T00:00:00.000Z","actor":"Hezbollah","claimed":"","event_type":"Other (see note)","city":"Beit Lif","province":"","country":"Lebanon","latitude":33.131887,"longitude":35.338162,"coord_type":"general town","source_1":"https://t.me/mmirleb/13734","source_2":"","sources":""}},{"type":"Feature","geometry":{"type":"Point","coordinates":[35.341694,33.116078,0]},"properties":{"event_id":2171,"data_org":"Green","event_date":"2026-03-31T00:00:00.000Z","post_date":"2026-03-31T00:00:00.000Z","pub_date":"2026-03-31T00:00:00.000Z","actor":"Hezbollah","claimed":"","event_type":"Direct Engagement","city":"Qouzah","province":"","country":"Lebanon","latitude":33.116078,"longitude":35.341694,"coord_type":"general town","source_1":"https://t.me/mmirleb/13736","source_2":"","sources":""}},{"type":"Feature","geometry":{"type":"Point","coordinates":[35.182063,33.163287,0]},"properties":{"event_id":2152,"data_org":"Green","event_date":"2026-03-30T00:00:00.000Z","post_date":"2026-03-30T00:00:00.000Z","pub_date":"2026-03-31T00:00:00.000Z","actor":"Hezbollah","claimed":"","event_type":"Rocket Attack","city":"Biyyadah","province":"","country":"Lebanon","latitude":33.163287,"longitude":35.182063,"coord_type":"general town","source_1":"https://t.me/mmirleb/13674","source_2":"","sources":""}},{"type":"Feature","geometry":{"type":"Point","coordinates":[35.342209,33.115934999999986,0]},"properties":{"event_id":2153,"data_org":"Green","event_date":"2026-03-30T00:00:00.000Z","post_date":"2026-03-30T00:00:00.000Z","pub_date":"2026-03-31T00:00:00.000Z","actor":"Hezbollah","claimed":"","event_type":"Direct Engagement","city":"Qouza","province":"","country":"Lebanon","latitude":33.115935,"longitude":35.342209,"coord_type":"general town","source_1":"https://t.me/mmirleb/13678","source_2":"","sources":""}},{"type":"Feature","geometry":{"type":"Point","coordinates":[35.435121,33.128954,0]},"properties":{"event_id":2155,"data_org":"Green","event_date":"2026-03-30T00:00:00.000Z","post_date":"2026-03-30T00:00:00.000Z","pub_date":"2026-03-31T00:00:00.000Z","actor":"Hezbollah","claimed":"","event_type":"Rocket Attack","city":"Ainata","province":"","country":"Lebanon","latitude":33.128954,"longitude":35.435121,"coord_type":"general town","source_1":"https://t.me/mmirleb/13682","source_2":"","sources":""}},{"type":"Feature","geometry":{"type":"Point","coordinates":[35.435121,33.128954,0]},"properties":{"event_id":2154,"data_org":"Green","event_date":"2026-03-30T00:00:00.000Z","post_date":"2026-03-30T00:00:00.000Z","pub_date":"2026-03-31T00:00:00.000Z","actor":"Hezbollah","claimed":"","event_type":"Direct Engagement","city":"Ainata","province":"","country":"Lebanon","latitude":33.128954,"longitude":35.435121,"coord_type":"general town","source_1":"https://t.me/mmirleb/13680","source_2":"","sources":""}},{"type":"Feature","geometry":{"type":"Point","coordinates":[35.435121,33.128954,0]},"properties":{"event_id":2156,"data_org":"Green","event_date":"2026-03-30T00:00:00.000Z","post_date":"2026-03-30T00:00:00.000Z","pub_date":"2026-03-31T00:00:00.000Z","actor":"Hezbollah","claimed":"","event_type":"Rocket Attack","city":"Ainata","province":"","country":"Lebanon","latitude":33.128954,"longitude":35.435121,"coord_type":"general town","source_1":"https://t.me/mmirleb/13684","source_2":"","sources":""}},{"type":"Feature","geometry":{"type":"Point","coordinates":[35.451676,33.12993199999998,0]},"properties":{"event_id":2157,"data_org":"Green","event_date":"2026-03-30T00:00:00.000Z","post_date":"2026-03-30T00:00:00.000Z","pub_date":"2026-03-31T00:00:00.000Z","actor":"Hezbollah","claimed":"","event_type":"Rocket Attack","city":"Ainata","province":"","country":"Lebanon","latitude":33.129932,"longitude":35.451676,"coord_type":"general town","source_1":"https://t.me/mmirleb/13684","source_2":"","sources":""}},{"type":"Feature","geometry":{"type":"Point","coordinates":[35.450654,33.124522,0]},"properties":{"event_id":2158,"data_org":"Green","event_date":"2026-03-30T00:00:00.000Z","post_date":"2026-03-30T00:00:00.000Z","pub_date":"2026-03-31T00:00:00.000Z","actor":"Hezbollah","claimed":"","event_type":"Rocket Attack","city":"Ainata","province":"","country":"Lebanon","latitude":33.124522,"longitude":35.450654,"coord_type":"general town","source_1":"https://t.me/mmirleb/13684","source_2":"","sources":""}},{"type":"Feature","geometry":{"type":"Point","coordinates":[35.435121,33.128954,0]},"properties":{"event_id":2159,"data_org":"Green","event_date":"2026-03-30T00:00:00.000Z","post_date":"2026-03-30T00:00:00.000Z","pub_date":"2026-03-31T00:00:00.000Z","actor":"Hezbollah","claimed":"","event_type":"Rocket Attack","city":"Ainata","province":"","country":"Lebanon","latitude":33.128954,"longitude":35.435121,"coord_type":"general town","source_1":"https://t.me/mmirleb/13684","source_2":"","sources":""}},{"type":"Feature","geometry":{"type":"Point","coordinates":[35.49608,33.263130999999994,0]},"properties":{"event_id":2160,"data_org":"Green","event_date":"2026-03-30T00:00:00.000Z","post_date":"2026-03-30T00:00:00.000Z","pub_date":"2026-03-31T00:00:00.000Z","actor":"Hezbollah","claimed":"","event_type":"Direct Engagement","city":"Qantara","province":"","country":"Lebanon","latitude":33.263131,"longitude":35.49608,"coord_type":"general town","source_1":"https://t.me/mmirleb/13692","source_2":"","sources":""}},{"type":"Feature","geometry":{"type":"Point","coordinates":[35.4665417,33.27115500000001,0]},"properties":{"event_id":2183,"data_org":"Green","event_date":"2026-04-01T00:00:00.000Z","post_date":"2026-04-01T00:00:00.000Z","pub_date":"2026-04-01T00:00:00.000Z","actor":"Hezbollah","claimed":"","event_type":"Rocket Attack","city":"Qantara","province":"","country":"Lebanon","latitude":33.271155,"longitude":35.4665417,"coord_type":"general town","source_1":"https://t.me/mmirleb/13820","source_2":"","sources":""}},{"type":"Feature","geometry":{"type":"Point","coordinates":[35.4998424,33.291956,0]},"properties":{"event_id":2184,"data_org":"Green","event_date":"2026-04-01T00:00:00.000Z","post_date":"2026-04-01T00:00:00.000Z","pub_date":"2026-04-01T00:00:00.000Z","actor":"Hezbollah","claimed":"","event_type":"Drone Attack","city":"Deir Siryan","province":"","country":"Lebanon","latitude":33.291956,"longitude":35.4998424,"coord_type":"general town","source_1":"https://t.me/mmirleb/13822","source_2":"","sources":""}},{"type":"Feature","geometry":{"type":"Point","coordinates":[35.542026,33.25511999999999,0]},"properties":{"event_id":2185,"data_org":"Green","event_date":"2026-04-01T00:00:00.000Z","post_date":"2026-04-01T00:00:00.000Z","pub_date":"2026-04-01T00:00:00.000Z","actor":"Hezbollah","claimed":"","event_type":"Mortar Attack","city":"Aadaysit Marjaayoun","province":"","country":"Lebanon","latitude":33.25512,"longitude":35.542026,"coord_type":"general town","source_1":"https://t.me/mmirleb/13824","source_2":"","sources":""}},{"type":"Feature","geometry":{"type":"Point","coordinates":[35.4665417,33.27115500000001,0]},"properties":{"event_id":2186,"data_org":"Green","event_date":"2026-04-01T00:00:00.000Z","post_date":"2026-04-01T00:00:00.000Z","pub_date":"2026-04-01T00:00:00.000Z","actor":"Hezbollah","claimed":"","event_type":"Direct Engagement","city":"Qantara","province":"","country":"Lebanon","latitude":33.271155,"longitude":35.4665417,"coord_type":"general town","source_1":"https://t.me/mmirleb/13830","source_2":"","sources":""}},{"type":"Feature","geometry":{"type":"Point","coordinates":[35.4665417,33.27115500000001,0]},"properties":{"event_id":2187,"data_org":"Green","event_date":"2026-04-01T00:00:00.000Z","post_date":"2026-04-01T00:00:00.000Z","pub_date":"2026-04-01T00:00:00.000Z","actor":"Hezbollah","claimed":"","event_type":"Mortar Attack","city":"Qantara","province":"","country":"Lebanon","latitude":33.271155,"longitude":35.4665417,"coord_type":"general town","source_1":"https://t.me/mmirleb/13832","source_2":"","sources":""}},{"type":"Feature","geometry":{"type":"Point","coordinates":[35.535024,33.274969000000006,0]},"properties":{"event_id":2188,"data_org":"Green","event_date":"2026-04-01T00:00:00.000Z","post_date":"2026-04-01T00:00:00.000Z","pub_date":"2026-04-01T00:00:00.000Z","actor":"Hezbollah","claimed":"","event_type":"Rocket Attack","city":"Taybeh","province":"","country":"Lebanon","latitude":33.274969,"longitude":35.535024,"coord_type":"general town","source_1":"https://t.me/mmirleb/13834","source_2":"","sources":""}},{"type":"Feature","geometry":{"type":"Point","coordinates":[35.4232392,33.080297999999985,0]},"properties":{"event_id":2189,"data_org":"Green","event_date":"2026-04-01T00:00:00.000Z","post_date":"2026-04-01T00:00:00.000Z","pub_date":"2026-04-01T00:00:00.000Z","actor":"Hezbollah","claimed":"","event_type":"Rocket Attack","city":"Yaroun","province":"","country":"Lebanon","latitude":33.080298,"longitude":35.4232392,"coord_type":"general town","source_1":"https://t.me/mmirleb/13838","source_2":"","sources":""}},{"type":"Feature","geometry":{"type":"Point","coordinates":[35.4665417,33.27115500000001,0]},"properties":{"event_id":2191,"data_org":"Green","event_date":"2026-04-01T00:00:00.000Z","post_date":"2026-04-01T00:00:00.000Z","pub_date":"2026-04-01T00:00:00.000Z","actor":"Hezbollah","claimed":"","event_type":"Rocket Attack","city":"Qantara","province":"","country":"Lebanon","latitude":33.271155,"longitude":35.4665417,"coord_type":"general town","source_1":"https://t.me/mmirleb/13849","source_2":"","sources":""}},{"type":"Feature","geometry":{"type":"Point","coordinates":[35.435121,33.128954,0]},"properties":{"event_id":2192,"data_org":"Green","event_date":"2026-04-01T00:00:00.000Z","post_date":"2026-04-01T00:00:00.000Z","pub_date":"2026-04-01T00:00:00.000Z","actor":"Hezbollah","claimed":"","event_type":"Rocket Attack","city":"Ainata","province":"","country":"Lebanon","latitude":33.128954,"longitude":35.435121,"coord_type":"general town","source_1":"https://t.me/mmirleb/13855","source_2":"","sources":""}},{"type":"Feature","geometry":{"type":"Point","coordinates":[35.4903495,33.122631,0]},"properties":{"event_id":2193,"data_org":"Green","event_date":"2026-04-01T00:00:00.000Z","post_date":"2026-04-01T00:00:00.000Z","pub_date":"2026-04-01T00:00:00.000Z","actor":"Hezbollah","claimed":"","event_type":"Rocket Attack","city":"Aitaroun","province":"","country":"Lebanon","latitude":33.122631,"longitude":35.4903495,"coord_type":"general town","source_1":"https://t.me/mmirleb/13857","source_2":"","sources":""}},{"type":"Feature","geometry":{"type":"Point","coordinates":[35.341476,33.116127999999996,0]},"properties":{"event_id":2194,"data_org":"Green","event_date":"2026-04-01T00:00:00.000Z","post_date":"2026-04-01T00:00:00.000Z","pub_date":"2026-04-01T00:00:00.000Z","actor":"Hezbollah","claimed":"","event_type":"Rocket Attack","city":"Qouzah","province":"","country":"Lebanon","latitude":33.116128,"longitude":35.341476,"coord_type":"general town","source_1":"https://t.me/mmirleb/13865","source_2":"","sources":""}},{"type":"Feature","geometry":{"type":"Point","coordinates":[35.4665417,33.27115500000001,0]},"properties":{"event_id":2197,"data_org":"Green","event_date":"2026-04-01T00:00:00.000Z","post_date":"2026-04-01T00:00:00.000Z","pub_date":"2026-04-01T00:00:00.000Z","actor":"Hezbollah","claimed":"","event_type":"Mortar Attack","city":"Qantara","province":"","country":"Lebanon","latitude":33.271155,"longitude":35.4665417,"coord_type":"general town","source_1":"https://t.me/mmirleb/13871","source_2":"","sources":""}},{"type":"Feature","geometry":{"type":"Point","coordinates":[35.5174829,33.233095000000006,0]},"properties":{"event_id":2198,"data_org":"Green","event_date":"2026-04-01T00:00:00.000Z","post_date":"2026-04-01T00:00:00.000Z","pub_date":"2026-04-01T00:00:00.000Z","actor":"Hezbollah","claimed":"","event_type":"Rocket Attack","city":"Markaba","province":"","country":"Lebanon","latitude":33.233095,"longitude":35.5174829,"coord_type":"general town","source_1":"https://t.me/mmirleb/13873","source_2":"","sources":""}},{"type":"Feature","geometry":{"type":"Point","coordinates":[35.5392209,33.25501899999999,0]},"properties":{"event_id":2199,"data_org":"Green","event_date":"2026-04-01T00:00:00.000Z","post_date":"2026-04-01T00:00:00.000Z","pub_date":"2026-04-01T00:00:00.000Z","actor":"Hezbollah","claimed":"","event_type":"Rocket Attack","city":"al Adisa","province":"","country":"Lebanon","latitude":33.255019,"longitude":35.5392209,"coord_type":"general town","source_1":"https://t.me/mmirleb/13875","source_2":"","sources":""}},{"type":"Feature","geometry":{"type":"Point","coordinates":[35.518889,33.248889,0]},"properties":{"event_id":2200,"data_org":"Green","event_date":"2026-04-01T00:00:00.000Z","post_date":"2026-04-01T00:00:00.000Z","pub_date":"2026-04-01T00:00:00.000Z","actor":"Hezbollah","claimed":"","event_type":"Rocket Attack","city":"Rab al Thalathin","province":"","country":"Lebanon","latitude":33.248889,"longitude":35.518889,"coord_type":"general town","source_1":"https://t.me/mmirleb/13877","source_2":"","sources":""}},{"type":"Feature","geometry":{"type":"Point","coordinates":[35.435121,33.128954,0]},"properties":{"event_id":2202,"data_org":"Green","event_date":"2026-04-01T00:00:00.000Z","post_date":"2026-04-01T00:00:00.000Z","pub_date":"2026-04-01T00:00:00.000Z","actor":"Hezbollah","claimed":"","event_type":"Drone Attack","city":"Ainata","province":"","country":"Lebanon","latitude":33.128954,"longitude":35.435121,"coord_type":"general town","source_1":"https://t.me/mmirleb/13881","source_2":"","sources":""}},{"type":"Feature","geometry":{"type":"Point","coordinates":[35.4665417,33.27115500000001,0]},"properties":{"event_id":2204,"data_org":"Green","event_date":"2026-04-01T00:00:00.000Z","post_date":"2026-04-01T00:00:00.000Z","pub_date":"2026-04-01T00:00:00.000Z","actor":"Hezbollah","claimed":"","event_type":"Direct Engagement","city":"Qantara","province":"","country":"Lebanon","latitude":33.271155,"longitude":35.4665417,"coord_type":"general town","source_1":"https://t.me/mmirleb/13887","source_2":"","sources":""}},{"type":"Feature","geometry":{"type":"Point","coordinates":[35.4665417,33.27115500000001,0]},"properties":{"event_id":2205,"data_org":"Green","event_date":"2026-04-01T00:00:00.000Z","post_date":"2026-04-01T00:00:00.000Z","pub_date":"2026-04-01T00:00:00.000Z","actor":"Hezbollah","claimed":"","event_type":"Mortar Attack","city":"Qantara","province":"","country":"Lebanon","latitude":33.271155,"longitude":35.4665417,"coord_type":"general town","source_1":"https://t.me/mmirleb/13889","source_2":"","sources":""}},{"type":"Feature","geometry":{"type":"Point","coordinates":[35.341476,33.116127999999996,0]},"properties":{"event_id":2206,"data_org":"Green","event_date":"2026-04-01T00:00:00.000Z","post_date":"2026-04-01T00:00:00.000Z","pub_date":"2026-04-01T00:00:00.000Z","actor":"Hezbollah","claimed":"","event_type":"Rocket Attack","city":"Qouzah","province":"","country":"Lebanon","latitude":33.116128,"longitude":35.341476,"coord_type":"general town","source_1":"https://t.me/mmirleb/13891","source_2":"","sources":""}},{"type":"Feature","geometry":{"type":"Point","coordinates":[35.182063,33.163287,0]},"properties":{"event_id":2207,"data_org":"Green","event_date":"2026-04-01T00:00:00.000Z","post_date":"2026-04-01T00:00:00.000Z","pub_date":"2026-04-01T00:00:00.000Z","actor":"Hezbollah","claimed":"","event_type":"Rocket Attack","city":"Biyyadah","province":"","country":"Lebanon","latitude":33.163287,"longitude":35.182063,"coord_type":"general town","source_1":"https://t.me/mmirleb/13895","source_2":"","sources":""}},{"type":"Feature","geometry":{"type":"Point","coordinates":[35.182063,33.163287,0]},"properties":{"event_id":2208,"data_org":"Green","event_date":"2026-04-01T00:00:00.000Z","post_date":"2026-04-01T00:00:00.000Z","pub_date":"2026-04-01T00:00:00.000Z","actor":"Hezbollah","claimed":"","event_type":"Drone Attack","city":"Biyyadah","province":"","country":"Lebanon","latitude":33.163287,"longitude":35.182063,"coord_type":"general town","source_1":"https://t.me/mmirleb/13897","source_2":"","sources":""}},{"type":"Feature","geometry":{"type":"Point","coordinates":[35.4998424,33.291956,0]},"properties":{"event_id":2209,"data_org":"Green","event_date":"2026-04-01T00:00:00.000Z","post_date":"2026-04-01T00:00:00.000Z","pub_date":"2026-04-01T00:00:00.000Z","actor":"Hezbollah","claimed":"TRUE","event_type":"Drone Attack","city":"Deir Siryan","province":"","country":"Lebanon","latitude":33.291956,"longitude":35.4998424,"coord_type":"general town","source_1":"https://t.me/mmirleb/13899","source_2":"","sources":""}},{"type":"Feature","geometry":{"type":"Point","coordinates":[35.3624293,33.14343499999999,0]},"properties":{"event_id":2172,"data_org":"Green","event_date":"2026-03-31T00:00:00.000Z","post_date":"2026-03-31T00:00:00.000Z","pub_date":"2026-04-01T00:00:00.000Z","actor":"Hezbollah","claimed":"","event_type":"Direct Engagement","city":"Rashaf","province":"","country":"Lebanon","latitude":33.143435,"longitude":35.3624293,"coord_type":"general town","source_1":"https://t.me/mmirleb/13761","source_2":"","sources":""}},{"type":"Feature","geometry":{"type":"Point","coordinates":[35.4665417,33.27115500000001,0]},"properties":{"event_id":2174,"data_org":"Green","event_date":"2026-03-31T00:00:00.000Z","post_date":"2026-03-31T00:00:00.000Z","pub_date":"2026-04-01T00:00:00.000Z","actor":"Hezbollah","claimed":"TRUE","event_type":"Drone Attack","city":"Qantara","province":"","country":"Lebanon","latitude":33.271155,"longitude":35.4665417,"coord_type":"general town","source_1":"https://t.me/mmirleb/13771","source_2":"","sources":""}},{"type":"Feature","geometry":{"type":"Point","coordinates":[35.4998424,33.291956,0]},"properties":{"event_id":2175,"data_org":"Green","event_date":"2026-03-31T00:00:00.000Z","post_date":"2026-03-31T00:00:00.000Z","pub_date":"2026-04-01T00:00:00.000Z","actor":"Hezbollah","claimed":"","event_type":"Mortar Attack","city":"Deir Siryan","province":"","country":"Lebanon","latitude":33.291956,"longitude":35.4998424,"coord_type":"general town","source_1":"https://t.me/mmirleb/13773","source_2":"","sources":""}},{"type":"Feature","geometry":{"type":"Point","coordinates":[35.1407047,33.118190999999996,0]},"properties":{"event_id":2176,"data_org":"Green","event_date":"2026-03-31T00:00:00.000Z","post_date":"2026-03-31T00:00:00.000Z","pub_date":"2026-04-01T00:00:00.000Z","actor":"Hezbollah","claimed":"TRUE","event_type":"Drone Attack","city":"Naqoura","province":"","country":"Lebanon","latitude":33.118191,"longitude":35.1407047,"coord_type":"general town","source_1":"https://t.me/mmirleb/13775","source_2":"","sources":""}},{"type":"Feature","geometry":{"type":"Point","coordinates":[35.4665417,33.27115500000001,0]},"properties":{"event_id":2177,"data_org":"Green","event_date":"2026-03-31T00:00:00.000Z","post_date":"2026-03-31T00:00:00.000Z","pub_date":"2026-04-01T00:00:00.000Z","actor":"Hezbollah","claimed":"","event_type":"Direct Engagement","city":"Qantara","province":"","country":"Lebanon","latitude":33.271155,"longitude":35.4665417,"coord_type":"general town","source_1":"https://t.me/mmirleb/13779","source_2":"","sources":""}},{"type":"Feature","geometry":{"type":"Point","coordinates":[35.2056032,33.14934399999999,0]},"properties":{"event_id":2178,"data_org":"Green","event_date":"2026-03-31T00:00:00.000Z","post_date":"2026-03-31T00:00:00.000Z","pub_date":"2026-04-01T00:00:00.000Z","actor":"Hezbollah","claimed":"","event_type":"Direct Engagement","city":"Shamaa","province":"","country":"Lebanon","latitude":33.149344,"longitude":35.2056032,"coord_type":"general town","source_1":"https://t.me/mmirleb/13781","source_2":"","sources":""}},{"type":"Feature","geometry":{"type":"Point","coordinates":[35.1407047,33.118190999999996,0]},"properties":{"event_id":2179,"data_org":"Green","event_date":"2026-03-31T00:00:00.000Z","post_date":"2026-03-31T00:00:00.000Z","pub_date":"2026-04-01T00:00:00.000Z","actor":"Hezbollah","claimed":"TRUE","event_type":"Drone Attack","city":"Naqoura","province":"","country":"Lebanon","latitude":33.118191,"longitude":35.1407047,"coord_type":"general town","source_1":"https://t.me/mmirleb/13793","source_2":"","sources":""}},{"type":"Feature","geometry":{"type":"Point","coordinates":[35.4665417,33.27115500000001,0]},"properties":{"event_id":2180,"data_org":"Green","event_date":"2026-03-31T00:00:00.000Z","post_date":"2026-03-31T00:00:00.000Z","pub_date":"2026-04-01T00:00:00.000Z","actor":"Hezbollah","claimed":"","event_type":"Direct Engagement","city":"Qantara","province":"","country":"Lebanon","latitude":33.271155,"longitude":35.4665417,"coord_type":"general town","source_1":"https://t.me/mmirleb/13797","source_2":"","sources":""}},{"type":"Feature","geometry":{"type":"Point","coordinates":[35.2056032,33.14934399999999,0]},"properties":{"event_id":2181,"data_org":"Green","event_date":"2026-03-31T00:00:00.000Z","post_date":"2026-03-31T00:00:00.000Z","pub_date":"2026-04-01T00:00:00.000Z","actor":"Hezbollah","claimed":"","event_type":"Direct Engagement","city":"Shamaa","province":"","country":"Lebanon","latitude":33.149344,"longitude":35.2056032,"coord_type":"general town","source_1":"https://t.me/mmirleb/13804","source_2":"","sources":""}},{"type":"Feature","geometry":{"type":"Point","coordinates":[35.4665417,33.27115500000001,0]},"properties":{"event_id":2182,"data_org":"Green","event_date":"2026-03-31T00:00:00.000Z","post_date":"2026-03-31T00:00:00.000Z","pub_date":"2026-04-01T00:00:00.000Z","actor":"Hezbollah","claimed":"","event_type":"Rocket Attack","city":"Qantara","province":"","country":"Lebanon","latitude":33.271155,"longitude":35.4665417,"coord_type":"general town","source_1":"https://t.me/mmirleb/13806","source_2":"","sources":""}},{"type":"Feature","geometry":{"type":"Point","coordinates":[35.464827,33.272037,0]},"properties":{"event_id":313,"data_org":"Green","event_date":"2026-03-26T00:00:00.000Z","post_date":"2026-04-02T00:00:00.000Z","pub_date":"2026-04-02T00:00:00.000Z","actor":"Hezbollah","claimed":"FALSE","event_type":"Drone Attack","city":"Qantara","province":"","country":"Lebanon","latitude":33.272037,"longitude":35.464827,"coord_type":"exact","source_1":"https://x.com/Me1Ray/status/2039660225142387190?s=20","source_2":"https://x.com/cym27s/status/2039630977874424087?s=20","sources":""}},{"type":"Feature","geometry":{"type":"Point","coordinates":[35.3443979,33.11780317,0]},"properties":{"event_id":338,"data_org":"Green","event_date":"2026-04-02T00:00:00.000Z","post_date":"2026-04-02T00:00:00.000Z","pub_date":"2026-04-02T00:00:00.000Z","actor":"Hezbollah","claimed":"TRUE","event_type":"Anti-Tank Fire","city":"Qouzah","province":"","country":"Lebanon","latitude":33.11780317,"longitude":35.3443979,"coord_type":"general town","source_1":"https://t.me/mmirleb/13978","source_2":"","sources":""}},{"type":"Feature","geometry":{"type":"Point","coordinates":[35.5186224,33.27658543,0]},"properties":{"event_id":335,"data_org":"Green","event_date":"2026-04-02T00:00:00.000Z","post_date":"2026-04-02T00:00:00.000Z","pub_date":"2026-04-02T00:00:00.000Z","actor":"Hezbollah","claimed":"TRUE","event_type":"Rocket Attack","city":"Taybeh","province":"","country":"Lebanon","latitude":33.27658543,"longitude":35.5186224,"coord_type":"general town","source_1":"https://t.me/mmirleb/13988","source_2":"","sources":""}},{"type":"Feature","geometry":{"type":"Point","coordinates":[35.5186224,33.27658543,0]},"properties":{"event_id":336,"data_org":"Green","event_date":"2026-04-02T00:00:00.000Z","post_date":"2026-04-02T00:00:00.000Z","pub_date":"2026-04-02T00:00:00.000Z","actor":"Hezbollah","claimed":"TRUE","event_type":"Rocket Attack","city":"Taybeh","province":"","country":"Lebanon","latitude":33.27658543,"longitude":35.5186224,"coord_type":"general town","source_1":"https://t.me/mmirleb/13988","source_2":"","sources":""}},{"type":"Feature","geometry":{"type":"Point","coordinates":[35.5186224,33.27658543,0]},"properties":{"event_id":331,"data_org":"Green","event_date":"2026-04-02T00:00:00.000Z","post_date":"2026-04-02T00:00:00.000Z","pub_date":"2026-04-02T00:00:00.000Z","actor":"Hezbollah","claimed":"TRUE","event_type":"Anti-Tank Fire","city":"Taybeh","province":"","country":"Lebanon","latitude":33.27658543,"longitude":35.5186224,"coord_type":"general town","source_1":"https://t.me/mmirleb/13992","source_2":"","sources":""}},{"type":"Feature","geometry":{"type":"Point","coordinates":[35.6081522,33.321050949999986,0]},"properties":{"event_id":329,"data_org":"Green","event_date":"2026-04-02T00:00:00.000Z","post_date":"2026-04-02T00:00:00.000Z","pub_date":"2026-04-02T00:00:00.000Z","actor":"Hezbollah","claimed":"TRUE","event_type":"Anti-Tank Fire","city":"Khiam","province":"","country":"Lebanon","latitude":33.32105095,"longitude":35.6081522,"coord_type":"exact","source_1":"https://t.me/mmirleb/13994","source_2":"","sources":""}},{"type":"Feature","geometry":{"type":"Point","coordinates":[35.36216,33.143039999999985,0]},"properties":{"event_id":326,"data_org":"Green","event_date":"2026-04-02T00:00:00.000Z","post_date":"2026-04-02T00:00:00.000Z","pub_date":"2026-04-02T00:00:00.000Z","actor":"Hezbollah","claimed":"TRUE","event_type":"Rocket Attack","city":"Rachaf","province":"","country":"Lebanon","latitude":33.14304,"longitude":35.36216,"coord_type":"general town","source_1":"https://t.me/mmirleb/13998","source_2":"","sources":""}},{"type":"Feature","geometry":{"type":"Point","coordinates":[35.3324758,33.13393388,0]},"properties":{"event_id":327,"data_org":"Green","event_date":"2026-04-02T00:00:00.000Z","post_date":"2026-04-02T00:00:00.000Z","pub_date":"2026-04-02T00:00:00.000Z","actor":"Hezbollah","claimed":"TRUE","event_type":"Rocket Attack","city":"Beit Lif","province":"","country":"Lebanon","latitude":33.13393388,"longitude":35.3324758,"coord_type":"general town","source_1":"https://t.me/mmirleb/13998","source_2":"","sources":""}},{"type":"Feature","geometry":{"type":"Point","coordinates":[35.1820627,33.16328665,0]},"properties":{"event_id":323,"data_org":"Green","event_date":"2026-04-02T00:00:00.000Z","post_date":"2026-04-02T00:00:00.000Z","pub_date":"2026-04-02T00:00:00.000Z","actor":"Hezbollah","claimed":"TRUE","event_type":"Mortar Fire","city":"Biyyadah","province":"","country":"Lebanon","latitude":33.16328665,"longitude":35.1820627,"coord_type":"general town","source_1":"https://t.me/mmirleb/14000","source_2":"","sources":""}},{"type":"Feature","geometry":{"type":"Point","coordinates":[35.4442585,33.13267293,0]},"properties":{"event_id":340,"data_org":"Green","event_date":"2026-04-02T00:00:00.000Z","post_date":"2026-04-02T00:00:00.000Z","pub_date":"2026-04-02T00:00:00.000Z","actor":"Hezbollah","claimed":"TRUE","event_type":"Rocket Attack","city":"Fariz Hill, Ainata","province":"","country":"Lebanon","latitude":33.13267293,"longitude":35.4442585,"coord_type":"general town","source_1":"https://t.me/mmirleb/14011","source_2":"","sources":""}},{"type":"Feature","geometry":{"type":"Point","coordinates":[35.4351208,33.12895415999999,0]},"properties":{"event_id":341,"data_org":"Green","event_date":"2026-04-02T00:00:00.000Z","post_date":"2026-04-02T00:00:00.000Z","pub_date":"2026-04-02T00:00:00.000Z","actor":"Hezbollah","claimed":"TRUE","event_type":"Rocket Attack","city":"Ghadmatha Heights, Ainata","province":"","country":"Lebanon","latitude":33.12895416,"longitude":35.4351208,"coord_type":"general town","source_1":"https://t.me/mmirleb/14013","source_2":"","sources":""}},{"type":"Feature","geometry":{"type":"Point","coordinates":[35.5186224,33.27658543,0]},"properties":{"event_id":342,"data_org":"Green","event_date":"2026-04-02T00:00:00.000Z","post_date":"2026-04-02T00:00:00.000Z","pub_date":"2026-04-02T00:00:00.000Z","actor":"Hezbollah","claimed":"TRUE","event_type":"Rocket Attack","city":"Shamisat Heights, Taybeh","province":"","country":"Lebanon","latitude":33.27658543,"longitude":35.5186224,"coord_type":"general town","source_1":"https://t.me/mmirleb/14016","source_2":"","sources":""}},{"type":"Feature","geometry":{"type":"Point","coordinates":[35.4653275,33.272349780000006,0]},"properties":{"event_id":359,"data_org":"Green","event_date":"2026-04-02T00:00:00.000Z","post_date":"2026-04-02T00:00:00.000Z","pub_date":"2026-04-02T00:00:00.000Z","actor":"Hezbollah","claimed":"TRUE","event_type":"Rocket Attack","city":"Qantara town center","province":"","country":"Lebanon","latitude":33.27234978,"longitude":35.4653275,"coord_type":"exact","source_1":"https://t.me/mmirleb/14022","source_2":"","sources":""}},{"type":"Feature","geometry":{"type":"Point","coordinates":[35.4653275,33.272349780000006,0]},"properties":{"event_id":360,"data_org":"Green","event_date":"2026-04-02T00:00:00.000Z","post_date":"2026-04-02T00:00:00.000Z","pub_date":"2026-04-02T00:00:00.000Z","actor":"Hezbollah","claimed":"TRUE","event_type":"Mortar Fire","city":"Qantara town center","province":"","country":"Lebanon","latitude":33.27234978,"longitude":35.4653275,"coord_type":"exact","source_1":"https://t.me/mmirleb/14022","source_2":"","sources":""}},{"type":"Feature","geometry":{"type":"Point","coordinates":[35.4442585,33.13267293,0]},"properties":{"event_id":361,"data_org":"Green","event_date":"2026-04-02T00:00:00.000Z","post_date":"2026-04-02T00:00:00.000Z","pub_date":"2026-04-02T00:00:00.000Z","actor":"Hezbollah","claimed":"TRUE","event_type":"Mortar Fire","city":"Fariz Hill, Ainata","province":"","country":"Lebanon","latitude":33.13267293,"longitude":35.4442585,"coord_type":"general town","source_1":"https://t.me/mmirleb/14024","source_2":"https://t.me/mmirleb/14031","sources":""}},{"type":"Feature","geometry":{"type":"Point","coordinates":[35.4351208,33.12895415999999,0]},"properties":{"event_id":362,"data_org":"Green","event_date":"2026-04-02T00:00:00.000Z","post_date":"2026-04-02T00:00:00.000Z","pub_date":"2026-04-02T00:00:00.000Z","actor":"Hezbollah","claimed":"TRUE","event_type":"Mortar Fire","city":"Ghadmatha Heights, Ainata","province":"","country":"Lebanon","latitude":33.12895416,"longitude":35.4351208,"coord_type":"general town","source_1":"https://t.me/mmirleb/14024","source_2":"https://t.me/mmirleb/14031","sources":""}},{"type":"Feature","geometry":{"type":"Point","coordinates":[35.4442585,33.13267293,0]},"properties":{"event_id":363,"data_org":"Green","event_date":"2026-04-02T00:00:00.000Z","post_date":"2026-04-02T00:00:00.000Z","pub_date":"2026-04-02T00:00:00.000Z","actor":"Hezbollah","claimed":"TRUE","event_type":"Rocket Attack","city":"Fariz-al Sadr Junction, Ainata","province":"","country":"Lebanon","latitude":33.13267293,"longitude":35.4442585,"coord_type":"general neighborhood","source_1":"https://t.me/mmirleb/14026","source_2":"","sources":""}},{"type":"Feature","geometry":{"type":"Point","coordinates":[35.4442585,33.13267293,0]},"properties":{"event_id":364,"data_org":"Green","event_date":"2026-04-02T00:00:00.000Z","post_date":"2026-04-02T00:00:00.000Z","pub_date":"2026-04-02T00:00:00.000Z","actor":"Hezbollah","claimed":"TRUE","event_type":"Mortar Fire","city":"Fariz-al Sadr Junction, Ainata","province":"","country":"Lebanon","latitude":33.13267293,"longitude":35.4442585,"coord_type":"general neighborhood","source_1":"https://t.me/mmirleb/14026","source_2":"","sources":""}},{"type":"Feature","geometry":{"type":"Point","coordinates":[35.4636982,33.274087699999995,0]},"properties":{"event_id":321,"data_org":"Green","event_date":"2026-04-01T00:00:00.000Z","post_date":"2026-04-01T00:00:00.000Z","pub_date":"2026-04-02T00:00:00.000Z","actor":"Hezbollah","claimed":"TRUE","event_type":"Mortar Fire","city":"Qantara","province":"","country":"Lebanon","latitude":33.2740877,"longitude":35.4636982,"coord_type":"general town","source_1":"https://t.me/mmirleb/13924","source_2":"","sources":""}},{"type":"Feature","geometry":{"type":"Point","coordinates":[35.5186224,33.27658543,0]},"properties":{"event_id":322,"data_org":"Green","event_date":"2026-04-01T00:00:00.000Z","post_date":"2026-04-01T00:00:00.000Z","pub_date":"2026-04-02T00:00:00.000Z","actor":"Hezbollah","claimed":"TRUE","event_type":"Mortar Fire","city":"Taybeh","province":"","country":"Lebanon","latitude":33.27658543,"longitude":35.5186224,"coord_type":"general town","source_1":"https://t.me/mmirleb/13926","source_2":"","sources":""}},{"type":"Feature","geometry":{"type":"Point","coordinates":[35.4636982,33.274087699999995,0]},"properties":{"event_id":324,"data_org":"Green","event_date":"2026-04-01T00:00:00.000Z","post_date":"2026-04-01T00:00:00.000Z","pub_date":"2026-04-02T00:00:00.000Z","actor":"Hezbollah","claimed":"TRUE","event_type":"Anti-Tank Fire","city":"Qantara","province":"","country":"Lebanon","latitude":33.2740877,"longitude":35.4636982,"coord_type":"general town","source_1":"https://t.me/mmirleb/13928","source_2":"","sources":""}},{"type":"Feature","geometry":{"type":"Point","coordinates":[35.4636982,33.274087699999995,0]},"properties":{"event_id":325,"data_org":"Green","event_date":"2026-04-01T00:00:00.000Z","post_date":"2026-04-01T00:00:00.000Z","pub_date":"2026-04-02T00:00:00.000Z","actor":"Hezbollah","claimed":"TRUE","event_type":"Anti-Tank Fire","city":"Jenijil Heights, Qantara","province":"","country":"Lebanon","latitude":33.2740877,"longitude":35.4636982,"coord_type":"general town","source_1":"https://t.me/mmirleb/13930","source_2":"","sources":""}},{"type":"Feature","geometry":{"type":"Point","coordinates":[35.4351208,33.12895415999999,0]},"properties":{"event_id":328,"data_org":"Green","event_date":"2026-04-01T00:00:00.000Z","post_date":"2026-04-01T00:00:00.000Z","pub_date":"2026-04-02T00:00:00.000Z","actor":"Hezbollah","claimed":"TRUE","event_type":"IED","city":"Ainata","province":"","country":"Lebanon","latitude":33.12895416,"longitude":35.4351208,"coord_type":"general town","source_1":"https://t.me/mmirleb/13932","source_2":"","sources":""}},{"type":"Feature","geometry":{"type":"Point","coordinates":[35.36216,33.143039999999985,0]},"properties":{"event_id":330,"data_org":"Green","event_date":"2026-04-01T00:00:00.000Z","post_date":"2026-04-01T00:00:00.000Z","pub_date":"2026-04-02T00:00:00.000Z","actor":"Hezbollah","claimed":"TRUE","event_type":"Rocket Attack","city":"Rachaf","province":"","country":"Lebanon","latitude":33.14304,"longitude":35.36216,"coord_type":"general town","source_1":"https://t.me/mmirleb/13942","source_2":"","sources":""}},{"type":"Feature","geometry":{"type":"Point","coordinates":[35.4636982,33.274087699999995,0]},"properties":{"event_id":332,"data_org":"Green","event_date":"2026-04-01T00:00:00.000Z","post_date":"2026-04-01T00:00:00.000Z","pub_date":"2026-04-02T00:00:00.000Z","actor":"Hezbollah","claimed":"TRUE","event_type":"Mortar Fire","city":"Jenijil Heights, Qantara","province":"","country":"Lebanon","latitude":33.2740877,"longitude":35.4636982,"coord_type":"general town","source_1":"https://t.me/mmirleb/13944","source_2":"","sources":""}},{"type":"Feature","geometry":{"type":"Point","coordinates":[35.4442585,33.13267293,0]},"properties":{"event_id":333,"data_org":"Green","event_date":"2026-04-01T00:00:00.000Z","post_date":"2026-04-01T00:00:00.000Z","pub_date":"2026-04-02T00:00:00.000Z","actor":"Hezbollah","claimed":"TRUE","event_type":"Rocket Attack","city":"Friez Hill, Ainata","province":"","country":"Lebanon","latitude":33.13267293,"longitude":35.4442585,"coord_type":"general town","source_1":"https://t.me/mmirleb/13946","source_2":"","sources":""}},{"type":"Feature","geometry":{"type":"Point","coordinates":[35.4351208,33.12895415999999,0]},"properties":{"event_id":334,"data_org":"Green","event_date":"2026-04-01T00:00:00.000Z","post_date":"2026-04-01T00:00:00.000Z","pub_date":"2026-04-02T00:00:00.000Z","actor":"Hezbollah","claimed":"TRUE","event_type":"Rocket Attack","city":"Ghadmatha Heights, Ainata","province":"","country":"Lebanon","latitude":33.12895416,"longitude":35.4351208,"coord_type":"general town","source_1":"https://t.me/mmirleb/13948","source_2":"","sources":""}},{"type":"Feature","geometry":{"type":"Point","coordinates":[35.4351208,33.12895415999999,0]},"properties":{"event_id":337,"data_org":"Green","event_date":"2026-04-01T00:00:00.000Z","post_date":"2026-04-01T00:00:00.000Z","pub_date":"2026-04-02T00:00:00.000Z","actor":"Hezbollah","claimed":"TRUE","event_type":"Rocket Attack","city":"Sadr area, Ainata","province":"","country":"Lebanon","latitude":33.12895416,"longitude":35.4351208,"coord_type":"general town","source_1":"https://t.me/mmirleb/13952","source_2":"","sources":""}},{"type":"Feature","geometry":{"type":"Point","coordinates":[35.51666,33.20961354999999,0]},"properties":{"event_id":380,"data_org":"Green","event_date":"2026-04-03T00:00:00.000Z","post_date":"2026-04-03T00:00:00.000Z","pub_date":"2026-04-03T00:00:00.000Z","actor":"Hezbollah","claimed":"TRUE","event_type":"Rocket Attack","city":"Houla","province":"","country":"Lebanon","latitude":33.20961355,"longitude":35.51666,"coord_type":"general town","source_1":"https://t.me/mmirleb/14086","source_2":"","sources":""}},{"type":"Feature","geometry":{"type":"Point","coordinates":[35.4351208,33.12895415999999,0]},"properties":{"event_id":379,"data_org":"Green","event_date":"2026-04-03T00:00:00.000Z","post_date":"2026-04-03T00:00:00.000Z","pub_date":"2026-04-03T00:00:00.000Z","actor":"Hezbollah","claimed":"TRUE","event_type":"Rocket Attack","city":"al Sadr, Ainata","province":"","country":"Lebanon","latitude":33.12895416,"longitude":35.4351208,"coord_type":"general town","source_1":"https://t.me/mmirleb/14108","source_2":"","sources":""}},{"type":"Feature","geometry":{"type":"Point","coordinates":[35.4351208,33.12895415999999,0]},"properties":{"event_id":373,"data_org":"Green","event_date":"2026-04-03T00:00:00.000Z","post_date":"2026-04-03T00:00:00.000Z","pub_date":"2026-04-03T00:00:00.000Z","actor":"Hezbollah","claimed":"TRUE","event_type":"Rocket Attack","city":"al Sadr, Ainata","province":"","country":"Lebanon","latitude":33.12895416,"longitude":35.4351208,"coord_type":"general town","source_1":"https://t.me/mmirleb/14110","source_2":"","sources":""}},{"type":"Feature","geometry":{"type":"Point","coordinates":[35.4351208,33.12895415999999,0]},"properties":{"event_id":374,"data_org":"Green","event_date":"2026-04-03T00:00:00.000Z","post_date":"2026-04-03T00:00:00.000Z","pub_date":"2026-04-03T00:00:00.000Z","actor":"Hezbollah","claimed":"TRUE","event_type":"Mortar Fire","city":"al Sadr, Ainata","province":"","country":"Lebanon","latitude":33.12895416,"longitude":35.4351208,"coord_type":"general town","source_1":"https://t.me/mmirleb/14110","source_2":"","sources":""}},{"type":"Feature","geometry":{"type":"Point","coordinates":[35.4351208,33.12895415999999,0]},"properties":{"event_id":375,"data_org":"Green","event_date":"2026-04-03T00:00:00.000Z","post_date":"2026-04-03T00:00:00.000Z","pub_date":"2026-04-03T00:00:00.000Z","actor":"Hezbollah","claimed":"TRUE","event_type":"Rocket Attack","city":"Ghadmatha Heights, Ainata","province":"","country":"Lebanon","latitude":33.12895416,"longitude":35.4351208,"coord_type":"general town","source_1":"https://t.me/mmirleb/14110","source_2":"","sources":""}},{"type":"Feature","geometry":{"type":"Point","coordinates":[35.4351208,33.12895415999999,0]},"properties":{"event_id":376,"data_org":"Green","event_date":"2026-04-03T00:00:00.000Z","post_date":"2026-04-03T00:00:00.000Z","pub_date":"2026-04-03T00:00:00.000Z","actor":"Hezbollah","claimed":"TRUE","event_type":"Mortar Fire","city":"Ghadmatha Heights, Ainata","province":"","country":"Lebanon","latitude":33.12895416,"longitude":35.4351208,"coord_type":"general town","source_1":"https://t.me/mmirleb/14110","source_2":"","sources":""}},{"type":"Feature","geometry":{"type":"Point","coordinates":[35.4653275,33.272349780000006,0]},"properties":{"event_id":377,"data_org":"Green","event_date":"2026-04-03T00:00:00.000Z","post_date":"2026-04-03T00:00:00.000Z","pub_date":"2026-04-03T00:00:00.000Z","actor":"Hezbollah","claimed":"TRUE","event_type":"Rocket Attack","city":"Qantara town center","province":"","country":"Lebanon","latitude":33.27234978,"longitude":35.4653275,"coord_type":"exact","source_1":"https://t.me/mmirleb/14110","source_2":"","sources":""}},{"type":"Feature","geometry":{"type":"Point","coordinates":[35.4653275,33.272349780000006,0]},"properties":{"event_id":378,"data_org":"Green","event_date":"2026-04-03T00:00:00.000Z","post_date":"2026-04-03T00:00:00.000Z","pub_date":"2026-04-03T00:00:00.000Z","actor":"Hezbollah","claimed":"TRUE","event_type":"Mortar Fire","city":"Qantara town center","province":"","country":"Lebanon","latitude":33.27234978,"longitude":35.4653275,"coord_type":"exact","source_1":"https://t.me/mmirleb/14110","source_2":"","sources":""}},{"type":"Feature","geometry":{"type":"Point","coordinates":[35.36216,33.143039999999985,0]},"properties":{"event_id":384,"data_org":"Green","event_date":"2026-04-03T00:00:00.000Z","post_date":"2026-04-03T00:00:00.000Z","pub_date":"2026-04-03T00:00:00.000Z","actor":"Hezbollah","claimed":"TRUE","event_type":"Small Arms Engagement","city":"Rachaf","province":"","country":"Lebanon","latitude":33.14304,"longitude":35.36216,"coord_type":"general town","source_1":"https://t.me/mmirleb/14114","source_2":"","sources":""}},{"type":"Feature","geometry":{"type":"Point","coordinates":[35.445046,33.107287239999984,0]},"properties":{"event_id":397,"data_org":"Green","event_date":"2026-04-03T00:00:00.000Z","post_date":"2026-04-03T00:00:00.000Z","pub_date":"2026-04-03T00:00:00.000Z","actor":"Hezbollah","claimed":"TRUE","event_type":"Rocket Attack","city":"Maroun al Ras","province":"","country":"Lebanon","latitude":33.10728724,"longitude":35.445046,"coord_type":"general town","source_1":"https://t.me/mmirleb/14124","source_2":"","sources":""}},{"type":"Feature","geometry":{"type":"Point","coordinates":[35.2083193,33.14540613999999,0]},"properties":{"event_id":368,"data_org":"Green","event_date":"2026-04-02T00:00:00.000Z","post_date":"2026-04-02T00:00:00.000Z","pub_date":"2026-04-03T00:00:00.000Z","actor":"Hezbollah","claimed":"TRUE","event_type":"Mortar Fire","city":"Chama","province":"","country":"Lebanon","latitude":33.14540614,"longitude":35.2083193,"coord_type":"general town","source_1":"https://t.me/mmirleb/14044","source_2":"","sources":""}},{"type":"Feature","geometry":{"type":"Point","coordinates":[35.4636982,33.274087699999995,0]},"properties":{"event_id":369,"data_org":"Green","event_date":"2026-04-02T00:00:00.000Z","post_date":"2026-04-02T00:00:00.000Z","pub_date":"2026-04-03T00:00:00.000Z","actor":"Hezbollah","claimed":"TRUE","event_type":"Drone Attack","city":"al Balla Hill, Qantara","province":"","country":"Lebanon","latitude":33.2740877,"longitude":35.4636982,"coord_type":"general town","source_1":"https://t.me/mmirleb/14046","source_2":"","sources":""}},{"type":"Feature","geometry":{"type":"Point","coordinates":[35.5553549,33.27847746999999,0]},"properties":{"event_id":370,"data_org":"Green","event_date":"2026-04-02T00:00:00.000Z","post_date":"2026-04-02T00:00:00.000Z","pub_date":"2026-04-03T00:00:00.000Z","actor":"Hezbollah","claimed":"TRUE","event_type":"Air Defense","city":"Kfar Kila","province":"","country":"Lebanon","latitude":33.27847747,"longitude":35.5553549,"coord_type":"general town","source_1":"https://t.me/mmirleb/14048","source_2":"","sources":""}},{"type":"Feature","geometry":{"type":"Point","coordinates":[35.1820627,33.16328665,0]},"properties":{"event_id":371,"data_org":"Green","event_date":"2026-04-02T00:00:00.000Z","post_date":"2026-04-02T00:00:00.000Z","pub_date":"2026-04-03T00:00:00.000Z","actor":"Hezbollah","claimed":"TRUE","event_type":"IED","city":"Deir Hanna, al Biyyadah","province":"","country":"Lebanon","latitude":33.16328665,"longitude":35.1820627,"coord_type":"general town","source_1":"https://t.me/mmirleb/14058","source_2":"","sources":""}},{"type":"Feature","geometry":{"type":"Point","coordinates":[35.1820627,33.16328665,0]},"properties":{"event_id":372,"data_org":"Green","event_date":"2026-04-02T00:00:00.000Z","post_date":"2026-04-02T00:00:00.000Z","pub_date":"2026-04-03T00:00:00.000Z","actor":"Hezbollah","claimed":"TRUE","event_type":"Mortar Fire","city":"Deir Hanna, al Biyyadah","province":"","country":"Lebanon","latitude":33.16328665,"longitude":35.1820627,"coord_type":"general town","source_1":"https://t.me/mmirleb/14058","source_2":"","sources":""}},{"type":"Feature","geometry":{"type":"Point","coordinates":[35.607863,33.320243,0]},"properties":{"event_id":409,"data_org":"Green","event_date":"2026-03-24T00:00:00.000Z","post_date":"2026-04-04T00:00:00.000Z","pub_date":"2026-04-04T00:00:00.000Z","actor":"Hezbollah","claimed":"TRUE","event_type":"Drone Attack","city":"Khiam","province":"","country":"Lebanon","latitude":33.320243,"longitude":35.607863,"coord_type":"exact","source_1":"https://t.me/mmirleb/14177","source_2":"https://x.com/Me1Ray/status/2040372070513799426","sources":""}},{"type":"Feature","geometry":{"type":"Point","coordinates":[35.520332,33.26429599999999,0]},"properties":{"event_id":410,"data_org":"Green","event_date":"2026-03-24T00:00:00.000Z","post_date":"2026-04-04T00:00:00.000Z","pub_date":"2026-04-04T00:00:00.000Z","actor":"Hezbollah","claimed":"TRUE","event_type":"Drone Attack","city":"Taybeh","province":"","country":"Lebanon","latitude":33.264296,"longitude":35.520332,"coord_type":"exact","source_1":"https://t.me/mmirleb/14177","source_2":"https://x.com/Me1Ray/status/2040372070513799426","sources":""}},{"type":"Feature","geometry":{"type":"Point","coordinates":[35.4442585,33.13267293,0]},"properties":{"event_id":411,"data_org":"Green","event_date":"2026-04-04T00:00:00.000Z","post_date":"2026-04-04T00:00:00.000Z","pub_date":"2026-04-04T00:00:00.000Z","actor":"Hezbollah","claimed":"TRUE","event_type":"Rocket Attack","city":"Fariz Hill, Ainata","province":"","country":"Lebanon","latitude":33.13267293,"longitude":35.4442585,"coord_type":"general town","source_1":"https://t.me/mmirleb/14187","source_2":"","sources":""}},{"type":"Feature","geometry":{"type":"Point","coordinates":[35.6079697,33.32021021999999,0]},"properties":{"event_id":412,"data_org":"Green","event_date":"2026-04-04T00:00:00.000Z","post_date":"2026-04-04T00:00:00.000Z","pub_date":"2026-04-04T00:00:00.000Z","actor":"Hezbollah","claimed":"TRUE","event_type":"Small Arms Engagement","city":"Khiam detention center","province":"","country":"Lebanon","latitude":33.32021022,"longitude":35.6079697,"coord_type":"exact","source_1":"https://t.me/mmirleb/14189","source_2":"","sources":""}},{"type":"Feature","geometry":{"type":"Point","coordinates":[35.4653275,33.272349780000006,0]},"properties":{"event_id":413,"data_org":"Green","event_date":"2026-04-04T00:00:00.000Z","post_date":"2026-04-04T00:00:00.000Z","pub_date":"2026-04-04T00:00:00.000Z","actor":"Hezbollah","claimed":"TRUE","event_type":"Rocket Attack","city":"Qantara town center","province":"","country":"Lebanon","latitude":33.27234978,"longitude":35.4653275,"coord_type":"exact","source_1":"https://t.me/mmirleb/14193","source_2":"","sources":""}},{"type":"Feature","geometry":{"type":"Point","coordinates":[35.6916136,33.3282347,0]},"properties":{"event_id":414,"data_org":"Green","event_date":"2026-04-04T00:00:00.000Z","post_date":"2026-04-04T00:00:00.000Z","pub_date":"2026-04-04T00:00:00.000Z","actor":"Hezbollah","claimed":"TRUE","event_type":"Drone Attack","city":"al Samaqa, Kfarchouba","province":"","country":"Lebanon","latitude":33.3282347,"longitude":35.6916136,"coord_type":"general town","source_1":"https://t.me/mmirleb/14201","source_2":"","sources":""}},{"type":"Feature","geometry":{"type":"Point","coordinates":[35.1820627,33.16328665,0]},"properties":{"event_id":416,"data_org":"Green","event_date":"2026-04-04T00:00:00.000Z","post_date":"2026-04-04T00:00:00.000Z","pub_date":"2026-04-04T00:00:00.000Z","actor":"Hezbollah","claimed":"TRUE","event_type":"Rocket Attack","city":"Biyyadah","province":"","country":"Lebanon","latitude":33.16328665,"longitude":35.1820627,"coord_type":"general town","source_1":"https://t.me/mmirleb/14209","source_2":"","sources":""}},{"type":"Feature","geometry":{"type":"Point","coordinates":[35.1820627,33.16328665,0]},"properties":{"event_id":417,"data_org":"Green","event_date":"2026-04-04T00:00:00.000Z","post_date":"2026-04-04T00:00:00.000Z","pub_date":"2026-04-04T00:00:00.000Z","actor":"Hezbollah","claimed":"TRUE","event_type":"Drone Attack","city":"Biyyadah","province":"","country":"Lebanon","latitude":33.16328665,"longitude":35.1820627,"coord_type":"general town","source_1":"https://t.me/mmirleb/14211","source_2":"","sources":""}},{"type":"Feature","geometry":{"type":"Point","coordinates":[35.4351208,33.12895415999999,0]},"properties":{"event_id":398,"data_org":"Green","event_date":"2026-04-03T00:00:00.000Z","post_date":"2026-04-03T00:00:00.000Z","pub_date":"2026-04-04T00:00:00.000Z","actor":"Hezbollah","claimed":"TRUE","event_type":"Rocket Attack","city":"al Sadr, Ainata","province":"","country":"Lebanon","latitude":33.12895416,"longitude":35.4351208,"coord_type":"general town","source_1":"https://t.me/mmirleb/14138","source_2":"","sources":""}},{"type":"Feature","geometry":{"type":"Point","coordinates":[35.4442585,33.13267293,0]},"properties":{"event_id":399,"data_org":"Green","event_date":"2026-04-03T00:00:00.000Z","post_date":"2026-04-03T00:00:00.000Z","pub_date":"2026-04-04T00:00:00.000Z","actor":"Hezbollah","claimed":"TRUE","event_type":"Rocket Attack","city":"Fariz Hill, Ainata","province":"","country":"Lebanon","latitude":33.13267293,"longitude":35.4442585,"coord_type":"general town","source_1":"https://t.me/mmirleb/14140","source_2":"","sources":""}},{"type":"Feature","geometry":{"type":"Point","coordinates":[35.4351208,33.12895415999999,0]},"properties":{"event_id":400,"data_org":"Green","event_date":"2026-04-03T00:00:00.000Z","post_date":"2026-04-03T00:00:00.000Z","pub_date":"2026-04-04T00:00:00.000Z","actor":"Hezbollah","claimed":"TRUE","event_type":"Rocket Attack","city":"Ghadmatha Heights, Ainata","province":"","country":"Lebanon","latitude":33.12895416,"longitude":35.4351208,"coord_type":"general town","source_1":"https://t.me/mmirleb/14142","source_2":"","sources":""}},{"type":"Feature","geometry":{"type":"Point","coordinates":[35.4351208,33.12895415999999,0]},"properties":{"event_id":401,"data_org":"Green","event_date":"2026-04-03T00:00:00.000Z","post_date":"2026-04-03T00:00:00.000Z","pub_date":"2026-04-04T00:00:00.000Z","actor":"Hezbollah","claimed":"TRUE","event_type":"Rocket Attack","city":"al Sadr, Ainata","province":"","country":"Lebanon","latitude":33.12895416,"longitude":35.4351208,"coord_type":"general town","source_1":"https://t.me/mmirleb/14146","source_2":"","sources":""}},{"type":"Feature","geometry":{"type":"Point","coordinates":[35.445046,33.107287239999984,0]},"properties":{"event_id":406,"data_org":"Green","event_date":"2026-04-03T00:00:00.000Z","post_date":"2026-04-03T00:00:00.000Z","pub_date":"2026-04-04T00:00:00.000Z","actor":"Hezbollah","claimed":"TRUE","event_type":"Rocket Attack","city":"Khalil Triangle, Maroun al Ras","province":"","country":"Lebanon","latitude":33.10728724,"longitude":35.445046,"coord_type":"general town","source_1":"https://t.me/mmirleb/14162","source_2":"","sources":""}},{"type":"Feature","geometry":{"type":"Point","coordinates":[35.51666,33.20961354999999,0]},"properties":{"event_id":407,"data_org":"Green","event_date":"2026-04-03T00:00:00.000Z","post_date":"2026-04-03T00:00:00.000Z","pub_date":"2026-04-04T00:00:00.000Z","actor":"Hezbollah","claimed":"TRUE","event_type":"Anti-Tank Fire","city":"Houla","province":"","country":"Lebanon","latitude":33.20961355,"longitude":35.51666,"coord_type":"general town","source_1":"https://t.me/mmirleb/14164","source_2":"","sources":""}},{"type":"Feature","geometry":{"type":"Point","coordinates":[35.445046,33.107287239999984,0]},"properties":{"event_id":408,"data_org":"Green","event_date":"2026-04-03T00:00:00.000Z","post_date":"2026-04-03T00:00:00.000Z","pub_date":"2026-04-04T00:00:00.000Z","actor":"Hezbollah","claimed":"TRUE","event_type":"Rocket Attack","city":"Maroun al Ras","province":"","country":"Lebanon","latitude":33.10728724,"longitude":35.445046,"coord_type":"general town","source_1":"https://t.me/mmirleb/14172","source_2":"","sources":""}},{"type":"Feature","geometry":{"type":"Point","coordinates":[35.434338,33.131018000000005,0]},"properties":{"event_id":2226,"data_org":"Green","event_date":"2026-04-05T00:00:00.000Z","post_date":"2026-04-05T00:00:00.000Z","pub_date":"2026-04-05T00:00:00.000Z","actor":"Hezbollah","claimed":"FALSE","event_type":"Rocket Attack","city":"Ainata","province":"","country":"Lebanon","latitude":33.131018,"longitude":35.434338,"coord_type":"general town","source_1":"https://t.me/mmirleb/14275","source_2":"","sources":""}},{"type":"Feature","geometry":{"type":"Point","coordinates":[35.434338,33.131018000000005,0]},"properties":{"event_id":2227,"data_org":"Green","event_date":"2026-04-05T00:00:00.000Z","post_date":"2026-04-05T00:00:00.000Z","pub_date":"2026-04-05T00:00:00.000Z","actor":"Hezbollah","claimed":"FALSE","event_type":"Rocket Attack","city":"Ainata","province":"","country":"Lebanon","latitude":33.131018,"longitude":35.434338,"coord_type":"general town","source_1":"https://t.me/mmirleb/14275","source_2":"","sources":""}},{"type":"Feature","geometry":{"type":"Point","coordinates":[35.20731200000001,33.14631099999999,0]},"properties":{"event_id":2228,"data_org":"Green","event_date":"2026-04-05T00:00:00.000Z","post_date":"2026-04-05T00:00:00.000Z","pub_date":"2026-04-05T00:00:00.000Z","actor":"Hezbollah","claimed":"FALSE","event_type":"Other (see note)","city":"Chamaa","province":"","country":"Lebanon","latitude":33.146311,"longitude":35.207312,"coord_type":"general town","source_1":"https://t.me/mmirleb/14289","source_2":"","sources":""}},{"type":"Feature","geometry":{"type":"Point","coordinates":[35.20731200000001,33.14631099999999,0]},"properties":{"event_id":2229,"data_org":"Green","event_date":"2026-04-05T00:00:00.000Z","post_date":"2026-04-05T00:00:00.000Z","pub_date":"2026-04-05T00:00:00.000Z","actor":"Hezbollah","claimed":"FALSE","event_type":"Mortar Attack","city":"Chamaa","province":"","country":"Lebanon","latitude":33.146311,"longitude":35.207312,"coord_type":"general town","source_1":"https://t.me/mmirleb/14289","source_2":"","sources":""}},{"type":"Feature","geometry":{"type":"Point","coordinates":[35.434338,33.131018000000005,0]},"properties":{"event_id":2230,"data_org":"Green","event_date":"2026-04-05T00:00:00.000Z","post_date":"2026-04-05T00:00:00.000Z","pub_date":"2026-04-05T00:00:00.000Z","actor":"Hezbollah","claimed":"FALSE","event_type":"Rocket Attack","city":"Ainata","province":"","country":"Lebanon","latitude":33.131018,"longitude":35.434338,"coord_type":"general town","source_1":"https://t.me/mmirleb/14293","source_2":"","sources":""}},{"type":"Feature","geometry":{"type":"Point","coordinates":[35.434338,33.131018000000005,0]},"properties":{"event_id":2231,"data_org":"Green","event_date":"2026-04-05T00:00:00.000Z","post_date":"2026-04-05T00:00:00.000Z","pub_date":"2026-04-05T00:00:00.000Z","actor":"Hezbollah","claimed":"FALSE","event_type":"Rocket Attack","city":"Ainata","province":"","country":"Lebanon","latitude":33.131018,"longitude":35.434338,"coord_type":"general town","source_1":"https://t.me/mmirleb/14295","source_2":"","sources":""}},{"type":"Feature","geometry":{"type":"Point","coordinates":[35.614333,33.333278,0]},"properties":{"event_id":2232,"data_org":"Green","event_date":"2026-04-05T00:00:00.000Z","post_date":"2026-04-05T00:00:00.000Z","pub_date":"2026-04-05T00:00:00.000Z","actor":"Hezbollah","claimed":"FALSE","event_type":"Rocket Attack","city":"Khiam","province":"","country":"Lebanon","latitude":33.333278,"longitude":35.614333,"coord_type":"general town","source_1":"https://t.me/mmirleb/14301","source_2":"","sources":""}},{"type":"Feature","geometry":{"type":"Point","coordinates":[35.360856000000005,33.143398,0]},"properties":{"event_id":2213,"data_org":"Green","event_date":"2026-04-04T00:00:00.000Z","post_date":"2026-04-04T00:00:00.000Z","pub_date":"2026-04-05T00:00:00.000Z","actor":"Hezbollah","claimed":"FALSE","event_type":"Mortar Attack","city":"Rachaf","province":"","country":"Lebanon","latitude":33.143398,"longitude":35.360856,"coord_type":"general town","source_1":"https://t.me/mmirleb/14216","source_2":"","sources":""}},{"type":"Feature","geometry":{"type":"Point","coordinates":[35.463452,33.274778,0]},"properties":{"event_id":2214,"data_org":"Green","event_date":"2026-04-04T00:00:00.000Z","post_date":"2026-04-04T00:00:00.000Z","pub_date":"2026-04-05T00:00:00.000Z","actor":"Hezbollah","claimed":"FALSE","event_type":"Mortar Attack","city":"Qantara","province":"","country":"Lebanon","latitude":33.274778,"longitude":35.463452,"coord_type":"general town","source_1":"https://t.me/mmirleb/14218","source_2":"","sources":""}},{"type":"Feature","geometry":{"type":"Point","coordinates":[35.463452,33.274778,0]},"properties":{"event_id":2215,"data_org":"Green","event_date":"2026-04-04T00:00:00.000Z","post_date":"2026-04-04T00:00:00.000Z","pub_date":"2026-04-05T00:00:00.000Z","actor":"Hezbollah","claimed":"FALSE","event_type":"Mortar Attack","city":"Qantara","province":"","country":"Lebanon","latitude":33.274778,"longitude":35.463452,"coord_type":"general town","source_1":"https://t.me/mmirleb/14220","source_2":"","sources":""}},{"type":"Feature","geometry":{"type":"Point","coordinates":[35.434338,33.131018000000005,0]},"properties":{"event_id":2216,"data_org":"Green","event_date":"2026-04-04T00:00:00.000Z","post_date":"2026-04-04T00:00:00.000Z","pub_date":"2026-04-05T00:00:00.000Z","actor":"Hezbollah","claimed":"FALSE","event_type":"Mortar Attack","city":"Ainata","province":"","country":"Lebanon","latitude":33.131018,"longitude":35.434338,"coord_type":"general town","source_1":"https://t.me/mmirleb/14222","source_2":"","sources":""}},{"type":"Feature","geometry":{"type":"Point","coordinates":[35.181742,33.162592999999994,0]},"properties":{"event_id":2217,"data_org":"Green","event_date":"2026-04-04T00:00:00.000Z","post_date":"2026-04-04T00:00:00.000Z","pub_date":"2026-04-05T00:00:00.000Z","actor":"Hezbollah","claimed":"FALSE","event_type":"Rocket Attack","city":"Bayyada","province":"","country":"Lebanon","latitude":33.162593,"longitude":35.181742,"coord_type":"general town","source_1":"https://t.me/mmirleb/14230","source_2":"","sources":""}},{"type":"Feature","geometry":{"type":"Point","coordinates":[35.445046,33.10729,0]},"properties":{"event_id":2219,"data_org":"Green","event_date":"2026-04-04T00:00:00.000Z","post_date":"2026-04-04T00:00:00.000Z","pub_date":"2026-04-05T00:00:00.000Z","actor":"Hezbollah","claimed":"FALSE","event_type":"Rocket Attack","city":"Maroun al Ras","province":"","country":"Lebanon","latitude":33.10729,"longitude":35.445046,"coord_type":"general town","source_1":"https://t.me/mmirleb/14232","source_2":"","sources":""}},{"type":"Feature","geometry":{"type":"Point","coordinates":[35.434338,33.131018000000005,0]},"properties":{"event_id":2220,"data_org":"Green","event_date":"2026-04-04T00:00:00.000Z","post_date":"2026-04-04T00:00:00.000Z","pub_date":"2026-04-05T00:00:00.000Z","actor":"Hezbollah","claimed":"FALSE","event_type":"Rocket Attack","city":"Ainata","province":"","country":"Lebanon","latitude":33.131018,"longitude":35.434338,"coord_type":"general town","source_1":"https://t.me/mmirleb/14234","source_2":"","sources":""}},{"type":"Feature","geometry":{"type":"Point","coordinates":[35.434338,33.131018000000005,0]},"properties":{"event_id":2221,"data_org":"Green","event_date":"2026-04-04T00:00:00.000Z","post_date":"2026-04-04T00:00:00.000Z","pub_date":"2026-04-05T00:00:00.000Z","actor":"Hezbollah","claimed":"FALSE","event_type":"Rocket Attack","city":"Ainata","province":"","country":"Lebanon","latitude":33.131018,"longitude":35.434338,"coord_type":"general town","source_1":"https://t.me/mmirleb/14236","source_2":"","sources":""}},{"type":"Feature","geometry":{"type":"Point","coordinates":[35.181742,33.162592999999994,0]},"properties":{"event_id":2222,"data_org":"Green","event_date":"2026-04-04T00:00:00.000Z","post_date":"2026-04-04T00:00:00.000Z","pub_date":"2026-04-05T00:00:00.000Z","actor":"Hezbollah","claimed":"FALSE","event_type":"Mortar Attack","city":"Bayyada","province":"","country":"Lebanon","latitude":33.162593,"longitude":35.181742,"coord_type":"general town","source_1":"https://t.me/mmirleb/14238","source_2":"","sources":""}},{"type":"Feature","geometry":{"type":"Point","coordinates":[35.434338,33.131018000000005,0]},"properties":{"event_id":2223,"data_org":"Green","event_date":"2026-04-04T00:00:00.000Z","post_date":"2026-04-04T00:00:00.000Z","pub_date":"2026-04-05T00:00:00.000Z","actor":"Hezbollah","claimed":"FALSE","event_type":"Rocket Attack","city":"Ainata","province":"","country":"Lebanon","latitude":33.131018,"longitude":35.434338,"coord_type":"general town","source_1":"https://t.me/mmirleb/14246","source_2":"","sources":""}},{"type":"Feature","geometry":{"type":"Point","coordinates":[35.434338,33.131018000000005,0]},"properties":{"event_id":2224,"data_org":"Green","event_date":"2026-04-04T00:00:00.000Z","post_date":"2026-04-04T00:00:00.000Z","pub_date":"2026-04-05T00:00:00.000Z","actor":"Hezbollah","claimed":"FALSE","event_type":"Rocket Attack","city":"Ainata","province":"","country":"Lebanon","latitude":33.131018,"longitude":35.434338,"coord_type":"general town","source_1":"https://t.me/mmirleb/14250","source_2":"","sources":""}},{"type":"Feature","geometry":{"type":"Point","coordinates":[35.562981,33.2834,0]},"properties":{"event_id":2237,"data_org":"Green","event_date":"2026-04-06T00:00:00.000Z","post_date":"2026-04-06T00:00:00.000Z","pub_date":"2026-04-06T00:00:00.000Z","actor":"Hezbollah","claimed":"FALSE","event_type":"Rocket Attack","city":"Kfar Kila","province":"","country":"Lebanon","latitude":33.2834,"longitude":35.562981,"coord_type":"exact","source_1":"https://t.me/mmirleb/14339","source_2":"","sources":""}},{"type":"Feature","geometry":{"type":"Point","coordinates":[35.434338,33.131018000000005,0]},"properties":{"event_id":2238,"data_org":"Green","event_date":"2026-04-06T00:00:00.000Z","post_date":"2026-04-06T00:00:00.000Z","pub_date":"2026-04-06T00:00:00.000Z","actor":"Hezbollah","claimed":"FALSE","event_type":"Rocket Attack","city":"Ainata","province":"","country":"Lebanon","latitude":33.131018,"longitude":35.434338,"coord_type":"general town","source_1":"https://t.me/mmirleb/14346","source_2":"","sources":""}},{"type":"Feature","geometry":{"type":"Point","coordinates":[35.445046,33.10729,0]},"properties":{"event_id":2239,"data_org":"Green","event_date":"2026-04-06T00:00:00.000Z","post_date":"2026-04-06T00:00:00.000Z","pub_date":"2026-04-06T00:00:00.000Z","actor":"Hezbollah","claimed":"FALSE","event_type":"Rocket Attack","city":"Maroun al Ras","province":"","country":"Lebanon","latitude":33.10729,"longitude":35.445046,"coord_type":"general town","source_1":"https://t.me/mmirleb/14346","source_2":"","sources":""}},{"type":"Feature","geometry":{"type":"Point","coordinates":[35.434338,33.131018000000005,0]},"properties":{"event_id":2240,"data_org":"Green","event_date":"2026-04-06T00:00:00.000Z","post_date":"2026-04-06T00:00:00.000Z","pub_date":"2026-04-06T00:00:00.000Z","actor":"Hezbollah","claimed":"FALSE","event_type":"Rocket Attack","city":"Ainata","province":"","country":"Lebanon","latitude":33.131018,"longitude":35.434338,"coord_type":"general town","source_1":"https://t.me/mmirleb/14346","source_2":"","sources":""}},{"type":"Feature","geometry":{"type":"Point","coordinates":[35.434338,33.131018000000005,0]},"properties":{"event_id":2241,"data_org":"Green","event_date":"2026-04-06T00:00:00.000Z","post_date":"2026-04-06T00:00:00.000Z","pub_date":"2026-04-06T00:00:00.000Z","actor":"Hezbollah","claimed":"FALSE","event_type":"Rocket Attack","city":"Ainata","province":"","country":"Lebanon","latitude":33.131018,"longitude":35.434338,"coord_type":"general town","source_1":"https://t.me/mmirleb/14346","source_2":"","sources":""}},{"type":"Feature","geometry":{"type":"Point","coordinates":[35.434338,33.131018000000005,0]},"properties":{"event_id":2242,"data_org":"Green","event_date":"2026-04-06T00:00:00.000Z","post_date":"2026-04-06T00:00:00.000Z","pub_date":"2026-04-06T00:00:00.000Z","actor":"Hezbollah","claimed":"FALSE","event_type":"Rocket Attack","city":"Ainata","province":"","country":"Lebanon","latitude":33.131018,"longitude":35.434338,"coord_type":"general town","source_1":"https://t.me/mmirleb/14346","source_2":"","sources":""}},{"type":"Feature","geometry":{"type":"Point","coordinates":[35.434338,33.131018000000005,0]},"properties":{"event_id":2243,"data_org":"Green","event_date":"2026-04-06T00:00:00.000Z","post_date":"2026-04-06T00:00:00.000Z","pub_date":"2026-04-06T00:00:00.000Z","actor":"Hezbollah","claimed":"FALSE","event_type":"Rocket Attack","city":"Ainata","province":"","country":"Lebanon","latitude":33.131018,"longitude":35.434338,"coord_type":"general town","source_1":"https://t.me/mmirleb/14346","source_2":"","sources":""}},{"type":"Feature","geometry":{"type":"Point","coordinates":[35.434338,33.131018000000005,0]},"properties":{"event_id":2244,"data_org":"Green","event_date":"2026-04-06T00:00:00.000Z","post_date":"2026-04-06T00:00:00.000Z","pub_date":"2026-04-06T00:00:00.000Z","actor":"Hezbollah","claimed":"FALSE","event_type":"Rocket Attack","city":"Ainata","province":"","country":"Lebanon","latitude":33.131018,"longitude":35.434338,"coord_type":"general town","source_1":"https://t.me/mmirleb/14346","source_2":"","sources":""}},{"type":"Feature","geometry":{"type":"Point","coordinates":[35.360856000000005,33.143398,0]},"properties":{"event_id":2245,"data_org":"Green","event_date":"2026-04-06T00:00:00.000Z","post_date":"2026-04-06T00:00:00.000Z","pub_date":"2026-04-06T00:00:00.000Z","actor":"Hezbollah","claimed":"FALSE","event_type":"Missile Attack","city":"Rachaf","province":"","country":"Lebanon","latitude":33.143398,"longitude":35.360856,"coord_type":"general town","source_1":"https://t.me/mmirleb/14347","source_2":"","sources":""}},{"type":"Feature","geometry":{"type":"Point","coordinates":[35.60797,33.32021,0]},"properties":{"event_id":2246,"data_org":"Green","event_date":"2026-04-06T00:00:00.000Z","post_date":"2026-04-06T00:00:00.000Z","pub_date":"2026-04-06T00:00:00.000Z","actor":"Hezbollah","claimed":"FALSE","event_type":"Mortar Attack","city":"Khiam","province":"","country":"Lebanon","latitude":33.32021,"longitude":35.60797,"coord_type":"exact","source_1":"https://t.me/mmirleb/14361","source_2":"","sources":""}},{"type":"Feature","geometry":{"type":"Point","coordinates":[35.567141,33.52629557,0]},"properties":{"event_id":449,"data_org":"Green","event_date":"2026-04-06T00:00:00.000Z","post_date":"2026-04-06T00:00:00.000Z","pub_date":"2026-04-06T00:00:00.000Z","actor":"Hezbollah","claimed":"TRUE","event_type":"Rocket Attack","city":"Biyyadah","province":"","country":"Lebanon","latitude":33.52629557,"longitude":35.567141,"coord_type":"general town","source_1":"https://t.me/mmirleb/14367","source_2":"","sources":""}},{"type":"Feature","geometry":{"type":"Point","coordinates":[35.36216,33.143039999999985,0]},"properties":{"event_id":450,"data_org":"Green","event_date":"2026-04-06T00:00:00.000Z","post_date":"2026-04-06T00:00:00.000Z","pub_date":"2026-04-06T00:00:00.000Z","actor":"Hezbollah","claimed":"TRUE","event_type":"Rocket Attack","city":"Rachaf","province":"","country":"","latitude":33.14304,"longitude":35.36216,"coord_type":"general town","source_1":"https://t.me/mmirleb/14369","source_2":"","sources":""}},{"type":"Feature","geometry":{"type":"Point","coordinates":[35.4343377,33.131018049999994,0]},"properties":{"event_id":451,"data_org":"Green","event_date":"2026-04-06T00:00:00.000Z","post_date":"2026-04-06T00:00:00.000Z","pub_date":"2026-04-06T00:00:00.000Z","actor":"Hezbollah","claimed":"TRUE","event_type":"Rocket Attack","city":"Ainata","province":"","country":"Lebanon","latitude":33.13101805,"longitude":35.4343377,"coord_type":"general town","source_1":"https://t.me/mmirleb/14371","source_2":"","sources":""}},{"type":"Feature","geometry":{"type":"Point","coordinates":[35.340638,33.121217,0]},"properties":{"event_id":454,"data_org":"Green","event_date":"2026-04-06T00:00:00.000Z","post_date":"2026-04-06T00:00:00.000Z","pub_date":"2026-04-06T00:00:00.000Z","actor":"Hezbollah","claimed":"TRUE","event_type":"Drone Attack","city":"Qouzah","province":"","country":"Lebanon","latitude":33.121217,"longitude":35.340638,"coord_type":"exact","source_1":"https://x.com/Me1Ray/status/2041192614507286732","source_2":"https://x.com/cym27s/status/2041184669098471799","sources":""}},{"type":"Feature","geometry":{"type":"Point","coordinates":[35.332057,33.128741,0]},"properties":{"event_id":9999,"data_org":"Green","event_date":"2026-04-06T00:00:00.000Z","post_date":"2026-04-06T00:00:00.000Z","pub_date":"2026-04-06T00:00:00.000Z","actor":"Hezbollah","claimed":"TRUE","event_type":"Drone Attack","city":"Beit Lif","province":"","country":"Lebanon","latitude":33.128741,"longitude":35.332057,"coord_type":"exact","source_1":"https://x.com/Me1Ray/status/2041192614507286732","source_2":"https://x.com/cym27s/status/2041184669098471799","sources":""}},{"type":"Feature","geometry":{"type":"Point","coordinates":[35.6150633,33.33012941,0]},"properties":{"event_id":452,"data_org":"Green","event_date":"2026-04-06T00:00:00.000Z","post_date":"2026-04-06T00:00:00.000Z","pub_date":"2026-04-06T00:00:00.000Z","actor":"Hezbollah","claimed":"TRUE","event_type":"Rocket Attack","city":"al Khiyam","province":"","country":"Lebanon","latitude":33.33012941,"longitude":35.6150633,"coord_type":"general town","source_1":"https://t.me/mmirleb/14377","source_2":"","sources":""}},{"type":"Feature","geometry":{"type":"Point","coordinates":[35.567141,33.52629557,0]},"properties":{"event_id":453,"data_org":"Green","event_date":"2026-04-06T00:00:00.000Z","post_date":"2026-04-06T00:00:00.000Z","pub_date":"2026-04-06T00:00:00.000Z","actor":"Hezbollah","claimed":"TRUE","event_type":"Rocket Attack","city":"Biyyadah","province":"","country":"Lebanon","latitude":33.52629557,"longitude":35.567141,"coord_type":"general town","source_1":"https://t.me/mmirleb/14379","source_2":"","sources":""}},{"type":"Feature","geometry":{"type":"Point","coordinates":[35.4449601,33.10822188,0]},"properties":{"event_id":456,"data_org":"Green","event_date":"2026-04-06T00:00:00.000Z","post_date":"2026-04-07T00:00:00.000Z","pub_date":"2026-04-06T00:00:00.000Z","actor":"Hezbollah","claimed":"TRUE","event_type":"Rocket Attack","city":"Maroun al Ras","province":"","country":"Lebanon","latitude":33.10822188,"longitude":35.4449601,"coord_type":"general town","source_1":"https://t.me/mmirleb/14420","source_2":"","sources":""}},{"type":"Feature","geometry":{"type":"Point","coordinates":[35.4343377,33.131018049999994,0]},"properties":{"event_id":457,"data_org":"Green","event_date":"2026-04-06T00:00:00.000Z","post_date":"2026-04-07T00:00:00.000Z","pub_date":"2026-04-06T00:00:00.000Z","actor":"Hezbollah","claimed":"TRUE","event_type":"Rocket Attack","city":"Ainata","province":"","country":"Lebanon","latitude":33.13101805,"longitude":35.4343377,"coord_type":"general town","source_1":"https://t.me/mmirleb/14422","source_2":"","sources":""}},{"type":"Feature","geometry":{"type":"Point","coordinates":[35.4449601,33.10822188,0]},"properties":{"event_id":458,"data_org":"Green","event_date":"2026-04-06T00:00:00.000Z","post_date":"2026-04-07T00:00:00.000Z","pub_date":"2026-04-06T00:00:00.000Z","actor":"Hezbollah","claimed":"TRUE","event_type":"Rocket Attack","city":"Maroun al Ras","province":"","country":"Lebanon","latitude":33.10822188,"longitude":35.4449601,"coord_type":"general town","source_1":"https://t.me/mmirleb/14424","source_2":"","sources":""}},{"type":"Feature","geometry":{"type":"Point","coordinates":[35.4343377,33.131018049999994,0]},"properties":{"event_id":459,"data_org":"Green","event_date":"2026-04-06T00:00:00.000Z","post_date":"2026-04-07T00:00:00.000Z","pub_date":"2026-04-06T00:00:00.000Z","actor":"Hezbollah","claimed":"TRUE","event_type":"Rocket Attack","city":"Ainata","province":"","country":"Lebanon","latitude":33.13101805,"longitude":35.4343377,"coord_type":"general town","source_1":"https://t.me/mmirleb/14430","source_2":"","sources":""}},{"type":"Feature","geometry":{"type":"Point","coordinates":[35.3352565,33.09863487999999,0]},"properties":{"event_id":464,"data_org":"Green","event_date":"2026-04-06T00:00:00.000Z","post_date":"2026-04-07T00:00:00.000Z","pub_date":"2026-04-06T00:00:00.000Z","actor":"Hezbollah","claimed":"TRUE","event_type":"Rocket Attack","city":"Aita al Shaab","province":"","country":"Lebanon","latitude":33.09863488,"longitude":35.3352565,"coord_type":"general town","source_1":"https://t.me/mmirleb/14434","source_2":"","sources":""}},{"type":"Feature","geometry":{"type":"Point","coordinates":[35.434338,33.131018000000005,0]},"properties":{"event_id":2233,"data_org":"Green","event_date":"2026-04-05T00:00:00.000Z","post_date":"2026-04-05T00:00:00.000Z","pub_date":"2026-04-06T00:00:00.000Z","actor":"Hezbollah","claimed":"FALSE","event_type":"Other (see note)","city":"Ainata","province":"","country":"Lebanon","latitude":33.131018,"longitude":35.434338,"coord_type":"general town","source_1":"https://t.me/mmirleb/14310","source_2":"","sources":""}},{"type":"Feature","geometry":{"type":"Point","coordinates":[35.434338,33.131018000000005,0]},"properties":{"event_id":2234,"data_org":"Green","event_date":"2026-04-05T00:00:00.000Z","post_date":"2026-04-05T00:00:00.000Z","pub_date":"2026-04-06T00:00:00.000Z","actor":"Hezbollah","claimed":"FALSE","event_type":"Rocket Attack","city":"Ainata","province":"","country":"Lebanon","latitude":33.131018,"longitude":35.434338,"coord_type":"general town","source_1":"https://t.me/mmirleb/14312","source_2":"","sources":""}},{"type":"Feature","geometry":{"type":"Point","coordinates":[35.434338,33.131018000000005,0]},"properties":{"event_id":2235,"data_org":"Green","event_date":"2026-04-05T00:00:00.000Z","post_date":"2026-04-05T00:00:00.000Z","pub_date":"2026-04-06T00:00:00.000Z","actor":"Hezbollah","claimed":"FALSE","event_type":"Rocket Attack","city":"Ainata","province":"","country":"Lebanon","latitude":33.131018,"longitude":35.434338,"coord_type":"general town","source_1":"https://t.me/mmirleb/14312","source_2":"","sources":""}},{"type":"Feature","geometry":{"type":"Point","coordinates":[35.4343377,33.131018049999994,0]},"properties":{"event_id":467,"data_org":"Green","event_date":"2026-04-06T00:00:00.000Z","post_date":"2026-04-07T00:00:00.000Z","pub_date":"2026-04-06T00:00:00.000Z","actor":"Hezbollah","claimed":"TRUE","event_type":"Drone Attack","city":"Ainata","province":"","country":"Lebanon","latitude":33.13101805,"longitude":35.4343377,"coord_type":"general town","source_1":"https://t.me/mmirleb/14444","source_2":"","sources":""}},{"type":"Feature","geometry":{"type":"Point","coordinates":[35.4343377,33.131018049999994,0]},"properties":{"event_id":468,"data_org":"Green","event_date":"2026-04-06T00:00:00.000Z","post_date":"2026-04-07T00:00:00.000Z","pub_date":"2026-04-06T00:00:00.000Z","actor":"Hezbollah","claimed":"TRUE","event_type":"Rocket Attack","city":"Ainata","province":"","country":"Lebanon","latitude":33.13101805,"longitude":35.4343377,"coord_type":"general town","source_1":"https://t.me/mmirleb/14446","source_2":"","sources":""}},{"type":"Feature","geometry":{"type":"Point","coordinates":[35.520532,33.276423999999984,0]},"properties":{"event_id":2236,"data_org":"Green","event_date":"2026-04-05T00:00:00.000Z","post_date":"2026-04-05T00:00:00.000Z","pub_date":"2026-04-06T00:00:00.000Z","actor":"Hezbollah","claimed":"FALSE","event_type":"Drone Attack","city":"Taybeh","province":"","country":"Lebanon","latitude":33.276424,"longitude":35.520532,"coord_type":"general town","source_1":"https://t.me/mmirleb/14319","source_2":"","sources":""}},{"type":"Feature","geometry":{"type":"Point","coordinates":[35.6079697,33.32021021999999,0]},"properties":{"event_id":471,"data_org":"Green","event_date":"2026-04-07T00:00:00.000Z","post_date":"2026-04-07T00:00:00.000Z","pub_date":"2026-04-07T00:00:00.000Z","actor":"Hezbollah","claimed":"TRUE","event_type":"Other","city":"Khiam detention center","province":"","country":"Lebanon","latitude":33.32021022,"longitude":35.6079697,"coord_type":"exact","source_1":"https://t.me/mmirleb/14458","source_2":"","sources":""}},{"type":"Feature","geometry":{"type":"Point","coordinates":[35.1817422,33.162593199999996,0]},"properties":{"event_id":473,"data_org":"Green","event_date":"2026-04-07T00:00:00.000Z","post_date":"2026-04-07T00:00:00.000Z","pub_date":"2026-04-07T00:00:00.000Z","actor":"Hezbollah","claimed":"TRUE","event_type":"Missile Attack","city":"Bayyada","province":"","country":"Lebanon","latitude":33.1625932,"longitude":35.1817422,"coord_type":"general town","source_1":"https://t.me/mmirleb/14470","source_2":"","sources":""}},{"type":"Feature","geometry":{"type":"Point","coordinates":[35.519977,33.276695,0]},"properties":{"event_id":474,"data_org":"Green","event_date":"2026-04-07T00:00:00.000Z","post_date":"2026-04-07T00:00:00.000Z","pub_date":"2026-04-07T00:00:00.000Z","actor":"Hezbollah","claimed":"TRUE","event_type":"Drone Attack","city":"Taybeh","province":"","country":"Lebanon","latitude":33.276695,"longitude":35.519977,"coord_type":"general town","source_1":"https://t.me/mmirleb/14472","source_2":"","sources":""}},{"type":"Feature","geometry":{"type":"Point","coordinates":[35.5169521,33.233368340000006,0]},"properties":{"event_id":475,"data_org":"Green","event_date":"2026-04-07T00:00:00.000Z","post_date":"2026-04-07T00:00:00.000Z","pub_date":"2026-04-07T00:00:00.000Z","actor":"Hezbollah","claimed":"TRUE","event_type":"Rocket Attack","city":"Markaba","province":"","country":"Lebanon","latitude":33.23336834,"longitude":35.5169521,"coord_type":"general town","source_1":"https://t.me/mmirleb/14474","source_2":"","sources":""}},{"type":"Feature","geometry":{"type":"Point","coordinates":[35.5629812,33.2834,0]},"properties":{"event_id":476,"data_org":"Green","event_date":"2026-04-07T00:00:00.000Z","post_date":"2026-04-07T00:00:00.000Z","pub_date":"2026-04-07T00:00:00.000Z","actor":"Hezbollah","claimed":"TRUE","event_type":"Rocket Attack","city":"Fatima Gate","province":"","country":"Lebanon","latitude":33.2834,"longitude":35.5629812,"coord_type":"exact","source_1":"https://t.me/mmirleb/14476","source_2":"","sources":""}},{"type":"Feature","geometry":{"type":"Point","coordinates":[35.519977,33.276695,0]},"properties":{"event_id":479,"data_org":"Green","event_date":"2026-04-07T00:00:00.000Z","post_date":"2026-04-07T00:00:00.000Z","pub_date":"2026-04-07T00:00:00.000Z","actor":"Hezbollah","claimed":"TRUE","event_type":"Mortar Fire","city":"Taybeh","province":"","country":"Lebanon","latitude":33.276695,"longitude":35.519977,"coord_type":"general town","source_1":"https://t.me/mmirleb/14491","source_2":"","sources":""}},{"type":"Feature","geometry":{"type":"Point","coordinates":[35.1817422,33.162593199999996,0]},"properties":{"event_id":480,"data_org":"Green","event_date":"2026-04-07T00:00:00.000Z","post_date":"2026-04-07T00:00:00.000Z","pub_date":"2026-04-07T00:00:00.000Z","actor":"Hezbollah","claimed":"TRUE","event_type":"Drone Attack","city":"Bayyada","province":"","country":"Lebanon","latitude":33.1625932,"longitude":35.1817422,"coord_type":"general town","source_1":"https://t.me/mmirleb/14496","source_2":"","sources":""}},{"type":"Feature","geometry":{"type":"Point","coordinates":[35.519977,33.276695,0]},"properties":{"event_id":481,"data_org":"Green","event_date":"2026-04-07T00:00:00.000Z","post_date":"2026-04-07T00:00:00.000Z","pub_date":"2026-04-07T00:00:00.000Z","actor":"Hezbollah","claimed":"TRUE","event_type":"Rocket Attack","city":"Taybeh","province":"","country":"Lebanon","latitude":33.276695,"longitude":35.519977,"coord_type":"general town","source_1":"https://t.me/mmirleb/14498","source_2":"","sources":""}},{"type":"Feature","geometry":{"type":"Point","coordinates":[35.36216,33.143039999999985,0]},"properties":{"event_id":482,"data_org":"Green","event_date":"2026-04-07T00:00:00.000Z","post_date":"2026-04-07T00:00:00.000Z","pub_date":"2026-04-07T00:00:00.000Z","actor":"Hezbollah","claimed":"TRUE","event_type":"Rocket Attack","city":"Rachaf","province":"","country":"Lebanon","latitude":33.14304,"longitude":35.36216,"coord_type":"general town","source_1":"https://t.me/mmirleb/14500","source_2":"","sources":""}},{"type":"Feature","geometry":{"type":"Point","coordinates":[35.3324758,33.13393388,0]},"properties":{"event_id":483,"data_org":"Green","event_date":"2026-04-07T00:00:00.000Z","post_date":"2026-04-07T00:00:00.000Z","pub_date":"2026-04-07T00:00:00.000Z","actor":"Hezbollah","claimed":"TRUE","event_type":"Rocket Attack","city":"Beit Lif","province":"","country":"Lebanon","latitude":33.13393388,"longitude":35.3324758,"coord_type":"general town","source_1":"https://t.me/mmirleb/14500","source_2":"","sources":""}},{"type":"Feature","geometry":{"type":"Point","coordinates":[35.1817422,33.162593199999996,0]},"properties":{"event_id":484,"data_org":"Green","event_date":"2026-04-07T00:00:00.000Z","post_date":"2026-04-07T00:00:00.000Z","pub_date":"2026-04-07T00:00:00.000Z","actor":"Hezbollah","claimed":"TRUE","event_type":"Missile Attack","city":"Bayyada","province":"","country":"Lebanon","latitude":33.1625932,"longitude":35.1817422,"coord_type":"general town","source_1":"https://t.me/mmirleb/14502","source_2":"","sources":""}},{"type":"Feature","geometry":{"type":"Point","coordinates":[35.4324032,33.11740413,0]},"properties":{"event_id":486,"data_org":"Green","event_date":"2026-04-07T00:00:00.000Z","post_date":"2026-04-07T00:00:00.000Z","pub_date":"2026-04-07T00:00:00.000Z","actor":"Hezbollah","claimed":"TRUE","event_type":"Small Arms Engagement","city":"Bint Jbeil","province":"","country":"Lebanon","latitude":33.11740413,"longitude":35.4324032,"coord_type":"general town","source_1":"https://t.me/mmirleb/14511","source_2":"","sources":""}},{"type":"Feature","geometry":{"type":"Point","coordinates":[35.4324032,33.11740413,0]},"properties":{"event_id":487,"data_org":"Green","event_date":"2026-04-07T00:00:00.000Z","post_date":"2026-04-07T00:00:00.000Z","pub_date":"2026-04-07T00:00:00.000Z","actor":"Hezbollah","claimed":"TRUE","event_type":"Anti-Tank Fire","city":"Bint Jbeil","province":"","country":"Lebanon","latitude":33.11740413,"longitude":35.4324032,"coord_type":"general town","source_1":"https://t.me/mmirleb/14511","source_2":"","sources":""}},{"type":"Feature","geometry":{"type":"Point","coordinates":[35.4449601,33.10822188,0]},"properties":{"event_id":488,"data_org":"Green","event_date":"2026-04-07T00:00:00.000Z","post_date":"2026-04-07T00:00:00.000Z","pub_date":"2026-04-07T00:00:00.000Z","actor":"Hezbollah","claimed":"TRUE","event_type":"Rocket Attack","city":"Maroun al Ras","province":"","country":"Lebanon","latitude":33.10822188,"longitude":35.4449601,"coord_type":"general town","source_1":"https://t.me/mmirleb/14513","source_2":"","sources":""}},{"type":"Feature","geometry":{"type":"Point","coordinates":[35.4324032,33.11740413,0]},"properties":{"event_id":489,"data_org":"Green","event_date":"2026-04-07T00:00:00.000Z","post_date":"2026-04-07T00:00:00.000Z","pub_date":"2026-04-07T00:00:00.000Z","actor":"Hezbollah","claimed":"TRUE","event_type":"Rocket Attack","city":"Bint Jbeil","province":"","country":"Lebanon","latitude":33.11740413,"longitude":35.4324032,"coord_type":"general town","source_1":"https://t.me/mmirleb/14513","source_2":"","sources":""}},{"type":"Feature","geometry":{"type":"Point","coordinates":[35.4324032,33.11740413,0]},"properties":{"event_id":490,"data_org":"Green","event_date":"2026-04-07T00:00:00.000Z","post_date":"2026-04-07T00:00:00.000Z","pub_date":"2026-04-07T00:00:00.000Z","actor":"Hezbollah","claimed":"TRUE","event_type":"Rocket Attack","city":"Bint Jbeil","province":"","country":"Lebanon","latitude":33.11740413,"longitude":35.4324032,"coord_type":"general town","source_1":"https://t.me/mmirleb/14513","source_2":"","sources":""}},{"type":"Feature","geometry":{"type":"Point","coordinates":[35.4343377,33.131018049999994,0]},"properties":{"event_id":491,"data_org":"Green","event_date":"2026-04-07T00:00:00.000Z","post_date":"2026-04-07T00:00:00.000Z","pub_date":"2026-04-07T00:00:00.000Z","actor":"Hezbollah","claimed":"TRUE","event_type":"Rocket Attack","city":"Ainata","province":"","country":"Lebanon","latitude":33.13101805,"longitude":35.4343377,"coord_type":"general town","source_1":"https://t.me/mmirleb/14513","source_2":"","sources":""}},{"type":"Feature","geometry":{"type":"Point","coordinates":[35.4343377,33.131018049999994,0]},"properties":{"event_id":492,"data_org":"Green","event_date":"2026-04-07T00:00:00.000Z","post_date":"2026-04-07T00:00:00.000Z","pub_date":"2026-04-07T00:00:00.000Z","actor":"Hezbollah","claimed":"TRUE","event_type":"Rocket Attack","city":"Ainata","province":"","country":"Lebanon","latitude":33.13101805,"longitude":35.4343377,"coord_type":"general town","source_1":"https://t.me/mmirleb/14513","source_2":"","sources":""}},{"type":"Feature","geometry":{"type":"Point","coordinates":[35.36216,33.143039999999985,0]},"properties":{"event_id":493,"data_org":"Green","event_date":"2026-04-07T00:00:00.000Z","post_date":"2026-04-07T00:00:00.000Z","pub_date":"2026-04-07T00:00:00.000Z","actor":"Hezbollah","claimed":"TRUE","event_type":"Rocket Attack","city":"Rachaf","province":"","country":"Lebanon","latitude":33.14304,"longitude":35.36216,"coord_type":"general town","source_1":"https://t.me/mmirleb/14515","source_2":"","sources":""}},{"type":"Feature","geometry":{"type":"Point","coordinates":[35.3324758,33.13393388,0]},"properties":{"event_id":494,"data_org":"Green","event_date":"2026-04-07T00:00:00.000Z","post_date":"2026-04-07T00:00:00.000Z","pub_date":"2026-04-07T00:00:00.000Z","actor":"Hezbollah","claimed":"TRUE","event_type":"Rocket Attack","city":"Beit Lif","province":"","country":"Lebanon","latitude":33.13393388,"longitude":35.3324758,"coord_type":"general town","source_1":"https://t.me/mmirleb/14515","source_2":"","sources":""}},{"type":"Feature","geometry":{"type":"Point","coordinates":[35.519977,33.276695,0]},"properties":{"event_id":495,"data_org":"Green","event_date":"2026-04-07T00:00:00.000Z","post_date":"2026-04-07T00:00:00.000Z","pub_date":"2026-04-07T00:00:00.000Z","actor":"Hezbollah","claimed":"TRUE","event_type":"Mortar Fire","city":"Taybeh","province":"","country":"Lebanon","latitude":33.276695,"longitude":35.519977,"coord_type":"general town","source_1":"https://t.me/mmirleb/14517","source_2":"","sources":""}},{"type":"Feature","geometry":{"type":"Point","coordinates":[35.519977,33.276695,0]},"properties":{"event_id":496,"data_org":"Green","event_date":"2026-04-07T00:00:00.000Z","post_date":"2026-04-07T00:00:00.000Z","pub_date":"2026-04-07T00:00:00.000Z","actor":"Hezbollah","claimed":"TRUE","event_type":"Drone Attack","city":"Taybeh","province":"","country":"Lebanon","latitude":33.276695,"longitude":35.519977,"coord_type":"general town","source_1":"https://t.me/mmirleb/14519","source_2":"","sources":""}},{"type":"Feature","geometry":{"type":"Point","coordinates":[35.519977,33.276695,0]},"properties":{"event_id":497,"data_org":"Green","event_date":"2026-04-07T00:00:00.000Z","post_date":"2026-04-07T00:00:00.000Z","pub_date":"2026-04-07T00:00:00.000Z","actor":"Hezbollah","claimed":"TRUE","event_type":"Drone Attack","city":"Taybeh","province":"","country":"Lebanon","latitude":33.276695,"longitude":35.519977,"coord_type":"general town","source_1":"https://t.me/mmirleb/14521","source_2":"","sources":""}},{"type":"Feature","geometry":{"type":"Point","coordinates":[35.6079697,33.32021021999999,0]},"properties":{"event_id":498,"data_org":"Green","event_date":"2026-04-07T00:00:00.000Z","post_date":"2026-04-07T00:00:00.000Z","pub_date":"2026-04-07T00:00:00.000Z","actor":"Hezbollah","claimed":"TRUE","event_type":"Other","city":"Khiam detention center","province":"","country":"Lebanon","latitude":33.32021022,"longitude":35.6079697,"coord_type":"exact","source_1":"https://t.me/mmirleb/14523","source_2":"","sources":""}},{"type":"Feature","geometry":{"type":"Point","coordinates":[35.519977,33.276695,0]},"properties":{"event_id":500,"data_org":"Green","event_date":"2026-04-07T00:00:00.000Z","post_date":"2026-04-07T00:00:00.000Z","pub_date":"2026-04-07T00:00:00.000Z","actor":"Hezbollah","claimed":"TRUE","event_type":"Drone Attack","city":"Taybeh","province":"","country":"Lebanon","latitude":33.276695,"longitude":35.519977,"coord_type":"general town","source_1":"https://t.me/mmirleb/14534","source_2":"","sources":""}},{"type":"Feature","geometry":{"type":"Point","coordinates":[35.519977,33.276695,0]},"properties":{"event_id":502,"data_org":"Green","event_date":"2026-04-07T00:00:00.000Z","post_date":"2026-04-07T00:00:00.000Z","pub_date":"2026-04-07T00:00:00.000Z","actor":"Hezbollah","claimed":"TRUE","event_type":"Rocket Attack","city":"Taybeh","province":"","country":"Lebanon","latitude":33.276695,"longitude":35.519977,"coord_type":"general town","source_1":"https://t.me/mmirleb/14542","source_2":"","sources":""}},{"type":"Feature","geometry":{"type":"Point","coordinates":[35.4324032,33.11740413,0]},"properties":{"event_id":505,"data_org":"Green","event_date":"2026-04-07T00:00:00.000Z","post_date":"2026-04-07T00:00:00.000Z","pub_date":"2026-04-07T00:00:00.000Z","actor":"Hezbollah","claimed":"TRUE","event_type":"Anti-Tank Fire","city":"Bint Jbeil","province":"","country":"Lebanon","latitude":33.11740413,"longitude":35.4324032,"coord_type":"general town","source_1":"https://t.me/mmirleb/14549","source_2":"","sources":""}},{"type":"Feature","geometry":{"type":"Point","coordinates":[35.4324032,33.11740413,0]},"properties":{"event_id":506,"data_org":"Green","event_date":"2026-04-07T00:00:00.000Z","post_date":"2026-04-07T00:00:00.000Z","pub_date":"2026-04-07T00:00:00.000Z","actor":"Hezbollah","claimed":"TRUE","event_type":"Anti-Tank Fire","city":"Bint Jbeil","province":"","country":"Lebanon","latitude":33.11740413,"longitude":35.4324032,"coord_type":"general town","source_1":"https://t.me/mmirleb/14551","source_2":"","sources":""}},{"type":"Feature","geometry":{"type":"Point","coordinates":[35.4343377,33.131018049999994,0]},"properties":{"event_id":510,"data_org":"Green","event_date":"2026-04-07T00:00:00.000Z","post_date":"2026-04-07T00:00:00.000Z","pub_date":"2026-04-08T00:00:00.000Z","actor":"Hezbollah","claimed":"TRUE","event_type":"Rocket Attack","city":"Aainata","province":"","country":"Lebanon","latitude":33.13101805,"longitude":35.4343377,"coord_type":"general town","source_1":"https://t.me/mmirleb/14559","source_2":"","sources":""}},{"type":"Feature","geometry":{"type":"Point","coordinates":[35.1789292,33.104186119999994,0]},"properties":{"event_id":514,"data_org":"Green","event_date":"2026-04-07T00:00:00.000Z","post_date":"2026-04-07T00:00:00.000Z","pub_date":"2026-04-08T00:00:00.000Z","actor":"Hezbollah","claimed":"TRUE","event_type":"Rocket Attack","city":"Alma Shaab","province":"","country":"Lebanon","latitude":33.10418612,"longitude":35.1789292,"coord_type":"general town","source_1":"https://t.me/mmirleb/14571","source_2":"","sources":""}},{"type":"Feature","geometry":{"type":"Point","coordinates":[35.54523,33.25438,0]},"properties":{"event_id":516,"data_org":"Green","event_date":"2026-04-07T00:00:00.000Z","post_date":"2026-04-07T00:00:00.000Z","pub_date":"2026-04-08T00:00:00.000Z","actor":"Hezbollah","claimed":"TRUE","event_type":"Rocket Attack","city":"Oddaisseh","province":"","country":"Lebanon","latitude":33.25438,"longitude":35.54523,"coord_type":"general town","source_1":"https://t.me/mmirleb/14571","source_2":"","sources":""}},{"type":"Feature","geometry":{"type":"Point","coordinates":[35.5118925,33.50181779,0]},"properties":{"event_id":517,"data_org":"Green","event_date":"2026-04-07T00:00:00.000Z","post_date":"2026-04-07T00:00:00.000Z","pub_date":"2026-04-08T00:00:00.000Z","actor":"Hezbollah","claimed":"TRUE","event_type":"Rocket Attack","city":"Bouslaiya","province":"","country":"Lebanon","latitude":33.50181779,"longitude":35.5118925,"coord_type":"general town","source_1":"https://t.me/mmirleb/14571","source_2":"","sources":""}},{"type":"Feature","geometry":{"type":"Point","coordinates":[35.5209785,33.17002461999999,0]},"properties":{"event_id":519,"data_org":"Green","event_date":"2026-04-07T00:00:00.000Z","post_date":"2026-04-07T00:00:00.000Z","pub_date":"2026-04-08T00:00:00.000Z","actor":"Hezbollah","claimed":"TRUE","event_type":"Mortar Fire","city":"Mays al Jabal","province":"","country":"Lebanon","latitude":33.17002462,"longitude":35.5209785,"coord_type":"general town","source_1":"https://t.me/mmirleb/14571","source_2":"","sources":""}},{"type":"Feature","geometry":{"type":"Point","coordinates":[35.54523,33.25438,0]},"properties":{"event_id":521,"data_org":"Green","event_date":"2026-04-07T00:00:00.000Z","post_date":"2026-04-07T00:00:00.000Z","pub_date":"2026-04-08T00:00:00.000Z","actor":"Hezbollah","claimed":"TRUE","event_type":"Mortar Fire","city":"Oddaisseh","province":"","country":"Lebanon","latitude":33.25438,"longitude":35.54523,"coord_type":"general town","source_1":"https://t.me/mmirleb/14571","source_2":"","sources":""}},{"type":"Feature","geometry":{"type":"Point","coordinates":[35.5169521,33.233368340000006,0]},"properties":{"event_id":524,"data_org":"Green","event_date":"2026-04-07T00:00:00.000Z","post_date":"2026-04-07T00:00:00.000Z","pub_date":"2026-04-08T00:00:00.000Z","actor":"Hezbollah","claimed":"TRUE","event_type":"Mortar Fire","city":"Markaba","province":"","country":"Lebanon","latitude":33.23336834,"longitude":35.5169521,"coord_type":"general town","source_1":"https://t.me/mmirleb/14571","source_2":"","sources":""}},{"type":"Feature","geometry":{"type":"Point","coordinates":[35.5172952,33.23246982999999,0]},"properties":{"event_id":527,"data_org":"Green","event_date":"2026-04-07T00:00:00.000Z","post_date":"2026-04-07T00:00:00.000Z","pub_date":"2026-04-08T00:00:00.000Z","actor":"Hezbollah","claimed":"TRUE","event_type":"Rocket Attack","city":"Markaba","province":"","country":"Lebanon","latitude":33.23246983,"longitude":35.5172952,"coord_type":"general town","source_1":"https://t.me/mmirleb/14571","source_2":"","sources":""}},{"type":"Feature","geometry":{"type":"Point","coordinates":[35.4324032,33.11740413,0]},"properties":{"event_id":528,"data_org":"Green","event_date":"2026-04-07T00:00:00.000Z","post_date":"2026-04-07T00:00:00.000Z","pub_date":"2026-04-08T00:00:00.000Z","actor":"Hezbollah","claimed":"TRUE","event_type":"Anti-Tank Fire","city":"Bint Jbeil","province":"","country":"Lebanon","latitude":33.11740413,"longitude":35.4324032,"coord_type":"general town","source_1":"https://t.me/mmirleb/14573","source_2":"","sources":""}},{"type":"Feature","geometry":{"type":"Point","coordinates":[35.4449601,33.10822188,0]},"properties":{"event_id":529,"data_org":"Green","event_date":"2026-04-07T00:00:00.000Z","post_date":"2026-04-07T00:00:00.000Z","pub_date":"2026-04-08T00:00:00.000Z","actor":"Hezbollah","claimed":"TRUE","event_type":"Rocket Attack","city":"Maroun al Ras","province":"","country":"Lebanon","latitude":33.10822188,"longitude":35.4449601,"coord_type":"general town","source_1":"https://t.me/mmirleb/14573","source_2":"","sources":""}},{"type":"Feature","geometry":{"type":"Point","coordinates":[35.4324032,33.11740413,0]},"properties":{"event_id":530,"data_org":"Green","event_date":"2026-04-07T00:00:00.000Z","post_date":"2026-04-07T00:00:00.000Z","pub_date":"2026-04-08T00:00:00.000Z","actor":"Hezbollah","claimed":"TRUE","event_type":"Rocket Attack","city":"Bint Jbeil","province":"","country":"Lebanon","latitude":33.11740413,"longitude":35.4324032,"coord_type":"general town","source_1":"https://t.me/mmirleb/14573","source_2":"","sources":""}},{"type":"Feature","geometry":{"type":"Point","coordinates":[35.4324032,33.11740413,0]},"properties":{"event_id":531,"data_org":"Green","event_date":"2026-04-07T00:00:00.000Z","post_date":"2026-04-07T00:00:00.000Z","pub_date":"2026-04-08T00:00:00.000Z","actor":"Hezbollah","claimed":"TRUE","event_type":"Rocket Attack","city":"Bint Jbeil","province":"","country":"Lebanon","latitude":33.11740413,"longitude":35.4324032,"coord_type":"general town","source_1":"https://t.me/mmirleb/14573","source_2":"","sources":""}},{"type":"Feature","geometry":{"type":"Point","coordinates":[35.4343377,33.131018049999994,0]},"properties":{"event_id":532,"data_org":"Green","event_date":"2026-04-07T00:00:00.000Z","post_date":"2026-04-07T00:00:00.000Z","pub_date":"2026-04-08T00:00:00.000Z","actor":"Hezbollah","claimed":"TRUE","event_type":"Rocket Attack","city":"Ainata","province":"","country":"Lebanon","latitude":33.13101805,"longitude":35.4343377,"coord_type":"general town","source_1":"https://t.me/mmirleb/14573","source_2":"","sources":""}},{"type":"Feature","geometry":{"type":"Point","coordinates":[35.4351208,33.12895415999999,0]},"properties":{"event_id":533,"data_org":"Green","event_date":"2026-04-07T00:00:00.000Z","post_date":"2026-04-07T00:00:00.000Z","pub_date":"2026-04-08T00:00:00.000Z","actor":"Hezbollah","claimed":"TRUE","event_type":"Rocket Attack","city":"al Sadr, Ainata","province":"","country":"Lebanon","latitude":33.12895416,"longitude":35.4351208,"coord_type":"general town","source_1":"https://t.me/mmirleb/14573","source_2":"","sources":""}},{"type":"Feature","geometry":{"type":"Point","coordinates":[35.5292191,33.25883783999999,0]},"properties":{"event_id":518,"data_org":"Green","event_date":"2026-04-07T00:00:00.000Z","post_date":"2026-04-07T00:00:00.000Z","pub_date":"2026-04-08T00:00:00.000Z","actor":"Hezbollah","claimed":"TRUE","event_type":"Rocket Attack","city":"Oddaisseh-Taybeh road","province":"","country":"Lebanon","latitude":33.25883784,"longitude":35.5292191,"coord_type":"general town","source_1":"https://t.me/mmirleb/14575","source_2":"","sources":""}},{"type":"Feature","geometry":{"type":"Point","coordinates":[35.519977,33.276695,0]},"properties":{"event_id":520,"data_org":"Green","event_date":"2026-04-07T00:00:00.000Z","post_date":"2026-04-07T00:00:00.000Z","pub_date":"2026-04-08T00:00:00.000Z","actor":"Hezbollah","claimed":"TRUE","event_type":"Rocket Attack","city":"Taybeh","province":"","country":"Lebanon","latitude":33.276695,"longitude":35.519977,"coord_type":"general town","source_1":"https://t.me/mmirleb/14575","source_2":"","sources":""}},{"type":"Feature","geometry":{"type":"Point","coordinates":[35.5172952,33.23246982999999,0]},"properties":{"event_id":523,"data_org":"Green","event_date":"2026-04-07T00:00:00.000Z","post_date":"2026-04-07T00:00:00.000Z","pub_date":"2026-04-08T00:00:00.000Z","actor":"Hezbollah","claimed":"TRUE","event_type":"Rocket Attack","city":"Markaba","province":"","country":"Lebanon","latitude":33.23246983,"longitude":35.5172952,"coord_type":"general town","source_1":"https://t.me/mmirleb/14575","source_2":"","sources":""}},{"type":"Feature","geometry":{"type":"Point","coordinates":[35.4036415,33.11088974,0]},"properties":{"event_id":526,"data_org":"Green","event_date":"2026-04-07T00:00:00.000Z","post_date":"2026-04-07T00:00:00.000Z","pub_date":"2026-04-08T00:00:00.000Z","actor":"Hezbollah","claimed":"TRUE","event_type":"Rocket Attack","city":"Ain Ebel","province":"","country":"Lebanon","latitude":33.11088974,"longitude":35.4036415,"coord_type":"general town","source_1":"https://t.me/mmirleb/14575","source_2":"","sources":""}},{"type":"Feature","geometry":{"type":"Point","coordinates":[35.1817422,33.162593199999996,0]},"properties":{"event_id":513,"data_org":"Green","event_date":"2026-04-07T00:00:00.000Z","post_date":"2026-04-07T00:00:00.000Z","pub_date":"2026-04-08T00:00:00.000Z","actor":"Hezbollah","claimed":"TRUE","event_type":"Rocket Attack","city":"Bayyada","province":"","country":"Lebanon","latitude":33.1625932,"longitude":35.1817422,"coord_type":"general town","source_1":"https://t.me/mmirleb/14580","source_2":"","sources":""}},{"type":"Feature","geometry":{"type":"Point","coordinates":[35.2083193,33.14540613999999,0]},"properties":{"event_id":515,"data_org":"Green","event_date":"2026-04-07T00:00:00.000Z","post_date":"2026-04-07T00:00:00.000Z","pub_date":"2026-04-08T00:00:00.000Z","actor":"Hezbollah","claimed":"TRUE","event_type":"Rocket Attack","city":"Chamaa","province":"","country":"Lebanon","latitude":33.14540614,"longitude":35.2083193,"coord_type":"general town","source_1":"https://t.me/mmirleb/14580","source_2":"","sources":""}},{"type":"Feature","geometry":{"type":"Point","coordinates":[35.519977,33.276695,0]},"properties":{"event_id":541,"data_org":"Green","event_date":"2026-04-09T00:00:00.000Z","post_date":"2026-04-09T00:00:00.000Z","pub_date":"2026-04-09T00:00:00.000Z","actor":"Hezbollah","claimed":"TRUE","event_type":"Anti-Tank Fire","city":"Taybeh","province":"","country":"Lebanon","latitude":33.276695,"longitude":35.519977,"coord_type":"general town","source_1":"https://t.me/mmirleb/14600","source_2":"","sources":""}},{"type":"Feature","geometry":{"type":"Point","coordinates":[35.519977,33.276695,0]},"properties":{"event_id":542,"data_org":"Green","event_date":"2026-04-09T00:00:00.000Z","post_date":"2026-04-09T00:00:00.000Z","pub_date":"2026-04-09T00:00:00.000Z","actor":"Hezbollah","claimed":"TRUE","event_type":"Drone Attack","city":"Taybeh","province":"","country":"Lebanon","latitude":33.276695,"longitude":35.519977,"coord_type":"general town","source_1":"https://t.me/mmirleb/14602","source_2":"","sources":""}},{"type":"Feature","geometry":{"type":"Point","coordinates":[35.6150633,33.33012941,0]},"properties":{"event_id":593,"data_org":"Green","event_date":"2026-04-09T00:00:00.000Z","post_date":"2026-04-10T00:00:00.000Z","pub_date":"2026-04-09T00:00:00.000Z","actor":"Hezbollah","claimed":"TRUE","event_type":"Drone Attack","city":"Khiam","province":"","country":"Lebanon","latitude":33.33012941,"longitude":35.6150633,"coord_type":"general town","source_1":"https://t.me/mmirleb/14748","source_2":"","sources":""}},{"type":"Feature","geometry":{"type":"Point","coordinates":[35.6148058,33.33019999999999,0]},"properties":{"event_id":543,"data_org":"Green","event_date":"2026-04-09T00:00:00.000Z","post_date":"2026-04-09T00:00:00.000Z","pub_date":"2026-04-09T00:00:00.000Z","actor":"Hezbollah","claimed":"TRUE","event_type":"Rocket Attack","city":"al Ajal Hill, near Taybeh","province":"","country":"Lebanon","latitude":33.3302,"longitude":35.6148058,"coord_type":"general town","source_1":"https://t.me/mmirleb/14621","source_2":"","sources":""}},{"type":"Feature","geometry":{"type":"Point","coordinates":[35.4372458,33.12195800000001,0]},"properties":{"event_id":544,"data_org":"Green","event_date":"2026-04-09T00:00:00.000Z","post_date":"2026-04-09T00:00:00.000Z","pub_date":"2026-04-09T00:00:00.000Z","actor":"Hezbollah","claimed":"TRUE","event_type":"Small Arms Engagement","city":"Bint Jbeil","province":"","country":"Lebanon","latitude":33.121958,"longitude":35.4372458,"coord_type":"general town","source_1":"https://t.me/mmirleb/14641","source_2":"https://x.com/Osint613/status/2042237871420030996","sources":""}},{"type":"Feature","geometry":{"type":"Point","coordinates":[35.4386711,33.12400328,0]},"properties":{"event_id":545,"data_org":"Green","event_date":"2026-04-09T00:00:00.000Z","post_date":"2026-04-09T00:00:00.000Z","pub_date":"2026-04-09T00:00:00.000Z","actor":"Hezbollah","claimed":"TRUE","event_type":"Rocket and Mortar Attack","city":"Musa Abbas Complex","province":"","country":"Lebanon","latitude":33.12400328,"longitude":35.4386711,"coord_type":"exact","source_1":"https://t.me/mmirleb/14641","source_2":"https://x.com/Osint613/status/2042237871420030996","sources":""}},{"type":"Feature","geometry":{"type":"Point","coordinates":[35.519977,33.276695,0]},"properties":{"event_id":546,"data_org":"Green","event_date":"2026-04-09T00:00:00.000Z","post_date":"2026-04-09T00:00:00.000Z","pub_date":"2026-04-09T00:00:00.000Z","actor":"Hezbollah","claimed":"TRUE","event_type":"Drone Attack","city":"Taybeh","province":"","country":"Lebanon","latitude":33.276695,"longitude":35.519977,"coord_type":"general town","source_1":"https://t.me/mmirleb/14643","source_2":"","sources":""}},{"type":"Feature","geometry":{"type":"Point","coordinates":[35.5208191,33.16838311,0]},"properties":{"event_id":547,"data_org":"Green","event_date":"2026-04-09T00:00:00.000Z","post_date":"2026-04-09T00:00:00.000Z","pub_date":"2026-04-09T00:00:00.000Z","actor":"Hezbollah","claimed":"TRUE","event_type":"Rocket Attack","city":"Meiss El Jabal","province":"","country":"Lebanon","latitude":33.16838311,"longitude":35.5208191,"coord_type":"general town","source_1":"https://t.me/mmirleb/14650","source_2":"","sources":""}},{"type":"Feature","geometry":{"type":"Point","coordinates":[35.5174315,33.29000049999999,0]},"properties":{"event_id":548,"data_org":"Green","event_date":"2026-04-09T00:00:00.000Z","post_date":"2026-04-09T00:00:00.000Z","pub_date":"2026-04-09T00:00:00.000Z","actor":"Hezbollah","claimed":"TRUE","event_type":"Drone Attack","city":"Taybeh","province":"","country":"Lebanon","latitude":33.2900005,"longitude":35.5174315,"coord_type":"general neighborhood","source_1":"https://t.me/mmirleb/14656","source_2":"","sources":""}},{"type":"Feature","geometry":{"type":"Point","coordinates":[35.3645037,33.143219329999994,0]},"properties":{"event_id":553,"data_org":"Green","event_date":"2026-04-09T00:00:00.000Z","post_date":"2026-04-10T00:00:00.000Z","pub_date":"2026-04-09T00:00:00.000Z","actor":"Hezbollah","claimed":"TRUE","event_type":"Anti-Tank Fire","city":"Rachaf","province":"","country":"Lebanon","latitude":33.14321933,"longitude":35.3645037,"coord_type":"general town","source_1":"https://t.me/mmirleb/14679","source_2":"","sources":""}},{"type":"Feature","geometry":{"type":"Point","coordinates":[35.2066467,33.146959139999986,0]},"properties":{"event_id":554,"data_org":"Green","event_date":"2026-04-09T00:00:00.000Z","post_date":"2026-04-10T00:00:00.000Z","pub_date":"2026-04-09T00:00:00.000Z","actor":"Hezbollah","claimed":"TRUE","event_type":"Artillery","city":"Chamaa","province":"","country":"Lebanon","latitude":33.14695914,"longitude":35.2066467,"coord_type":"general town","source_1":"https://t.me/mmirleb/14681","source_2":"","sources":""}},{"type":"Feature","geometry":{"type":"Point","coordinates":[35.3645037,33.143219329999994,0]},"properties":{"event_id":555,"data_org":"Green","event_date":"2026-04-09T00:00:00.000Z","post_date":"2026-04-10T00:00:00.000Z","pub_date":"2026-04-09T00:00:00.000Z","actor":"Hezbollah","claimed":"TRUE","event_type":"unknown","city":"Rachaf","province":"","country":"Lebanon","latitude":33.14321933,"longitude":35.3645037,"coord_type":"general town","source_1":"https://t.me/mmirleb/14683","source_2":"","sources":""}},{"type":"Feature","geometry":{"type":"Point","coordinates":[35.3645037,33.143219329999994,0]},"properties":{"event_id":556,"data_org":"Green","event_date":"2026-04-09T00:00:00.000Z","post_date":"2026-04-10T00:00:00.000Z","pub_date":"2026-04-09T00:00:00.000Z","actor":"Hezbollah","claimed":"TRUE","event_type":"Artillery","city":"Rachaf","province":"","country":"Lebanon","latitude":33.14321933,"longitude":35.3645037,"coord_type":"general town","source_1":"https://t.me/mmirleb/14685","source_2":"","sources":""}},{"type":"Feature","geometry":{"type":"Point","coordinates":[35.4198939,33.118010389999995,0]},"properties":{"event_id":557,"data_org":"Green","event_date":"2026-04-09T00:00:00.000Z","post_date":"2026-04-10T00:00:00.000Z","pub_date":"2026-04-09T00:00:00.000Z","actor":"Hezbollah","claimed":"TRUE","event_type":"Rocket Attack","city":"Bint Jbeil","province":"","country":"Lebanon","latitude":33.11801039,"longitude":35.4198939,"coord_type":"general town","source_1":"https://t.me/mmirleb/14687","source_2":"","sources":""}},{"type":"Feature","geometry":{"type":"Point","coordinates":[35.6150633,33.33012941,0]},"properties":{"event_id":558,"data_org":"Green","event_date":"2026-04-09T00:00:00.000Z","post_date":"2026-04-10T00:00:00.000Z","pub_date":"2026-04-09T00:00:00.000Z","actor":"Hezbollah","claimed":"TRUE","event_type":"Rocket Attack","city":"Khiam","province":"","country":"Lebanon","latitude":33.33012941,"longitude":35.6150633,"coord_type":"general town","source_1":"https://t.me/mmirleb/14691","source_2":"","sources":""}},{"type":"Feature","geometry":{"type":"Point","coordinates":[35.4198939,33.118010389999995,0]},"properties":{"event_id":559,"data_org":"Green","event_date":"2026-04-09T00:00:00.000Z","post_date":"2026-04-10T00:00:00.000Z","pub_date":"2026-04-09T00:00:00.000Z","actor":"Hezbollah","claimed":"TRUE","event_type":"Rocket Attack","city":"Bint Jbeil","province":"","country":"Lebanon","latitude":33.11801039,"longitude":35.4198939,"coord_type":"general town","source_1":"https://t.me/mmirleb/14693","source_2":"","sources":""}},{"type":"Feature","geometry":{"type":"Point","coordinates":[35.4198939,33.118010389999995,0]},"properties":{"event_id":560,"data_org":"Green","event_date":"2026-04-09T00:00:00.000Z","post_date":"2026-04-10T00:00:00.000Z","pub_date":"2026-04-09T00:00:00.000Z","actor":"Hezbollah","claimed":"TRUE","event_type":"Rocket Attack","city":"Bint Jbeil","province":"","country":"Lebanon","latitude":33.11801039,"longitude":35.4198939,"coord_type":"general town","source_1":"https://t.me/mmirleb/14693","source_2":"","sources":""}},{"type":"Feature","geometry":{"type":"Point","coordinates":[35.4198939,33.118010389999995,0]},"properties":{"event_id":561,"data_org":"Green","event_date":"2026-04-09T00:00:00.000Z","post_date":"2026-04-10T00:00:00.000Z","pub_date":"2026-04-09T00:00:00.000Z","actor":"Hezbollah","claimed":"TRUE","event_type":"Rocket Attack","city":"Bint Jbeil","province":"","country":"Lebanon","latitude":33.11801039,"longitude":35.4198939,"coord_type":"general town","source_1":"https://t.me/mmirleb/14693","source_2":"","sources":""}},{"type":"Feature","geometry":{"type":"Point","coordinates":[35.4198939,33.118010389999995,0]},"properties":{"event_id":562,"data_org":"Green","event_date":"2026-04-09T00:00:00.000Z","post_date":"2026-04-10T00:00:00.000Z","pub_date":"2026-04-09T00:00:00.000Z","actor":"Hezbollah","claimed":"TRUE","event_type":"Rocket Attack","city":"Bint Jbeil","province":"","country":"Lebanon","latitude":33.11801039,"longitude":35.4198939,"coord_type":"general town","source_1":"https://t.me/mmirleb/14693","source_2":"","sources":""}},{"type":"Feature","geometry":{"type":"Point","coordinates":[35.4198939,33.118010389999995,0]},"properties":{"event_id":563,"data_org":"Green","event_date":"2026-04-09T00:00:00.000Z","post_date":"2026-04-10T00:00:00.000Z","pub_date":"2026-04-09T00:00:00.000Z","actor":"Hezbollah","claimed":"TRUE","event_type":"Rocket Attack","city":"Bint Jbeil","province":"","country":"Lebanon","latitude":33.11801039,"longitude":35.4198939,"coord_type":"general town","source_1":"https://t.me/mmirleb/14693","source_2":"","sources":""}},{"type":"Feature","geometry":{"type":"Point","coordinates":[35.4198939,33.118010389999995,0]},"properties":{"event_id":564,"data_org":"Green","event_date":"2026-04-09T00:00:00.000Z","post_date":"2026-04-10T00:00:00.000Z","pub_date":"2026-04-09T00:00:00.000Z","actor":"Hezbollah","claimed":"TRUE","event_type":"Rocket Attack","city":"Bint Jbeil","province":"","country":"Lebanon","latitude":33.11801039,"longitude":35.4198939,"coord_type":"general town","source_1":"https://t.me/mmirleb/14695","source_2":"","sources":""}},{"type":"Feature","geometry":{"type":"Point","coordinates":[35.4198939,33.118010389999995,0]},"properties":{"event_id":565,"data_org":"Green","event_date":"2026-04-09T00:00:00.000Z","post_date":"2026-04-10T00:00:00.000Z","pub_date":"2026-04-09T00:00:00.000Z","actor":"Hezbollah","claimed":"TRUE","event_type":"Rocket Attack","city":"Bint Jbeil","province":"","country":"Lebanon","latitude":33.11801039,"longitude":35.4198939,"coord_type":"general town","source_1":"https://t.me/mmirleb/14695","source_2":"","sources":""}},{"type":"Feature","geometry":{"type":"Point","coordinates":[35.4198939,33.118010389999995,0]},"properties":{"event_id":566,"data_org":"Green","event_date":"2026-04-09T00:00:00.000Z","post_date":"2026-04-10T00:00:00.000Z","pub_date":"2026-04-09T00:00:00.000Z","actor":"Hezbollah","claimed":"TRUE","event_type":"Rocket Attack","city":"Bint Jbeil","province":"","country":"Lebanon","latitude":33.11801039,"longitude":35.4198939,"coord_type":"general town","source_1":"https://t.me/mmirleb/14695","source_2":"","sources":""}},{"type":"Feature","geometry":{"type":"Point","coordinates":[35.4198939,33.118010389999995,0]},"properties":{"event_id":567,"data_org":"Green","event_date":"2026-04-09T00:00:00.000Z","post_date":"2026-04-10T00:00:00.000Z","pub_date":"2026-04-09T00:00:00.000Z","actor":"Hezbollah","claimed":"TRUE","event_type":"Rocket Attack","city":"Bint Jbeil","province":"","country":"Lebanon","latitude":33.11801039,"longitude":35.4198939,"coord_type":"general town","source_1":"https://t.me/mmirleb/14695","source_2":"","sources":""}},{"type":"Feature","geometry":{"type":"Point","coordinates":[35.4198939,33.118010389999995,0]},"properties":{"event_id":568,"data_org":"Green","event_date":"2026-04-09T00:00:00.000Z","post_date":"2026-04-10T00:00:00.000Z","pub_date":"2026-04-09T00:00:00.000Z","actor":"Hezbollah","claimed":"TRUE","event_type":"Rocket Attack","city":"Bint Jbeil","province":"","country":"Lebanon","latitude":33.11801039,"longitude":35.4198939,"coord_type":"general town","source_1":"https://t.me/mmirleb/14695","source_2":"","sources":""}},{"type":"Feature","geometry":{"type":"Point","coordinates":[35.4343377,33.131018049999994,0]},"properties":{"event_id":569,"data_org":"Green","event_date":"2026-04-09T00:00:00.000Z","post_date":"2026-04-10T00:00:00.000Z","pub_date":"2026-04-09T00:00:00.000Z","actor":"Hezbollah","claimed":"TRUE","event_type":"Rocket Attack","city":"Ainata","province":"","country":"Lebanon","latitude":33.13101805,"longitude":35.4343377,"coord_type":"general town","source_1":"https://t.me/mmirleb/14697","source_2":"","sources":""}},{"type":"Feature","geometry":{"type":"Point","coordinates":[35.4343377,33.131018049999994,0]},"properties":{"event_id":570,"data_org":"Green","event_date":"2026-04-09T00:00:00.000Z","post_date":"2026-04-10T00:00:00.000Z","pub_date":"2026-04-09T00:00:00.000Z","actor":"Hezbollah","claimed":"TRUE","event_type":"Rocket Attack","city":"Ainata","province":"","country":"Lebanon","latitude":33.13101805,"longitude":35.4343377,"coord_type":"general town","source_1":"https://t.me/mmirleb/14697","source_2":"","sources":""}},{"type":"Feature","geometry":{"type":"Point","coordinates":[35.4343377,33.131018049999994,0]},"properties":{"event_id":571,"data_org":"Green","event_date":"2026-04-09T00:00:00.000Z","post_date":"2026-04-10T00:00:00.000Z","pub_date":"2026-04-09T00:00:00.000Z","actor":"Hezbollah","claimed":"TRUE","event_type":"Rocket Attack","city":"Ainata","province":"","country":"Lebanon","latitude":33.13101805,"longitude":35.4343377,"coord_type":"general town","source_1":"https://t.me/mmirleb/14697","source_2":"","sources":""}},{"type":"Feature","geometry":{"type":"Point","coordinates":[35.4343377,33.131018049999994,0]},"properties":{"event_id":572,"data_org":"Green","event_date":"2026-04-09T00:00:00.000Z","post_date":"2026-04-10T00:00:00.000Z","pub_date":"2026-04-09T00:00:00.000Z","actor":"Hezbollah","claimed":"TRUE","event_type":"Rocket Attack","city":"Ainata","province":"","country":"Lebanon","latitude":33.13101805,"longitude":35.4343377,"coord_type":"general town","source_1":"https://t.me/mmirleb/14697","source_2":"","sources":""}},{"type":"Feature","geometry":{"type":"Point","coordinates":[35.4198939,33.118010389999995,0]},"properties":{"event_id":573,"data_org":"Green","event_date":"2026-04-09T00:00:00.000Z","post_date":"2026-04-10T00:00:00.000Z","pub_date":"2026-04-09T00:00:00.000Z","actor":"Hezbollah","claimed":"TRUE","event_type":"Rocket Attack","city":"Bint Jbeil","province":"","country":"Lebanon","latitude":33.11801039,"longitude":35.4198939,"coord_type":"general town","source_1":"https://t.me/mmirleb/14699","source_2":"","sources":""}},{"type":"Feature","geometry":{"type":"Point","coordinates":[35.4198939,33.118010389999995,0]},"properties":{"event_id":574,"data_org":"Green","event_date":"2026-04-09T00:00:00.000Z","post_date":"2026-04-10T00:00:00.000Z","pub_date":"2026-04-09T00:00:00.000Z","actor":"Hezbollah","claimed":"TRUE","event_type":"Rocket Attack","city":"Bint Jbeil","province":"","country":"Lebanon","latitude":33.11801039,"longitude":35.4198939,"coord_type":"general town","source_1":"https://t.me/mmirleb/14699","source_2":"","sources":""}},{"type":"Feature","geometry":{"type":"Point","coordinates":[35.4198939,33.118010389999995,0]},"properties":{"event_id":575,"data_org":"Green","event_date":"2026-04-09T00:00:00.000Z","post_date":"2026-04-10T00:00:00.000Z","pub_date":"2026-04-09T00:00:00.000Z","actor":"Hezbollah","claimed":"TRUE","event_type":"Rocket Attack","city":"Bint Jbeil","province":"","country":"Lebanon","latitude":33.11801039,"longitude":35.4198939,"coord_type":"general town","source_1":"https://t.me/mmirleb/14699","source_2":"","sources":""}},{"type":"Feature","geometry":{"type":"Point","coordinates":[35.4198939,33.118010389999995,0]},"properties":{"event_id":576,"data_org":"Green","event_date":"2026-04-09T00:00:00.000Z","post_date":"2026-04-10T00:00:00.000Z","pub_date":"2026-04-09T00:00:00.000Z","actor":"Hezbollah","claimed":"TRUE","event_type":"Rocket Attack","city":"Bint Jbeil","province":"","country":"Lebanon","latitude":33.11801039,"longitude":35.4198939,"coord_type":"general town","source_1":"https://t.me/mmirleb/14699","source_2":"","sources":""}},{"type":"Feature","geometry":{"type":"Point","coordinates":[35.4198939,33.118010389999995,0]},"properties":{"event_id":577,"data_org":"Green","event_date":"2026-04-09T00:00:00.000Z","post_date":"2026-04-10T00:00:00.000Z","pub_date":"2026-04-09T00:00:00.000Z","actor":"Hezbollah","claimed":"TRUE","event_type":"Rocket Attack","city":"Bint Jbeil","province":"","country":"Lebanon","latitude":33.11801039,"longitude":35.4198939,"coord_type":"general town","source_1":"https://t.me/mmirleb/14699","source_2":"","sources":""}},{"type":"Feature","geometry":{"type":"Point","coordinates":[35.5208191,33.16838311,0]},"properties":{"event_id":578,"data_org":"Green","event_date":"2026-04-09T00:00:00.000Z","post_date":"2026-04-10T00:00:00.000Z","pub_date":"2026-04-09T00:00:00.000Z","actor":"Hezbollah","claimed":"TRUE","event_type":"Rocket Attack","city":"Meiss El Jabal","province":"","country":"Lebanon","latitude":33.16838311,"longitude":35.5208191,"coord_type":"general town","source_1":"https://t.me/mmirleb/14701","source_2":"","sources":""}},{"type":"Feature","geometry":{"type":"Point","coordinates":[35.4449601,33.10822188,0]},"properties":{"event_id":579,"data_org":"Green","event_date":"2026-04-09T00:00:00.000Z","post_date":"2026-04-10T00:00:00.000Z","pub_date":"2026-04-09T00:00:00.000Z","actor":"Hezbollah","claimed":"TRUE","event_type":"Rocket Attack","city":"Maroun al Ras","province":"","country":"Lebanon","latitude":33.10822188,"longitude":35.4449601,"coord_type":"general town","source_1":"https://t.me/mmirleb/14703","source_2":"","sources":""}},{"type":"Feature","geometry":{"type":"Point","coordinates":[35.5208191,33.16838311,0]},"properties":{"event_id":581,"data_org":"Green","event_date":"2026-04-09T00:00:00.000Z","post_date":"2026-04-10T00:00:00.000Z","pub_date":"2026-04-09T00:00:00.000Z","actor":"Hezbollah","claimed":"TRUE","event_type":"Rocket Attack","city":"Meiss El Jabal","province":"","country":"Lebanon","latitude":33.16838311,"longitude":35.5208191,"coord_type":"general town","source_1":"https://t.me/mmirleb/14709","source_2":"","sources":""}},{"type":"Feature","geometry":{"type":"Point","coordinates":[35.519977,33.276695,0]},"properties":{"event_id":582,"data_org":"Green","event_date":"2026-04-09T00:00:00.000Z","post_date":"2026-04-10T00:00:00.000Z","pub_date":"2026-04-09T00:00:00.000Z","actor":"Hezbollah","claimed":"TRUE","event_type":"Rocket Attack","city":"Taybeh","province":"","country":"Lebanon","latitude":33.276695,"longitude":35.519977,"coord_type":"general town","source_1":"https://t.me/mmirleb/14711","source_2":"","sources":""}},{"type":"Feature","geometry":{"type":"Point","coordinates":[35.519977,33.276695,0]},"properties":{"event_id":584,"data_org":"Green","event_date":"2026-04-09T00:00:00.000Z","post_date":"2026-04-10T00:00:00.000Z","pub_date":"2026-04-09T00:00:00.000Z","actor":"Hezbollah","claimed":"TRUE","event_type":"Rocket Attack","city":"Taybeh","province":"","country":"Lebanon","latitude":33.276695,"longitude":35.519977,"coord_type":"general town","source_1":"https://t.me/mmirleb/14711","source_2":"","sources":""}},{"type":"Feature","geometry":{"type":"Point","coordinates":[35.519977,33.276695,0]},"properties":{"event_id":585,"data_org":"Green","event_date":"2026-04-09T00:00:00.000Z","post_date":"2026-04-10T00:00:00.000Z","pub_date":"2026-04-09T00:00:00.000Z","actor":"Hezbollah","claimed":"TRUE","event_type":"Rocket Attack","city":"Taybeh","province":"","country":"Lebanon","latitude":33.276695,"longitude":35.519977,"coord_type":"general town","source_1":"https://t.me/mmirleb/14711","source_2":"","sources":""}},{"type":"Feature","geometry":{"type":"Point","coordinates":[35.519977,33.276695,0]},"properties":{"event_id":586,"data_org":"Green","event_date":"2026-04-09T00:00:00.000Z","post_date":"2026-04-10T00:00:00.000Z","pub_date":"2026-04-09T00:00:00.000Z","actor":"Hezbollah","claimed":"TRUE","event_type":"Rocket Attack","city":"Taybeh","province":"","country":"Lebanon","latitude":33.276695,"longitude":35.519977,"coord_type":"general town","source_1":"https://t.me/mmirleb/14711","source_2":"","sources":""}},{"type":"Feature","geometry":{"type":"Point","coordinates":[35.6150633,33.33012941,0]},"properties":{"event_id":588,"data_org":"Green","event_date":"2026-04-09T00:00:00.000Z","post_date":"2026-04-10T00:00:00.000Z","pub_date":"2026-04-09T00:00:00.000Z","actor":"Hezbollah","claimed":"TRUE","event_type":"Rocket Attack","city":"Khiam","province":"","country":"Lebanon","latitude":33.33012941,"longitude":35.6150633,"coord_type":"general town","source_1":"https://t.me/mmirleb/14716","source_2":"","sources":""}},{"type":"Feature","geometry":{"type":"Point","coordinates":[35.3645037,33.143219329999994,0]},"properties":{"event_id":589,"data_org":"Green","event_date":"2026-04-09T00:00:00.000Z","post_date":"2026-04-10T00:00:00.000Z","pub_date":"2026-04-09T00:00:00.000Z","actor":"Hezbollah","claimed":"TRUE","event_type":"unknown","city":"Rachaf","province":"","country":"Lebanon","latitude":33.14321933,"longitude":35.3645037,"coord_type":"general town","source_1":"https://t.me/mmirleb/14722","source_2":"","sources":""}},{"type":"Feature","geometry":{"type":"Point","coordinates":[35.6150633,33.33012941,0]},"properties":{"event_id":592,"data_org":"Green","event_date":"2026-04-09T00:00:00.000Z","post_date":"2026-04-10T00:00:00.000Z","pub_date":"2026-04-09T00:00:00.000Z","actor":"Hezbollah","claimed":"TRUE","event_type":"Rocket Attack","city":"Khiam","province":"","country":"Lebanon","latitude":33.33012941,"longitude":35.6150633,"coord_type":"general town","source_1":"https://t.me/mmirleb/14736","source_2":"","sources":""}},{"type":"Feature","geometry":{"type":"Point","coordinates":[35.6150633,33.33012941,0]},"properties":{"event_id":595,"data_org":"Green","event_date":"2026-04-10T00:00:00.000Z","post_date":"2026-04-10T00:00:00.000Z","pub_date":"2026-04-10T00:00:00.000Z","actor":"Hezbollah","claimed":"TRUE","event_type":"Rocket Attack","city":"Khiam","province":"","country":"Lebanon","latitude":33.33012941,"longitude":35.6150633,"coord_type":"general town","source_1":"https://t.me/mmirleb/14757","source_2":"","sources":""}},{"type":"Feature","geometry":{"type":"Point","coordinates":[35.4258069,33.08195651999999,0]},"properties":{"event_id":600,"data_org":"Green","event_date":"2026-04-10T00:00:00.000Z","post_date":"2026-04-10T00:00:00.000Z","pub_date":"2026-04-10T00:00:00.000Z","actor":"Hezbollah","claimed":"TRUE","event_type":"Rocket Attack","city":"Yaroun","province":"","country":"Lebanon","latitude":33.08195652,"longitude":35.4258069,"coord_type":"general town","source_1":"https://t.me/mmirleb/14774","source_2":"","sources":""}},{"type":"Feature","geometry":{"type":"Point","coordinates":[35.4324032,33.11740413,0]},"properties":{"event_id":602,"data_org":"Green","event_date":"2026-04-10T00:00:00.000Z","post_date":"2026-04-10T00:00:00.000Z","pub_date":"2026-04-10T00:00:00.000Z","actor":"Hezbollah","claimed":"TRUE","event_type":"Rocket Attack","city":"Bint Jbeil","province":"","country":"Lebanon","latitude":33.11740413,"longitude":35.4324032,"coord_type":"general town","source_1":"https://t.me/mmirleb/14777","source_2":"","sources":""}},{"type":"Feature","geometry":{"type":"Point","coordinates":[35.3645037,33.143219329999994,0]},"properties":{"event_id":603,"data_org":"Green","event_date":"2026-04-10T00:00:00.000Z","post_date":"2026-04-10T00:00:00.000Z","pub_date":"2026-04-10T00:00:00.000Z","actor":"Hezbollah","claimed":"","event_type":"Rocket Attack","city":"Rachaf","province":"","country":"Lebanon","latitude":33.14321933,"longitude":35.3645037,"coord_type":"general town","source_1":"https://t.me/mmirleb/14779","source_2":"","sources":""}},{"type":"Feature","geometry":{"type":"Point","coordinates":[35.519977,33.276695,0]},"properties":{"event_id":599,"data_org":"Green","event_date":"2026-04-10T00:00:00.000Z","post_date":"2026-04-10T00:00:00.000Z","pub_date":"2026-04-10T00:00:00.000Z","actor":"Hezbollah","claimed":"TRUE","event_type":"Drone Attack","city":"Taybeh","province":"","country":"Lebanon","latitude":33.276695,"longitude":35.519977,"coord_type":"general town","source_1":"https://t.me/mmirleb/14789","source_2":"","sources":""}},{"type":"Feature","geometry":{"type":"Point","coordinates":[35.4343377,33.131018049999994,0]},"properties":{"event_id":596,"data_org":"Green","event_date":"2026-04-10T00:00:00.000Z","post_date":"2026-04-10T00:00:00.000Z","pub_date":"2026-04-10T00:00:00.000Z","actor":"Hezbollah","claimed":"TRUE","event_type":"Rocket Attack","city":"Ainata","province":"","country":"Lebanon","latitude":33.13101805,"longitude":35.4343377,"coord_type":"general town","source_1":"https://t.me/mmirleb/14795","source_2":"","sources":""}},{"type":"Feature","geometry":{"type":"Point","coordinates":[35.4343377,33.131018049999994,0]},"properties":{"event_id":597,"data_org":"Green","event_date":"2026-04-10T00:00:00.000Z","post_date":"2026-04-10T00:00:00.000Z","pub_date":"2026-04-10T00:00:00.000Z","actor":"Hezbollah","claimed":"TRUE","event_type":"Rocket Attack","city":"Ainata","province":"","country":"Lebanon","latitude":33.13101805,"longitude":35.4343377,"coord_type":"general town","source_1":"https://t.me/mmirleb/14795","source_2":"","sources":""}},{"type":"Feature","geometry":{"type":"Point","coordinates":[35.4324032,33.11740413,0]},"properties":{"event_id":594,"data_org":"Green","event_date":"2026-04-10T00:00:00.000Z","post_date":"2026-04-10T00:00:00.000Z","pub_date":"2026-04-10T00:00:00.000Z","actor":"Hezbollah","claimed":"TRUE","event_type":"Rocket Attack","city":"Bint Jbeil","province":"","country":"Lebanon","latitude":33.11740413,"longitude":35.4324032,"coord_type":"general town","source_1":"https://t.me/mmirleb/14799","source_2":"","sources":""}},{"type":"Feature","geometry":{"type":"Point","coordinates":[35.3356894,33.09739389,0]},"properties":{"event_id":614,"data_org":"Green","event_date":"2026-04-10T00:00:00.000Z","post_date":"2026-04-10T00:00:00.000Z","pub_date":"2026-04-10T00:00:00.000Z","actor":"Hezbollah","claimed":"TRUE","event_type":"Rocket Attack","city":"Aita al Shaab","province":"","country":"Lebanon","latitude":33.09739389,"longitude":35.3356894,"coord_type":"general town","source_1":"https://t.me/mmirleb/14805","source_2":"","sources":""}},{"type":"Feature","geometry":{"type":"Point","coordinates":[35.4341549,33.13027105,0]},"properties":{"event_id":615,"data_org":"Green","event_date":"2026-04-10T00:00:00.000Z","post_date":"2026-04-10T00:00:00.000Z","pub_date":"2026-04-10T00:00:00.000Z","actor":"Hezbollah","claimed":"TRUE","event_type":"Rocket Attack","city":"al Israq school, Ainata","province":"","country":"Lebanon","latitude":33.13027105,"longitude":35.4341549,"coord_type":"exact","source_1":"https://t.me/mmirleb/14809","source_2":"","sources":""}},{"type":"Feature","geometry":{"type":"Point","coordinates":[35.4341549,33.13027105,0]},"properties":{"event_id":616,"data_org":"Green","event_date":"2026-04-10T00:00:00.000Z","post_date":"2026-04-10T00:00:00.000Z","pub_date":"2026-04-10T00:00:00.000Z","actor":"Hezbollah","claimed":"TRUE","event_type":"Rocket Attack","city":"al Israq school, Ainata","province":"","country":"Lebanon","latitude":33.13027105,"longitude":35.4341549,"coord_type":"exact","source_1":"https://t.me/mmirleb/14811","source_2":"","sources":""}},{"type":"Feature","geometry":{"type":"Point","coordinates":[35.543404100000004,33.25532602999999,0]},"properties":{"event_id":617,"data_org":"Green","event_date":"2026-04-10T00:00:00.000Z","post_date":"2026-04-10T00:00:00.000Z","pub_date":"2026-04-10T00:00:00.000Z","actor":"Hezbollah","claimed":"TRUE","event_type":"Drone Attack","city":"Odaisseh","province":"","country":"Lebanon","latitude":33.25532603,"longitude":35.5434041,"coord_type":"general town","source_1":"https://t.me/mmirleb/14817","source_2":"","sources":""}},{"type":"Feature","geometry":{"type":"Point","coordinates":[35.4334376,33.13423827999999,0]},"properties":{"event_id":619,"data_org":"Green","event_date":"2026-04-10T00:00:00.000Z","post_date":"2026-04-11T00:00:00.000Z","pub_date":"2026-04-10T00:00:00.000Z","actor":"Hezbollah","claimed":"TRUE","event_type":"Rocket Attack","city":"Aainata","province":"","country":"Lebanon","latitude":33.13423828,"longitude":35.4334376,"coord_type":"exact","source_1":"https://t.me/mmirleb/14824","source_2":"","sources":""}},{"type":"Feature","geometry":{"type":"Point","coordinates":[35.4334376,33.13423827999999,0]},"properties":{"event_id":620,"data_org":"Green","event_date":"2026-04-10T00:00:00.000Z","post_date":"2026-04-11T00:00:00.000Z","pub_date":"2026-04-10T00:00:00.000Z","actor":"Hezbollah","claimed":"TRUE","event_type":"Rocket Attack","city":"Aainata","province":"","country":"Lebanon","latitude":33.13423828,"longitude":35.4334376,"coord_type":"exact","source_1":"https://t.me/mmirleb/14837","source_2":"","sources":""}},{"type":"Feature","geometry":{"type":"Point","coordinates":[35.4334376,33.13423827999999,0]},"properties":{"event_id":621,"data_org":"Green","event_date":"2026-04-10T00:00:00.000Z","post_date":"2026-04-11T00:00:00.000Z","pub_date":"2026-04-10T00:00:00.000Z","actor":"Hezbollah","claimed":"TRUE","event_type":"Mortar Fire","city":"Aainata","province":"","country":"Lebanon","latitude":33.13423828,"longitude":35.4334376,"coord_type":"exact","source_1":"https://t.me/mmirleb/14837","source_2":"","sources":""}},{"type":"Feature","geometry":{"type":"Point","coordinates":[35.4324032,33.11740413,0]},"properties":{"event_id":622,"data_org":"Green","event_date":"2026-04-10T00:00:00.000Z","post_date":"2026-04-11T00:00:00.000Z","pub_date":"2026-04-10T00:00:00.000Z","actor":"Hezbollah","claimed":"TRUE","event_type":"Rocket Attack","city":"Bint Jbeil","province":"","country":"Lebanon","latitude":33.11740413,"longitude":35.4324032,"coord_type":"general town","source_1":"https://t.me/mmirleb/14839","source_2":"","sources":""}},{"type":"Feature","geometry":{"type":"Point","coordinates":[35.4343377,33.131018049999994,0]},"properties":{"event_id":623,"data_org":"Green","event_date":"2026-04-10T00:00:00.000Z","post_date":"2026-04-11T00:00:00.000Z","pub_date":"2026-04-10T00:00:00.000Z","actor":"Hezbollah","claimed":"TRUE","event_type":"Mortar Fire","city":"Ainata","province":"","country":"Lebanon","latitude":33.13101805,"longitude":35.4343377,"coord_type":"general town","source_1":"https://t.me/mmirleb/14841","source_2":"","sources":""}},{"type":"Feature","geometry":{"type":"Point","coordinates":[35.4343377,33.131018049999994,0]},"properties":{"event_id":624,"data_org":"Green","event_date":"2026-04-10T00:00:00.000Z","post_date":"2026-04-11T00:00:00.000Z","pub_date":"2026-04-10T00:00:00.000Z","actor":"Hezbollah","claimed":"TRUE","event_type":"Mortar Fire","city":"Ainata","province":"","country":"Lebanon","latitude":33.13101805,"longitude":35.4343377,"coord_type":"general town","source_1":"https://t.me/mmirleb/14841","source_2":"","sources":""}},{"type":"Feature","geometry":{"type":"Point","coordinates":[35.1817422,33.162593199999996,0]},"properties":{"event_id":625,"data_org":"Green","event_date":"2026-04-10T00:00:00.000Z","post_date":"2026-04-11T00:00:00.000Z","pub_date":"2026-04-10T00:00:00.000Z","actor":"Hezbollah","claimed":"TRUE","event_type":"Rocket Attack","city":"Bayyada","province":"","country":"Lebanon","latitude":33.1625932,"longitude":35.1817422,"coord_type":"general town","source_1":"https://t.me/mmirleb/14848","source_2":"","sources":""}},{"type":"Feature","geometry":{"type":"Point","coordinates":[35.1817422,33.162593199999996,0]},"properties":{"event_id":626,"data_org":"Green","event_date":"2026-04-10T00:00:00.000Z","post_date":"2026-04-11T00:00:00.000Z","pub_date":"2026-04-10T00:00:00.000Z","actor":"Hezbollah","claimed":"TRUE","event_type":"Mortar Fire","city":"Bayyada","province":"","country":"Lebanon","latitude":33.1625932,"longitude":35.1817422,"coord_type":"general town","source_1":"https://t.me/mmirleb/14848","source_2":"","sources":""}},{"type":"Feature","geometry":{"type":"Point","coordinates":[35.2066467,33.146959139999986,0]},"properties":{"event_id":627,"data_org":"Green","event_date":"2026-04-10T00:00:00.000Z","post_date":"2026-04-11T00:00:00.000Z","pub_date":"2026-04-10T00:00:00.000Z","actor":"Hezbollah","claimed":"TRUE","event_type":"Mortar Fire","city":"Chamaa","province":"","country":"Lebanon","latitude":33.14695914,"longitude":35.2066467,"coord_type":"general town","source_1":"https://t.me/mmirleb/14848","source_2":"","sources":""}},{"type":"Feature","geometry":{"type":"Point","coordinates":[35.2066467,33.146959139999986,0]},"properties":{"event_id":628,"data_org":"Green","event_date":"2026-04-10T00:00:00.000Z","post_date":"2026-04-11T00:00:00.000Z","pub_date":"2026-04-10T00:00:00.000Z","actor":"Hezbollah","claimed":"TRUE","event_type":"Rocket Attack","city":"Chamaa","province":"","country":"Lebanon","latitude":33.14695914,"longitude":35.2066467,"coord_type":"general town","source_1":"https://t.me/mmirleb/14848","source_2":"","sources":""}},{"type":"Feature","geometry":{"type":"Point","coordinates":[35.2066467,33.146959139999986,0]},"properties":{"event_id":629,"data_org":"Green","event_date":"2026-04-10T00:00:00.000Z","post_date":"2026-04-11T00:00:00.000Z","pub_date":"2026-04-10T00:00:00.000Z","actor":"Hezbollah","claimed":"TRUE","event_type":"Drone Attack","city":"Chamaa","province":"","country":"Lebanon","latitude":33.14695914,"longitude":35.2066467,"coord_type":"general town","source_1":"https://t.me/mmirleb/14860","source_2":"","sources":""}},{"type":"Feature","geometry":{"type":"Point","coordinates":[35.54523,33.25438,0]},"properties":{"event_id":630,"data_org":"Green","event_date":"2026-04-11T00:00:00.000Z","post_date":"2026-04-11T00:00:00.000Z","pub_date":"2026-04-11T00:00:00.000Z","actor":"Hezbollah","claimed":"TRUE","event_type":"Anti-Tank Fire","city":"Oddaisseh","province":"","country":"Lebanon","latitude":33.25438,"longitude":35.54523,"coord_type":"general town","source_1":"https://t.me/mmirleb/14874","source_2":"","sources":""}},{"type":"Feature","geometry":{"type":"Point","coordinates":[35.54523,33.25438,0]},"properties":{"event_id":631,"data_org":"Green","event_date":"2026-04-11T00:00:00.000Z","post_date":"2026-04-11T00:00:00.000Z","pub_date":"2026-04-11T00:00:00.000Z","actor":"Hezbollah","claimed":"TRUE","event_type":"Drone Attack","city":"Oddaisseh","province":"","country":"Lebanon","latitude":33.25438,"longitude":35.54523,"coord_type":"general town","source_1":"https://t.me/mmirleb/14874","source_2":"","sources":""}},{"type":"Feature","geometry":{"type":"Point","coordinates":[35.4334376,33.13423827999999,0]},"properties":{"event_id":632,"data_org":"Green","event_date":"2026-04-11T00:00:00.000Z","post_date":"2026-04-11T00:00:00.000Z","pub_date":"2026-04-11T00:00:00.000Z","actor":"Hezbollah","claimed":"TRUE","event_type":"Drone Attack","city":"Aainata","province":"","country":"Lebanon","latitude":33.13423828,"longitude":35.4334376,"coord_type":"exact","source_1":"https://t.me/mmirleb/14883","source_2":"","sources":""}},{"type":"Feature","geometry":{"type":"Point","coordinates":[35.4324032,33.11740413,0]},"properties":{"event_id":633,"data_org":"Green","event_date":"2026-04-11T00:00:00.000Z","post_date":"2026-04-11T00:00:00.000Z","pub_date":"2026-04-11T00:00:00.000Z","actor":"Hezbollah","claimed":"TRUE","event_type":"Drone Attack","city":"Bint Jbeil","province":"","country":"Lebanon","latitude":33.11740413,"longitude":35.4324032,"coord_type":"general town","source_1":"https://t.me/mmirleb/14885","source_2":"","sources":""}},{"type":"Feature","geometry":{"type":"Point","coordinates":[35.4334376,33.13423827999999,0]},"properties":{"event_id":634,"data_org":"Green","event_date":"2026-04-11T00:00:00.000Z","post_date":"2026-04-11T00:00:00.000Z","pub_date":"2026-04-11T00:00:00.000Z","actor":"Hezbollah","claimed":"TRUE","event_type":"Rocket Attack","city":"Aainata","province":"","country":"Lebanon","latitude":33.13423828,"longitude":35.4334376,"coord_type":"exact","source_1":"https://t.me/mmirleb/14892","source_2":"","sources":""}},{"type":"Feature","geometry":{"type":"Point","coordinates":[35.4334376,33.13423827999999,0]},"properties":{"event_id":635,"data_org":"Green","event_date":"2026-04-11T00:00:00.000Z","post_date":"2026-04-11T00:00:00.000Z","pub_date":"2026-04-11T00:00:00.000Z","actor":"Hezbollah","claimed":"TRUE","event_type":"Mortar Fire","city":"Aainata","province":"","country":"Lebanon","latitude":33.13423828,"longitude":35.4334376,"coord_type":"exact","source_1":"https://t.me/mmirleb/14892","source_2":"","sources":""}},{"type":"Feature","geometry":{"type":"Point","coordinates":[35.4324032,33.11740413,0]},"properties":{"event_id":636,"data_org":"Green","event_date":"2026-04-11T00:00:00.000Z","post_date":"2026-04-11T00:00:00.000Z","pub_date":"2026-04-11T00:00:00.000Z","actor":"Hezbollah","claimed":"TRUE","event_type":"Mortar Fire","city":"Bint Jbeil","province":"","country":"Lebanon","latitude":33.11740413,"longitude":35.4324032,"coord_type":"general town","source_1":"https://t.me/mmirleb/14892","source_2":"","sources":""}},{"type":"Feature","geometry":{"type":"Point","coordinates":[35.4324032,33.11740413,0]},"properties":{"event_id":637,"data_org":"Green","event_date":"2026-04-11T00:00:00.000Z","post_date":"2026-04-11T00:00:00.000Z","pub_date":"2026-04-11T00:00:00.000Z","actor":"Hezbollah","claimed":"TRUE","event_type":"Mortar Fire","city":"Bint Jbeil","province":"","country":"Lebanon","latitude":33.11740413,"longitude":35.4324032,"coord_type":"general town","source_1":"https://t.me/mmirleb/14892","source_2":"","sources":""}},{"type":"Feature","geometry":{"type":"Point","coordinates":[35.4324032,33.11740413,0]},"properties":{"event_id":638,"data_org":"Green","event_date":"2026-04-11T00:00:00.000Z","post_date":"2026-04-11T00:00:00.000Z","pub_date":"2026-04-11T00:00:00.000Z","actor":"Hezbollah","claimed":"TRUE","event_type":"Rocket Attack","city":"Bint Jbeil","province":"","country":"Lebanon","latitude":33.11740413,"longitude":35.4324032,"coord_type":"general town","source_1":"https://t.me/mmirleb/14903","source_2":"","sources":""}},{"type":"Feature","geometry":{"type":"Point","coordinates":[35.1817422,33.162593199999996,0]},"properties":{"event_id":639,"data_org":"Green","event_date":"2026-04-11T00:00:00.000Z","post_date":"2026-04-11T00:00:00.000Z","pub_date":"2026-04-11T00:00:00.000Z","actor":"Hezbollah","claimed":"TRUE","event_type":"Rocket Attack","city":"Bayyada","province":"","country":"Lebanon","latitude":33.1625932,"longitude":35.1817422,"coord_type":"general town","source_1":"https://t.me/mmirleb/14905","source_2":"","sources":""}},{"type":"Feature","geometry":{"type":"Point","coordinates":[35.1817422,33.162593199999996,0]},"properties":{"event_id":643,"data_org":"Green","event_date":"2026-04-11T00:00:00.000Z","post_date":"2026-04-11T00:00:00.000Z","pub_date":"2026-04-11T00:00:00.000Z","actor":"Hezbollah","claimed":"TRUE","event_type":"Mortar Fire","city":"Bayyada","province":"","country":"Lebanon","latitude":33.1625932,"longitude":35.1817422,"coord_type":"general town","source_1":"https://t.me/mmirleb/14908","source_2":"","sources":""}},{"type":"Feature","geometry":{"type":"Point","coordinates":[35.1817422,33.162593199999996,0]},"properties":{"event_id":644,"data_org":"Green","event_date":"2026-04-11T00:00:00.000Z","post_date":"2026-04-11T00:00:00.000Z","pub_date":"2026-04-11T00:00:00.000Z","actor":"Hezbollah","claimed":"TRUE","event_type":"Rocket Attack","city":"Bayyada","province":"","country":"Lebanon","latitude":33.1625932,"longitude":35.1817422,"coord_type":"general town","source_1":"https://t.me/mmirleb/14913","source_2":"","sources":""}},{"type":"Feature","geometry":{"type":"Point","coordinates":[35.4324032,33.11740413,0]},"properties":{"event_id":645,"data_org":"Green","event_date":"2026-04-11T00:00:00.000Z","post_date":"2026-04-11T00:00:00.000Z","pub_date":"2026-04-11T00:00:00.000Z","actor":"Hezbollah","claimed":"TRUE","event_type":"Rocket Attack","city":"Bint Jbeil","province":"","country":"Lebanon","latitude":33.11740413,"longitude":35.4324032,"coord_type":"general town","source_1":"https://t.me/mmirleb/14923","source_2":"","sources":""}},{"type":"Feature","geometry":{"type":"Point","coordinates":[35.4324032,33.11740413,0]},"properties":{"event_id":646,"data_org":"Green","event_date":"2026-04-11T00:00:00.000Z","post_date":"2026-04-11T00:00:00.000Z","pub_date":"2026-04-11T00:00:00.000Z","actor":"Hezbollah","claimed":"TRUE","event_type":"Rocket Attack","city":"Bint Jbeil","province":"","country":"Lebanon","latitude":33.11740413,"longitude":35.4324032,"coord_type":"general town","source_1":"https://t.me/mmirleb/14927","source_2":"","sources":""}},{"type":"Feature","geometry":{"type":"Point","coordinates":[35.4334376,33.13423827999999,0]},"properties":{"event_id":647,"data_org":"Green","event_date":"2026-04-11T00:00:00.000Z","post_date":"2026-04-11T00:00:00.000Z","pub_date":"2026-04-11T00:00:00.000Z","actor":"Hezbollah","claimed":"TRUE","event_type":"Anti-Tank Fire","city":"Aainata","province":"","country":"Lebanon","latitude":33.13423828,"longitude":35.4334376,"coord_type":"exact","source_1":"https://t.me/mmirleb/14929","source_2":"","sources":""}},{"type":"Feature","geometry":{"type":"Point","coordinates":[35.6148058,33.330201120000005,0]},"properties":{"event_id":663,"data_org":"Green","event_date":"2026-04-11T00:00:00.000Z","post_date":"2026-04-12T00:00:00.000Z","pub_date":"2026-04-12T00:00:00.000Z","actor":"Hezbollah","claimed":"TRUE","event_type":"Rocket Attack","city":"Khiam","province":"","country":"Lebanon","latitude":33.33020112,"longitude":35.6148058,"coord_type":"general town","source_1":"https://t.me/mmirleb/14963","source_2":"","sources":""}},{"type":"Feature","geometry":{"type":"Point","coordinates":[35.6148058,33.330201120000005,0]},"properties":{"event_id":664,"data_org":"Green","event_date":"2026-04-11T00:00:00.000Z","post_date":"2026-04-12T00:00:00.000Z","pub_date":"2026-04-12T00:00:00.000Z","actor":"Hezbollah","claimed":"TRUE","event_type":"Rocket Attack","city":"Khiam","province":"","country":"Lebanon","latitude":33.33020112,"longitude":35.6148058,"coord_type":"general town","source_1":"https://t.me/mmirleb/14963","source_2":"","sources":""}},{"type":"Feature","geometry":{"type":"Point","coordinates":[35.519977,33.276695,0]},"properties":{"event_id":665,"data_org":"Green","event_date":"2026-04-12T00:00:00.000Z","post_date":"2026-04-12T00:00:00.000Z","pub_date":"2026-04-12T00:00:00.000Z","actor":"Hezbollah","claimed":"TRUE","event_type":"Drone Attack","city":"Taybeh","province":"","country":"Lebanon","latitude":33.276695,"longitude":35.519977,"coord_type":"general town","source_1":"https://t.me/mmirleb/14965","source_2":"","sources":""}},{"type":"Feature","geometry":{"type":"Point","coordinates":[35.592837100000004,33.29369715,0]},"properties":{"event_id":666,"data_org":"Green","event_date":"2026-04-12T00:00:00.000Z","post_date":"2026-04-12T00:00:00.000Z","pub_date":"2026-04-12T00:00:00.000Z","actor":"Hezbollah","claimed":"TRUE","event_type":"Rocket Attack","city":"Khiam","province":"","country":"Lebanon","latitude":33.29369715,"longitude":35.5928371,"coord_type":"exact","source_1":"https://t.me/mmirleb/14972","source_2":"","sources":""}},{"type":"Feature","geometry":{"type":"Point","coordinates":[35.4324032,33.11740413,0]},"properties":{"event_id":667,"data_org":"Green","event_date":"2026-04-12T00:00:00.000Z","post_date":"2026-04-12T00:00:00.000Z","pub_date":"2026-04-12T00:00:00.000Z","actor":"Hezbollah","claimed":"TRUE","event_type":"Rocket Attack","city":"Bint Jbeil","province":"","country":"Lebanon","latitude":33.11740413,"longitude":35.4324032,"coord_type":"general town","source_1":"https://t.me/mmirleb/14976","source_2":"","sources":""}},{"type":"Feature","geometry":{"type":"Point","coordinates":[35.2900125,33.113856459999994,0]},"properties":{"event_id":668,"data_org":"Green","event_date":"2026-04-12T00:00:00.000Z","post_date":"2026-04-12T00:00:00.000Z","pub_date":"2026-04-12T00:00:00.000Z","actor":"Hezbollah","claimed":"TRUE","event_type":"Mortar Fire","city":"Jabal Blat","province":"","country":"Lebanon","latitude":33.11385646,"longitude":35.2900125,"coord_type":"general town","source_1":"https://t.me/mmirleb/14980","source_2":"","sources":""}},{"type":"Feature","geometry":{"type":"Point","coordinates":[35.36216,33.143039999999985,0]},"properties":{"event_id":669,"data_org":"Green","event_date":"2026-04-12T00:00:00.000Z","post_date":"2026-04-12T00:00:00.000Z","pub_date":"2026-04-12T00:00:00.000Z","actor":"Hezbollah","claimed":"TRUE","event_type":"Mortar Fire","city":"Rachaf","province":"","country":"Lebanon","latitude":33.14304,"longitude":35.36216,"coord_type":"general town","source_1":"https://t.me/mmirleb/14985","source_2":"","sources":""}},{"type":"Feature","geometry":{"type":"Point","coordinates":[35.3443979,33.11780317,0]},"properties":{"event_id":670,"data_org":"Green","event_date":"2026-04-12T00:00:00.000Z","post_date":"2026-04-12T00:00:00.000Z","pub_date":"2026-04-12T00:00:00.000Z","actor":"Hezbollah","claimed":"TRUE","event_type":"Mortar Fire","city":"Qouzah","province":"","country":"Lebanon","latitude":33.11780317,"longitude":35.3443979,"coord_type":"general town","source_1":"https://t.me/mmirleb/14987","source_2":"","sources":""}},{"type":"Feature","geometry":{"type":"Point","coordinates":[35.3687,33.119749999999996,0]},"properties":{"event_id":671,"data_org":"Green","event_date":"2026-04-12T00:00:00.000Z","post_date":"2026-04-12T00:00:00.000Z","pub_date":"2026-04-12T00:00:00.000Z","actor":"Hezbollah","claimed":"TRUE","event_type":"Rocket Attack","city":"Debl","province":"","country":"Lebanon","latitude":33.11975,"longitude":35.3687,"coord_type":"general town","source_1":"https://t.me/mmirleb/14995","source_2":"","sources":""}},{"type":"Feature","geometry":{"type":"Point","coordinates":[35.36216,33.143039999999985,0]},"properties":{"event_id":672,"data_org":"Green","event_date":"2026-04-12T00:00:00.000Z","post_date":"2026-04-12T00:00:00.000Z","pub_date":"2026-04-12T00:00:00.000Z","actor":"Hezbollah","claimed":"TRUE","event_type":"Rocket Attack","city":"Rachaf","province":"","country":"Lebanon","latitude":33.14304,"longitude":35.36216,"coord_type":"general town","source_1":"https://t.me/mmirleb/14995","source_2":"","sources":""}},{"type":"Feature","geometry":{"type":"Point","coordinates":[35.3324758,33.13393388,0]},"properties":{"event_id":673,"data_org":"Green","event_date":"2026-04-12T00:00:00.000Z","post_date":"2026-04-12T00:00:00.000Z","pub_date":"2026-04-12T00:00:00.000Z","actor":"Hezbollah","claimed":"TRUE","event_type":"Rocket Attack","city":"Beit Lif","province":"","country":"Lebanon","latitude":33.13393388,"longitude":35.3324758,"coord_type":"general town","source_1":"https://t.me/mmirleb/14995","source_2":"","sources":""}},{"type":"Feature","geometry":{"type":"Point","coordinates":[35.3443979,33.11780317,0]},"properties":{"event_id":674,"data_org":"Green","event_date":"2026-04-12T00:00:00.000Z","post_date":"2026-04-12T00:00:00.000Z","pub_date":"2026-04-12T00:00:00.000Z","actor":"Hezbollah","claimed":"TRUE","event_type":"Rocket Attack","city":"Qouzah","province":"","country":"Lebanon","latitude":33.11780317,"longitude":35.3443979,"coord_type":"general town","source_1":"https://t.me/mmirleb/14995","source_2":"","sources":""}},{"type":"Feature","geometry":{"type":"Point","coordinates":[35.1817422,33.162593199999996,0]},"properties":{"event_id":675,"data_org":"Green","event_date":"2026-04-12T00:00:00.000Z","post_date":"2026-04-12T00:00:00.000Z","pub_date":"2026-04-12T00:00:00.000Z","actor":"Hezbollah","claimed":"TRUE","event_type":"Rocket Attack","city":"Bayyada","province":"","country":"Lebanon","latitude":33.1625932,"longitude":35.1817422,"coord_type":"general town","source_1":"https://t.me/mmirleb/14995","source_2":"","sources":""}},{"type":"Feature","geometry":{"type":"Point","coordinates":[35.4031087,33.109302199999995,0]},"properties":{"event_id":676,"data_org":"Green","event_date":"2026-04-12T00:00:00.000Z","post_date":"2026-04-12T00:00:00.000Z","pub_date":"2026-04-12T00:00:00.000Z","actor":"Hezbollah","claimed":"TRUE","event_type":"Rocket Attack","city":"Ain Ebel","province":"","country":"Lebanon","latitude":33.1093022,"longitude":35.4031087,"coord_type":"general town","source_1":"https://t.me/mmirleb/14999","source_2":"","sources":""}},{"type":"Feature","geometry":{"type":"Point","coordinates":[35.4031087,33.109302199999995,0]},"properties":{"event_id":677,"data_org":"Green","event_date":"2026-04-12T00:00:00.000Z","post_date":"2026-04-12T00:00:00.000Z","pub_date":"2026-04-12T00:00:00.000Z","actor":"Hezbollah","claimed":"TRUE","event_type":"Rocket Attack","city":"Ain Ebel","province":"","country":"Lebanon","latitude":33.1093022,"longitude":35.4031087,"coord_type":"general town","source_1":"https://t.me/mmirleb/14999","source_2":"","sources":""}},{"type":"Feature","geometry":{"type":"Point","coordinates":[35.4031087,33.109302199999995,0]},"properties":{"event_id":678,"data_org":"Green","event_date":"2026-04-12T00:00:00.000Z","post_date":"2026-04-12T00:00:00.000Z","pub_date":"2026-04-12T00:00:00.000Z","actor":"Hezbollah","claimed":"TRUE","event_type":"Rocket Attack","city":"Ain Ebel","province":"","country":"Lebanon","latitude":33.1093022,"longitude":35.4031087,"coord_type":"general town","source_1":"https://t.me/mmirleb/14999","source_2":"","sources":""}},{"type":"Feature","geometry":{"type":"Point","coordinates":[35.4324032,33.11740413,0]},"properties":{"event_id":679,"data_org":"Green","event_date":"2026-04-12T00:00:00.000Z","post_date":"2026-04-12T00:00:00.000Z","pub_date":"2026-04-12T00:00:00.000Z","actor":"Hezbollah","claimed":"TRUE","event_type":"Rocket Attack","city":"Bint Jbeil","province":"","country":"Lebanon","latitude":33.11740413,"longitude":35.4324032,"coord_type":"general town","source_1":"https://t.me/mmirleb/15001","source_2":"","sources":""}},{"type":"Feature","geometry":{"type":"Point","coordinates":[35.4324032,33.11740413,0]},"properties":{"event_id":680,"data_org":"Green","event_date":"2026-04-12T00:00:00.000Z","post_date":"2026-04-12T00:00:00.000Z","pub_date":"2026-04-12T00:00:00.000Z","actor":"Hezbollah","claimed":"TRUE","event_type":"Rocket Attack","city":"Bint Jbeil","province":"","country":"Lebanon","latitude":33.11740413,"longitude":35.4324032,"coord_type":"general town","source_1":"https://t.me/mmirleb/15001","source_2":"","sources":""}},{"type":"Feature","geometry":{"type":"Point","coordinates":[35.4324032,33.11740413,0]},"properties":{"event_id":687,"data_org":"Green","event_date":"2026-04-12T00:00:00.000Z","post_date":"2026-04-12T00:00:00.000Z","pub_date":"2026-04-12T00:00:00.000Z","actor":"Hezbollah","claimed":"TRUE","event_type":"Rocket Attack","city":"Bint Jbeil","province":"","country":"Lebanon","latitude":33.11740413,"longitude":35.4324032,"coord_type":"general town","source_1":"https://t.me/mmirleb/15011","source_2":"","sources":""}},{"type":"Feature","geometry":{"type":"Point","coordinates":[35.4334376,33.13423827999999,0]},"properties":{"event_id":688,"data_org":"Green","event_date":"2026-04-12T00:00:00.000Z","post_date":"2026-04-12T00:00:00.000Z","pub_date":"2026-04-12T00:00:00.000Z","actor":"Hezbollah","claimed":"TRUE","event_type":"Mortar Fire","city":"Ainata","province":"","country":"Lebanon","latitude":33.13423828,"longitude":35.4334376,"coord_type":"exact","source_1":"https://t.me/mmirleb/15013","source_2":"","sources":""}},{"type":"Feature","geometry":{"type":"Point","coordinates":[35.5219655,33.16955762,0]},"properties":{"event_id":689,"data_org":"Green","event_date":"2026-04-12T00:00:00.000Z","post_date":"2026-04-12T00:00:00.000Z","pub_date":"2026-04-12T00:00:00.000Z","actor":"Hezbollah","claimed":"TRUE","event_type":"Mortar Fire","city":"Mays al Jabal","province":"","country":"Lebanon","latitude":33.16955762,"longitude":35.5219655,"coord_type":"general town","source_1":"https://t.me/mmirleb/15015","source_2":"","sources":""}},{"type":"Feature","geometry":{"type":"Point","coordinates":[35.543404100000004,33.25532602999999,0]},"properties":{"event_id":653,"data_org":"Green","event_date":"2026-04-11T00:00:00.000Z","post_date":"2026-04-11T00:00:00.000Z","pub_date":"2026-04-12T00:00:00.000Z","actor":"Hezbollah","claimed":"TRUE","event_type":"Drone Attack","city":"Aadaysit Marjaayoun","province":"","country":"Lebanon","latitude":33.25532603,"longitude":35.5434041,"coord_type":"general town","source_1":"https://t.me/mmirleb/14946","source_2":"","sources":""}},{"type":"Feature","geometry":{"type":"Point","coordinates":[35.2083193,33.14540613999999,0]},"properties":{"event_id":697,"data_org":"Green","event_date":"2026-04-12T00:00:00.000Z","post_date":"2026-04-13T00:00:00.000Z","pub_date":"2026-04-12T00:00:00.000Z","actor":"Hezbollah","claimed":"TRUE","event_type":"Drone Attack","city":"Chamaa","province":"","country":"Lebanon","latitude":33.14540614,"longitude":35.2083193,"coord_type":"general town","source_1":"https://t.me/mmirleb/15035","source_2":"","sources":""}},{"type":"Feature","geometry":{"type":"Point","coordinates":[35.4324032,33.11740413,0]},"properties":{"event_id":654,"data_org":"Green","event_date":"2026-04-11T00:00:00.000Z","post_date":"2026-04-11T00:00:00.000Z","pub_date":"2026-04-12T00:00:00.000Z","actor":"Hezbollah","claimed":"TRUE","event_type":"Rocket Attack","city":"Liberation Triangle (IVO Bint Jbeil, Ainata, Aitaroun)","province":"","country":"Lebanon","latitude":33.11740413,"longitude":35.4324032,"coord_type":"general town","source_1":"https://t.me/mmirleb/14948","source_2":"","sources":""}},{"type":"Feature","geometry":{"type":"Point","coordinates":[35.4298343,33.13055212,0]},"properties":{"event_id":698,"data_org":"Green","event_date":"2026-04-12T00:00:00.000Z","post_date":"2026-04-13T00:00:00.000Z","pub_date":"2026-04-12T00:00:00.000Z","actor":"Hezbollah","claimed":"TRUE","event_type":"Drone Attack","city":"Bint Jbeil","province":"","country":"Lebanon","latitude":33.13055212,"longitude":35.4298343,"coord_type":"general town","source_1":"https://t.me/mmirleb/15041","source_2":"","sources":""}},{"type":"Feature","geometry":{"type":"Point","coordinates":[35.567141,33.52629557,0]},"properties":{"event_id":700,"data_org":"Green","event_date":"2026-04-12T00:00:00.000Z","post_date":"2026-04-13T00:00:00.000Z","pub_date":"2026-04-12T00:00:00.000Z","actor":"Hezbollah","claimed":"TRUE","event_type":"Drone Attack","city":"Biyyadah","province":"","country":"Lebanon","latitude":33.52629557,"longitude":35.567141,"coord_type":"general town","source_1":"https://t.me/mmirleb/15043","source_2":"","sources":""}},{"type":"Feature","geometry":{"type":"Point","coordinates":[35.52002,33.276509999999995,0]},"properties":{"event_id":701,"data_org":"Green","event_date":"2026-04-12T00:00:00.000Z","post_date":"2026-04-13T00:00:00.000Z","pub_date":"2026-04-12T00:00:00.000Z","actor":"Hezbollah","claimed":"TRUE","event_type":"Drone Attack","city":"Taybeh","province":"","country":"Lebanon","latitude":33.27651,"longitude":35.52002,"coord_type":"general town","source_1":"https://t.me/mmirleb/15045","source_2":"","sources":""}},{"type":"Feature","geometry":{"type":"Point","coordinates":[35.5195944,33.1721194,0]},"properties":{"event_id":702,"data_org":"Green","event_date":"2026-04-12T00:00:00.000Z","post_date":"2026-04-13T00:00:00.000Z","pub_date":"2026-04-12T00:00:00.000Z","actor":"Hezbollah","claimed":"TRUE","event_type":"Drone Attack","city":"Meiss El Jabal","province":"","country":"Lebanon","latitude":33.1721194,"longitude":35.5195944,"coord_type":"exact","source_1":"https://t.me/mmirleb/15049","source_2":"https://x.com/geo_lego/status/2082217080045154420?s=20","sources":"https://t.me/C_Military1/87165"}},{"type":"Feature","geometry":{"type":"Point","coordinates":[35.4334376,33.13423827999999,0]},"properties":{"event_id":703,"data_org":"Green","event_date":"2026-04-12T00:00:00.000Z","post_date":"2026-04-13T00:00:00.000Z","pub_date":"2026-04-12T00:00:00.000Z","actor":"Hezbollah","claimed":"TRUE","event_type":"Rocket Attack","city":"Ainata","province":"","country":"Lebanon","latitude":33.13423828,"longitude":35.4334376,"coord_type":"exact","source_1":"https://t.me/mmirleb/15051","source_2":"","sources":""}},{"type":"Feature","geometry":{"type":"Point","coordinates":[35.4324032,33.11740413,0]},"properties":{"event_id":704,"data_org":"Green","event_date":"2026-04-12T00:00:00.000Z","post_date":"2026-04-13T00:00:00.000Z","pub_date":"2026-04-12T00:00:00.000Z","actor":"Hezbollah","claimed":"TRUE","event_type":"Drone Attack","city":"Bint Jbeil","province":"","country":"Lebanon","latitude":33.11740413,"longitude":35.4324032,"coord_type":"general town","source_1":"https://t.me/mmirleb/15053","source_2":"","sources":""}},{"type":"Feature","geometry":{"type":"Point","coordinates":[35.4324032,33.11740413,0]},"properties":{"event_id":655,"data_org":"Green","event_date":"2026-04-11T00:00:00.000Z","post_date":"2026-04-11T00:00:00.000Z","pub_date":"2026-04-12T00:00:00.000Z","actor":"Hezbollah","claimed":"TRUE","event_type":"Rocket Attack","city":"Bint Jbeil","province":"","country":"Lebanon","latitude":33.11740413,"longitude":35.4324032,"coord_type":"general town","source_1":"https://t.me/mmirleb/14950","source_2":"","sources":""}},{"type":"Feature","geometry":{"type":"Point","coordinates":[35.4334376,33.13423827999999,0]},"properties":{"event_id":656,"data_org":"Green","event_date":"2026-04-11T00:00:00.000Z","post_date":"2026-04-11T00:00:00.000Z","pub_date":"2026-04-12T00:00:00.000Z","actor":"Hezbollah","claimed":"TRUE","event_type":"Rocket Attack","city":"Ainata","province":"","country":"Lebanon","latitude":33.13423828,"longitude":35.4334376,"coord_type":"exact","source_1":"https://t.me/mmirleb/14950","source_2":"","sources":""}},{"type":"Feature","geometry":{"type":"Point","coordinates":[35.4324032,33.11740413,0]},"properties":{"event_id":657,"data_org":"Green","event_date":"2026-04-11T00:00:00.000Z","post_date":"2026-04-11T00:00:00.000Z","pub_date":"2026-04-12T00:00:00.000Z","actor":"Hezbollah","claimed":"TRUE","event_type":"Rocket Attack","city":"Bint Jbeil","province":"","country":"Lebanon","latitude":33.11740413,"longitude":35.4324032,"coord_type":"general town","source_1":"https://t.me/mmirleb/14950","source_2":"","sources":""}},{"type":"Feature","geometry":{"type":"Point","coordinates":[35.36216,33.143039999999985,0]},"properties":{"event_id":658,"data_org":"Green","event_date":"2026-04-11T00:00:00.000Z","post_date":"2026-04-11T00:00:00.000Z","pub_date":"2026-04-12T00:00:00.000Z","actor":"Hezbollah","claimed":"TRUE","event_type":"Rocket Attack","city":"Rachaf","province":"","country":"Lebanon","latitude":33.14304,"longitude":35.36216,"coord_type":"general town","source_1":"https://t.me/mmirleb/14950","source_2":"","sources":""}},{"type":"Feature","geometry":{"type":"Point","coordinates":[35.6079697,33.32021021999999,0]},"properties":{"event_id":659,"data_org":"Green","event_date":"2026-04-11T00:00:00.000Z","post_date":"2026-04-11T00:00:00.000Z","pub_date":"2026-04-12T00:00:00.000Z","actor":"Hezbollah","claimed":"TRUE","event_type":"Rocket Attack","city":"Khiam","province":"","country":"Lebanon","latitude":33.32021022,"longitude":35.6079697,"coord_type":"general neighborhood","source_1":"https://t.me/mmirleb/14950","source_2":"","sources":""}},{"type":"Feature","geometry":{"type":"Point","coordinates":[35.6103854,33.32280632,0]},"properties":{"event_id":660,"data_org":"Green","event_date":"2026-04-11T00:00:00.000Z","post_date":"2026-04-11T00:00:00.000Z","pub_date":"2026-04-12T00:00:00.000Z","actor":"Hezbollah","claimed":"TRUE","event_type":"Rocket Attack","city":"Khiam","province":"","country":"Lebanon","latitude":33.32280632,"longitude":35.6103854,"coord_type":"general neighborhood","source_1":"https://t.me/mmirleb/14952","source_2":"","sources":""}},{"type":"Feature","geometry":{"type":"Point","coordinates":[35.5630478,33.28322691,0]},"properties":{"event_id":661,"data_org":"Green","event_date":"2026-04-11T00:00:00.000Z","post_date":"2026-04-11T00:00:00.000Z","pub_date":"2026-04-12T00:00:00.000Z","actor":"Hezbollah","claimed":"TRUE","event_type":"Rocket Attack","city":"Kfar Kila","province":"","country":"Lebanon","latitude":33.28322691,"longitude":35.5630478,"coord_type":"exact","source_1":"https://t.me/mmirleb/14952","source_2":"","sources":""}},{"type":"Feature","geometry":{"type":"Point","coordinates":[35.5630478,33.28322691,0]},"properties":{"event_id":662,"data_org":"Green","event_date":"2026-04-11T00:00:00.000Z","post_date":"2026-04-11T00:00:00.000Z","pub_date":"2026-04-12T00:00:00.000Z","actor":"Hezbollah","claimed":"TRUE","event_type":"Rocket Attack","city":"Kfar Kila","province":"","country":"Lebanon","latitude":33.28322691,"longitude":35.5630478,"coord_type":"exact","source_1":"https://t.me/mmirleb/14952","source_2":"","sources":""}},{"type":"Feature","geometry":{"type":"Point","coordinates":[35.5431466,33.25512823,0]},"properties":{"event_id":711,"data_org":"Green","event_date":"2026-04-13T00:00:00.000Z","post_date":"2026-04-13T00:00:00.000Z","pub_date":"2026-04-13T00:00:00.000Z","actor":"Hezbollah","claimed":"TRUE","event_type":"Drone Attack","city":"Odaisseh","province":"","country":"Lebanon","latitude":33.25512823,"longitude":35.5431466,"coord_type":"general town","source_1":"https://t.me/mmirleb/15075","source_2":"","sources":""}},{"type":"Feature","geometry":{"type":"Point","coordinates":[35.2900125,33.113856459999994,0]},"properties":{"event_id":715,"data_org":"Green","event_date":"2026-04-13T00:00:00.000Z","post_date":"2026-04-13T00:00:00.000Z","pub_date":"2026-04-13T00:00:00.000Z","actor":"Hezbollah","claimed":"TRUE","event_type":"Mortar Fire","city":"Jabal Blat","province":"","country":"Lebanon","latitude":33.11385646,"longitude":35.2900125,"coord_type":"general town","source_1":"https://t.me/mmirleb/15098","source_2":"","sources":""}},{"type":"Feature","geometry":{"type":"Point","coordinates":[35.1402004,33.119062959999994,0]},"properties":{"event_id":9998,"data_org":"Green","event_date":"2026-04-13T00:00:00.000Z","post_date":"2026-04-13T00:00:00.000Z","pub_date":"2026-04-13T00:00:00.000Z","actor":"Hezbollah","claimed":"TRUE","event_type":"Drone Attack","city":"Naqoura","province":"","country":"Lebanon","latitude":33.11906296,"longitude":35.1402004,"coord_type":"general neighborhood","source_1":"https://t.me/mmirleb/15102","source_2":"","sources":""}},{"type":"Feature","geometry":{"type":"Point","coordinates":[35.4036415,33.11088974,0]},"properties":{"event_id":716,"data_org":"Green","event_date":"2026-04-13T00:00:00.000Z","post_date":"2026-04-13T00:00:00.000Z","pub_date":"2026-04-13T00:00:00.000Z","actor":"Hezbollah","claimed":"TRUE","event_type":"Rocket Attack","city":"Ain Ebel","province":"","country":"Lebanon","latitude":33.11088974,"longitude":35.4036415,"coord_type":"general town","source_1":"https://t.me/mmirleb/15114","source_2":"","sources":""}},{"type":"Feature","geometry":{"type":"Point","coordinates":[35.4329766,33.12113056999999,0]},"properties":{"event_id":9997,"data_org":"Green","event_date":"2026-04-13T00:00:00.000Z","post_date":"2026-04-13T00:00:00.000Z","pub_date":"2026-04-13T00:00:00.000Z","actor":"Hezbollah","claimed":"TRUE","event_type":"Rocket Attack","city":"Bint Jbeil","province":"","country":"Lebanon","latitude":33.12113057,"longitude":35.4329766,"coord_type":"general town","source_1":"https://t.me/mmirleb/15116","source_2":"","sources":""}},{"type":"Feature","geometry":{"type":"Point","coordinates":[35.4329766,33.12113056999999,0]},"properties":{"event_id":717,"data_org":"Green","event_date":"2026-04-13T00:00:00.000Z","post_date":"2026-04-13T00:00:00.000Z","pub_date":"2026-04-13T00:00:00.000Z","actor":"Hezbollah","claimed":"TRUE","event_type":"Rocket Attack","city":"Bint Jbeil","province":"","country":"Lebanon","latitude":33.12113057,"longitude":35.4329766,"coord_type":"general town","source_1":"https://t.me/mmirleb/15116","source_2":"","sources":""}},{"type":"Feature","geometry":{"type":"Point","coordinates":[35.4324032,33.11740413,0]},"properties":{"event_id":729,"data_org":"Green","event_date":"2026-04-13T00:00:00.000Z","post_date":"2026-04-13T00:00:00.000Z","pub_date":"2026-04-13T00:00:00.000Z","actor":"Hezbollah","claimed":"TRUE","event_type":"Rocket Attack","city":"Bint Jbeil","province":"","country":"Lebanon","latitude":33.11740413,"longitude":35.4324032,"coord_type":"general town","source_1":"https://t.me/mmirleb/15140","source_2":"","sources":""}},{"type":"Feature","geometry":{"type":"Point","coordinates":[35.4324032,33.11740413,0]},"properties":{"event_id":730,"data_org":"Green","event_date":"2026-04-13T00:00:00.000Z","post_date":"2026-04-13T00:00:00.000Z","pub_date":"2026-04-13T00:00:00.000Z","actor":"Hezbollah","claimed":"TRUE","event_type":"Rocket Attack","city":"Bint Jbeil","province":"","country":"Lebanon","latitude":33.11740413,"longitude":35.4324032,"coord_type":"general town","source_1":"https://t.me/mmirleb/15140","source_2":"","sources":""}},{"type":"Feature","geometry":{"type":"Point","coordinates":[35.1817422,33.162593199999996,0]},"properties":{"event_id":731,"data_org":"Green","event_date":"2026-04-13T00:00:00.000Z","post_date":"2026-04-13T00:00:00.000Z","pub_date":"2026-04-13T00:00:00.000Z","actor":"Hezbollah","claimed":"TRUE","event_type":"Rocket Attack","city":"Bayyada","province":"","country":"Lebanon","latitude":33.1625932,"longitude":35.1817422,"coord_type":"general town","source_1":"https://t.me/mmirleb/15142","source_2":"","sources":""}},{"type":"Feature","geometry":{"type":"Point","coordinates":[35.1817422,33.162593199999996,0]},"properties":{"event_id":732,"data_org":"Green","event_date":"2026-04-13T00:00:00.000Z","post_date":"2026-04-13T00:00:00.000Z","pub_date":"2026-04-13T00:00:00.000Z","actor":"Hezbollah","claimed":"TRUE","event_type":"Rocket Attack","city":"Bayyada","province":"","country":"Lebanon","latitude":33.1625932,"longitude":35.1817422,"coord_type":"general town","source_1":"https://t.me/mmirleb/15144","source_2":"","sources":""}},{"type":"Feature","geometry":{"type":"Point","coordinates":[35.4324032,33.11740413,0]},"properties":{"event_id":735,"data_org":"Green","event_date":"2026-04-13T00:00:00.000Z","post_date":"2026-04-13T00:00:00.000Z","pub_date":"2026-04-13T00:00:00.000Z","actor":"Hezbollah","claimed":"TRUE","event_type":"Drone Attack","city":"Bint Jbeil","province":"","country":"Lebanon","latitude":33.11740413,"longitude":35.4324032,"coord_type":"general town","source_1":"https://t.me/mmirleb/15148","source_2":"","sources":""}},{"type":"Feature","geometry":{"type":"Point","coordinates":[35.30535,33.135888,0]},"properties":{"event_id":740,"data_org":"Green","event_date":"2026-04-13T00:00:00.000Z","post_date":"2026-04-14T00:00:00.000Z","pub_date":"2026-04-13T00:00:00.000Z","actor":"Hezbollah","claimed":"TRUE","event_type":"Rocket Attack","city":"Markaba","province":"","country":"Lebanon","latitude":33.135888,"longitude":35.30535,"coord_type":"general town","source_1":"https://t.me/mmirleb/15157","source_2":"","sources":""}},{"type":"Feature","geometry":{"type":"Point","coordinates":[35.4031087,33.109302199999995,0]},"properties":{"event_id":741,"data_org":"Green","event_date":"2026-04-13T00:00:00.000Z","post_date":"2026-04-14T00:00:00.000Z","pub_date":"2026-04-13T00:00:00.000Z","actor":"Hezbollah","claimed":"TRUE","event_type":"Rocket Attack","city":"Ain Ebel","province":"","country":"Lebanon","latitude":33.1093022,"longitude":35.4031087,"coord_type":"general town","source_1":"https://t.me/mmirleb/15157","source_2":"","sources":""}},{"type":"Feature","geometry":{"type":"Point","coordinates":[35.4324032,33.11740413,0]},"properties":{"event_id":742,"data_org":"Green","event_date":"2026-04-13T00:00:00.000Z","post_date":"2026-04-14T00:00:00.000Z","pub_date":"2026-04-13T00:00:00.000Z","actor":"Hezbollah","claimed":"TRUE","event_type":"Rocket Attack","city":"Bint Jbeil","province":"","country":"Lebanon","latitude":33.11740413,"longitude":35.4324032,"coord_type":"general town","source_1":"https://t.me/mmirleb/15157","source_2":"","sources":""}},{"type":"Feature","geometry":{"type":"Point","coordinates":[35.3645037,33.143219329999994,0]},"properties":{"event_id":743,"data_org":"Green","event_date":"2026-04-13T00:00:00.000Z","post_date":"2026-04-14T00:00:00.000Z","pub_date":"2026-04-13T00:00:00.000Z","actor":"Hezbollah","claimed":"TRUE","event_type":"Rocket Attack","city":"Rashaf","province":"","country":"Lebanon","latitude":33.14321933,"longitude":35.3645037,"coord_type":"general town","source_1":"https://t.me/mmirleb/15157","source_2":"","sources":""}},{"type":"Feature","geometry":{"type":"Point","coordinates":[35.1817422,33.162593199999996,0]},"properties":{"event_id":746,"data_org":"Green","event_date":"2026-04-13T00:00:00.000Z","post_date":"2026-04-14T00:00:00.000Z","pub_date":"2026-04-13T00:00:00.000Z","actor":"Hezbollah","claimed":"TRUE","event_type":"Mortar Fire","city":"Bayyada","province":"","country":"Lebanon","latitude":33.1625932,"longitude":35.1817422,"coord_type":"general town","source_1":"https://t.me/mmirleb/15161","source_2":"","sources":""}},{"type":"Feature","geometry":{"type":"Point","coordinates":[35.1817422,33.162593199999996,0]},"properties":{"event_id":748,"data_org":"Green","event_date":"2026-04-14T00:00:00.000Z","post_date":"2026-04-14T00:00:00.000Z","pub_date":"2026-04-14T00:00:00.000Z","actor":"Hezbollah","claimed":"TRUE","event_type":"Rocket Attack","city":"Bayyada","province":"","country":"Lebanon","latitude":33.1625932,"longitude":35.1817422,"coord_type":"general town","source_1":"https://t.me/mmirleb/15173","source_2":"","sources":""}},{"type":"Feature","geometry":{"type":"Point","coordinates":[35.1817422,33.162593199999996,0]},"properties":{"event_id":749,"data_org":"Green","event_date":"2026-04-14T00:00:00.000Z","post_date":"2026-04-14T00:00:00.000Z","pub_date":"2026-04-14T00:00:00.000Z","actor":"Hezbollah","claimed":"TRUE","event_type":"Rocket Attack","city":"Bayyada","province":"","country":"Lebanon","latitude":33.1625932,"longitude":35.1817422,"coord_type":"general town","source_1":"https://t.me/mmirleb/15173","source_2":"","sources":""}},{"type":"Feature","geometry":{"type":"Point","coordinates":[35.1817422,33.162593199999996,0]},"properties":{"event_id":752,"data_org":"Green","event_date":"2026-04-14T00:00:00.000Z","post_date":"2026-04-14T00:00:00.000Z","pub_date":"2026-04-14T00:00:00.000Z","actor":"Hezbollah","claimed":"TRUE","event_type":"Rocket Attack","city":"Bayyada","province":"","country":"Lebanon","latitude":33.1625932,"longitude":35.1817422,"coord_type":"general town","source_1":"https://t.me/mmirleb/15194","source_2":"","sources":""}},{"type":"Feature","geometry":{"type":"Point","coordinates":[35.4324032,33.11740413,0]},"properties":{"event_id":753,"data_org":"Green","event_date":"2026-04-14T00:00:00.000Z","post_date":"2026-04-14T00:00:00.000Z","pub_date":"2026-04-14T00:00:00.000Z","actor":"Hezbollah","claimed":"TRUE","event_type":"Rocket Attack","city":"Bint Jbeil","province":"","country":"Lebanon","latitude":33.11740413,"longitude":35.4324032,"coord_type":"general town","source_1":"https://t.me/mmirleb/15196","source_2":"","sources":""}},{"type":"Feature","geometry":{"type":"Point","coordinates":[35.4324032,33.11740413,0]},"properties":{"event_id":754,"data_org":"Green","event_date":"2026-04-14T00:00:00.000Z","post_date":"2026-04-14T00:00:00.000Z","pub_date":"2026-04-14T00:00:00.000Z","actor":"Hezbollah","claimed":"TRUE","event_type":"Rocket Attack","city":"Bint Jbeil","province":"","country":"Lebanon","latitude":33.11740413,"longitude":35.4324032,"coord_type":"general town","source_1":"https://t.me/mmirleb/15196","source_2":"","sources":""}},{"type":"Feature","geometry":{"type":"Point","coordinates":[35.4031087,33.109302199999995,0]},"properties":{"event_id":755,"data_org":"Green","event_date":"2026-04-14T00:00:00.000Z","post_date":"2026-04-14T00:00:00.000Z","pub_date":"2026-04-14T00:00:00.000Z","actor":"Hezbollah","claimed":"TRUE","event_type":"Drone Attack","city":"Ain Ebel","province":"","country":"Lebanon","latitude":33.1093022,"longitude":35.4031087,"coord_type":"general town","source_1":"https://t.me/mmirleb/15198","source_2":"","sources":""}},{"type":"Feature","geometry":{"type":"Point","coordinates":[35.3092076,33.18869839999999,0]},"properties":{"event_id":756,"data_org":"Green","event_date":"2026-04-14T00:00:00.000Z","post_date":"2026-04-14T00:00:00.000Z","pub_date":"2026-04-14T00:00:00.000Z","actor":"Hezbollah","claimed":"TRUE","event_type":"Missile Attack","city":"Siddiqine","province":"","country":"Lebanon","latitude":33.1886984,"longitude":35.3092076,"coord_type":"general town","source_1":"https://t.me/mmirleb/15200","source_2":"","sources":""}},{"type":"Feature","geometry":{"type":"Point","coordinates":[35.52002,33.276509999999995,0]},"properties":{"event_id":759,"data_org":"Green","event_date":"2026-04-10T00:00:00.000Z","post_date":"2026-04-14T00:00:00.000Z","pub_date":"2026-04-14T00:00:00.000Z","actor":"Hezbollah","claimed":"TRUE","event_type":"Drone Attack","city":"Taybeh","province":"","country":"Lebanon","latitude":33.27651,"longitude":35.52002,"coord_type":"general town","source_1":"https://t.me/mmirleb/15209","source_2":"","sources":""}},{"type":"Feature","geometry":{"type":"Point","coordinates":[35.60757,33.32269,0]},"properties":{"event_id":772,"data_org":"Green","event_date":"2026-04-14T00:00:00.000Z","post_date":"2026-04-14T00:00:00.000Z","pub_date":"2026-04-14T00:00:00.000Z","actor":"Hezbollah","claimed":"TRUE","event_type":"Rocket Attack","city":"Khiam","province":"","country":"Lebanon","latitude":33.32269,"longitude":35.60757,"coord_type":"general town","source_1":"https://t.me/mmirleb/15214","source_2":"","sources":""}},{"type":"Feature","geometry":{"type":"Point","coordinates":[35.3443979,33.11780317,0]},"properties":{"event_id":773,"data_org":"Green","event_date":"2026-04-14T00:00:00.000Z","post_date":"2026-04-14T00:00:00.000Z","pub_date":"2026-04-14T00:00:00.000Z","actor":"Hezbollah","claimed":"TRUE","event_type":"Mortar Fire","city":"Qouzah","province":"","country":"Lebanon","latitude":33.11780317,"longitude":35.3443979,"coord_type":"general town","source_1":"https://t.me/mmirleb/15218","source_2":"","sources":""}},{"type":"Feature","geometry":{"type":"Point","coordinates":[35.2039436,33.271082899999996,0]},"properties":{"event_id":774,"data_org":"Green","event_date":"2026-04-14T00:00:00.000Z","post_date":"2026-04-14T00:00:00.000Z","pub_date":"2026-04-14T00:00:00.000Z","actor":"Hezbollah","claimed":"TRUE","event_type":"Missile Attack","city":"Tyre","province":"","country":"Lebanon","latitude":33.2710829,"longitude":35.2039436,"coord_type":"general town","source_1":"https://t.me/mmirleb/15223","source_2":"","sources":""}},{"type":"Feature","geometry":{"type":"Point","coordinates":[35.1817422,33.162593199999996,0]},"properties":{"event_id":775,"data_org":"Green","event_date":"2026-04-14T00:00:00.000Z","post_date":"2026-04-14T00:00:00.000Z","pub_date":"2026-04-14T00:00:00.000Z","actor":"Hezbollah","claimed":"TRUE","event_type":"Rocket Attack","city":"Bayyada","province":"","country":"Lebanon","latitude":33.1625932,"longitude":35.1817422,"coord_type":"general town","source_1":"https://t.me/mmirleb/15225","source_2":"","sources":""}},{"type":"Feature","geometry":{"type":"Point","coordinates":[35.2083193,33.14540613999999,0]},"properties":{"event_id":776,"data_org":"Green","event_date":"2026-04-14T00:00:00.000Z","post_date":"2026-04-14T00:00:00.000Z","pub_date":"2026-04-14T00:00:00.000Z","actor":"Hezbollah","claimed":"TRUE","event_type":"Rocket Attack","city":"Chama","province":"","country":"Lebanon","latitude":33.14540614,"longitude":35.2083193,"coord_type":"general town","source_1":"https://t.me/mmirleb/15225","source_2":"","sources":""}},{"type":"Feature","geometry":{"type":"Point","coordinates":[35.1817422,33.162593199999996,0]},"properties":{"event_id":777,"data_org":"Green","event_date":"2026-04-14T00:00:00.000Z","post_date":"2026-04-14T00:00:00.000Z","pub_date":"2026-04-14T00:00:00.000Z","actor":"Hezbollah","claimed":"TRUE","event_type":"Mortar Fire","city":"Bayyada","province":"","country":"Lebanon","latitude":33.1625932,"longitude":35.1817422,"coord_type":"general town","source_1":"https://t.me/mmirleb/15225","source_2":"","sources":""}},{"type":"Feature","geometry":{"type":"Point","coordinates":[35.2083193,33.14540613999999,0]},"properties":{"event_id":778,"data_org":"Green","event_date":"2026-04-14T00:00:00.000Z","post_date":"2026-04-14T00:00:00.000Z","pub_date":"2026-04-14T00:00:00.000Z","actor":"Hezbollah","claimed":"TRUE","event_type":"Mortar Fire","city":"Chama","province":"","country":"Lebanon","latitude":33.14540614,"longitude":35.2083193,"coord_type":"general town","source_1":"https://t.me/mmirleb/15225","source_2":"","sources":""}},{"type":"Feature","geometry":{"type":"Point","coordinates":[35.3093114,33.469123599999996,0]},"properties":{"event_id":779,"data_org":"Green","event_date":"2026-04-14T00:00:00.000Z","post_date":"2026-04-14T00:00:00.000Z","pub_date":"2026-04-14T00:00:00.000Z","actor":"Hezbollah","claimed":"TRUE","event_type":"Missile Attack","city":"Sahel al Zahrani (Sarafand)","province":"","country":"Lebanon","latitude":33.4691236,"longitude":35.3093114,"coord_type":"general neighborhood","source_1":"https://t.me/mmirleb/15231","source_2":"","sources":""}},{"type":"Feature","geometry":{"type":"Point","coordinates":[35.1401119,33.11927448,0]},"properties":{"event_id":787,"data_org":"Green","event_date":"2026-04-14T00:00:00.000Z","post_date":"2026-04-15T00:00:00.000Z","pub_date":"2026-04-14T00:00:00.000Z","actor":"Hezbollah","claimed":"TRUE","event_type":"Drone Attack","city":"Naqoura","province":"","country":"Lebanon","latitude":33.11927448,"longitude":35.1401119,"coord_type":"general town","source_1":"https://t.me/mmirleb/15251","source_2":"","sources":""}},{"type":"Feature","geometry":{"type":"Point","coordinates":[35.60757,33.32269,0]},"properties":{"event_id":747,"data_org":"Green","event_date":"2026-04-13T00:00:00.000Z","post_date":"2026-04-14T00:00:00.000Z","pub_date":"2026-04-14T00:00:00.000Z","actor":"Hezbollah","claimed":"TRUE","event_type":"Rocket Attack","city":"Khiam","province":"","country":"Lebanon","latitude":33.32269,"longitude":35.60757,"coord_type":"general town","source_1":"https://t.me/mmirleb/15165","source_2":"","sources":""}},{"type":"Feature","geometry":{"type":"Point","coordinates":[35.4324032,33.11740413,0]},"properties":{"event_id":788,"data_org":"Green","event_date":"2026-04-15T00:00:00.000Z","post_date":"2026-04-15T00:00:00.000Z","pub_date":"2026-04-15T00:00:00.000Z","actor":"Hezbollah","claimed":"TRUE","event_type":"Rocket Attack","city":"Bint Jbeil","province":"","country":"Lebanon","latitude":33.11740413,"longitude":35.4324032,"coord_type":"general town","source_1":"https://t.me/mmirleb/15266","source_2":"","sources":""}},{"type":"Feature","geometry":{"type":"Point","coordinates":[35.4324032,33.11740413,0]},"properties":{"event_id":789,"data_org":"Green","event_date":"2026-04-15T00:00:00.000Z","post_date":"2026-04-15T00:00:00.000Z","pub_date":"2026-04-15T00:00:00.000Z","actor":"Hezbollah","claimed":"TRUE","event_type":"Rocket Attack","city":"Bint Jbeil","province":"","country":"Lebanon","latitude":33.11740413,"longitude":35.4324032,"coord_type":"general town","source_1":"https://t.me/mmirleb/15267","source_2":"","sources":""}},{"type":"Feature","geometry":{"type":"Point","coordinates":[35.3577547,33.11982280000001,0]},"properties":{"event_id":791,"data_org":"Green","event_date":"2026-04-15T00:00:00.000Z","post_date":"2026-04-15T00:00:00.000Z","pub_date":"2026-04-15T00:00:00.000Z","actor":"Hezbollah","claimed":"TRUE","event_type":"Rocket Attack","city":"Debel","province":"","country":"Lebanon","latitude":33.1198228,"longitude":35.3577547,"coord_type":"general town","source_1":"https://t.me/mmirleb/15270","source_2":"","sources":""}},{"type":"Feature","geometry":{"type":"Point","coordinates":[35.60757,33.32269,0]},"properties":{"event_id":790,"data_org":"Green","event_date":"2026-04-15T00:00:00.000Z","post_date":"2026-04-15T00:00:00.000Z","pub_date":"2026-04-15T00:00:00.000Z","actor":"Hezbollah","claimed":"TRUE","event_type":"Rocket Attack","city":"Khiam","province":"","country":"Lebanon","latitude":33.32269,"longitude":35.60757,"coord_type":"general town","source_1":"https://t.me/mmirleb/15271","source_2":"","sources":""}},{"type":"Feature","geometry":{"type":"Point","coordinates":[35.60757,33.32269,0]},"properties":{"event_id":792,"data_org":"Green","event_date":"2026-04-15T00:00:00.000Z","post_date":"2026-04-15T00:00:00.000Z","pub_date":"2026-04-15T00:00:00.000Z","actor":"Hezbollah","claimed":"TRUE","event_type":"Rocket Attack","city":"Khiam","province":"","country":"Lebanon","latitude":33.32269,"longitude":35.60757,"coord_type":"general town","source_1":"https://t.me/mmirleb/15271","source_2":"","sources":""}},{"type":"Feature","geometry":{"type":"Point","coordinates":[35.1817422,33.162593199999996,0]},"properties":{"event_id":793,"data_org":"Green","event_date":"2026-04-15T00:00:00.000Z","post_date":"2026-04-15T00:00:00.000Z","pub_date":"2026-04-15T00:00:00.000Z","actor":"Hezbollah","claimed":"TRUE","event_type":"Rocket Attack","city":"Bayyada","province":"","country":"Lebanon","latitude":33.1625932,"longitude":35.1817422,"coord_type":"general town","source_1":"https://t.me/mmirleb/15275","source_2":"","sources":""}},{"type":"Feature","geometry":{"type":"Point","coordinates":[35.4646475,33.253127729999996,0]},"properties":{"event_id":794,"data_org":"Green","event_date":"2026-04-15T00:00:00.000Z","post_date":"2026-04-15T00:00:00.000Z","pub_date":"2026-04-15T00:00:00.000Z","actor":"Hezbollah","claimed":"TRUE","event_type":"Rocket Attack","city":"Qabrikha","province":"","country":"Lebanon","latitude":33.25312773,"longitude":35.4646475,"coord_type":"general town","source_1":"https://t.me/mmirleb/15276","source_2":"","sources":""}},{"type":"Feature","geometry":{"type":"Point","coordinates":[35.1817422,33.162593199999996,0]},"properties":{"event_id":795,"data_org":"Green","event_date":"2026-04-15T00:00:00.000Z","post_date":"2026-04-15T00:00:00.000Z","pub_date":"2026-04-15T00:00:00.000Z","actor":"Hezbollah","claimed":"TRUE","event_type":"Mortar Fire","city":"Bayyada","province":"","country":"Lebanon","latitude":33.1625932,"longitude":35.1817422,"coord_type":"general town","source_1":"https://t.me/mmirleb/15278","source_2":"","sources":""}},{"type":"Feature","geometry":{"type":"Point","coordinates":[35.4324032,33.11740413,0]},"properties":{"event_id":797,"data_org":"Green","event_date":"2026-04-15T00:00:00.000Z","post_date":"2026-04-15T00:00:00.000Z","pub_date":"2026-04-15T00:00:00.000Z","actor":"Hezbollah","claimed":"TRUE","event_type":"Rocket Attack","city":"Bint Jbeil","province":"","country":"Lebanon","latitude":33.11740413,"longitude":35.4324032,"coord_type":"general town","source_1":"https://t.me/mmirleb/15284","source_2":"","sources":""}},{"type":"Feature","geometry":{"type":"Point","coordinates":[35.23583,33.292778,0]},"properties":{"event_id":798,"data_org":"Green","event_date":"2026-04-15T00:00:00.000Z","post_date":"2026-04-15T00:00:00.000Z","pub_date":"2026-04-15T00:00:00.000Z","actor":"Hezbollah","claimed":"TRUE","event_type":"Rocket Attack","city":"Chabriha","province":"","country":"","latitude":33.292778,"longitude":35.23583,"coord_type":"general town","source_1":"https://t.me/mmirleb/15286","source_2":"","sources":""}},{"type":"Feature","geometry":{"type":"Point","coordinates":[35.2065369,33.17913242999999,0]},"properties":{"event_id":799,"data_org":"Green","event_date":"2026-04-15T00:00:00.000Z","post_date":"2026-04-15T00:00:00.000Z","pub_date":"2026-04-15T00:00:00.000Z","actor":"Hezbollah","claimed":"TRUE","event_type":"Rocket Attack","city":"Mansouri","province":"","country":"Lebanon","latitude":33.17913243,"longitude":35.2065369,"coord_type":"general neighborhood","source_1":"https://t.me/mmirleb/15287","source_2":"","sources":""}},{"type":"Feature","geometry":{"type":"Point","coordinates":[35.4324032,33.11740413,0]},"properties":{"event_id":804,"data_org":"Green","event_date":"2026-04-15T00:00:00.000Z","post_date":"2026-04-15T00:00:00.000Z","pub_date":"2026-04-15T00:00:00.000Z","actor":"Hezbollah","claimed":"TRUE","event_type":"Rocket Attack","city":"Bint Jbeil","province":"","country":"Lebanon","latitude":33.11740413,"longitude":35.4324032,"coord_type":"general town","source_1":"https://t.me/mmirleb/15295","source_2":"","sources":""}},{"type":"Feature","geometry":{"type":"Point","coordinates":[35.5630478,33.28322691,0]},"properties":{"event_id":806,"data_org":"Green","event_date":"2026-04-15T00:00:00.000Z","post_date":"2026-04-15T00:00:00.000Z","pub_date":"2026-04-15T00:00:00.000Z","actor":"Hezbollah","claimed":"TRUE","event_type":"Rocket Attack","city":"Kfar Kila","province":"","country":"Lebanon","latitude":33.28322691,"longitude":35.5630478,"coord_type":"general town","source_1":"https://t.me/mmirleb/15296","source_2":"","sources":""}},{"type":"Feature","geometry":{"type":"Point","coordinates":[35.60757,33.32269,0]},"properties":{"event_id":807,"data_org":"Green","event_date":"2026-04-15T00:00:00.000Z","post_date":"2026-04-15T00:00:00.000Z","pub_date":"2026-04-15T00:00:00.000Z","actor":"Hezbollah","claimed":"TRUE","event_type":"Rocket Attack","city":"Khiam","province":"","country":"Lebanon","latitude":33.32269,"longitude":35.60757,"coord_type":"general town","source_1":"https://t.me/mmirleb/15297","source_2":"","sources":""}},{"type":"Feature","geometry":{"type":"Point","coordinates":[35.1817422,33.162593199999996,0]},"properties":{"event_id":808,"data_org":"Green","event_date":"2026-04-15T00:00:00.000Z","post_date":"2026-04-15T00:00:00.000Z","pub_date":"2026-04-15T00:00:00.000Z","actor":"Hezbollah","claimed":"TRUE","event_type":"Rocket Attack","city":"Bayyada","province":"","country":"Lebanon","latitude":33.1625932,"longitude":35.1817422,"coord_type":"general town","source_1":"https://t.me/mmirleb/15301","source_2":"","sources":""}},{"type":"Feature","geometry":{"type":"Point","coordinates":[35.60757,33.32269,0]},"properties":{"event_id":809,"data_org":"Green","event_date":"2026-04-15T00:00:00.000Z","post_date":"2026-04-15T00:00:00.000Z","pub_date":"2026-04-15T00:00:00.000Z","actor":"Hezbollah","claimed":"TRUE","event_type":"Mortar Fire","city":"Khiam","province":"","country":"Lebanon","latitude":33.32269,"longitude":35.60757,"coord_type":"general town","source_1":"https://t.me/mmirleb/15302","source_2":"","sources":""}},{"type":"Feature","geometry":{"type":"Point","coordinates":[35.445046,33.107287239999984,0]},"properties":{"event_id":811,"data_org":"Green","event_date":"2026-04-15T00:00:00.000Z","post_date":"2026-04-15T00:00:00.000Z","pub_date":"2026-04-15T00:00:00.000Z","actor":"Hezbollah","claimed":"TRUE","event_type":"Small arms engagement","city":"Maroun al Ras","province":"","country":"Lebanon","latitude":33.10728724,"longitude":35.445046,"coord_type":"general town","source_1":"https://t.me/mmirleb/15307","source_2":"","sources":""}},{"type":"Feature","geometry":{"type":"Point","coordinates":[35.4324032,33.11740413,0]},"properties":{"event_id":823,"data_org":"Green","event_date":"2026-04-15T00:00:00.000Z","post_date":"2026-04-16T00:00:00.000Z","pub_date":"2026-04-15T00:00:00.000Z","actor":"Hezbollah","claimed":"TRUE","event_type":"Drone Attack","city":"Bint Jbeil","province":"","country":"Lebanon","latitude":33.11740413,"longitude":35.4324032,"coord_type":"general town","source_1":"https://t.me/mmirleb/15319","source_2":"https://t.me/mmirleb/15542","sources":""}},{"type":"Feature","geometry":{"type":"Point","coordinates":[35.523503,33.168733,0]},"properties":{"event_id":824,"data_org":"Green","event_date":"2026-04-15T00:00:00.000Z","post_date":"2026-04-16T00:00:00.000Z","pub_date":"2026-04-15T00:00:00.000Z","actor":"Hezbollah","claimed":"TRUE","event_type":"Drone Attack","city":"Mays al Jabal","province":"","country":"Lebanon","latitude":33.168733,"longitude":35.523503,"coord_type":"exact","source_1":"https://t.me/mmirleb/15320","source_2":"","sources":"https://t.me/mmirleb/15597"}},{"type":"Feature","geometry":{"type":"Point","coordinates":[35.4324032,33.11740413,0]},"properties":{"event_id":825,"data_org":"Green","event_date":"2026-04-15T00:00:00.000Z","post_date":"2026-04-16T00:00:00.000Z","pub_date":"2026-04-15T00:00:00.000Z","actor":"Hezbollah","claimed":"TRUE","event_type":"Rocket Attack","city":"Bint Jbeil","province":"","country":"Lebanon","latitude":33.11740413,"longitude":35.4324032,"coord_type":"general town","source_1":"https://t.me/mmirleb/15321","source_2":"","sources":""}},{"type":"Feature","geometry":{"type":"Point","coordinates":[35.4324032,33.11740413,0]},"properties":{"event_id":826,"data_org":"Green","event_date":"2026-04-15T00:00:00.000Z","post_date":"2026-04-16T00:00:00.000Z","pub_date":"2026-04-15T00:00:00.000Z","actor":"Hezbollah","claimed":"TRUE","event_type":"Mortar Fire","city":"Bint Jbeil","province":"","country":"Lebanon","latitude":33.11740413,"longitude":35.4324032,"coord_type":"general town","source_1":"https://t.me/mmirleb/15321","source_2":"","sources":""}},{"type":"Feature","geometry":{"type":"Point","coordinates":[35.4324032,33.11740413,0]},"properties":{"event_id":828,"data_org":"Green","event_date":"2026-04-15T00:00:00.000Z","post_date":"2026-04-16T00:00:00.000Z","pub_date":"2026-04-15T00:00:00.000Z","actor":"Hezbollah","claimed":"TRUE","event_type":"Rocket Attack","city":"Bint Jbeil","province":"","country":"Lebanon","latitude":33.11740413,"longitude":35.4324032,"coord_type":"general town","source_1":"https://t.me/mmirleb/15322","source_2":"","sources":""}},{"type":"Feature","geometry":{"type":"Point","coordinates":[35.1401119,33.11927448,0]},"properties":{"event_id":833,"data_org":"Green","event_date":"2026-04-15T00:00:00.000Z","post_date":"2026-04-16T00:00:00.000Z","pub_date":"2026-04-15T00:00:00.000Z","actor":"Hezbollah","claimed":"TRUE","event_type":"Drone Attack","city":"Naqoura","province":"","country":"Lebanon","latitude":33.11927448,"longitude":35.1401119,"coord_type":"general town","source_1":"https://t.me/mmirleb/15328","source_2":"","sources":""}},{"type":"Feature","geometry":{"type":"Point","coordinates":[35.1401119,33.11927448,0]},"properties":{"event_id":834,"data_org":"Green","event_date":"2026-04-15T00:00:00.000Z","post_date":"2026-04-16T00:00:00.000Z","pub_date":"2026-04-15T00:00:00.000Z","actor":"Hezbollah","claimed":"TRUE","event_type":"Drone Attack","city":"Naqoura","province":"","country":"Lebanon","latitude":33.11927448,"longitude":35.1401119,"coord_type":"general town","source_1":"https://t.me/mmirleb/15328","source_2":"","sources":""}},{"type":"Feature","geometry":{"type":"Point","coordinates":[35.1817422,33.162593199999996,0]},"properties":{"event_id":836,"data_org":"Green","event_date":"2026-04-15T00:00:00.000Z","post_date":"2026-04-16T00:00:00.000Z","pub_date":"2026-04-15T00:00:00.000Z","actor":"Hezbollah","claimed":"TRUE","event_type":"Rocket Attack","city":"Bayyada","province":"","country":"Lebanon","latitude":33.1625932,"longitude":35.1817422,"coord_type":"general town","source_1":"https://t.me/mmirleb/15330","source_2":"","sources":""}},{"type":"Feature","geometry":{"type":"Point","coordinates":[35.4324032,33.11740413,0]},"properties":{"event_id":837,"data_org":"Green","event_date":"2026-04-15T00:00:00.000Z","post_date":"2026-04-16T00:00:00.000Z","pub_date":"2026-04-15T00:00:00.000Z","actor":"Hezbollah","claimed":"TRUE","event_type":"Rocket Attack","city":"Bint Jbeil","province":"","country":"Lebanon","latitude":33.11740413,"longitude":35.4324032,"coord_type":"general town","source_1":"https://t.me/mmirleb/15331","source_2":"","sources":""}},{"type":"Feature","geometry":{"type":"Point","coordinates":[35.60757,33.32269,0]},"properties":{"event_id":838,"data_org":"Green","event_date":"2026-04-15T00:00:00.000Z","post_date":"2026-04-16T00:00:00.000Z","pub_date":"2026-04-15T00:00:00.000Z","actor":"Hezbollah","claimed":"TRUE","event_type":"Rocket Attack","city":"Khiam","province":"","country":"Lebanon","latitude":33.32269,"longitude":35.60757,"coord_type":"general town","source_1":"https://t.me/mmirleb/15332","source_2":"","sources":""}},{"type":"Feature","geometry":{"type":"Point","coordinates":[35.4324032,33.11740413,0]},"properties":{"event_id":839,"data_org":"Green","event_date":"2026-04-15T00:00:00.000Z","post_date":"2026-04-16T00:00:00.000Z","pub_date":"2026-04-15T00:00:00.000Z","actor":"Hezbollah","claimed":"TRUE","event_type":"Anti-Tank Fire","city":"Bint Jbeil","province":"","country":"Lebanon","latitude":33.11740413,"longitude":35.4324032,"coord_type":"general town","source_1":"https://t.me/mmirleb/15340","source_2":"","sources":""}},{"type":"Feature","geometry":{"type":"Point","coordinates":[35.4636982,33.274087699999995,0]},"properties":{"event_id":840,"data_org":"Green","event_date":"2026-04-16T00:00:00.000Z","post_date":"2026-04-16T00:00:00.000Z","pub_date":"2026-04-16T00:00:00.000Z","actor":"Hezbollah","claimed":"TRUE","event_type":"Anti-Tank Fire","city":"Qantara","province":"","country":"Lebanon","latitude":33.2740877,"longitude":35.4636982,"coord_type":"general town","source_1":"https://t.me/mmirleb/15347","source_2":"","sources":""}},{"type":"Feature","geometry":{"type":"Point","coordinates":[35.60757,33.32269,0]},"properties":{"event_id":842,"data_org":"Green","event_date":"2026-04-16T00:00:00.000Z","post_date":"2026-04-16T00:00:00.000Z","pub_date":"2026-04-16T00:00:00.000Z","actor":"Hezbollah","claimed":"TRUE","event_type":"Rocket Attack","city":"Khiam","province":"","country":"Lebanon","latitude":33.32269,"longitude":35.60757,"coord_type":"general town","source_1":"https://t.me/mmirleb/15352","source_2":"","sources":""}},{"type":"Feature","geometry":{"type":"Point","coordinates":[35.60757,33.32269,0]},"properties":{"event_id":843,"data_org":"Green","event_date":"2026-04-16T00:00:00.000Z","post_date":"2026-04-16T00:00:00.000Z","pub_date":"2026-04-16T00:00:00.000Z","actor":"Hezbollah","claimed":"TRUE","event_type":"Rocket Attack","city":"Khiam","province":"","country":"Lebanon","latitude":33.32269,"longitude":35.60757,"coord_type":"general town","source_1":"https://t.me/mmirleb/15353","source_2":"","sources":""}},{"type":"Feature","geometry":{"type":"Point","coordinates":[35.52196,33.24746,0]},"properties":{"event_id":844,"data_org":"Green","event_date":"2026-04-16T00:00:00.000Z","post_date":"2026-04-16T00:00:00.000Z","pub_date":"2026-04-16T00:00:00.000Z","actor":"Hezbollah","claimed":"TRUE","event_type":"Rocket Attack","city":"Rab el Thalathine","province":"","country":"Lebanon","latitude":33.24746,"longitude":35.52196,"coord_type":"general town","source_1":"https://t.me/mmirleb/15358","source_2":"","sources":""}},{"type":"Feature","geometry":{"type":"Point","coordinates":[35.4636982,33.274087699999995,0]},"properties":{"event_id":845,"data_org":"Green","event_date":"2026-04-16T00:00:00.000Z","post_date":"2026-04-16T00:00:00.000Z","pub_date":"2026-04-16T00:00:00.000Z","actor":"Hezbollah","claimed":"TRUE","event_type":"Rocket Attack","city":"Qantara","province":"","country":"Lebanon","latitude":33.2740877,"longitude":35.4636982,"coord_type":"general town","source_1":"https://t.me/mmirleb/15359","source_2":"","sources":""}},{"type":"Feature","geometry":{"type":"Point","coordinates":[35.4636982,33.274087699999995,0]},"properties":{"event_id":846,"data_org":"Green","event_date":"2026-04-16T00:00:00.000Z","post_date":"2026-04-16T00:00:00.000Z","pub_date":"2026-04-16T00:00:00.000Z","actor":"Hezbollah","claimed":"TRUE","event_type":"Rocket Attack","city":"Qantara","province":"","country":"Lebanon","latitude":33.2740877,"longitude":35.4636982,"coord_type":"general town","source_1":"https://t.me/mmirleb/15359","source_2":"","sources":""}},{"type":"Feature","geometry":{"type":"Point","coordinates":[35.4636982,33.274087699999995,0]},"properties":{"event_id":847,"data_org":"Green","event_date":"2026-04-16T00:00:00.000Z","post_date":"2026-04-16T00:00:00.000Z","pub_date":"2026-04-16T00:00:00.000Z","actor":"Hezbollah","claimed":"TRUE","event_type":"Rocket Attack","city":"Qantara","province":"","country":"Lebanon","latitude":33.2740877,"longitude":35.4636982,"coord_type":"general town","source_1":"https://t.me/mmirleb/15359","source_2":"","sources":""}},{"type":"Feature","geometry":{"type":"Point","coordinates":[35.4636982,33.274087699999995,0]},"properties":{"event_id":848,"data_org":"Green","event_date":"2026-04-16T00:00:00.000Z","post_date":"2026-04-16T00:00:00.000Z","pub_date":"2026-04-16T00:00:00.000Z","actor":"Hezbollah","claimed":"TRUE","event_type":"Rocket Attack","city":"Qantara","province":"","country":"Lebanon","latitude":33.2740877,"longitude":35.4636982,"coord_type":"general town","source_1":"https://t.me/mmirleb/15359","source_2":"","sources":""}},{"type":"Feature","geometry":{"type":"Point","coordinates":[35.52002,33.276509999999995,0]},"properties":{"event_id":849,"data_org":"Green","event_date":"2026-04-16T00:00:00.000Z","post_date":"2026-04-16T00:00:00.000Z","pub_date":"2026-04-16T00:00:00.000Z","actor":"Hezbollah","claimed":"TRUE","event_type":"Rocket Attack","city":"Taybeh","province":"","country":"Lebanon","latitude":33.27651,"longitude":35.52002,"coord_type":"general town","source_1":"https://t.me/mmirleb/15360","source_2":"","sources":""}},{"type":"Feature","geometry":{"type":"Point","coordinates":[35.52196,33.24746,0]},"properties":{"event_id":855,"data_org":"Green","event_date":"2026-04-16T00:00:00.000Z","post_date":"2026-04-16T00:00:00.000Z","pub_date":"2026-04-16T00:00:00.000Z","actor":"Hezbollah","claimed":"TRUE","event_type":"Rocket Attack","city":"Rab el Thalathine","province":"","country":"Lebanon","latitude":33.24746,"longitude":35.52196,"coord_type":"general town","source_1":"https://t.me/mmirleb/15361","source_2":"","sources":""}},{"type":"Feature","geometry":{"type":"Point","coordinates":[35.4636982,33.274087699999995,0]},"properties":{"event_id":860,"data_org":"Green","event_date":"2026-04-16T00:00:00.000Z","post_date":"2026-04-16T00:00:00.000Z","pub_date":"2026-04-16T00:00:00.000Z","actor":"Hezbollah","claimed":"TRUE","event_type":"Rocket Attack","city":"Qantara","province":"","country":"Lebanon","latitude":33.2740877,"longitude":35.4636982,"coord_type":"general town","source_1":"https://t.me/mmirleb/15362","source_2":"","sources":""}},{"type":"Feature","geometry":{"type":"Point","coordinates":[35.4636982,33.274087699999995,0]},"properties":{"event_id":865,"data_org":"Green","event_date":"2026-04-16T00:00:00.000Z","post_date":"2026-04-16T00:00:00.000Z","pub_date":"2026-04-16T00:00:00.000Z","actor":"Hezbollah","claimed":"TRUE","event_type":"Anti-Tank Fire","city":"Qantara","province":"","country":"Lebanon","latitude":33.2740877,"longitude":35.4636982,"coord_type":"general town","source_1":"https://t.me/mmirleb/15364","source_2":"","sources":""}},{"type":"Feature","geometry":{"type":"Point","coordinates":[35.4636982,33.274087699999995,0]},"properties":{"event_id":866,"data_org":"Green","event_date":"2026-04-16T00:00:00.000Z","post_date":"2026-04-16T00:00:00.000Z","pub_date":"2026-04-16T00:00:00.000Z","actor":"Hezbollah","claimed":"TRUE","event_type":"Anti-Tank Fire","city":"Qantara","province":"","country":"Lebanon","latitude":33.2740877,"longitude":35.4636982,"coord_type":"general town","source_1":"https://t.me/mmirleb/15364","source_2":"","sources":""}},{"type":"Feature","geometry":{"type":"Point","coordinates":[35.4636982,33.274087699999995,0]},"properties":{"event_id":852,"data_org":"Green","event_date":"2026-04-16T00:00:00.000Z","post_date":"2026-04-16T00:00:00.000Z","pub_date":"2026-04-16T00:00:00.000Z","actor":"Hezbollah","claimed":"TRUE","event_type":"Rocket Attack","city":"Qantara","province":"","country":"Lebanon","latitude":33.2740877,"longitude":35.4636982,"coord_type":"general town","source_1":"https://t.me/mmirleb/15369","source_2":"","sources":""}},{"type":"Feature","geometry":{"type":"Point","coordinates":[35.4636982,33.274087699999995,0]},"properties":{"event_id":853,"data_org":"Green","event_date":"2026-04-16T00:00:00.000Z","post_date":"2026-04-16T00:00:00.000Z","pub_date":"2026-04-16T00:00:00.000Z","actor":"Hezbollah","claimed":"TRUE","event_type":"Rocket Attack","city":"Qantara","province":"","country":"Lebanon","latitude":33.2740877,"longitude":35.4636982,"coord_type":"general town","source_1":"https://t.me/mmirleb/15369","source_2":"","sources":""}},{"type":"Feature","geometry":{"type":"Point","coordinates":[35.4636982,33.274087699999995,0]},"properties":{"event_id":854,"data_org":"Green","event_date":"2026-04-16T00:00:00.000Z","post_date":"2026-04-16T00:00:00.000Z","pub_date":"2026-04-16T00:00:00.000Z","actor":"Hezbollah","claimed":"TRUE","event_type":"Rocket Attack","city":"Qantara","province":"","country":"Lebanon","latitude":33.2740877,"longitude":35.4636982,"coord_type":"general town","source_1":"https://t.me/mmirleb/15369","source_2":"","sources":""}},{"type":"Feature","geometry":{"type":"Point","coordinates":[35.4324032,33.11740413,0]},"properties":{"event_id":856,"data_org":"Green","event_date":"2026-04-16T00:00:00.000Z","post_date":"2026-04-16T00:00:00.000Z","pub_date":"2026-04-16T00:00:00.000Z","actor":"Hezbollah","claimed":"TRUE","event_type":"Rocket Attack","city":"Bint Jbeil","province":"","country":"Lebanon","latitude":33.11740413,"longitude":35.4324032,"coord_type":"general town","source_1":"https://t.me/mmirleb/15370","source_2":"","sources":""}},{"type":"Feature","geometry":{"type":"Point","coordinates":[35.4324032,33.11740413,0]},"properties":{"event_id":857,"data_org":"Green","event_date":"2026-04-16T00:00:00.000Z","post_date":"2026-04-16T00:00:00.000Z","pub_date":"2026-04-16T00:00:00.000Z","actor":"Hezbollah","claimed":"TRUE","event_type":"Rocket Attack","city":"Bint Jbeil","province":"","country":"Lebanon","latitude":33.11740413,"longitude":35.4324032,"coord_type":"general town","source_1":"https://t.me/mmirleb/15370","source_2":"","sources":""}},{"type":"Feature","geometry":{"type":"Point","coordinates":[35.4324032,33.11740413,0]},"properties":{"event_id":858,"data_org":"Green","event_date":"2026-04-16T00:00:00.000Z","post_date":"2026-04-16T00:00:00.000Z","pub_date":"2026-04-16T00:00:00.000Z","actor":"Hezbollah","claimed":"TRUE","event_type":"Rocket Attack","city":"Bint Jbeil","province":"","country":"Lebanon","latitude":33.11740413,"longitude":35.4324032,"coord_type":"general town","source_1":"https://t.me/mmirleb/15370","source_2":"","sources":""}},{"type":"Feature","geometry":{"type":"Point","coordinates":[35.4324032,33.11740413,0]},"properties":{"event_id":859,"data_org":"Green","event_date":"2026-04-16T00:00:00.000Z","post_date":"2026-04-16T00:00:00.000Z","pub_date":"2026-04-16T00:00:00.000Z","actor":"Hezbollah","claimed":"TRUE","event_type":"Rocket Attack","city":"Bint Jbeil","province":"","country":"Lebanon","latitude":33.11740413,"longitude":35.4324032,"coord_type":"general town","source_1":"https://t.me/mmirleb/15370","source_2":"","sources":""}},{"type":"Feature","geometry":{"type":"Point","coordinates":[35.5186224,33.27658543,0]},"properties":{"event_id":861,"data_org":"Green","event_date":"2026-04-16T00:00:00.000Z","post_date":"2026-04-16T00:00:00.000Z","pub_date":"2026-04-16T00:00:00.000Z","actor":"Hezbollah","claimed":"TRUE","event_type":"Rocket Attack","city":"Taybeh","province":"","country":"Lebanon","latitude":33.27658543,"longitude":35.5186224,"coord_type":"general town","source_1":"https://t.me/mmirleb/15371","source_2":"","sources":""}},{"type":"Feature","geometry":{"type":"Point","coordinates":[35.4636982,33.274087699999995,0]},"properties":{"event_id":862,"data_org":"Green","event_date":"2026-04-16T00:00:00.000Z","post_date":"2026-04-16T00:00:00.000Z","pub_date":"2026-04-16T00:00:00.000Z","actor":"Hezbollah","claimed":"TRUE","event_type":"Rocket Attack","city":"Qantara","province":"","country":"Lebanon","latitude":33.2740877,"longitude":35.4636982,"coord_type":"general town","source_1":"https://t.me/mmirleb/15372","source_2":"","sources":""}},{"type":"Feature","geometry":{"type":"Point","coordinates":[35.4636982,33.274087699999995,0]},"properties":{"event_id":864,"data_org":"Green","event_date":"2026-04-16T00:00:00.000Z","post_date":"2026-04-16T00:00:00.000Z","pub_date":"2026-04-16T00:00:00.000Z","actor":"Hezbollah","claimed":"TRUE","event_type":"Rocket Attack","city":"Qantara","province":"","country":"Lebanon","latitude":33.2740877,"longitude":35.4636982,"coord_type":"general town","source_1":"https://t.me/mmirleb/15373","source_2":"","sources":""}},{"type":"Feature","geometry":{"type":"Point","coordinates":[35.6079697,33.32021021999999,0]},"properties":{"event_id":867,"data_org":"Green","event_date":"2026-04-16T00:00:00.000Z","post_date":"2026-04-16T00:00:00.000Z","pub_date":"2026-04-16T00:00:00.000Z","actor":"Hezbollah","claimed":"TRUE","event_type":"Rocket Attack","city":"Khiam detention center","province":"","country":"Lebanon","latitude":33.32021022,"longitude":35.6079697,"coord_type":"exact","source_1":"https://t.me/mmirleb/15377","source_2":"","sources":""}},{"type":"Feature","geometry":{"type":"Point","coordinates":[35.1817422,33.162593199999996,0]},"properties":{"event_id":869,"data_org":"Green","event_date":"2026-04-16T00:00:00.000Z","post_date":"2026-04-16T00:00:00.000Z","pub_date":"2026-04-16T00:00:00.000Z","actor":"Hezbollah","claimed":"TRUE","event_type":"Rocket Attack","city":"Bayyada","province":"","country":"Lebanon","latitude":33.1625932,"longitude":35.1817422,"coord_type":"general town","source_1":"https://t.me/mmirleb/15378","source_2":"","sources":""}},{"type":"Feature","geometry":{"type":"Point","coordinates":[35.1817422,33.162593199999996,0]},"properties":{"event_id":871,"data_org":"Green","event_date":"2026-04-16T00:00:00.000Z","post_date":"2026-04-16T00:00:00.000Z","pub_date":"2026-04-16T00:00:00.000Z","actor":"Hezbollah","claimed":"TRUE","event_type":"Anti-Tank Fire","city":"Bayyada","province":"","country":"Lebanon","latitude":33.1625932,"longitude":35.1817422,"coord_type":"general town","source_1":"https://t.me/mmirleb/15397","source_2":"","sources":""}},{"type":"Feature","geometry":{"type":"Point","coordinates":[35.1817422,33.162593199999996,0]},"properties":{"event_id":877,"data_org":"Green","event_date":"2026-04-16T00:00:00.000Z","post_date":"2026-04-17T00:00:00.000Z","pub_date":"2026-04-16T00:00:00.000Z","actor":"Hezbollah","claimed":"TRUE","event_type":"Anti-Tank Fire","city":"Bayyada","province":"","country":"Lebanon","latitude":33.1625932,"longitude":35.1817422,"coord_type":"general town","source_1":"https://t.me/mmirleb/15397","source_2":"","sources":""}},{"type":"Feature","geometry":{"type":"Point","coordinates":[35.2731737,33.40500047,0]},"properties":{"event_id":878,"data_org":"Green","event_date":"2026-04-16T00:00:00.000Z","post_date":"2026-04-17T00:00:00.000Z","pub_date":"2026-04-16T00:00:00.000Z","actor":"Hezbollah","claimed":"TRUE","event_type":"Missile Attack","city":"Aadloun","province":"","country":"Lebanon","latitude":33.40500047,"longitude":35.2731737,"coord_type":"general town","source_1":"https://t.me/mmirleb/15401","source_2":"","sources":""}},{"type":"Feature","geometry":{"type":"Point","coordinates":[35.540268,33.274997,0]},"properties":{"event_id":822,"data_org":"Green","event_date":"2026-04-10T00:00:00.000Z","post_date":"2026-04-16T00:00:00.000Z","pub_date":"2026-04-16T00:00:00.000Z","actor":"Hezbollah","claimed":"TRUE","event_type":"Drone Attack","city":"Taybeh","province":"","country":"Lebanon","latitude":33.274997,"longitude":35.540268,"coord_type":"exact","source_1":"https://x.com/BarracudaVol1/status/2044482353431462106?s=20","source_2":"","sources":""}},{"type":"Feature","geometry":{"type":"Point","coordinates":[35.4324032,33.11740413,0]},"properties":{"event_id":880,"data_org":"Green","event_date":"2026-04-16T00:00:00.000Z","post_date":"2026-04-17T00:00:00.000Z","pub_date":"2026-04-16T00:00:00.000Z","actor":"Hezbollah","claimed":"TRUE","event_type":"Anti-Tank Fire","city":"Bint Jbeil","province":"","country":"Lebanon","latitude":33.11740413,"longitude":35.4324032,"coord_type":"general town","source_1":"https://t.me/mmirleb/15406","source_2":"","sources":""}},{"type":"Feature","geometry":{"type":"Point","coordinates":[35.543404100000004,33.25532602999999,0]},"properties":{"event_id":882,"data_org":"Green","event_date":"2026-04-16T00:00:00.000Z","post_date":"2026-04-17T00:00:00.000Z","pub_date":"2026-04-16T00:00:00.000Z","actor":"Hezbollah","claimed":"TRUE","event_type":"Drone Attack","city":"Aadaysit Marjaayoun","province":"","country":"Lebanon","latitude":33.25532603,"longitude":35.5434041,"coord_type":"general town","source_1":"https://t.me/mmirleb/15407","source_2":"","sources":""}},{"type":"Feature","geometry":{"type":"Point","coordinates":[35.60757,33.32269,0]},"properties":{"event_id":887,"data_org":"Green","event_date":"2026-04-16T00:00:00.000Z","post_date":"2026-04-17T00:00:00.000Z","pub_date":"2026-04-16T00:00:00.000Z","actor":"Hezbollah","claimed":"TRUE","event_type":"Rocket Attack","city":"Khiam","province":"","country":"Lebanon","latitude":33.32269,"longitude":35.60757,"coord_type":"general town","source_1":"https://t.me/mmirleb/15423","source_2":"","sources":""}},{"type":"Feature","geometry":{"type":"Point","coordinates":[35.5186224,33.27658543,0]},"properties":{"event_id":889,"data_org":"Green","event_date":"2026-04-16T00:00:00.000Z","post_date":"2026-04-17T00:00:00.000Z","pub_date":"2026-04-16T00:00:00.000Z","actor":"Hezbollah","claimed":"TRUE","event_type":"Rocket Attack","city":"Taybeh","province":"","country":"Lebanon","latitude":33.27658543,"longitude":35.5186224,"coord_type":"general town","source_1":"https://t.me/mmirleb/15424","source_2":"","sources":""}},{"type":"Feature","geometry":{"type":"Point","coordinates":[35.4334376,33.13423827999999,0]},"properties":{"event_id":890,"data_org":"Green","event_date":"2026-04-16T00:00:00.000Z","post_date":"2026-04-17T00:00:00.000Z","pub_date":"2026-04-16T00:00:00.000Z","actor":"Hezbollah","claimed":"TRUE","event_type":"Rocket Attack","city":"Ainata","province":"","country":"Lebanon","latitude":33.13423828,"longitude":35.4334376,"coord_type":"exact","source_1":"https://t.me/mmirleb/15425","source_2":"","sources":""}},{"type":"Feature","geometry":{"type":"Point","coordinates":[35.4324032,33.11740413,0]},"properties":{"event_id":891,"data_org":"Green","event_date":"2026-04-16T00:00:00.000Z","post_date":"2026-04-17T00:00:00.000Z","pub_date":"2026-04-16T00:00:00.000Z","actor":"Hezbollah","claimed":"TRUE","event_type":"Rocket Attack","city":"Bint Jbeil","province":"","country":"Lebanon","latitude":33.11740413,"longitude":35.4324032,"coord_type":"general town","source_1":"https://t.me/mmirleb/15425","source_2":"","sources":""}},{"type":"Feature","geometry":{"type":"Point","coordinates":[35.4324032,33.11740413,0]},"properties":{"event_id":892,"data_org":"Green","event_date":"2026-04-16T00:00:00.000Z","post_date":"2026-04-17T00:00:00.000Z","pub_date":"2026-04-16T00:00:00.000Z","actor":"Hezbollah","claimed":"TRUE","event_type":"Rocket Attack","city":"Bint Jbeil","province":"","country":"Lebanon","latitude":33.11740413,"longitude":35.4324032,"coord_type":"general town","source_1":"https://t.me/mmirleb/15425","source_2":"","sources":""}},{"type":"Feature","geometry":{"type":"Point","coordinates":[35.1817422,33.162593199999996,0]},"properties":{"event_id":893,"data_org":"Green","event_date":"2026-04-16T00:00:00.000Z","post_date":"2026-04-17T00:00:00.000Z","pub_date":"2026-04-16T00:00:00.000Z","actor":"Hezbollah","claimed":"TRUE","event_type":"Rocket Attack","city":"Bayyada","province":"","country":"Lebanon","latitude":33.1625932,"longitude":35.1817422,"coord_type":"general town","source_1":"https://t.me/mmirleb/15426","source_2":"","sources":""}},{"type":"Feature","geometry":{"type":"Point","coordinates":[35.4399,33.129,0]},"properties":{"event_id":898,"data_org":"Green","event_date":"2026-04-16T00:00:00.000Z","post_date":"2026-04-17T00:00:00.000Z","pub_date":"2026-04-16T00:00:00.000Z","actor":"Hezbollah","claimed":"TRUE","event_type":"Rocket Attack","city":"Aainata","province":"","country":"Lebanon","latitude":33.129,"longitude":35.4399,"coord_type":"general neighborhood","source_1":"https://t.me/mmirleb/15432","source_2":"","sources":""}},{"type":"Feature","geometry":{"type":"Point","coordinates":[35.4399,33.129,0]},"properties":{"event_id":899,"data_org":"Green","event_date":"2026-04-16T00:00:00.000Z","post_date":"2026-04-17T00:00:00.000Z","pub_date":"2026-04-16T00:00:00.000Z","actor":"Hezbollah","claimed":"TRUE","event_type":"Rocket Attack","city":"Aainata","province":"","country":"Lebanon","latitude":33.129,"longitude":35.4399,"coord_type":"general neighborhood","source_1":"https://t.me/mmirleb/15432","source_2":"","sources":""}},{"type":"Feature","geometry":{"type":"Point","coordinates":[35.227449,33.12958259999999,0]},"properties":{"event_id":902,"data_org":"Green","event_date":"2026-04-16T00:00:00.000Z","post_date":"2026-04-17T00:00:00.000Z","pub_date":"2026-04-16T00:00:00.000Z","actor":"Hezbollah","claimed":"TRUE","event_type":"IED","city":"Tayr Harfa","province":"","country":"Lebanon","latitude":33.1295826,"longitude":35.227449,"coord_type":"general town","source_1":"https://t.me/mmirleb/15436","source_2":"","sources":""}},{"type":"Feature","geometry":{"type":"Point","coordinates":[35.5219598,33.24745944,0]},"properties":{"event_id":943,"data_org":"Green","event_date":"2026-04-21T00:00:00.000Z","post_date":"2026-04-21T00:00:00.000Z","pub_date":"2026-04-21T00:00:00.000Z","actor":"Hezbollah","claimed":"FALSE","event_type":"Rocket Attack","city":"Rab el Thalathine","province":"","country":"Lebanon","latitude":33.24745944,"longitude":35.5219598,"coord_type":"general town","source_1":"https://x.com/idfonline/status/2046628027279331741?s=20","source_2":"","sources":""}},{"type":"Feature","geometry":{"type":"Point","coordinates":[35.60947,33.318915,0]},"properties":{"event_id":933,"data_org":"Green","event_date":"2026-04-10T00:00:00.000Z","post_date":"2026-04-20T00:00:00.000Z","pub_date":"2026-04-21T00:00:00.000Z","actor":"Hezbollah","claimed":"TRUE","event_type":"Drone Attack","city":"Khiam","province":"","country":"Lebanon","latitude":33.318915,"longitude":35.60947,"coord_type":"exact","source_1":"https://x.com/boringosint/status/2046356242839314436","source_2":"https://t.me/qudsfeed/422070","sources":"https://x.com/InfoSudLiban/status/2046310366045512118?s=20; https://t.me/mmirleb/15485"}},{"type":"Feature","geometry":{"type":"Point","coordinates":[35.179308,33.1615,0]},"properties":{"event_id":951,"data_org":"Green","event_date":"2026-04-22T00:00:00.000Z","post_date":"2026-04-22T00:00:00.000Z","pub_date":"2026-04-22T00:00:00.000Z","actor":"Hezbollah","claimed":"TRUE","event_type":"Drone Attack","city":"Bayyada","province":"","country":"Lebanon","latitude":33.1615,"longitude":35.179308,"coord_type":"exact","source_1":"https://x.com/idfonline/status/2046923847505449336?s=20","source_2":"https://t.me/mmirleb/15497","sources":"https://x.com/boringosint/status/2047052147368374765"}},{"type":"Feature","geometry":{"type":"Point","coordinates":[35.4636982,33.274087699999995,0]},"properties":{"event_id":971,"data_org":"Green","event_date":"2026-04-22T00:00:00.000Z","post_date":"2026-04-22T00:00:00.000Z","pub_date":"2026-04-22T00:00:00.000Z","actor":"Hezbollah","claimed":"TRUE","event_type":"Drone Attack","city":"Qantara","province":"","country":"Lebanon","latitude":33.2740877,"longitude":35.4636982,"coord_type":"general town","source_1":"https://t.me/mmirleb/15498","source_2":"","sources":""}},{"type":"Feature","geometry":{"type":"Point","coordinates":[35.5186224,33.27658543,0]},"properties":{"event_id":979,"data_org":"Green","event_date":"2026-04-22T00:00:00.000Z","post_date":"2026-04-23T00:00:00.000Z","pub_date":"2026-04-23T00:00:00.000Z","actor":"Hezbollah","claimed":"TRUE","event_type":"unknown","city":"Taybeh","province":"","country":"Lebanon","latitude":33.27658543,"longitude":35.5186224,"coord_type":"general town","source_1":"https://t.me/mmirleb/15509","source_2":"","sources":""}},{"type":"Feature","geometry":{"type":"Point","coordinates":[35.5186224,33.27658543,0]},"properties":{"event_id":980,"data_org":"Green","event_date":"2026-04-23T00:00:00.000Z","post_date":"2026-04-23T00:00:00.000Z","pub_date":"2026-04-23T00:00:00.000Z","actor":"Hezbollah","claimed":"TRUE","event_type":"Drone Attack","city":"Taybeh","province":"","country":"Lebanon","latitude":33.27658543,"longitude":35.5186224,"coord_type":"general town","source_1":"https://t.me/mmirleb/15510","source_2":"","sources":""}},{"type":"Feature","geometry":{"type":"Point","coordinates":[35.4636982,33.274087699999995,0]},"properties":{"event_id":1001,"data_org":"Green","event_date":"2026-04-24T00:00:00.000Z","post_date":"2026-04-24T00:00:00.000Z","pub_date":"2026-04-24T00:00:00.000Z","actor":"Hezbollah","claimed":"TRUE","event_type":"Drone Attack","city":"Qantara","province":"","country":"Lebanon","latitude":33.2740877,"longitude":35.4636982,"coord_type":"general town","source_1":"https://x.com/manniefabian/status/2047645312974487763","source_2":"https://x.com/idfonline/status/2047644700329254990?s=20","sources":"https://t.me/mmirleb/15526"}},{"type":"Feature","geometry":{"type":"Point","coordinates":[35.4636982,33.274087699999995,0]},"properties":{"event_id":1015,"data_org":"Green","event_date":"2026-04-24T00:00:00.000Z","post_date":"2026-04-24T00:00:00.000Z","pub_date":"2026-04-24T00:00:00.000Z","actor":"Hezbollah","claimed":"TRUE","event_type":"Unknown","city":"Qantara","province":"","country":"Lebanon","latitude":33.2740877,"longitude":35.4636982,"coord_type":"general town","source_1":"https://t.me/mmirleb/15529","source_2":"","sources":""}},{"type":"Feature","geometry":{"type":"Point","coordinates":[35.36216,33.143039999999985,0]},"properties":{"event_id":1002,"data_org":"Green","event_date":"2026-04-23T00:00:00.000Z","post_date":"2026-04-23T00:00:00.000Z","pub_date":"2026-04-24T00:00:00.000Z","actor":"Hezbollah","claimed":"TRUE","event_type":"Drone Attack","city":"Rachaf","province":"","country":"Lebanon","latitude":33.14304,"longitude":35.36216,"coord_type":"general town","source_1":"https://t.me/mmirleb/15516","source_2":"","sources":""}},{"type":"Feature","geometry":{"type":"Point","coordinates":[35.4372458,33.12195800000001,0]},"properties":{"event_id":1003,"data_org":"Green","event_date":"2026-04-23T00:00:00.000Z","post_date":"2026-04-23T00:00:00.000Z","pub_date":"2026-04-24T00:00:00.000Z","actor":"Hezbollah","claimed":"TRUE","event_type":"Mortars","city":"Bint Jbeil","province":"","country":"Lebanon","latitude":33.121958,"longitude":35.4372458,"coord_type":"general town","source_1":"https://t.me/mmirleb/15517","source_2":"","sources":""}},{"type":"Feature","geometry":{"type":"Point","coordinates":[35.4636982,33.274087699999995,0]},"properties":{"event_id":1029,"data_org":"Green","event_date":"2026-04-25T00:00:00.000Z","post_date":"2026-04-25T00:00:00.000Z","pub_date":"2026-04-25T00:00:00.000Z","actor":"Hezbollah","claimed":"TRUE","event_type":"Drone Attack","city":"Qantara","province":"","country":"Lebanon","latitude":33.2740877,"longitude":35.4636982,"coord_type":"general town","source_1":"https://t.me/mmirleb/15551","source_2":"","sources":""}},{"type":"Feature","geometry":{"type":"Point","coordinates":[35.3113901,33.10875282999999,0]},"properties":{"event_id":1020,"data_org":"Green","event_date":"2026-04-24T00:00:00.000Z","post_date":"2026-04-24T00:00:00.000Z","pub_date":"2026-04-25T00:00:00.000Z","actor":"Hezbollah","claimed":"TRUE","event_type":"Drone Attack","city":"Ramyeh","province":"","country":"Lebanon","latitude":33.10875283,"longitude":35.3113901,"coord_type":"general town","source_1":"https://t.me/mmirleb/15533","source_2":"https://t.me/mmirleb/15558","sources":""}},{"type":"Feature","geometry":{"type":"Point","coordinates":[35.5186224,33.27658543,0]},"properties":{"event_id":1067,"data_org":"Green","event_date":"2026-04-26T00:00:00.000Z","post_date":"2026-04-26T00:00:00.000Z","pub_date":"2026-04-26T00:00:00.000Z","actor":"Hezbollah","claimed":"TRUE","event_type":"Drone Attack","city":"Taybeh","province":"","country":"Lebanon","latitude":33.27658543,"longitude":35.5186224,"coord_type":"general town","source_1":"https://t.me/mmirleb/15562","source_2":"https://t.me/moriahdoron/30366","sources":""}},{"type":"Feature","geometry":{"type":"Point","coordinates":[35.521824,33.275246,0]},"properties":{"event_id":1066,"data_org":"Green","event_date":"2026-04-26T00:00:00.000Z","post_date":"2026-04-26T00:00:00.000Z","pub_date":"2026-04-26T00:00:00.000Z","actor":"Hezbollah","claimed":"TRUE","event_type":"Drone Attack","city":"Taybeh","province":"","country":"Lebanon","latitude":33.275246,"longitude":35.521824,"coord_type":"exact","source_1":"https://t.me/mmirleb/15563","source_2":"https://t.me/moriahdoron/30366","sources":"https://t.me/moriahdoron/30370; https://x.com/Stinky915846091/status/2048602152386408509?s=20;\thttps://x.com/manniefabian/status/2048500306938396695?s=20"}},{"type":"Feature","geometry":{"type":"Point","coordinates":[35.1742689,33.16381480999999,0]},"properties":{"event_id":1068,"data_org":"Green","event_date":"2026-04-26T00:00:00.000Z","post_date":"2026-04-26T00:00:00.000Z","pub_date":"2026-04-26T00:00:00.000Z","actor":"Hezbollah","claimed":"TRUE","event_type":"Drone Attack","city":"Bayyada","province":"","country":"Lebanon","latitude":33.16381481,"longitude":35.1742689,"coord_type":"general town","source_1":"https://t.me/mmirleb/15568","source_2":"","sources":""}},{"type":"Feature","geometry":{"type":"Point","coordinates":[35.5186224,33.27658543,0]},"properties":{"event_id":1071,"data_org":"Green","event_date":"2026-04-26T00:00:00.000Z","post_date":"2026-04-26T00:00:00.000Z","pub_date":"2026-04-26T00:00:00.000Z","actor":"Hezbollah","claimed":"TRUE","event_type":"Drone Attack","city":"Taybeh","province":"","country":"Lebanon","latitude":33.27658543,"longitude":35.5186224,"coord_type":"general town","source_1":"https://t.me/mmirleb/15570","source_2":"","sources":""}},{"type":"Feature","geometry":{"type":"Point","coordinates":[35.5219655,33.16955762,0]},"properties":{"event_id":1070,"data_org":"Green","event_date":"2026-04-11T00:00:00.000Z","post_date":"2026-04-26T00:00:00.000Z","pub_date":"2026-04-26T00:00:00.000Z","actor":"Hezbollah","claimed":"TRUE","event_type":"Drone Attack","city":"Mays al Jabal","province":"","country":"Lebanon","latitude":33.16955762,"longitude":35.5219655,"coord_type":"general town","source_1":"https://t.me/mmirleb/15573","source_2":"","sources":""}},{"type":"Feature","geometry":{"type":"Point","coordinates":[35.4636982,33.274087699999995,0]},"properties":{"event_id":1084,"data_org":"Green","event_date":"2026-04-27T00:00:00.000Z","post_date":"2026-04-27T00:00:00.000Z","pub_date":"2026-04-27T00:00:00.000Z","actor":"Hezbollah","claimed":"TRUE","event_type":"Drone Attack","city":"Qantara","province":"","country":"Lebanon","latitude":33.2740877,"longitude":35.4636982,"coord_type":"general town","source_1":"https://t.me/mmirleb/15591","source_2":"","sources":""}},{"type":"Feature","geometry":{"type":"Point","coordinates":[35.4372458,33.12195800000001,0]},"properties":{"event_id":1085,"data_org":"Green","event_date":"2026-04-27T00:00:00.000Z","post_date":"2026-04-27T00:00:00.000Z","pub_date":"2026-04-27T00:00:00.000Z","actor":"Hezbollah","claimed":"TRUE","event_type":"Drone Attack","city":"Bint Jbeil","province":"","country":"Lebanon","latitude":33.121958,"longitude":35.4372458,"coord_type":"general town","source_1":"https://t.me/mmirleb/15592","source_2":"","sources":""}},{"type":"Feature","geometry":{"type":"Point","coordinates":[35.1401119,33.11927448,0]},"properties":{"event_id":1100,"data_org":"Green","event_date":"2026-04-27T00:00:00.000Z","post_date":"2026-04-27T00:00:00.000Z","pub_date":"2026-04-27T00:00:00.000Z","actor":"Hezbollah","claimed":"TRUE","event_type":"Drone Attack","city":"Naqoura","province":"","country":"Lebanon","latitude":33.11927448,"longitude":35.1401119,"coord_type":"general town","source_1":"https://t.me/mmirleb/15600","source_2":"","sources":""}},{"type":"Feature","geometry":{"type":"Point","coordinates":[35.5655454,33.311927839999996,0]},"properties":{"event_id":1083,"data_org":"Green","event_date":"2026-04-26T00:00:00.000Z","post_date":"2026-04-26T00:00:00.000Z","pub_date":"2026-04-27T00:00:00.000Z","actor":"Hezbollah","claimed":"TRUE","event_type":"Anti-Tank Fire","city":"Kfar Kila (Tal al Nahhas)","province":"","country":"Lebanon","latitude":33.31192784,"longitude":35.5655454,"coord_type":"general neighborhood","source_1":"https://t.me/mmirleb/15586","source_2":"","sources":""}},{"type":"Feature","geometry":{"type":"Point","coordinates":[35.4372458,33.12195800000001,0]},"properties":{"event_id":1111,"data_org":"Green","event_date":"2026-04-28T00:00:00.000Z","post_date":"2026-04-28T00:00:00.000Z","pub_date":"2026-04-28T00:00:00.000Z","actor":"Hezbollah","claimed":"TRUE","event_type":"Drone Attack","city":"Bint Jbeil","province":"","country":"Lebanon","latitude":33.121958,"longitude":35.4372458,"coord_type":"general town","source_1":"https://t.me/mmirleb/15603","source_2":"","sources":""}},{"type":"Feature","geometry":{"type":"Point","coordinates":[35.465158300000006,33.27248475999999,0]},"properties":{"event_id":1112,"data_org":"Green","event_date":"2026-04-28T00:00:00.000Z","post_date":"2026-04-28T00:00:00.000Z","pub_date":"2026-04-28T00:00:00.000Z","actor":"Hezbollah","claimed":"TRUE","event_type":"Drone Attack","city":"Qantara","province":"","country":"Lebanon","latitude":33.27248476,"longitude":35.4651583,"coord_type":"general neighborhood","source_1":"https://t.me/mmirleb/15604","source_2":"","sources":""}},{"type":"Feature","geometry":{"type":"Point","coordinates":[35.465158300000006,33.27248475999999,0]},"properties":{"event_id":1113,"data_org":"Green","event_date":"2026-04-28T00:00:00.000Z","post_date":"2026-04-28T00:00:00.000Z","pub_date":"2026-04-28T00:00:00.000Z","actor":"Hezbollah","claimed":"TRUE","event_type":"Drone Attack","city":"Qantara","province":"","country":"Lebanon","latitude":33.27248476,"longitude":35.4651583,"coord_type":"general neighborhood","source_1":"https://t.me/mmirleb/15605","source_2":"","sources":""}},{"type":"Feature","geometry":{"type":"Point","coordinates":[35.5186224,33.27658543,0]},"properties":{"event_id":1128,"data_org":"Green","event_date":"2026-04-28T00:00:00.000Z","post_date":"2026-04-28T00:00:00.000Z","pub_date":"2026-04-28T00:00:00.000Z","actor":"Hezbollah","claimed":"FALSE","event_type":"Drone Attack","city":"Taybeh","province":"","country":"Lebanon","latitude":33.27658543,"longitude":35.5186224,"coord_type":"general town","source_1":"https://t.me/mmirleb/15607","source_2":"","sources":""}},{"type":"Feature","geometry":{"type":"Point","coordinates":[35.4636982,33.274087699999995,0]},"properties":{"event_id":1138,"data_org":"Green","event_date":"2026-04-28T00:00:00.000Z","post_date":"2026-04-29T00:00:00.000Z","pub_date":"2026-04-29T00:00:00.000Z","actor":"Hezbollah","claimed":"TRUE","event_type":"Drone Attack","city":"Qantara","province":"","country":"Lebanon","latitude":33.2740877,"longitude":35.4636982,"coord_type":"general town","source_1":"https://t.me/mmirleb/15615","source_2":"","sources":""}},{"type":"Feature","geometry":{"type":"Point","coordinates":[35.4636982,33.274087699999995,0]},"properties":{"event_id":1139,"data_org":"Green","event_date":"2026-04-28T00:00:00.000Z","post_date":"2026-04-29T00:00:00.000Z","pub_date":"2026-04-29T00:00:00.000Z","actor":"Hezbollah","claimed":"TRUE","event_type":"Rocket Attack","city":"Qantara","province":"","country":"Lebanon","latitude":33.2740877,"longitude":35.4636982,"coord_type":"general town","source_1":"https://t.me/mmirleb/15616","source_2":"","sources":""}},{"type":"Feature","geometry":{"type":"Point","coordinates":[35.1742689,33.16381480999999,0]},"properties":{"event_id":1149,"data_org":"Green","event_date":"2026-04-29T00:00:00.000Z","post_date":"2026-04-29T00:00:00.000Z","pub_date":"2026-04-29T00:00:00.000Z","actor":"Hezbollah","claimed":"TRUE","event_type":"Drone Attack","city":"Bayyada","province":"","country":"Lebanon","latitude":33.16381481,"longitude":35.1742689,"coord_type":"general town","source_1":"https://t.me/mmirleb/15621","source_2":"https://t.me/mmirleb/15628","sources":""}},{"type":"Feature","geometry":{"type":"Point","coordinates":[35.4636982,33.274087699999995,0]},"properties":{"event_id":1161,"data_org":"Green","event_date":"2026-04-29T00:00:00.000Z","post_date":"2026-04-29T00:00:00.000Z","pub_date":"2026-04-29T00:00:00.000Z","actor":"Hezbollah","claimed":"TRUE","event_type":"Drone Attack","city":"Qantara","province":"","country":"Lebanon","latitude":33.2740877,"longitude":35.4636982,"coord_type":"general town","source_1":"https://t.me/mmirleb/15622","source_2":"","sources":""}},{"type":"Feature","geometry":{"type":"Point","coordinates":[35.3324758,33.13393388,0]},"properties":{"event_id":1162,"data_org":"Green","event_date":"2026-04-29T00:00:00.000Z","post_date":"2026-04-29T00:00:00.000Z","pub_date":"2026-04-29T00:00:00.000Z","actor":"Hezbollah","claimed":"TRUE","event_type":"Drone Attack","city":"Beit Lif","province":"","country":"Lebanon","latitude":33.13393388,"longitude":35.3324758,"coord_type":"general town","source_1":"https://t.me/mmirleb/15623","source_2":"","sources":"https://t.me/mmirleb/15801"}},{"type":"Feature","geometry":{"type":"Point","coordinates":[35.4372458,33.12195800000001,0]},"properties":{"event_id":1170,"data_org":"Green","event_date":"2026-04-30T00:00:00.000Z","post_date":"2026-04-30T00:00:00.000Z","pub_date":"2026-04-30T00:00:00.000Z","actor":"Hezbollah","claimed":"TRUE","event_type":"Drone Attack","city":"Bint Jbeil","province":"","country":"Lebanon","latitude":33.121958,"longitude":35.4372458,"coord_type":"general town","source_1":"https://t.me/mmirleb/15631","source_2":"","sources":""}},{"type":"Feature","geometry":{"type":"Point","coordinates":[35.4636982,33.274087699999995,0]},"properties":{"event_id":1171,"data_org":"Green","event_date":"2026-04-30T00:00:00.000Z","post_date":"2026-04-30T00:00:00.000Z","pub_date":"2026-04-30T00:00:00.000Z","actor":"Hezbollah","claimed":"TRUE","event_type":"Drone Attack","city":"Qantara","province":"","country":"Lebanon","latitude":33.2740877,"longitude":35.4636982,"coord_type":"general town","source_1":"https://t.me/mmirleb/15632","source_2":"","sources":""}},{"type":"Feature","geometry":{"type":"Point","coordinates":[35.2900125,33.113856459999994,0]},"properties":{"event_id":1172,"data_org":"Green","event_date":"2026-04-30T00:00:00.000Z","post_date":"2026-04-30T00:00:00.000Z","pub_date":"2026-04-30T00:00:00.000Z","actor":"Hezbollah","claimed":"TRUE","event_type":"Drone Attack","city":"Jabal Blat","province":"","country":"Lebanon","latitude":33.11385646,"longitude":35.2900125,"coord_type":"exact","source_1":"https://t.me/mmirleb/15633","source_2":"","sources":""}},{"type":"Feature","geometry":{"type":"Point","coordinates":[35.2083193,33.14540613999999,0]},"properties":{"event_id":1197,"data_org":"Green","event_date":"2026-04-30T00:00:00.000Z","post_date":"2026-04-30T00:00:00.000Z","pub_date":"2026-04-30T00:00:00.000Z","actor":"Hezbollah","claimed":"TRUE","event_type":"Drone Attack","city":"Chama","province":"","country":"Lebanon","latitude":33.14540614,"longitude":35.2083193,"coord_type":"general town","source_1":"https://t.me/mmirleb/15635","source_2":"","sources":""}},{"type":"Feature","geometry":{"type":"Point","coordinates":[35.1742689,33.16381480999999,0]},"properties":{"event_id":1198,"data_org":"Green","event_date":"2026-04-30T00:00:00.000Z","post_date":"2026-04-30T00:00:00.000Z","pub_date":"2026-04-30T00:00:00.000Z","actor":"Hezbollah","claimed":"TRUE","event_type":"Drone Attack","city":"Bayyada","province":"","country":"Lebanon","latitude":33.16381481,"longitude":35.1742689,"coord_type":"general town","source_1":"https://t.me/mmirleb/15636","source_2":"","sources":""}},{"type":"Feature","geometry":{"type":"Point","coordinates":[35.1742689,33.16381480999999,0]},"properties":{"event_id":1203,"data_org":"Green","event_date":"2026-05-01T00:00:00.000Z","post_date":"2026-05-01T00:00:00.000Z","pub_date":"2026-05-01T00:00:00.000Z","actor":"Hezbollah","claimed":"TRUE","event_type":"Drone Attack","city":"Bayyada","province":"","country":"Lebanon","latitude":33.16381481,"longitude":35.1742689,"coord_type":"general town","source_1":"https://t.me/mmirleb/15641","source_2":"","sources":""}},{"type":"Feature","geometry":{"type":"Point","coordinates":[35.4372458,33.12195800000001,0]},"properties":{"event_id":1204,"data_org":"Green","event_date":"2026-05-01T00:00:00.000Z","post_date":"2026-05-01T00:00:00.000Z","pub_date":"2026-05-01T00:00:00.000Z","actor":"Hezbollah","claimed":"TRUE","event_type":"Mortar Attack","city":"Bint Jbeil","province":"","country":"Lebanon","latitude":33.121958,"longitude":35.4372458,"coord_type":"general town","source_1":"https://t.me/mmirleb/15642","source_2":"","sources":""}},{"type":"Feature","geometry":{"type":"Point","coordinates":[35.5187344,33.21018289999999,0]},"properties":{"event_id":1205,"data_org":"Green","event_date":"2026-05-01T00:00:00.000Z","post_date":"2026-05-01T00:00:00.000Z","pub_date":"2026-05-01T00:00:00.000Z","actor":"Hezbollah","claimed":"TRUE","event_type":"Mortar Attack","city":"Houla","province":"","country":"Lebanon","latitude":33.2101829,"longitude":35.5187344,"coord_type":"general town","source_1":"https://t.me/mmirleb/15643","source_2":"","sources":""}},{"type":"Feature","geometry":{"type":"Point","coordinates":[35.1742689,33.16381480999999,0]},"properties":{"event_id":1206,"data_org":"Green","event_date":"2026-05-01T00:00:00.000Z","post_date":"2026-05-01T00:00:00.000Z","pub_date":"2026-05-01T00:00:00.000Z","actor":"Hezbollah","claimed":"TRUE","event_type":"Drone Attack","city":"Bayyada","province":"","country":"Lebanon","latitude":33.16381481,"longitude":35.1742689,"coord_type":"general town","source_1":"https://t.me/mmirleb/15644","source_2":"","sources":""}},{"type":"Feature","geometry":{"type":"Point","coordinates":[35.5186224,33.27658543,0]},"properties":{"event_id":1207,"data_org":"Green","event_date":"2026-05-01T00:00:00.000Z","post_date":"2026-05-01T00:00:00.000Z","pub_date":"2026-05-01T00:00:00.000Z","actor":"Hezbollah","claimed":"TRUE","event_type":"Drone Attack","city":"Taybeh","province":"","country":"Lebanon","latitude":33.27658543,"longitude":35.5186224,"coord_type":"general town","source_1":"https://t.me/mmirleb/15645","source_2":"","sources":""}},{"type":"Feature","geometry":{"type":"Point","coordinates":[35.36216,33.143039999999985,0]},"properties":{"event_id":1208,"data_org":"Green","event_date":"2026-05-01T00:00:00.000Z","post_date":"2026-05-01T00:00:00.000Z","pub_date":"2026-05-01T00:00:00.000Z","actor":"Hezbollah","claimed":"TRUE","event_type":"Drone Attack","city":"Rachaf","province":"","country":"Lebanon","latitude":33.14304,"longitude":35.36216,"coord_type":"general town","source_1":"https://t.me/mmirleb/15646","source_2":"","sources":""}},{"type":"Feature","geometry":{"type":"Point","coordinates":[35.1742689,33.16381480999999,0]},"properties":{"event_id":1231,"data_org":"Green","event_date":"2026-05-01T00:00:00.000Z","post_date":"2026-05-01T00:00:00.000Z","pub_date":"2026-05-01T00:00:00.000Z","actor":"Hezbollah","claimed":"TRUE","event_type":"Drone Attack","city":"Bayyada","province":"","country":"Lebanon","latitude":33.16381481,"longitude":35.1742689,"coord_type":"general town","source_1":"https://t.me/mmirleb/15647","source_2":"","sources":""}},{"type":"Feature","geometry":{"type":"Point","coordinates":[35.4372458,33.12195800000001,0]},"properties":{"event_id":1233,"data_org":"Green","event_date":"2026-05-01T00:00:00.000Z","post_date":"2026-05-01T00:00:00.000Z","pub_date":"2026-05-01T00:00:00.000Z","actor":"Hezbollah","claimed":"TRUE","event_type":"Mortar Attack","city":"Bint Jbeil (Musa Abbas complex)","province":"","country":"Lebanon","latitude":33.121958,"longitude":35.4372458,"coord_type":"general town","source_1":"https://t.me/mmirleb/15656","source_2":"","sources":""}},{"type":"Feature","geometry":{"type":"Point","coordinates":[35.51666,33.20961354999999,0]},"properties":{"event_id":1234,"data_org":"Green","event_date":"2026-05-01T00:00:00.000Z","post_date":"2026-05-01T00:00:00.000Z","pub_date":"2026-05-01T00:00:00.000Z","actor":"Hezbollah","claimed":"TRUE","event_type":"Mortar Attack","city":"Houla","province":"","country":"Lebanon","latitude":33.20961355,"longitude":35.51666,"coord_type":"general town","source_1":"https://t.me/mmirleb/15656","source_2":"","sources":""}},{"type":"Feature","geometry":{"type":"Point","coordinates":[35.4813736,33.27820642999999,0]},"properties":{"event_id":1242,"data_org":"Green","event_date":"2026-05-01T00:00:00.000Z","post_date":"2026-05-01T00:00:00.000Z","pub_date":"2026-05-01T00:00:00.000Z","actor":"Hezbollah","claimed":"TRUE","event_type":"Unknown","city":"Aadchit el Qsair","province":"","country":"Lebanon","latitude":33.27820643,"longitude":35.4813736,"coord_type":"general town","source_1":"https://t.me/mmirleb/15657","source_2":"","sources":""}},{"type":"Feature","geometry":{"type":"Point","coordinates":[35.5219655,33.16955762,0]},"properties":{"event_id":1200,"data_org":"Green","event_date":"2026-04-30T00:00:00.000Z","post_date":"2026-04-30T00:00:00.000Z","pub_date":"2026-05-01T00:00:00.000Z","actor":"Hezbollah","claimed":"TRUE","event_type":"Drone Attack","city":"Mays al Jabal","province":"","country":"Lebanon","latitude":33.16955762,"longitude":35.5219655,"coord_type":"general town","source_1":"https://t.me/mmirleb/15637","source_2":"","sources":""}},{"type":"Feature","geometry":{"type":"Point","coordinates":[35.5186224,33.27658543,0]},"properties":{"event_id":1201,"data_org":"Green","event_date":"2026-04-30T00:00:00.000Z","post_date":"2026-04-30T00:00:00.000Z","pub_date":"2026-05-01T00:00:00.000Z","actor":"Hezbollah","claimed":"TRUE","event_type":"Drone Attack","city":"Taybeh","province":"","country":"Lebanon","latitude":33.27658543,"longitude":35.5186224,"coord_type":"general town","source_1":"https://t.me/mmirleb/15638","source_2":"https://t.me/mmirleb/15649","sources":""}},{"type":"Feature","geometry":{"type":"Point","coordinates":[35.4636982,33.274087699999995,0]},"properties":{"event_id":1202,"data_org":"Green","event_date":"2026-04-30T00:00:00.000Z","post_date":"2026-04-30T00:00:00.000Z","pub_date":"2026-05-01T00:00:00.000Z","actor":"Hezbollah","claimed":"TRUE","event_type":"Drone Attack","city":"Qantara","province":"","country":"Lebanon","latitude":33.2740877,"longitude":35.4636982,"coord_type":"general town","source_1":"https://t.me/mmirleb/15639","source_2":"","sources":""}},{"type":"Feature","geometry":{"type":"Point","coordinates":[35.4351813,33.12888427,0]},"properties":{"event_id":1199,"data_org":"Green","event_date":"2026-04-30T00:00:00.000Z","post_date":"2026-04-30T00:00:00.000Z","pub_date":"2026-05-01T00:00:00.000Z","actor":"Hezbollah","claimed":"FALSE","event_type":"Drone Attack","city":"Ainata","province":"","country":"Lebanon","latitude":33.12888427,"longitude":35.4351813,"coord_type":"general town","source_1":"https://t.me/moriahdoron/30499","source_2":"","sources":""}},{"type":"Feature","geometry":{"type":"Point","coordinates":[35.1742689,33.16381480999999,0]},"properties":{"event_id":1263,"data_org":"Green","event_date":"2026-05-02T00:00:00.000Z","post_date":"2026-05-02T00:00:00.000Z","pub_date":"2026-05-02T00:00:00.000Z","actor":"Hezbollah","claimed":"TRUE","event_type":"Drone Attack","city":"Bayyada","province":"","country":"Lebanon","latitude":33.16381481,"longitude":35.1742689,"coord_type":"general town","source_1":"https://t.me/mmirleb/15668","source_2":"","sources":""}},{"type":"Feature","geometry":{"type":"Point","coordinates":[35.1742689,33.16381480999999,0]},"properties":{"event_id":1264,"data_org":"Green","event_date":"2026-05-02T00:00:00.000Z","post_date":"2026-05-02T00:00:00.000Z","pub_date":"2026-05-02T00:00:00.000Z","actor":"Hezbollah","claimed":"TRUE","event_type":"Drone Attack","city":"Bayyada","province":"","country":"Lebanon","latitude":33.16381481,"longitude":35.1742689,"coord_type":"general town","source_1":"https://t.me/mmirleb/15672","source_2":"","sources":""}},{"type":"Feature","geometry":{"type":"Point","coordinates":[35.1742689,33.16381480999999,0]},"properties":{"event_id":1265,"data_org":"Green","event_date":"2026-05-03T00:00:00.000Z","post_date":"2026-05-02T00:00:00.000Z","pub_date":"2026-05-02T00:00:00.000Z","actor":"Hezbollah","claimed":"TRUE","event_type":"Drone Attack","city":"Bayyada","province":"","country":"Lebanon","latitude":33.16381481,"longitude":35.1742689,"coord_type":"general town","source_1":"https://t.me/mmirleb/15673","source_2":"","sources":""}},{"type":"Feature","geometry":{"type":"Point","coordinates":[35.4636982,33.274087699999995,0]},"properties":{"event_id":1266,"data_org":"Green","event_date":"2026-05-02T00:00:00.000Z","post_date":"2026-05-02T00:00:00.000Z","pub_date":"2026-05-02T00:00:00.000Z","actor":"Hezbollah","claimed":"TRUE","event_type":"Mortar Attacks","city":"Qantara","province":"","country":"Lebanon","latitude":33.2740877,"longitude":35.4636982,"coord_type":"general town","source_1":"https://t.me/mmirleb/15678","source_2":"","sources":""}},{"type":"Feature","geometry":{"type":"Point","coordinates":[35.1742689,33.16381480999999,0]},"properties":{"event_id":1277,"data_org":"Green","event_date":"2026-05-03T00:00:00.000Z","post_date":"2026-05-03T00:00:00.000Z","pub_date":"2026-05-03T00:00:00.000Z","actor":"Hezbollah","claimed":"TRUE","event_type":"Drone Attack","city":"Bayyada","province":"","country":"Lebanon","latitude":33.16381481,"longitude":35.1742689,"coord_type":"general town","source_1":"https://t.me/mmirleb/15686","source_2":"","sources":""}},{"type":"Feature","geometry":{"type":"Point","coordinates":[35.4636982,33.274087699999995,0]},"properties":{"event_id":1278,"data_org":"Green","event_date":"2026-05-03T00:00:00.000Z","post_date":"2026-05-03T00:00:00.000Z","pub_date":"2026-05-03T00:00:00.000Z","actor":"Hezbollah","claimed":"TRUE","event_type":"Rocket Attack","city":"Qantara","province":"","country":"Lebanon","latitude":33.2740877,"longitude":35.4636982,"coord_type":"general town","source_1":"https://t.me/mmirleb/15687","source_2":"","sources":""}},{"type":"Feature","geometry":{"type":"Point","coordinates":[35.1401119,33.11927448,0]},"properties":{"event_id":1298,"data_org":"Green","event_date":"2026-05-03T00:00:00.000Z","post_date":"2026-05-03T00:00:00.000Z","pub_date":"2026-05-03T00:00:00.000Z","actor":"Hezbollah","claimed":"TRUE","event_type":"Drone Attack","city":"Naqoura","province":"","country":"Lebanon","latitude":33.11927448,"longitude":35.1401119,"coord_type":"general town","source_1":"https://t.me/mmirleb/15695","source_2":"","sources":""}},{"type":"Feature","geometry":{"type":"Point","coordinates":[35.1401119,33.11927448,0]},"properties":{"event_id":1300,"data_org":"Green","event_date":"2026-05-03T00:00:00.000Z","post_date":"2026-05-03T00:00:00.000Z","pub_date":"2026-05-03T00:00:00.000Z","actor":"Hezbollah","claimed":"TRUE","event_type":"Drone Attack","city":"Naqoura","province":"","country":"Lebanon","latitude":33.11927448,"longitude":35.1401119,"coord_type":"general town","source_1":"https://t.me/mmirleb/15695","source_2":"","sources":""}},{"type":"Feature","geometry":{"type":"Point","coordinates":[35.5245193,33.21034274,0]},"properties":{"event_id":1299,"data_org":"Green","event_date":"2026-05-03T00:00:00.000Z","post_date":"2026-05-03T00:00:00.000Z","pub_date":"2026-05-03T00:00:00.000Z","actor":"Hezbollah","claimed":"TRUE","event_type":"Rocket Attack","city":"Houla","province":"","country":"Lebanon","latitude":33.21034274,"longitude":35.5245193,"coord_type":"exact","source_1":"https://t.me/mmirleb/15696","source_2":"","sources":""}},{"type":"Feature","geometry":{"type":"Point","coordinates":[35.1742689,33.16381480999999,0]},"properties":{"event_id":1301,"data_org":"Green","event_date":"2026-05-03T00:00:00.000Z","post_date":"2026-05-03T00:00:00.000Z","pub_date":"2026-05-03T00:00:00.000Z","actor":"Hezbollah","claimed":"TRUE","event_type":"Drone Attack","city":"Bayyada","province":"","country":"Lebanon","latitude":33.16381481,"longitude":35.1742689,"coord_type":"general town","source_1":"https://t.me/mmirleb/15701","source_2":"","sources":""}},{"type":"Feature","geometry":{"type":"Point","coordinates":[35.1742689,33.16381480999999,0]},"properties":{"event_id":1302,"data_org":"Green","event_date":"2026-05-03T00:00:00.000Z","post_date":"2026-05-03T00:00:00.000Z","pub_date":"2026-05-03T00:00:00.000Z","actor":"Hezbollah","claimed":"TRUE","event_type":"Drone Attack","city":"Bayyada","province":"","country":"Lebanon","latitude":33.16381481,"longitude":35.1742689,"coord_type":"general town","source_1":"https://t.me/mmirleb/15705","source_2":"","sources":"https://t.me/mmirleb/16007"}},{"type":"Feature","geometry":{"type":"Point","coordinates":[35.4636982,33.274087699999995,0]},"properties":{"event_id":1304,"data_org":"Green","event_date":"2026-05-03T00:00:00.000Z","post_date":"2026-05-03T00:00:00.000Z","pub_date":"2026-05-03T00:00:00.000Z","actor":"Hezbollah","claimed":"TRUE","event_type":"Rocket Attack","city":"Qantara","province":"","country":"Lebanon","latitude":33.2740877,"longitude":35.4636982,"coord_type":"general town","source_1":"https://t.me/mmirleb/15706","source_2":"","sources":""}},{"type":"Feature","geometry":{"type":"Point","coordinates":[35.2900125,33.113856459999994,0]},"properties":{"event_id":1306,"data_org":"Green","event_date":"2026-05-03T00:00:00.000Z","post_date":"2026-05-03T00:00:00.000Z","pub_date":"2026-05-03T00:00:00.000Z","actor":"Hezbollah","claimed":"TRUE","event_type":"Mortar Attacks","city":"Jabal Blat","province":"","country":"Lebanon","latitude":33.11385646,"longitude":35.2900125,"coord_type":"general town","source_1":"https://t.me/mmirleb/15707","source_2":"","sources":""}},{"type":"Feature","geometry":{"type":"Point","coordinates":[35.1742689,33.16381480999999,0]},"properties":{"event_id":1307,"data_org":"Green","event_date":"2026-05-03T00:00:00.000Z","post_date":"2026-05-03T00:00:00.000Z","pub_date":"2026-05-03T00:00:00.000Z","actor":"Hezbollah","claimed":"TRUE","event_type":"Rocket Attack","city":"Bayyada","province":"","country":"Lebanon","latitude":33.16381481,"longitude":35.1742689,"coord_type":"general town","source_1":"https://t.me/mmirleb/15708","source_2":"","sources":""}},{"type":"Feature","geometry":{"type":"Point","coordinates":[35.1742689,33.16381480999999,0]},"properties":{"event_id":1308,"data_org":"Green","event_date":"2026-05-03T00:00:00.000Z","post_date":"2026-05-03T00:00:00.000Z","pub_date":"2026-05-03T00:00:00.000Z","actor":"Hezbollah","claimed":"TRUE","event_type":"Mortar Attacks","city":"Bayyada","province":"","country":"Lebanon","latitude":33.16381481,"longitude":35.1742689,"coord_type":"general town","source_1":"https://t.me/mmirleb/15709","source_2":"","sources":""}},{"type":"Feature","geometry":{"type":"Point","coordinates":[35.4636982,33.274087699999995,0]},"properties":{"event_id":1315,"data_org":"Green","event_date":"2026-05-04T00:00:00.000Z","post_date":"2026-05-04T00:00:00.000Z","pub_date":"2026-05-04T00:00:00.000Z","actor":"Hezbollah","claimed":"TRUE","event_type":"Rocket Attack","city":"Qantara","province":"","country":"Lebanon","latitude":33.2740877,"longitude":35.4636982,"coord_type":"general town","source_1":"https://t.me/mmirleb/15718","source_2":"","sources":""}},{"type":"Feature","geometry":{"type":"Point","coordinates":[35.1742689,33.16381480999999,0]},"properties":{"event_id":1319,"data_org":"Green","event_date":"2026-05-04T00:00:00.000Z","post_date":"2026-05-04T00:00:00.000Z","pub_date":"2026-05-04T00:00:00.000Z","actor":"Hezbollah","claimed":"TRUE","event_type":"Drone Attack","city":"Bayyada","province":"","country":"Lebanon","latitude":33.16381481,"longitude":35.1742689,"coord_type":"general town","source_1":"https://t.me/mmirleb/15722","source_2":"","sources":""}},{"type":"Feature","geometry":{"type":"Point","coordinates":[35.4858514,33.30722492,0]},"properties":{"event_id":1340,"data_org":"Green","event_date":"2026-05-04T00:00:00.000Z","post_date":"2026-05-04T00:00:00.000Z","pub_date":"2026-05-04T00:00:00.000Z","actor":"Hezbollah","claimed":"TRUE","event_type":"Small Arms Engagement","city":"Deir Seryan","province":"","country":"Lebanon","latitude":33.30722492,"longitude":35.4858514,"coord_type":"general town","source_1":"https://t.me/mmirleb/15726","source_2":"","sources":""}},{"type":"Feature","geometry":{"type":"Point","coordinates":[35.1742689,33.16381480999999,0]},"properties":{"event_id":1342,"data_org":"Green","event_date":"2026-05-04T00:00:00.000Z","post_date":"2026-05-04T00:00:00.000Z","pub_date":"2026-05-04T00:00:00.000Z","actor":"Hezbollah","claimed":"TRUE","event_type":"Drone Attack","city":"Bayyada","province":"","country":"Lebanon","latitude":33.16381481,"longitude":35.1742689,"coord_type":"general town","source_1":"https://t.me/mmirleb/15731","source_2":"","sources":""}},{"type":"Feature","geometry":{"type":"Point","coordinates":[35.5456811,33.30367457999999,0]},"properties":{"event_id":1343,"data_org":"Green","event_date":"2026-05-04T00:00:00.000Z","post_date":"2026-05-04T00:00:00.000Z","pub_date":"2026-05-04T00:00:00.000Z","actor":"Hezbollah","claimed":"TRUE","event_type":"UNK","city":"Deir Mimas","province":"","country":"Lebanon","latitude":33.30367458,"longitude":35.5456811,"coord_type":"general town","source_1":"https://t.me/mmirleb/15732","source_2":"","sources":""}},{"type":"Feature","geometry":{"type":"Point","coordinates":[35.1742689,33.16381480999999,0]},"properties":{"event_id":1345,"data_org":"Green","event_date":"2026-05-04T00:00:00.000Z","post_date":"2026-05-04T00:00:00.000Z","pub_date":"2026-05-04T00:00:00.000Z","actor":"Hezbollah","claimed":"TRUE","event_type":"Rocket Attack","city":"Bayyada","province":"","country":"Lebanon","latitude":33.16381481,"longitude":35.1742689,"coord_type":"general town","source_1":"https://t.me/mmirleb/15733","source_2":"https://t.me/mmirleb/15789","sources":""}},{"type":"Feature","geometry":{"type":"Point","coordinates":[35.1742689,33.16381480999999,0]},"properties":{"event_id":1346,"data_org":"Green","event_date":"2026-05-04T00:00:00.000Z","post_date":"2026-05-04T00:00:00.000Z","pub_date":"2026-05-04T00:00:00.000Z","actor":"Hezbollah","claimed":"TRUE","event_type":"Rocket Attack","city":"Bayyada","province":"","country":"Lebanon","latitude":33.16381481,"longitude":35.1742689,"coord_type":"general town","source_1":"https://t.me/mmirleb/15734","source_2":"https://t.me/mmirleb/15789","sources":""}},{"type":"Feature","geometry":{"type":"Point","coordinates":[35.1742689,33.16381480999999,0]},"properties":{"event_id":1361,"data_org":"Green","event_date":"2026-05-04T00:00:00.000Z","post_date":"2026-05-05T00:00:00.000Z","pub_date":"2026-05-05T00:00:00.000Z","actor":"Hezbollah","claimed":"TRUE","event_type":"Rocket Attack","city":"Bayyada","province":"","country":"Lebanon","latitude":33.16381481,"longitude":35.1742689,"coord_type":"general town","source_1":"https://t.me/mmirleb/15752","source_2":"","sources":""}},{"type":"Feature","geometry":{"type":"Point","coordinates":[35.3443979,33.11780317,0]},"properties":{"event_id":1362,"data_org":"Green","event_date":"2026-05-05T00:00:00.000Z","post_date":"2026-05-05T00:00:00.000Z","pub_date":"2026-05-05T00:00:00.000Z","actor":"Hezbollah","claimed":"TRUE","event_type":"Drone Attack","city":"Qouzah","province":"","country":"Lebanon","latitude":33.11780317,"longitude":35.3443979,"coord_type":"general town","source_1":"https://t.me/mmirleb/15753","source_2":"https://t.me/mmirleb/15778","sources":""}},{"type":"Feature","geometry":{"type":"Point","coordinates":[35.36216,33.143039999999985,0]},"properties":{"event_id":1363,"data_org":"Green","event_date":"2026-05-05T00:00:00.000Z","post_date":"2026-05-05T00:00:00.000Z","pub_date":"2026-05-05T00:00:00.000Z","actor":"Hezbollah","claimed":"TRUE","event_type":"Drone Attack","city":"Rachaf","province":"","country":"Lebanon","latitude":33.14304,"longitude":35.36216,"coord_type":"general town","source_1":"https://t.me/mmirleb/15754","source_2":"","sources":""}},{"type":"Feature","geometry":{"type":"Point","coordinates":[35.4997288,33.292020629999996,0]},"properties":{"event_id":1364,"data_org":"Green","event_date":"2026-05-05T00:00:00.000Z","post_date":"2026-05-05T00:00:00.000Z","pub_date":"2026-05-05T00:00:00.000Z","actor":"Hezbollah","claimed":"TRUE","event_type":"Drone Attack","city":"Khalla al Raj area, Deir Seryan","province":"","country":"Lebanon","latitude":33.29202063,"longitude":35.4997288,"coord_type":"general town","source_1":"https://t.me/mmirleb/15755","source_2":"","sources":""}},{"type":"Feature","geometry":{"type":"Point","coordinates":[35.4997288,33.292020629999996,0]},"properties":{"event_id":1366,"data_org":"Green","event_date":"2026-05-05T00:00:00.000Z","post_date":"2026-05-05T00:00:00.000Z","pub_date":"2026-05-05T00:00:00.000Z","actor":"Hezbollah","claimed":"TRUE","event_type":"Drone Attack","city":"Khalla al Raj area, Deir Seryan","province":"","country":"Lebanon","latitude":33.29202063,"longitude":35.4997288,"coord_type":"general town","source_1":"https://t.me/mmirleb/15756","source_2":"","sources":""}},{"type":"Feature","geometry":{"type":"Point","coordinates":[35.1742689,33.16381480999999,0]},"properties":{"event_id":1370,"data_org":"Green","event_date":"2026-05-05T00:00:00.000Z","post_date":"2026-05-05T00:00:00.000Z","pub_date":"2026-05-05T00:00:00.000Z","actor":"Hezbollah","claimed":"TRUE","event_type":"Anti-Tank Fire","city":"Bayyada","province":"","country":"Lebanon","latitude":33.16381481,"longitude":35.1742689,"coord_type":"general town","source_1":"https://t.me/mmirleb/15761","source_2":"","sources":""}},{"type":"Feature","geometry":{"type":"Point","coordinates":[35.4997288,33.292020629999996,0]},"properties":{"event_id":1371,"data_org":"Green","event_date":"2026-05-05T00:00:00.000Z","post_date":"2026-05-05T00:00:00.000Z","pub_date":"2026-05-05T00:00:00.000Z","actor":"Hezbollah","claimed":"TRUE","event_type":"Rocket Attack","city":"Khalla al Raj area, Deir Seryan","province":"","country":"Lebanon","latitude":33.29202063,"longitude":35.4997288,"coord_type":"general town","source_1":"https://t.me/mmirleb/15762","source_2":"","sources":""}},{"type":"Feature","geometry":{"type":"Point","coordinates":[35.1742689,33.16381480999999,0]},"properties":{"event_id":1372,"data_org":"Green","event_date":"2026-05-05T00:00:00.000Z","post_date":"2026-05-05T00:00:00.000Z","pub_date":"2026-05-05T00:00:00.000Z","actor":"Hezbollah","claimed":"TRUE","event_type":"Drone Attack","city":"Bayyada","province":"","country":"Lebanon","latitude":33.16381481,"longitude":35.1742689,"coord_type":"general town","source_1":"https://t.me/mmirleb/15763","source_2":"","sources":""}},{"type":"Feature","geometry":{"type":"Point","coordinates":[35.1742689,33.16381480999999,0]},"properties":{"event_id":1376,"data_org":"Green","event_date":"2026-05-05T00:00:00.000Z","post_date":"2026-05-05T00:00:00.000Z","pub_date":"2026-05-05T00:00:00.000Z","actor":"Hezbollah","claimed":"TRUE","event_type":"Mortar Attack","city":"Bayyada","province":"","country":"Lebanon","latitude":33.16381481,"longitude":35.1742689,"coord_type":"general town","source_1":"https://t.me/mmirleb/15768","source_2":"","sources":""}},{"type":"Feature","geometry":{"type":"Point","coordinates":[35.4636982,33.274087699999995,0]},"properties":{"event_id":1377,"data_org":"Green","event_date":"2026-05-05T00:00:00.000Z","post_date":"2026-05-05T00:00:00.000Z","pub_date":"2026-05-05T00:00:00.000Z","actor":"Hezbollah","claimed":"TRUE","event_type":"Drone Attack","city":"Qantara","province":"","country":"Lebanon","latitude":33.2740877,"longitude":35.4636982,"coord_type":"general town","source_1":"https://t.me/mmirleb/15769","source_2":"","sources":""}},{"type":"Feature","geometry":{"type":"Point","coordinates":[35.4809446,33.27637791,0]},"properties":{"event_id":1379,"data_org":"Green","event_date":"2026-05-05T00:00:00.000Z","post_date":"2026-05-05T00:00:00.000Z","pub_date":"2026-05-05T00:00:00.000Z","actor":"Hezbollah","claimed":"TRUE","event_type":"Mortar Attack","city":"Aadchit al Qoussair","province":"","country":"Lebanon","latitude":33.27637791,"longitude":35.4809446,"coord_type":"general town","source_1":"https://t.me/mmirleb/15771","source_2":"","sources":""}},{"type":"Feature","geometry":{"type":"Point","coordinates":[35.1791,33.1626,0]},"properties":{"event_id":1396,"data_org":"Green","event_date":"2026-05-01T00:00:00.000Z","post_date":"2026-05-05T00:00:00.000Z","pub_date":"2026-05-05T00:00:00.000Z","actor":"Hezbollah","claimed":"TRUE","event_type":"Drone Attack","city":"Bayyada","province":"","country":"Lebanon","latitude":33.1626,"longitude":35.1791,"coord_type":"exact","source_1":"https://x.com/3HD3N/status/2051714075940319690?s=20","source_2":"https://x.com/ME_Observer_/status/2051664972069884397?s=20","sources":"https://x.com/Zoltan18584200/status/2052323168535101631"}},{"type":"Feature","geometry":{"type":"Point","coordinates":[35.1742689,33.16381480999999,0]},"properties":{"event_id":1381,"data_org":"Green","event_date":"2026-05-05T00:00:00.000Z","post_date":"2026-05-05T00:00:00.000Z","pub_date":"2026-05-05T00:00:00.000Z","actor":"Hezbollah","claimed":"TRUE","event_type":"Rocket Attack","city":"Bayyada","province":"","country":"Lebanon","latitude":33.16381481,"longitude":35.1742689,"coord_type":"general town","source_1":"https://t.me/mmirleb/15776","source_2":"","sources":""}},{"type":"Feature","geometry":{"type":"Point","coordinates":[35.5219598,33.24745944,0]},"properties":{"event_id":1382,"data_org":"Green","event_date":"2026-05-05T00:00:00.000Z","post_date":"2026-05-05T00:00:00.000Z","pub_date":"2026-05-05T00:00:00.000Z","actor":"Hezbollah","claimed":"TRUE","event_type":"Drone Attack","city":"Rab el Thalathine","province":"","country":"Lebanon","latitude":33.24745944,"longitude":35.5219598,"coord_type":"general town","source_1":"https://t.me/mmirleb/15777","source_2":"","sources":""}},{"type":"Feature","geometry":{"type":"Point","coordinates":[35.5219598,33.24745944,0]},"properties":{"event_id":1353,"data_org":"Green","event_date":"2026-05-04T00:00:00.000Z","post_date":"2026-05-04T00:00:00.000Z","pub_date":"2026-05-05T00:00:00.000Z","actor":"Hezbollah","claimed":"TRUE","event_type":"Drone Attack","city":"Rab el Thalathine","province":"","country":"Lebanon","latitude":33.24745944,"longitude":35.5219598,"coord_type":"general town","source_1":"https://t.me/mmirleb/15740","source_2":"","sources":""}},{"type":"Feature","geometry":{"type":"Point","coordinates":[35.4636982,33.274087699999995,0]},"properties":{"event_id":1355,"data_org":"Green","event_date":"2026-05-04T00:00:00.000Z","post_date":"2026-05-04T00:00:00.000Z","pub_date":"2026-05-05T00:00:00.000Z","actor":"Hezbollah","claimed":"TRUE","event_type":"Rocket Attack","city":"Sala Hill, Qantara","province":"","country":"Lebanon","latitude":33.2740877,"longitude":35.4636982,"coord_type":"general town","source_1":"https://t.me/mmirleb/15744","source_2":"","sources":""}},{"type":"Feature","geometry":{"type":"Point","coordinates":[35.4809446,33.27637791,0]},"properties":{"event_id":1356,"data_org":"Green","event_date":"2026-05-04T00:00:00.000Z","post_date":"2026-05-04T00:00:00.000Z","pub_date":"2026-05-05T00:00:00.000Z","actor":"Hezbollah","claimed":"TRUE","event_type":"Mortar Attack","city":"Aadchit al Qoussair","province":"","country":"Lebanon","latitude":33.27637791,"longitude":35.4809446,"coord_type":"general town","source_1":"https://t.me/mmirleb/15745","source_2":"","sources":""}},{"type":"Feature","geometry":{"type":"Point","coordinates":[36.0816815,34.1867531,0]},"properties":{"event_id":1357,"data_org":"Green","event_date":"2026-05-04T00:00:00.000Z","post_date":"2026-05-04T00:00:00.000Z","pub_date":"2026-05-05T00:00:00.000Z","actor":"Hezbollah","claimed":"TRUE","event_type":"Mortar Attack","city":"Tallah al Sadr, Ainata","province":"","country":"Lebanon","latitude":34.1867531,"longitude":36.0816815,"coord_type":"general town","source_1":"https://t.me/mmirleb/15746","source_2":"","sources":""}},{"type":"Feature","geometry":{"type":"Point","coordinates":[35.4636982,33.274087699999995,0]},"properties":{"event_id":1358,"data_org":"Green","event_date":"2026-05-04T00:00:00.000Z","post_date":"2026-05-04T00:00:00.000Z","pub_date":"2026-05-05T00:00:00.000Z","actor":"Hezbollah","claimed":"TRUE","event_type":"Rocket Attack","city":"Sala Hill, Qantara","province":"","country":"Lebanon","latitude":33.2740877,"longitude":35.4636982,"coord_type":"general town","source_1":"https://t.me/mmirleb/15747","source_2":"","sources":""}},{"type":"Feature","geometry":{"type":"Point","coordinates":[35.2900125,33.113856459999994,0]},"properties":{"event_id":1359,"data_org":"Green","event_date":"2026-05-04T00:00:00.000Z","post_date":"2026-05-04T00:00:00.000Z","pub_date":"2026-05-05T00:00:00.000Z","actor":"Hezbollah","claimed":"TRUE","event_type":"Drone Attack","city":"Jabal Blat (Marwahin)","province":"","country":"Lebanon","latitude":33.11385646,"longitude":35.2900125,"coord_type":"exact","source_1":"https://t.me/mmirleb/15748","source_2":"","sources":""}},{"type":"Feature","geometry":{"type":"Point","coordinates":[35.1742689,33.16381480999999,0]},"properties":{"event_id":1360,"data_org":"Green","event_date":"2026-05-04T00:00:00.000Z","post_date":"2026-05-04T00:00:00.000Z","pub_date":"2026-05-05T00:00:00.000Z","actor":"Hezbollah","claimed":"TRUE","event_type":"Anti-Tank Fire","city":"Bayyada","province":"","country":"Lebanon","latitude":33.16381481,"longitude":35.1742689,"coord_type":"general town","source_1":"https://t.me/mmirleb/15751","source_2":"","sources":""}},{"type":"Feature","geometry":{"type":"Point","coordinates":[35.5186224,33.27658543,0]},"properties":{"event_id":1408,"data_org":"Green","event_date":"2026-05-06T00:00:00.000Z","post_date":"2026-05-06T00:00:00.000Z","pub_date":"2026-05-06T00:00:00.000Z","actor":"Hezbollah","claimed":"TRUE","event_type":"Drone Attack","city":"Taybeh","province":"","country":"Lebanon","latitude":33.27658543,"longitude":35.5186224,"coord_type":"general town","source_1":"https://t.me/mmirleb/15792","source_2":"","sources":""}},{"type":"Feature","geometry":{"type":"Point","coordinates":[35.1742689,33.16381480999999,0]},"properties":{"event_id":1409,"data_org":"Green","event_date":"2026-05-06T00:00:00.000Z","post_date":"2026-05-06T00:00:00.000Z","pub_date":"2026-05-06T00:00:00.000Z","actor":"Hezbollah","claimed":"TRUE","event_type":"Mortar Attack","city":"Bayyada","province":"","country":"Lebanon","latitude":33.16381481,"longitude":35.1742689,"coord_type":"general town","source_1":"https://t.me/mmirleb/15793","source_2":"","sources":""}},{"type":"Feature","geometry":{"type":"Point","coordinates":[35.4636982,33.274087699999995,0]},"properties":{"event_id":1411,"data_org":"Green","event_date":"2026-05-06T00:00:00.000Z","post_date":"2026-05-06T00:00:00.000Z","pub_date":"2026-05-06T00:00:00.000Z","actor":"Hezbollah","claimed":"TRUE","event_type":"Drone Attack","city":"Qantara","province":"","country":"Lebanon","latitude":33.2740877,"longitude":35.4636982,"coord_type":"general town","source_1":"https://t.me/mmirleb/15794","source_2":"","sources":""}},{"type":"Feature","geometry":{"type":"Point","coordinates":[35.5002379,33.2920997,0]},"properties":{"event_id":1413,"data_org":"Green","event_date":"2026-05-06T00:00:00.000Z","post_date":"2026-05-06T00:00:00.000Z","pub_date":"2026-05-06T00:00:00.000Z","actor":"Hezbollah","claimed":"TRUE","event_type":"Drone Attack","city":"Deir Seryan","province":"","country":"Lebanon","latitude":33.2920997,"longitude":35.5002379,"coord_type":"general town","source_1":"https://t.me/mmirleb/15796","source_2":"","sources":""}},{"type":"Feature","geometry":{"type":"Point","coordinates":[35.5187344,33.21018289999999,0]},"properties":{"event_id":1414,"data_org":"Green","event_date":"2026-05-06T00:00:00.000Z","post_date":"2026-05-06T00:00:00.000Z","pub_date":"2026-05-06T00:00:00.000Z","actor":"Hezbollah","claimed":"TRUE","event_type":"Drone Attack","city":"al Dawawir area, Houla","province":"","country":"Lebanon","latitude":33.2101829,"longitude":35.5187344,"coord_type":"general town","source_1":"https://t.me/mmirleb/15797","source_2":"","sources":""}},{"type":"Feature","geometry":{"type":"Point","coordinates":[35.3626993,33.1425483,0]},"properties":{"event_id":1415,"data_org":"Green","event_date":"2026-05-06T00:00:00.000Z","post_date":"2026-05-06T00:00:00.000Z","pub_date":"2026-05-06T00:00:00.000Z","actor":"Hezbollah","claimed":"TRUE","event_type":"Drone Attack","city":"Qouzah","province":"","country":"Lebanon","latitude":33.1425483,"longitude":35.3626993,"coord_type":"exact","source_1":"https://t.me/mmirleb/15798","source_2":"https://x.com/geo_lego/status/2079298534298317191?s=20","sources":""}},{"type":"Feature","geometry":{"type":"Point","coordinates":[35.5186224,33.27658543,0]},"properties":{"event_id":1416,"data_org":"Green","event_date":"2026-05-06T00:00:00.000Z","post_date":"2026-05-06T00:00:00.000Z","pub_date":"2026-05-06T00:00:00.000Z","actor":"Hezbollah","claimed":"TRUE","event_type":"Drone Attack","city":"Taybeh","province":"","country":"Lebanon","latitude":33.27658543,"longitude":35.5186224,"coord_type":"general town","source_1":"https://t.me/mmirleb/15799","source_2":"","sources":""}},{"type":"Feature","geometry":{"type":"Point","coordinates":[35.1401119,33.11927448,0]},"properties":{"event_id":1417,"data_org":"Green","event_date":"2026-05-06T00:00:00.000Z","post_date":"2026-05-06T00:00:00.000Z","pub_date":"2026-05-06T00:00:00.000Z","actor":"Hezbollah","claimed":"TRUE","event_type":"Drone Attack","city":"Naqoura","province":"","country":"Lebanon","latitude":33.11927448,"longitude":35.1401119,"coord_type":"general town","source_1":"https://t.me/mmirleb/15800","source_2":"","sources":""}},{"type":"Feature","geometry":{"type":"Point","coordinates":[35.1742689,33.16381480999999,0]},"properties":{"event_id":1418,"data_org":"Green","event_date":"2026-05-06T00:00:00.000Z","post_date":"2026-05-06T00:00:00.000Z","pub_date":"2026-05-06T00:00:00.000Z","actor":"Hezbollah","claimed":"TRUE","event_type":"Drone Attack","city":"Bayyada","province":"","country":"Lebanon","latitude":33.16381481,"longitude":35.1742689,"coord_type":"general town","source_1":"https://t.me/mmirleb/15804","source_2":"","sources":""}},{"type":"Feature","geometry":{"type":"Point","coordinates":[35.1742689,33.16381480999999,0]},"properties":{"event_id":1419,"data_org":"Green","event_date":"2026-05-06T00:00:00.000Z","post_date":"2026-05-06T00:00:00.000Z","pub_date":"2026-05-06T00:00:00.000Z","actor":"Hezbollah","claimed":"TRUE","event_type":"Drone Attack","city":"Bayyada","province":"","country":"Lebanon","latitude":33.16381481,"longitude":35.1742689,"coord_type":"general town","source_1":"https://t.me/mmirleb/15805","source_2":"https://t.me/mmirleb/15934","sources":""}},{"type":"Feature","geometry":{"type":"Point","coordinates":[35.36216,33.143039999999985,0]},"properties":{"event_id":1420,"data_org":"Green","event_date":"2026-05-06T00:00:00.000Z","post_date":"2026-05-06T00:00:00.000Z","pub_date":"2026-05-06T00:00:00.000Z","actor":"Hezbollah","claimed":"TRUE","event_type":"Rocket Attack","city":"Rachaf","province":"","country":"Lebanon","latitude":33.14304,"longitude":35.36216,"coord_type":"general town","source_1":"https://t.me/mmirleb/15806","source_2":"","sources":""}},{"type":"Feature","geometry":{"type":"Point","coordinates":[35.51666,33.20961354999999,0]},"properties":{"event_id":1440,"data_org":"Green","event_date":"2026-05-06T00:00:00.000Z","post_date":"2026-05-06T00:00:00.000Z","pub_date":"2026-05-06T00:00:00.000Z","actor":"Hezbollah","claimed":"TRUE","event_type":"Drone Attack","city":"Houla","province":"","country":"Lebanon","latitude":33.20961355,"longitude":35.51666,"coord_type":"general town","source_1":"https://t.me/mmirleb/15814","source_2":"https://t.me/mmirleb/16347","sources":""}},{"type":"Feature","geometry":{"type":"Point","coordinates":[35.6079697,33.32021021999999,0]},"properties":{"event_id":1444,"data_org":"Green","event_date":"2026-05-06T00:00:00.000Z","post_date":"2026-05-06T00:00:00.000Z","pub_date":"2026-05-06T00:00:00.000Z","actor":"Hezbollah","claimed":"TRUE","event_type":"Drone Attack","city":"Khiam detention center","province":"","country":"Lebanon","latitude":33.32021022,"longitude":35.6079697,"coord_type":"exact","source_1":"https://t.me/mmirleb/15818","source_2":"","sources":""}},{"type":"Feature","geometry":{"type":"Point","coordinates":[35.36216,33.143039999999985,0]},"properties":{"event_id":1401,"data_org":"Green","event_date":"2026-05-05T00:00:00.000Z","post_date":"2026-05-05T00:00:00.000Z","pub_date":"2026-05-06T00:00:00.000Z","actor":"Hezbollah","claimed":"TRUE","event_type":"Drone Attack","city":"Rachaf","province":"","country":"Lebanon","latitude":33.14304,"longitude":35.36216,"coord_type":"general town","source_1":"https://t.me/mmirleb/15784","source_2":"","sources":""}},{"type":"Feature","geometry":{"type":"Point","coordinates":[35.2900125,33.113856459999994,0]},"properties":{"event_id":1403,"data_org":"Green","event_date":"2026-05-05T00:00:00.000Z","post_date":"2026-05-05T00:00:00.000Z","pub_date":"2026-05-06T00:00:00.000Z","actor":"Hezbollah","claimed":"TRUE","event_type":"Rocket Attack","city":"Jabal Blat (Marwahin)","province":"","country":"Lebanon","latitude":33.11385646,"longitude":35.2900125,"coord_type":"exact","source_1":"https://t.me/mmirleb/15785","source_2":"","sources":""}},{"type":"Feature","geometry":{"type":"Point","coordinates":[35.5183323,33.19545547999999,0]},"properties":{"event_id":1405,"data_org":"Green","event_date":"2026-05-05T00:00:00.000Z","post_date":"2026-05-05T00:00:00.000Z","pub_date":"2026-05-06T00:00:00.000Z","actor":"Hezbollah","claimed":"TRUE","event_type":"Mortar Attack","city":"Wadi al Jamal between Mays al Jabal and Houla","province":"","country":"Lebanon","latitude":33.19545548,"longitude":35.5183323,"coord_type":"general neighborhood","source_1":"https://t.me/mmirleb/15786","source_2":"","sources":""}},{"type":"Feature","geometry":{"type":"Point","coordinates":[35.4636982,33.274087699999995,0]},"properties":{"event_id":1406,"data_org":"Green","event_date":"2026-05-05T00:00:00.000Z","post_date":"2026-05-05T00:00:00.000Z","pub_date":"2026-05-06T00:00:00.000Z","actor":"Hezbollah","claimed":"TRUE","event_type":"Drone Attack","city":"Qantara","province":"","country":"Lebanon","latitude":33.2740877,"longitude":35.4636982,"coord_type":"general town","source_1":"https://t.me/mmirleb/15791","source_2":"","sources":""}},{"type":"Feature","geometry":{"type":"Point","coordinates":[35.4997288,33.292020629999996,0]},"properties":{"event_id":1455,"data_org":"Green","event_date":"2026-05-07T00:00:00.000Z","post_date":"2026-05-07T00:00:00.000Z","pub_date":"2026-05-07T00:00:00.000Z","actor":"Hezbollah","claimed":"TRUE","event_type":"Drone Attack","city":"Khalla al Raj area, Deir Seryan","province":"","country":"Lebanon","latitude":33.29202063,"longitude":35.4997288,"coord_type":"general town","source_1":"https://t.me/mmirleb/15827","source_2":"","sources":""}},{"type":"Feature","geometry":{"type":"Point","coordinates":[35.1742689,33.16381480999999,0]},"properties":{"event_id":1459,"data_org":"Green","event_date":"2026-05-07T00:00:00.000Z","post_date":"2026-05-07T00:00:00.000Z","pub_date":"2026-05-07T00:00:00.000Z","actor":"Hezbollah","claimed":"TRUE","event_type":"Drone Attack","city":"Bayyada","province":"","country":"Lebanon","latitude":33.16381481,"longitude":35.1742689,"coord_type":"general town","source_1":"https://t.me/mmirleb/15833","source_2":"","sources":""}},{"type":"Feature","geometry":{"type":"Point","coordinates":[35.1742689,33.16381480999999,0]},"properties":{"event_id":1460,"data_org":"Green","event_date":"2026-05-07T00:00:00.000Z","post_date":"2026-05-07T00:00:00.000Z","pub_date":"2026-05-07T00:00:00.000Z","actor":"Hezbollah","claimed":"TRUE","event_type":"Drone Attack","city":"Bayyada","province":"","country":"Lebanon","latitude":33.16381481,"longitude":35.1742689,"coord_type":"general town","source_1":"https://t.me/mmirleb/15834","source_2":"","sources":""}},{"type":"Feature","geometry":{"type":"Point","coordinates":[35.2083193,33.14540613999999,0]},"properties":{"event_id":1461,"data_org":"Green","event_date":"2026-05-07T00:00:00.000Z","post_date":"2026-05-07T00:00:00.000Z","pub_date":"2026-05-07T00:00:00.000Z","actor":"Hezbollah","claimed":"TRUE","event_type":"Rocket Attack","city":"Chamaa","province":"","country":"Lebanon","latitude":33.14540614,"longitude":35.2083193,"coord_type":"general town","source_1":"https://t.me/mmirleb/15835","source_2":"","sources":""}},{"type":"Feature","geometry":{"type":"Point","coordinates":[35.4372458,33.12195800000001,0]},"properties":{"event_id":1480,"data_org":"Green","event_date":"2026-05-07T00:00:00.000Z","post_date":"2026-05-07T00:00:00.000Z","pub_date":"2026-05-07T00:00:00.000Z","actor":"Hezbollah","claimed":"TRUE","event_type":"Mortar Attack","city":"Bint Jbeil","province":"","country":"Lebanon","latitude":33.121958,"longitude":35.4372458,"coord_type":"general town","source_1":"https://t.me/mmirleb/15839","source_2":"","sources":""}},{"type":"Feature","geometry":{"type":"Point","coordinates":[35.4372458,33.12195800000001,0]},"properties":{"event_id":1481,"data_org":"Green","event_date":"2026-05-07T00:00:00.000Z","post_date":"2026-05-07T00:00:00.000Z","pub_date":"2026-05-07T00:00:00.000Z","actor":"Hezbollah","claimed":"TRUE","event_type":"Drone Attack","city":"Bint Jbeil","province":"","country":"Lebanon","latitude":33.121958,"longitude":35.4372458,"coord_type":"general town","source_1":"https://t.me/mmirleb/15840","source_2":"","sources":""}},{"type":"Feature","geometry":{"type":"Point","coordinates":[35.4997288,33.292020629999996,0]},"properties":{"event_id":1483,"data_org":"Green","event_date":"2026-05-07T00:00:00.000Z","post_date":"2026-05-07T00:00:00.000Z","pub_date":"2026-05-07T00:00:00.000Z","actor":"Hezbollah","claimed":"TRUE","event_type":"Mortar Attack","city":"Khalla al Raj area, Deir Seryan","province":"","country":"Lebanon","latitude":33.29202063,"longitude":35.4997288,"coord_type":"general town","source_1":"https://t.me/mmirleb/15845","source_2":"","sources":""}},{"type":"Feature","geometry":{"type":"Point","coordinates":[35.4997288,33.292020629999996,0]},"properties":{"event_id":1485,"data_org":"Green","event_date":"2026-05-07T00:00:00.000Z","post_date":"2026-05-07T00:00:00.000Z","pub_date":"2026-05-07T00:00:00.000Z","actor":"Hezbollah","claimed":"TRUE","event_type":"UNK","city":"Khalla al Raj area, Deir Seryan","province":"","country":"Lebanon","latitude":33.29202063,"longitude":35.4997288,"coord_type":"general town","source_1":"https://t.me/mmirleb/15849","source_2":"","sources":""}},{"type":"Feature","geometry":{"type":"Point","coordinates":[35.4678273,33.29827477,0]},"properties":{"event_id":1486,"data_org":"Green","event_date":"2026-05-07T00:00:00.000Z","post_date":"2026-05-07T00:00:00.000Z","pub_date":"2026-05-07T00:00:00.000Z","actor":"Hezbollah","claimed":"TRUE","event_type":"Drone Attack","city":"Between Aalman Marjaayoun and Qoussair","province":"","country":"Lebanon","latitude":33.29827477,"longitude":35.4678273,"coord_type":"general town","source_1":"https://t.me/mmirleb/15850","source_2":"","sources":""}},{"type":"Feature","geometry":{"type":"Point","coordinates":[35.4997288,33.292020629999996,0]},"properties":{"event_id":1452,"data_org":"Green","event_date":"2026-05-06T00:00:00.000Z","post_date":"2026-05-06T00:00:00.000Z","pub_date":"2026-05-07T00:00:00.000Z","actor":"Hezbollah","claimed":"TRUE","event_type":"Mortar Attack","city":"Khalla al Raj area, Deir Seryan","province":"","country":"Lebanon","latitude":33.29202063,"longitude":35.4997288,"coord_type":"general town","source_1":"https://t.me/mmirleb/15822","source_2":"","sources":""}},{"type":"Feature","geometry":{"type":"Point","coordinates":[35.3356894,33.09739389,0]},"properties":{"event_id":1453,"data_org":"Green","event_date":"2026-05-06T00:00:00.000Z","post_date":"2026-05-06T00:00:00.000Z","pub_date":"2026-05-07T00:00:00.000Z","actor":"Hezbollah","claimed":"TRUE","event_type":"Drone Attack","city":"Aita al Shaab","province":"","country":"Lebanon","latitude":33.09739389,"longitude":35.3356894,"coord_type":"general town","source_1":"https://t.me/mmirleb/15824","source_2":"","sources":""}},{"type":"Feature","geometry":{"type":"Point","coordinates":[35.1742689,33.16381480999999,0]},"properties":{"event_id":1454,"data_org":"Green","event_date":"2026-05-06T00:00:00.000Z","post_date":"2026-05-06T00:00:00.000Z","pub_date":"2026-05-07T00:00:00.000Z","actor":"Hezbollah","claimed":"TRUE","event_type":"Rocket Attack","city":"Bayyada","province":"","country":"Lebanon","latitude":33.16381481,"longitude":35.1742689,"coord_type":"general town","source_1":"https://t.me/mmirleb/15825","source_2":"","sources":""}},{"type":"Feature","geometry":{"type":"Point","coordinates":[35.1742689,33.16381480999999,0]},"properties":{"event_id":1497,"data_org":"Green","event_date":"2026-05-08T00:00:00.000Z","post_date":"2026-05-08T00:00:00.000Z","pub_date":"2026-05-08T00:00:00.000Z","actor":"Hezbollah","claimed":"TRUE","event_type":"Drone Attack","city":"Biyyadah","province":"","country":"Lebanon","latitude":33.16381481,"longitude":35.1742689,"coord_type":"general town","source_1":"https://t.me/mmirleb/15861","source_2":"","sources":""}},{"type":"Feature","geometry":{"type":"Point","coordinates":[35.6148058,33.330201120000005,0]},"properties":{"event_id":1498,"data_org":"Green","event_date":"2026-05-08T00:00:00.000Z","post_date":"2026-05-08T00:00:00.000Z","pub_date":"2026-05-08T00:00:00.000Z","actor":"Hezbollah","claimed":"TRUE","event_type":"Mortar Attack","city":"Khiam","province":"","country":"Lebanon","latitude":33.33020112,"longitude":35.6148058,"coord_type":"general town","source_1":"https://t.me/mmirleb/15862","source_2":"","sources":""}},{"type":"Feature","geometry":{"type":"Point","coordinates":[35.4997288,33.292020629999996,0]},"properties":{"event_id":1499,"data_org":"Green","event_date":"2026-05-08T00:00:00.000Z","post_date":"2026-05-08T00:00:00.000Z","pub_date":"2026-05-08T00:00:00.000Z","actor":"Hezbollah","claimed":"TRUE","event_type":"Anti-Tank Fire","city":"Deir Seryan","province":"","country":"Lebanon","latitude":33.29202063,"longitude":35.4997288,"coord_type":"general town","source_1":"https://t.me/mmirleb/15863","source_2":"","sources":""}},{"type":"Feature","geometry":{"type":"Point","coordinates":[35.4997288,33.292020629999996,0]},"properties":{"event_id":1500,"data_org":"Green","event_date":"2026-05-08T00:00:00.000Z","post_date":"2026-05-08T00:00:00.000Z","pub_date":"2026-05-08T00:00:00.000Z","actor":"Hezbollah","claimed":"TRUE","event_type":"Anti-Tank Fire","city":"Deir Seryan","province":"","country":"Lebanon","latitude":33.29202063,"longitude":35.4997288,"coord_type":"general town","source_1":"https://t.me/mmirleb/15864","source_2":"","sources":""}},{"type":"Feature","geometry":{"type":"Point","coordinates":[35.4997288,33.292020629999996,0]},"properties":{"event_id":1503,"data_org":"Green","event_date":"2026-05-08T00:00:00.000Z","post_date":"2026-05-08T00:00:00.000Z","pub_date":"2026-05-08T00:00:00.000Z","actor":"Hezbollah","claimed":"TRUE","event_type":"Drone Attack","city":"Khalla al Raj area, Deir Seryan","province":"","country":"Lebanon","latitude":33.29202063,"longitude":35.4997288,"coord_type":"general town","source_1":"https://t.me/mmirleb/15871","source_2":"","sources":""}},{"type":"Feature","geometry":{"type":"Point","coordinates":[35.4922209,33.28397308,0]},"properties":{"event_id":1504,"data_org":"Green","event_date":"2026-05-08T00:00:00.000Z","post_date":"2026-05-08T00:00:00.000Z","pub_date":"2026-05-08T00:00:00.000Z","actor":"Hezbollah","claimed":"TRUE","event_type":"Drone Attack","city":"Between Aadchit al Qoussair and Deir Seryan","province":"","country":"Lebanon","latitude":33.28397308,"longitude":35.4922209,"coord_type":"general town","source_1":"https://t.me/mmirleb/15872","source_2":"","sources":""}},{"type":"Feature","geometry":{"type":"Point","coordinates":[35.1847612,33.165910309999994,0]},"properties":{"event_id":1505,"data_org":"Green","event_date":"2026-05-08T00:00:00.000Z","post_date":"2026-05-08T00:00:00.000Z","pub_date":"2026-05-08T00:00:00.000Z","actor":"Hezbollah","claimed":"TRUE","event_type":"Drone Attack","city":"Between Biyyadah and Mazraat Buyut as Sayad","province":"","country":"Lebanon","latitude":33.16591031,"longitude":35.1847612,"coord_type":"general town","source_1":"https://t.me/mmirleb/15873","source_2":"","sources":""}},{"type":"Feature","geometry":{"type":"Point","coordinates":[35.36216,33.143039999999985,0]},"properties":{"event_id":1506,"data_org":"Green","event_date":"2026-05-08T00:00:00.000Z","post_date":"2026-05-08T00:00:00.000Z","pub_date":"2026-05-08T00:00:00.000Z","actor":"Hezbollah","claimed":"TRUE","event_type":"Rocket Attack","city":"Rachaf","province":"","country":"Lebanon","latitude":33.14304,"longitude":35.36216,"coord_type":"general town","source_1":"https://t.me/mmirleb/15874","source_2":"","sources":""}},{"type":"Feature","geometry":{"type":"Point","coordinates":[35.1742689,33.16381480999999,0]},"properties":{"event_id":1507,"data_org":"Green","event_date":"2026-05-08T00:00:00.000Z","post_date":"2026-05-08T00:00:00.000Z","pub_date":"2026-05-08T00:00:00.000Z","actor":"Hezbollah","claimed":"TRUE","event_type":"Drone Attack","city":"Biyyadah","province":"","country":"Lebanon","latitude":33.16381481,"longitude":35.1742689,"coord_type":"general town","source_1":"https://t.me/mmirleb/15875","source_2":"","sources":""}},{"type":"Feature","geometry":{"type":"Point","coordinates":[35.36216,33.143039999999985,0]},"properties":{"event_id":1516,"data_org":"Green","event_date":"2026-05-08T00:00:00.000Z","post_date":"2026-05-08T00:00:00.000Z","pub_date":"2026-05-08T00:00:00.000Z","actor":"Hezbollah","claimed":"TRUE","event_type":"Mortar Attack","city":"Rachaf","province":"","country":"Lebanon","latitude":33.14304,"longitude":35.36216,"coord_type":"general town","source_1":"https://t.me/mmirleb/15877","source_2":"","sources":""}},{"type":"Feature","geometry":{"type":"Point","coordinates":[35.4372458,33.12195800000001,0]},"properties":{"event_id":1518,"data_org":"Green","event_date":"2026-05-08T00:00:00.000Z","post_date":"2026-05-08T00:00:00.000Z","pub_date":"2026-05-08T00:00:00.000Z","actor":"Hezbollah","claimed":"TRUE","event_type":"Rocket Attack","city":"Bint Jbeil","province":"","country":"Lebanon","latitude":33.121958,"longitude":35.4372458,"coord_type":"general town","source_1":"https://t.me/mmirleb/15883","source_2":"","sources":""}},{"type":"Feature","geometry":{"type":"Point","coordinates":[35.4372458,33.12195800000001,0]},"properties":{"event_id":1519,"data_org":"Green","event_date":"2026-05-08T00:00:00.000Z","post_date":"2026-05-08T00:00:00.000Z","pub_date":"2026-05-08T00:00:00.000Z","actor":"Hezbollah","claimed":"TRUE","event_type":"Mortar Attack","city":"Bint Jbeil","province":"","country":"Lebanon","latitude":33.121958,"longitude":35.4372458,"coord_type":"general town","source_1":"https://t.me/mmirleb/15883","source_2":"","sources":""}},{"type":"Feature","geometry":{"type":"Point","coordinates":[35.1742689,33.16381480999999,0]},"properties":{"event_id":1521,"data_org":"Green","event_date":"2026-05-08T00:00:00.000Z","post_date":"2026-05-08T00:00:00.000Z","pub_date":"2026-05-08T00:00:00.000Z","actor":"Hezbollah","claimed":"TRUE","event_type":"Drone Attack","city":"Biyyadah","province":"","country":"Lebanon","latitude":33.16381481,"longitude":35.1742689,"coord_type":"general town","source_1":"https://t.me/mmirleb/15884","source_2":"","sources":""}},{"type":"Feature","geometry":{"type":"Point","coordinates":[35.2184854,33.12675884,0]},"properties":{"event_id":1523,"data_org":"Green","event_date":"2026-05-08T00:00:00.000Z","post_date":"2026-05-08T00:00:00.000Z","pub_date":"2026-05-08T00:00:00.000Z","actor":"Hezbollah","claimed":"TRUE","event_type":"Drone Attack","city":"Tayr Harfa","province":"","country":"Lebanon","latitude":33.12675884,"longitude":35.2184854,"coord_type":"general town","source_1":"https://t.me/mmirleb/15888","source_2":"","sources":""}},{"type":"Feature","geometry":{"type":"Point","coordinates":[35.36216,33.143039999999985,0]},"properties":{"event_id":1524,"data_org":"Green","event_date":"2026-05-08T00:00:00.000Z","post_date":"2026-05-08T00:00:00.000Z","pub_date":"2026-05-08T00:00:00.000Z","actor":"Hezbollah","claimed":"TRUE","event_type":"Drone Attack","city":"Rachaf","province":"","country":"Lebanon","latitude":33.14304,"longitude":35.36216,"coord_type":"general town","source_1":"https://t.me/mmirleb/15889","source_2":"","sources":""}},{"type":"Feature","geometry":{"type":"Point","coordinates":[35.5186224,33.27658543,0]},"properties":{"event_id":1492,"data_org":"Green","event_date":"2026-05-07T00:00:00.000Z","post_date":"2026-05-07T00:00:00.000Z","pub_date":"2026-05-08T00:00:00.000Z","actor":"Hezbollah","claimed":"TRUE","event_type":"Drone Attack","city":"Taybeh","province":"","country":"Lebanon","latitude":33.27658543,"longitude":35.5186224,"coord_type":"general town","source_1":"https://t.me/mmirleb/15854","source_2":"","sources":""}},{"type":"Feature","geometry":{"type":"Point","coordinates":[35.1742689,33.16381480999999,0]},"properties":{"event_id":1494,"data_org":"Green","event_date":"2026-05-07T00:00:00.000Z","post_date":"2026-05-07T00:00:00.000Z","pub_date":"2026-05-08T00:00:00.000Z","actor":"Hezbollah","claimed":"TRUE","event_type":"Rocket Attack","city":"Biyyadah","province":"","country":"Lebanon","latitude":33.16381481,"longitude":35.1742689,"coord_type":"general town","source_1":"https://t.me/mmirleb/15855","source_2":"","sources":""}},{"type":"Feature","geometry":{"type":"Point","coordinates":[35.1742689,33.16381480999999,0]},"properties":{"event_id":1495,"data_org":"Green","event_date":"2026-05-07T00:00:00.000Z","post_date":"2026-05-07T00:00:00.000Z","pub_date":"2026-05-08T00:00:00.000Z","actor":"Hezbollah","claimed":"TRUE","event_type":"Mortar Attack","city":"Biyyadah","province":"","country":"Lebanon","latitude":33.16381481,"longitude":35.1742689,"coord_type":"general town","source_1":"https://t.me/mmirleb/15856","source_2":"","sources":""}},{"type":"Feature","geometry":{"type":"Point","coordinates":[35.36216,33.143039999999985,0]},"properties":{"event_id":9994,"data_org":"Green","event_date":"2026-05-09T00:00:00.000Z","post_date":"2026-05-09T00:00:00.000Z","pub_date":"2026-05-09T00:00:00.000Z","actor":"Hezbollah","claimed":"TRUE","event_type":"Mortar Attack","city":"Rachaf","province":"","country":"Lebanon","latitude":33.14304,"longitude":35.36216,"coord_type":"general town","source_1":"https://t.me/mmirleb/15907","source_2":"","sources":""}},{"type":"Feature","geometry":{"type":"Point","coordinates":[35.36216,33.143039999999985,0]},"properties":{"event_id":1535,"data_org":"Green","event_date":"2026-05-09T00:00:00.000Z","post_date":"2026-05-09T00:00:00.000Z","pub_date":"2026-05-09T00:00:00.000Z","actor":"Hezbollah","claimed":"TRUE","event_type":"Rocket Attack","city":"Rachaf","province":"","country":"Lebanon","latitude":33.14304,"longitude":35.36216,"coord_type":"general town","source_1":"https://t.me/mmirleb/15908","source_2":"","sources":""}},{"type":"Feature","geometry":{"type":"Point","coordinates":[35.36216,33.143039999999985,0]},"properties":{"event_id":9993,"data_org":"Green","event_date":"2026-05-09T00:00:00.000Z","post_date":"2026-05-09T00:00:00.000Z","pub_date":"2026-05-09T00:00:00.000Z","actor":"Hezbollah","claimed":"TRUE","event_type":"Mortar Attack","city":"Rachaf","province":"","country":"Lebanon","latitude":33.14304,"longitude":35.36216,"coord_type":"general town","source_1":"https://t.me/mmirleb/15918","source_2":"","sources":""}},{"type":"Feature","geometry":{"type":"Point","coordinates":[35.1742689,33.16381480999999,0]},"properties":{"event_id":1526,"data_org":"Green","event_date":"2026-05-09T00:00:00.000Z","post_date":"2026-05-09T00:00:00.000Z","pub_date":"2026-05-09T00:00:00.000Z","actor":"Hezbollah","claimed":"TRUE","event_type":"Mortar Attack","city":"Biyyadah","province":"","country":"Lebanon","latitude":33.16381481,"longitude":35.1742689,"coord_type":"general town","source_1":"https://t.me/mmirleb/15919","source_2":"","sources":""}},{"type":"Feature","geometry":{"type":"Point","coordinates":[35.499729,33.292021000000005,0]},"properties":{"event_id":1569,"data_org":"Green","event_date":"2026-05-09T00:00:00.000Z","post_date":"2026-05-09T00:00:00.000Z","pub_date":"2026-05-09T00:00:00.000Z","actor":"Hezbollah","claimed":"TRUE","event_type":"Rocket Attack","city":"Deir Seryan","province":"","country":"Lebanon","latitude":33.292021,"longitude":35.499729,"coord_type":"general town","source_1":"https://t.me/mmirleb/15935","source_2":"","sources":""}},{"type":"Feature","geometry":{"type":"Point","coordinates":[35.1742689,33.16381480999999,0]},"properties":{"event_id":1570,"data_org":"Green","event_date":"2026-05-09T00:00:00.000Z","post_date":"2026-05-09T00:00:00.000Z","pub_date":"2026-05-09T00:00:00.000Z","actor":"Hezbollah","claimed":"TRUE","event_type":"Drone Attack","city":"Biyyadah","province":"","country":"Lebanon","latitude":33.16381481,"longitude":35.1742689,"coord_type":"general town","source_1":"https://t.me/mmirleb/15936","source_2":"","sources":""}},{"type":"Feature","geometry":{"type":"Point","coordinates":[35.1498943,33.09635012,0]},"properties":{"event_id":1551,"data_org":"Green","event_date":"2026-05-08T00:00:00.000Z","post_date":"2026-05-08T00:00:00.000Z","pub_date":"2026-05-09T00:00:00.000Z","actor":"Hezbollah","claimed":"TRUE","event_type":"Drone Attack","city":"Labbouneh","province":"","country":"Lebanon","latitude":33.09635012,"longitude":35.1498943,"coord_type":"general town","source_1":"https://t.me/mmirleb/15891","source_2":"","sources":""}},{"type":"Feature","geometry":{"type":"Point","coordinates":[35.1742689,33.16381480999999,0]},"properties":{"event_id":1550,"data_org":"Green","event_date":"2026-05-08T00:00:00.000Z","post_date":"2026-05-08T00:00:00.000Z","pub_date":"2026-05-09T00:00:00.000Z","actor":"Hezbollah","claimed":"TRUE","event_type":"Drone Attack","city":"Biyyadah","province":"","country":"Lebanon","latitude":33.16381481,"longitude":35.1742689,"coord_type":"general town","source_1":"https://t.me/mmirleb/15892","source_2":"","sources":""}},{"type":"Feature","geometry":{"type":"Point","coordinates":[35.1742689,33.16381480999999,0]},"properties":{"event_id":1549,"data_org":"Green","event_date":"2026-05-08T00:00:00.000Z","post_date":"2026-05-08T00:00:00.000Z","pub_date":"2026-05-09T00:00:00.000Z","actor":"Hezbollah","claimed":"TRUE","event_type":"Drone Attack","city":"Biyyadah","province":"","country":"Lebanon","latitude":33.16381481,"longitude":35.1742689,"coord_type":"general town","source_1":"https://t.me/mmirleb/15893","source_2":"","sources":""}},{"type":"Feature","geometry":{"type":"Point","coordinates":[35.1742689,33.16381480999999,0]},"properties":{"event_id":1547,"data_org":"Green","event_date":"2026-05-08T00:00:00.000Z","post_date":"2026-05-08T00:00:00.000Z","pub_date":"2026-05-09T00:00:00.000Z","actor":"Hezbollah","claimed":"TRUE","event_type":"Drone Attack","city":"Biyyadah","province":"","country":"Lebanon","latitude":33.16381481,"longitude":35.1742689,"coord_type":"general town","source_1":"https://t.me/mmirleb/15894","source_2":"","sources":""}},{"type":"Feature","geometry":{"type":"Point","coordinates":[35.2083193,33.14540613999999,0]},"properties":{"event_id":1546,"data_org":"Green","event_date":"2026-05-08T00:00:00.000Z","post_date":"2026-05-08T00:00:00.000Z","pub_date":"2026-05-09T00:00:00.000Z","actor":"Hezbollah","claimed":"TRUE","event_type":"Drone Attack","city":"Chamaa","province":"","country":"Lebanon","latitude":33.14540614,"longitude":35.2083193,"coord_type":"general town","source_1":"https://t.me/mmirleb/15895","source_2":"","sources":""}},{"type":"Feature","geometry":{"type":"Point","coordinates":[35.1742689,33.16381480999999,0]},"properties":{"event_id":1545,"data_org":"Green","event_date":"2026-05-08T00:00:00.000Z","post_date":"2026-05-08T00:00:00.000Z","pub_date":"2026-05-09T00:00:00.000Z","actor":"Hezbollah","claimed":"TRUE","event_type":"Drone Attack","city":"Biyyadah","province":"","country":"Lebanon","latitude":33.16381481,"longitude":35.1742689,"coord_type":"general town","source_1":"https://t.me/mmirleb/15894","source_2":"","sources":""}},{"type":"Feature","geometry":{"type":"Point","coordinates":[35.227449,33.12958259999999,0]},"properties":{"event_id":1544,"data_org":"Green","event_date":"2026-05-08T00:00:00.000Z","post_date":"2026-05-08T00:00:00.000Z","pub_date":"2026-05-09T00:00:00.000Z","actor":"Hezbollah","claimed":"TRUE","event_type":"Rocket Attack","city":"Tayr Harfa","province":"","country":"Lebanon","latitude":33.1295826,"longitude":35.227449,"coord_type":"general town","source_1":"https://t.me/mmirleb/15897","source_2":"","sources":""}},{"type":"Feature","geometry":{"type":"Point","coordinates":[35.1742689,33.16381480999999,0]},"properties":{"event_id":1533,"data_org":"Green","event_date":"2026-05-08T00:00:00.000Z","post_date":"2026-05-08T00:00:00.000Z","pub_date":"2026-05-09T00:00:00.000Z","actor":"Hezbollah","claimed":"TRUE","event_type":"Rocket Attack","city":"Biyyadah","province":"","country":"Lebanon","latitude":33.16381481,"longitude":35.1742689,"coord_type":"general town","source_1":"https://t.me/mmirleb/15906","source_2":"","sources":""}},{"type":"Feature","geometry":{"type":"Point","coordinates":[35.499729,33.292021000000005,0]},"properties":{"event_id":1542,"data_org":"Green","event_date":"2026-05-08T00:00:00.000Z","post_date":"2026-05-08T00:00:00.000Z","pub_date":"2026-05-09T00:00:00.000Z","actor":"Hezbollah","claimed":"TRUE","event_type":"UNK","city":"Deir Seryan","province":"","country":"Lebanon","latitude":33.292021,"longitude":35.499729,"coord_type":"general town","source_1":"https://t.me/mmirleb/15902","source_2":"","sources":""}},{"type":"Feature","geometry":{"type":"Point","coordinates":[35.5247111,33.28229592999999,0]},"properties":{"event_id":1541,"data_org":"Green","event_date":"2026-05-08T00:00:00.000Z","post_date":"2026-05-08T00:00:00.000Z","pub_date":"2026-05-09T00:00:00.000Z","actor":"Hezbollah","claimed":"TRUE","event_type":"Anti-Tank Fire","city":"Tal Baidar al Fawqani, Taybeh","province":"","country":"Lebanon","latitude":33.28229593,"longitude":35.5247111,"coord_type":"general neighborhood","source_1":"https://t.me/mmirleb/15903","source_2":"","sources":""}},{"type":"Feature","geometry":{"type":"Point","coordinates":[35.6148058,33.330201120000005,0]},"properties":{"event_id":2254,"data_org":"Green","event_date":"2026-05-09T00:00:00.000Z","post_date":"2026-05-09T00:00:00.000Z","pub_date":"2026-05-10T00:00:00.000Z","actor":"Hezbollah","claimed":"TRUE","event_type":"Mortar Attack","city":"east of Khiam","province":"","country":"Lebanon","latitude":33.33020112,"longitude":35.6148058,"coord_type":"general town","source_1":"https://t.me/mmirleb/15937","source_2":"","sources":""}},{"type":"Feature","geometry":{"type":"Point","coordinates":[35.1742689,33.16381480999999,0]},"properties":{"event_id":2256,"data_org":"Green","event_date":"2026-05-09T00:00:00.000Z","post_date":"2026-05-09T00:00:00.000Z","pub_date":"2026-05-10T00:00:00.000Z","actor":"Hezbollah","claimed":"TRUE","event_type":"Drone Attack","city":"Biyyadah","province":"","country":"Lebanon","latitude":33.16381481,"longitude":35.1742689,"coord_type":"general town","source_1":"https://t.me/mmirleb/15940","source_2":"","sources":""}},{"type":"Feature","geometry":{"type":"Point","coordinates":[35.2184854,33.12675884,0]},"properties":{"event_id":2257,"data_org":"Green","event_date":"2026-05-09T00:00:00.000Z","post_date":"2026-05-09T00:00:00.000Z","pub_date":"2026-05-10T00:00:00.000Z","actor":"Hezbollah","claimed":"TRUE","event_type":"Drone Attack","city":"Tayr Harfa","province":"","country":"Lebanon","latitude":33.12675884,"longitude":35.2184854,"coord_type":"general town","source_1":"https://t.me/mmirleb/15941","source_2":"","sources":""}},{"type":"Feature","geometry":{"type":"Point","coordinates":[35.2083193,33.14540613999999,0]},"properties":{"event_id":2258,"data_org":"Green","event_date":"2026-05-09T00:00:00.000Z","post_date":"2026-05-09T00:00:00.000Z","pub_date":"2026-05-10T00:00:00.000Z","actor":"Hezbollah","claimed":"TRUE","event_type":"Drone Attack","city":"Chama","province":"","country":"Lebanon","latitude":33.14540614,"longitude":35.2083193,"coord_type":"general town","source_1":"https://t.me/mmirleb/15942","source_2":"","sources":""}},{"type":"Feature","geometry":{"type":"Point","coordinates":[35.1401119,33.11927448,0]},"properties":{"event_id":2260,"data_org":"Green","event_date":"2026-05-09T00:00:00.000Z","post_date":"2026-05-09T00:00:00.000Z","pub_date":"2026-05-10T00:00:00.000Z","actor":"Hezbollah","claimed":"TRUE","event_type":"Drone Attack","city":"Naqoura","province":"","country":"Lebanon","latitude":33.11927448,"longitude":35.1401119,"coord_type":"general town","source_1":"https://t.me/mmirleb/15944","source_2":"","sources":""}},{"type":"Feature","geometry":{"type":"Point","coordinates":[35.36216,33.143039999999985,0]},"properties":{"event_id":2261,"data_org":"Green","event_date":"2026-05-09T00:00:00.000Z","post_date":"2026-05-09T00:00:00.000Z","pub_date":"2026-05-10T00:00:00.000Z","actor":"Hezbollah","claimed":"TRUE","event_type":"Drone Attack","city":"Rachaf","province":"","country":"Lebanon","latitude":33.14304,"longitude":35.36216,"coord_type":"general town","source_1":"https://t.me/mmirleb/15945","source_2":"","sources":""}},{"type":"Feature","geometry":{"type":"Point","coordinates":[35.4997288,33.292020629999996,0]},"properties":{"event_id":2262,"data_org":"Green","event_date":"2026-05-10T00:00:00.000Z","post_date":"2026-05-10T00:00:00.000Z","pub_date":"2026-05-10T00:00:00.000Z","actor":"Hezbollah","claimed":"TRUE","event_type":"Drone Attack","city":"Khalla al Raj area, Deir Seryan","province":"","country":"Lebanon","latitude":33.29202063,"longitude":35.4997288,"coord_type":"general town","source_1":"https://t.me/mmirleb/15947","source_2":"https://t.me/mmirleb/16202","sources":""}},{"type":"Feature","geometry":{"type":"Point","coordinates":[35.6148058,33.330201120000005,0]},"properties":{"event_id":2263,"data_org":"Green","event_date":"2026-05-10T00:00:00.000Z","post_date":"2026-05-10T00:00:00.000Z","pub_date":"2026-05-10T00:00:00.000Z","actor":"Hezbollah","claimed":"TRUE","event_type":"Drone Attack","city":"Khiam","province":"","country":"Lebanon","latitude":33.33020112,"longitude":35.6148058,"coord_type":"general town","source_1":"https://t.me/mmirleb/15948","source_2":"","sources":""}},{"type":"Feature","geometry":{"type":"Point","coordinates":[35.6148058,33.330201120000005,0]},"properties":{"event_id":2264,"data_org":"Green","event_date":"2026-05-10T00:00:00.000Z","post_date":"2026-05-10T00:00:00.000Z","pub_date":"2026-05-10T00:00:00.000Z","actor":"Hezbollah","claimed":"TRUE","event_type":"Mortar Attack","city":"Khiam","province":"","country":"Lebanon","latitude":33.33020112,"longitude":35.6148058,"coord_type":"general town","source_1":"https://t.me/mmirleb/15949","source_2":"","sources":""}},{"type":"Feature","geometry":{"type":"Point","coordinates":[35.3625342,33.143856400000004,0]},"properties":{"event_id":2265,"data_org":"Green","event_date":"2026-05-01T00:00:00.000Z","post_date":"2026-05-10T00:00:00.000Z","pub_date":"2026-05-10T00:00:00.000Z","actor":"Hezbollah","claimed":"TRUE","event_type":"Drone Attack","city":"Rachaf","province":"","country":"Lebanon","latitude":33.1438564,"longitude":35.3625342,"coord_type":"exact","source_1":"https://t.me/mmirleb/15950","source_2":"https://x.com/federicoborsar1/status/2053490824541839696?s=20","sources":""}},{"type":"Feature","geometry":{"type":"Point","coordinates":[35.4372458,33.12195800000001,0]},"properties":{"event_id":2266,"data_org":"Green","event_date":"2026-05-10T00:00:00.000Z","post_date":"2026-05-10T00:00:00.000Z","pub_date":"2026-05-10T00:00:00.000Z","actor":"Hezbollah","claimed":"TRUE","event_type":"Drone Attack","city":"Bint Jbeil","province":"","country":"Lebanon","latitude":33.121958,"longitude":35.4372458,"coord_type":"general town","source_1":"https://t.me/mmirleb/15954","source_2":"https://t.me/mmirleb/16017","sources":""}},{"type":"Feature","geometry":{"type":"Point","coordinates":[35.4997288,33.292020629999996,0]},"properties":{"event_id":2267,"data_org":"Green","event_date":"2026-05-10T00:00:00.000Z","post_date":"2026-05-10T00:00:00.000Z","pub_date":"2026-05-10T00:00:00.000Z","actor":"Hezbollah","claimed":"TRUE","event_type":"Mortar Attack","city":"Khalla al Raj area, Deir Seryan","province":"","country":"Lebanon","latitude":33.29202063,"longitude":35.4997288,"coord_type":"general town","source_1":"https://t.me/mmirleb/15964","source_2":"","sources":""}},{"type":"Feature","geometry":{"type":"Point","coordinates":[35.36216,33.143039999999985,0]},"properties":{"event_id":2268,"data_org":"Green","event_date":"2026-05-10T00:00:00.000Z","post_date":"2026-05-10T00:00:00.000Z","pub_date":"2026-05-10T00:00:00.000Z","actor":"Hezbollah","claimed":"TRUE","event_type":"Anti-Tank Fire","city":"Rachaf","province":"","country":"Lebanon","latitude":33.14304,"longitude":35.36216,"coord_type":"general town","source_1":"https://t.me/mmirleb/15965","source_2":"","sources":""}},{"type":"Feature","geometry":{"type":"Point","coordinates":[35.36216,33.143039999999985,0]},"properties":{"event_id":2269,"data_org":"Green","event_date":"2026-05-10T00:00:00.000Z","post_date":"2026-05-10T00:00:00.000Z","pub_date":"2026-05-10T00:00:00.000Z","actor":"Hezbollah","claimed":"TRUE","event_type":"Rocket Attack","city":"Rachaf","province":"","country":"Lebanon","latitude":33.14304,"longitude":35.36216,"coord_type":"general town","source_1":"https://t.me/mmirleb/15966","source_2":"","sources":""}},{"type":"Feature","geometry":{"type":"Point","coordinates":[35.36216,33.143039999999985,0]},"properties":{"event_id":2270,"data_org":"Green","event_date":"2026-05-10T00:00:00.000Z","post_date":"2026-05-10T00:00:00.000Z","pub_date":"2026-05-10T00:00:00.000Z","actor":"Hezbollah","claimed":"TRUE","event_type":"Rocket Attack","city":"Rachaf","province":"","country":"Lebanon","latitude":33.14304,"longitude":35.36216,"coord_type":"general town","source_1":"https://t.me/mmirleb/15967","source_2":"","sources":""}},{"type":"Feature","geometry":{"type":"Point","coordinates":[35.5186224,33.27658543,0]},"properties":{"event_id":2271,"data_org":"Green","event_date":"2026-05-10T00:00:00.000Z","post_date":"2026-05-10T00:00:00.000Z","pub_date":"2026-05-10T00:00:00.000Z","actor":"Hezbollah","claimed":"TRUE","event_type":"Rocket Attack","city":"Baydar al Fawqani area, Taybeh","province":"","country":"Lebanon","latitude":33.27658543,"longitude":35.5186224,"coord_type":"general town","source_1":"https://t.me/mmirleb/15969","source_2":"","sources":""}},{"type":"Feature","geometry":{"type":"Point","coordinates":[35.2184854,33.12675884,0]},"properties":{"event_id":2291,"data_org":"Green","event_date":"2026-05-10T00:00:00.000Z","post_date":"2026-05-10T00:00:00.000Z","pub_date":"2026-05-10T00:00:00.000Z","actor":"Hezbollah","claimed":"TRUE","event_type":"Drone Attack","city":"Tayr Harfa","province":"","country":"Lebanon","latitude":33.12675884,"longitude":35.2184854,"coord_type":"general town","source_1":"https://t.me/mmirleb/15977","source_2":"","sources":"https://t.me/mmirleb/16330"}},{"type":"Feature","geometry":{"type":"Point","coordinates":[35.2184854,33.12675884,0]},"properties":{"event_id":2293,"data_org":"Green","event_date":"2026-05-10T00:00:00.000Z","post_date":"2026-05-10T00:00:00.000Z","pub_date":"2026-05-10T00:00:00.000Z","actor":"Hezbollah","claimed":"TRUE","event_type":"Drone Attack","city":"Tayr Harfa","province":"","country":"Lebanon","latitude":33.12675884,"longitude":35.2184854,"coord_type":"general town","source_1":"https://t.me/mmirleb/15978","source_2":"https://t.me/mmirleb/16330","sources":""}},{"type":"Feature","geometry":{"type":"Point","coordinates":[35.5670122,33.52736883,0]},"properties":{"event_id":2294,"data_org":"Green","event_date":"2026-05-10T00:00:00.000Z","post_date":"2026-05-10T00:00:00.000Z","pub_date":"2026-05-10T00:00:00.000Z","actor":"Hezbollah","claimed":"TRUE","event_type":"Drone Attack","city":"Biyyadah","province":"","country":"Lebanon","latitude":33.52736883,"longitude":35.5670122,"coord_type":"general town","source_1":"https://t.me/mmirleb/15979","source_2":"","sources":""}},{"type":"Feature","geometry":{"type":"Point","coordinates":[35.5670122,33.52736883,0]},"properties":{"event_id":2295,"data_org":"Green","event_date":"2026-05-10T00:00:00.000Z","post_date":"2026-05-10T00:00:00.000Z","pub_date":"2026-05-10T00:00:00.000Z","actor":"Hezbollah","claimed":"TRUE","event_type":"Drone Attack","city":"Biyyadah","province":"","country":"Lebanon","latitude":33.52736883,"longitude":35.5670122,"coord_type":"general town","source_1":"https://t.me/mmirleb/15980","source_2":"","sources":""}},{"type":"Feature","geometry":{"type":"Point","coordinates":[35.499729,33.292021000000005,0]},"properties":{"event_id":2296,"data_org":"Green","event_date":"2026-05-10T00:00:00.000Z","post_date":"2026-05-10T00:00:00.000Z","pub_date":"2026-05-10T00:00:00.000Z","actor":"Hezbollah","claimed":"TRUE","event_type":"Drone Attack","city":"Litani riverbank, Deir Seryan","province":"","country":"Lebanon","latitude":33.292021,"longitude":35.499729,"coord_type":"general town","source_1":"https://t.me/mmirleb/15981","source_2":"","sources":""}},{"type":"Feature","geometry":{"type":"Point","coordinates":[35.4997288,33.292020629999996,0]},"properties":{"event_id":2297,"data_org":"Green","event_date":"2026-05-10T00:00:00.000Z","post_date":"2026-05-10T00:00:00.000Z","pub_date":"2026-05-10T00:00:00.000Z","actor":"Hezbollah","claimed":"TRUE","event_type":"Drone Attack","city":"Khalla al Raj area, Deir Seryan","province":"","country":"Lebanon","latitude":33.29202063,"longitude":35.4997288,"coord_type":"general town","source_1":"https://t.me/mmirleb/15983","source_2":"","sources":""}},{"type":"Feature","geometry":{"type":"Point","coordinates":[35.1742689,33.16381480999999,0]},"properties":{"event_id":2298,"data_org":"Green","event_date":"2026-05-10T00:00:00.000Z","post_date":"2026-05-10T00:00:00.000Z","pub_date":"2026-05-10T00:00:00.000Z","actor":"Hezbollah","claimed":"TRUE","event_type":"Drone Attack","city":"Biyyadah","province":"","country":"Lebanon","latitude":33.16381481,"longitude":35.1742689,"coord_type":"general town","source_1":"https://t.me/mmirleb/15985","source_2":"","sources":""}},{"type":"Feature","geometry":{"type":"Point","coordinates":[35.1742689,33.16381480999999,0]},"properties":{"event_id":2299,"data_org":"Green","event_date":"2026-05-10T00:00:00.000Z","post_date":"2026-05-10T00:00:00.000Z","pub_date":"2026-05-10T00:00:00.000Z","actor":"Hezbollah","claimed":"TRUE","event_type":"Drone Attack","city":"Biyyadah","province":"","country":"Lebanon","latitude":33.16381481,"longitude":35.1742689,"coord_type":"general town","source_1":"https://t.me/mmirleb/15987","source_2":"","sources":""}},{"type":"Feature","geometry":{"type":"Point","coordinates":[35.2900125,33.113856459999994,0]},"properties":{"event_id":2305,"data_org":"Green","event_date":"2026-05-10T00:00:00.000Z","post_date":"2026-05-10T00:00:00.000Z","pub_date":"2026-05-11T00:00:00.000Z","actor":"Hezbollah","claimed":"TRUE","event_type":"Drone Attack","city":"Jabal Blat (Marwahin)","province":"","country":"Lebanon","latitude":33.11385646,"longitude":35.2900125,"coord_type":"exact","source_1":"https://t.me/mmirleb/15991","source_2":"","sources":""}},{"type":"Feature","geometry":{"type":"Point","coordinates":[35.1431494,33.12649946,0]},"properties":{"event_id":2306,"data_org":"Green","event_date":"2026-05-10T00:00:00.000Z","post_date":"2026-05-10T00:00:00.000Z","pub_date":"2026-05-11T00:00:00.000Z","actor":"Hezbollah","claimed":"TRUE","event_type":"Drone Attack","city":"Naqoura","province":"","country":"Lebanon","latitude":33.12649946,"longitude":35.1431494,"coord_type":"exact","source_1":"https://t.me/mmirleb/15992","source_2":"","sources":""}},{"type":"Feature","geometry":{"type":"Point","coordinates":[35.1742689,33.16381480999999,0]},"properties":{"event_id":2307,"data_org":"Green","event_date":"2026-05-10T00:00:00.000Z","post_date":"2026-05-10T00:00:00.000Z","pub_date":"2026-05-11T00:00:00.000Z","actor":"Hezbollah","claimed":"TRUE","event_type":"Rocket Attack","city":"Biyyadah","province":"","country":"Lebanon","latitude":33.16381481,"longitude":35.1742689,"coord_type":"general town","source_1":"https://t.me/mmirleb/15993","source_2":"","sources":""}},{"type":"Feature","geometry":{"type":"Point","coordinates":[35.6148058,33.330201120000005,0]},"properties":{"event_id":2308,"data_org":"Green","event_date":"2026-05-10T00:00:00.000Z","post_date":"2026-05-10T00:00:00.000Z","pub_date":"2026-05-11T00:00:00.000Z","actor":"Hezbollah","claimed":"TRUE","event_type":"Drone Attack","city":"Khiam","province":"","country":"Lebanon","latitude":33.33020112,"longitude":35.6148058,"coord_type":"general town","source_1":"https://t.me/mmirleb/15997","source_2":"","sources":""}},{"type":"Feature","geometry":{"type":"Point","coordinates":[35.4997288,33.292020629999996,0]},"properties":{"event_id":2309,"data_org":"Green","event_date":"2026-05-10T00:00:00.000Z","post_date":"2026-05-10T00:00:00.000Z","pub_date":"2026-05-11T00:00:00.000Z","actor":"Hezbollah","claimed":"TRUE","event_type":"Drone Attack","city":"Khalla al Raj area, Deir Seryan","province":"","country":"Lebanon","latitude":33.29202063,"longitude":35.4997288,"coord_type":"general town","source_1":"https://t.me/mmirleb/15998","source_2":"","sources":""}},{"type":"Feature","geometry":{"type":"Point","coordinates":[35.5186224,33.27658543,0]},"properties":{"event_id":2310,"data_org":"Green","event_date":"2026-05-10T00:00:00.000Z","post_date":"2026-05-11T00:00:00.000Z","pub_date":"2026-05-11T00:00:00.000Z","actor":"Hezbollah","claimed":"TRUE","event_type":"Drone Attack","city":"Taybeh","province":"","country":"Lebanon","latitude":33.27658543,"longitude":35.5186224,"coord_type":"general town","source_1":"https://t.me/mmirleb/16000","source_2":"","sources":""}},{"type":"Feature","geometry":{"type":"Point","coordinates":[35.5186224,33.27658543,0]},"properties":{"event_id":2311,"data_org":"Green","event_date":"2026-05-11T00:00:00.000Z","post_date":"2026-05-11T00:00:00.000Z","pub_date":"2026-05-11T00:00:00.000Z","actor":"Hezbollah","claimed":"TRUE","event_type":"Drone Attack","city":"Taybeh","province":"","country":"Lebanon","latitude":33.27658543,"longitude":35.5186224,"coord_type":"general town","source_1":"https://t.me/mmirleb/16001","source_2":"","sources":""}},{"type":"Feature","geometry":{"type":"Point","coordinates":[35.5186224,33.27658543,0]},"properties":{"event_id":2312,"data_org":"Green","event_date":"2026-05-11T00:00:00.000Z","post_date":"2026-05-11T00:00:00.000Z","pub_date":"2026-05-11T00:00:00.000Z","actor":"Hezbollah","claimed":"TRUE","event_type":"Drone Attack","city":"Taybeh","province":"","country":"Lebanon","latitude":33.27658543,"longitude":35.5186224,"coord_type":"general town","source_1":"https://t.me/mmirleb/16002","source_2":"","sources":""}},{"type":"Feature","geometry":{"type":"Point","coordinates":[35.3583237,33.15384305,0]},"properties":{"event_id":2316,"data_org":"Green","event_date":"2026-05-11T00:00:00.000Z","post_date":"2026-05-11T00:00:00.000Z","pub_date":"2026-05-11T00:00:00.000Z","actor":"Hezbollah","claimed":"TRUE","event_type":"Rocket Attack","city":"Srebbine","province":"","country":"Lebanon","latitude":33.15384305,"longitude":35.3583237,"coord_type":"general town","source_1":"https://t.me/mmirleb/16003","source_2":"","sources":""}},{"type":"Feature","geometry":{"type":"Point","coordinates":[35.36216,33.143039999999985,0]},"properties":{"event_id":2319,"data_org":"Green","event_date":"2026-05-11T00:00:00.000Z","post_date":"2026-05-11T00:00:00.000Z","pub_date":"2026-05-11T00:00:00.000Z","actor":"Hezbollah","claimed":"TRUE","event_type":"Drone Attack","city":"Rachaf","province":"","country":"Lebanon","latitude":33.14304,"longitude":35.36216,"coord_type":"general town","source_1":"https://t.me/mmirleb/16010","source_2":"","sources":""}},{"type":"Feature","geometry":{"type":"Point","coordinates":[35.36216,33.143039999999985,0]},"properties":{"event_id":2322,"data_org":"Green","event_date":"2026-05-11T00:00:00.000Z","post_date":"2026-05-11T00:00:00.000Z","pub_date":"2026-05-11T00:00:00.000Z","actor":"Hezbollah","claimed":"TRUE","event_type":"Rocket Attack","city":"Rachaf","province":"","country":"Lebanon","latitude":33.14304,"longitude":35.36216,"coord_type":"general town","source_1":"https://t.me/mmirleb/16015","source_2":"","sources":""}},{"type":"Feature","geometry":{"type":"Point","coordinates":[35.139772400000005,33.118994820000005,0]},"properties":{"event_id":2324,"data_org":"Green","event_date":"2026-05-11T00:00:00.000Z","post_date":"2026-05-11T00:00:00.000Z","pub_date":"2026-05-11T00:00:00.000Z","actor":"Hezbollah","claimed":"TRUE","event_type":"Drone Attack","city":"Naqoura","province":"","country":"Lebanon","latitude":33.11899482,"longitude":35.1397724,"coord_type":"general town","source_1":"https://t.me/mmirleb/16016","source_2":"","sources":""}},{"type":"Feature","geometry":{"type":"Point","coordinates":[35.214487,33.125657999999994,0]},"properties":{"event_id":2335,"data_org":"Green","event_date":"2026-05-11T00:00:00.000Z","post_date":"2026-05-11T00:00:00.000Z","pub_date":"2026-05-11T00:00:00.000Z","actor":"Hezbollah","claimed":"TRUE","event_type":"Drone Attack","city":"Tayr Harfa","province":"","country":"Lebanon","latitude":33.125658,"longitude":35.214487,"coord_type":"exact","source_1":"https://t.me/mmirleb/16020","source_2":"","sources":"https://www.timesofisrael dot com/idf-says-it-carried-out-weeklong-raid-on-hezbollah-sites-beyond-leban…"}},{"type":"Feature","geometry":{"type":"Point","coordinates":[35.1742689,33.16381480999999,0]},"properties":{"event_id":2336,"data_org":"Green","event_date":"2026-05-11T00:00:00.000Z","post_date":"2026-05-11T00:00:00.000Z","pub_date":"2026-05-11T00:00:00.000Z","actor":"Hezbollah","claimed":"TRUE","event_type":"Drone Attack","city":"east of Biyyadah","province":"","country":"Lebanon","latitude":33.16381481,"longitude":35.1742689,"coord_type":"general town","source_1":"https://t.me/mmirleb/16021","source_2":"","sources":""}},{"type":"Feature","geometry":{"type":"Point","coordinates":[35.2184854,33.12675884,0]},"properties":{"event_id":2337,"data_org":"Green","event_date":"2026-05-11T00:00:00.000Z","post_date":"2026-05-11T00:00:00.000Z","pub_date":"2026-05-11T00:00:00.000Z","actor":"Hezbollah","claimed":"TRUE","event_type":"Drone Attack","city":"Tayr Harfa","province":"","country":"Lebanon","latitude":33.12675884,"longitude":35.2184854,"coord_type":"general town","source_1":"https://t.me/mmirleb/16022","source_2":"","sources":""}},{"type":"Feature","geometry":{"type":"Point","coordinates":[35.2184854,33.12675884,0]},"properties":{"event_id":2338,"data_org":"Green","event_date":"2026-05-11T00:00:00.000Z","post_date":"2026-05-11T00:00:00.000Z","pub_date":"2026-05-11T00:00:00.000Z","actor":"Hezbollah","claimed":"TRUE","event_type":"Drone Attack","city":"Tayr Harfa","province":"","country":"Lebanon","latitude":33.12675884,"longitude":35.2184854,"coord_type":"general town","source_1":"https://t.me/mmirleb/16023","source_2":"","sources":"https://t.me/mmirleb/16330"}},{"type":"Feature","geometry":{"type":"Point","coordinates":[35.1576091,33.14445808999999,0]},"properties":{"event_id":2339,"data_org":"Green","event_date":"2026-05-11T00:00:00.000Z","post_date":"2026-05-11T00:00:00.000Z","pub_date":"2026-05-11T00:00:00.000Z","actor":"Hezbollah","claimed":"TRUE","event_type":"Drone Attack","city":"Biyyadah-Naqoura Road","province":"","country":"Lebanon","latitude":33.14445809,"longitude":35.1576091,"coord_type":"general town","source_1":"https://t.me/mmirleb/16024","source_2":"","sources":""}},{"type":"Feature","geometry":{"type":"Point","coordinates":[35.1576091,33.14445808999999,0]},"properties":{"event_id":2340,"data_org":"Green","event_date":"2026-05-11T00:00:00.000Z","post_date":"2026-05-11T00:00:00.000Z","pub_date":"2026-05-11T00:00:00.000Z","actor":"Hezbollah","claimed":"TRUE","event_type":"Rocket Attack","city":"Biyyadah-Naqoura Road","province":"","country":"Lebanon","latitude":33.14445809,"longitude":35.1576091,"coord_type":"general town","source_1":"https://t.me/mmirleb/16024","source_2":"","sources":""}},{"type":"Feature","geometry":{"type":"Point","coordinates":[35.1742689,33.16381480999999,0]},"properties":{"event_id":2341,"data_org":"Green","event_date":"2026-05-11T00:00:00.000Z","post_date":"2026-05-11T00:00:00.000Z","pub_date":"2026-05-11T00:00:00.000Z","actor":"Hezbollah","claimed":"TRUE","event_type":"Drone Attack","city":"Biyyadah","province":"","country":"Lebanon","latitude":33.16381481,"longitude":35.1742689,"coord_type":"general town","source_1":"https://t.me/mmirleb/16025","source_2":"","sources":""}},{"type":"Feature","geometry":{"type":"Point","coordinates":[35.139772400000005,33.118994820000005,0]},"properties":{"event_id":2342,"data_org":"Green","event_date":"2026-05-11T00:00:00.000Z","post_date":"2026-05-11T00:00:00.000Z","pub_date":"2026-05-11T00:00:00.000Z","actor":"Hezbollah","claimed":"TRUE","event_type":"Drone Attack","city":"Naqoura","province":"","country":"Lebanon","latitude":33.11899482,"longitude":35.1397724,"coord_type":"general town","source_1":"https://t.me/mmirleb/16026","source_2":"","sources":""}},{"type":"Feature","geometry":{"type":"Point","coordinates":[35.4844999,33.308953429999995,0]},"properties":{"event_id":2344,"data_org":"Green","event_date":"2026-05-11T00:00:00.000Z","post_date":"2026-05-11T00:00:00.000Z","pub_date":"2026-05-11T00:00:00.000Z","actor":"Hezbollah","claimed":"TRUE","event_type":"Drone Attack","city":"Deir Seryan/Litani riverbank","province":"","country":"Lebanon","latitude":33.30895343,"longitude":35.4844999,"coord_type":"general neighborhood","source_1":"https://t.me/mmirleb/16027","source_2":"","sources":""}},{"type":"Feature","geometry":{"type":"Point","coordinates":[35.1742689,33.16381480999999,0]},"properties":{"event_id":2345,"data_org":"Green","event_date":"2026-05-11T00:00:00.000Z","post_date":"2026-05-11T00:00:00.000Z","pub_date":"2026-05-11T00:00:00.000Z","actor":"Hezbollah","claimed":"TRUE","event_type":"Drone Attack","city":"Biyyadah","province":"","country":"Lebanon","latitude":33.16381481,"longitude":35.1742689,"coord_type":"general town","source_1":"https://t.me/mmirleb/16028","source_2":"","sources":""}},{"type":"Feature","geometry":{"type":"Point","coordinates":[35.543404100000004,33.25532602999999,0]},"properties":{"event_id":2346,"data_org":"Green","event_date":"2026-05-11T00:00:00.000Z","post_date":"2026-05-11T00:00:00.000Z","pub_date":"2026-05-11T00:00:00.000Z","actor":"Hezbollah","claimed":"TRUE","event_type":"Drone Attack","city":"Odaisseh","province":"","country":"Lebanon","latitude":33.25532603,"longitude":35.5434041,"coord_type":"general town","source_1":"https://t.me/mmirleb/16029","source_2":"","sources":""}},{"type":"Feature","geometry":{"type":"Point","coordinates":[35.1576091,33.14445808999999,0]},"properties":{"event_id":2347,"data_org":"Green","event_date":"2026-05-11T00:00:00.000Z","post_date":"2026-05-11T00:00:00.000Z","pub_date":"2026-05-11T00:00:00.000Z","actor":"Hezbollah","claimed":"TRUE","event_type":"Mortar Attack","city":"Biyyadah-Naqoura Road","province":"","country":"Lebanon","latitude":33.14445809,"longitude":35.1576091,"coord_type":"general town","source_1":"https://t.me/mmirleb/16030","source_2":"","sources":""}},{"type":"Feature","geometry":{"type":"Point","coordinates":[35.1742689,33.16381480999999,0]},"properties":{"event_id":2349,"data_org":"Green","event_date":"2026-05-11T00:00:00.000Z","post_date":"2026-05-11T00:00:00.000Z","pub_date":"2026-05-11T00:00:00.000Z","actor":"Hezbollah","claimed":"TRUE","event_type":"Rocket Attack","city":"Biyyadah","province":"","country":"Lebanon","latitude":33.16381481,"longitude":35.1742689,"coord_type":"general town","source_1":"https://t.me/mmirleb/16034","source_2":"","sources":""}},{"type":"Feature","geometry":{"type":"Point","coordinates":[35.1742689,33.16381480999999,0]},"properties":{"event_id":2362,"data_org":"Green","event_date":"2026-05-11T00:00:00.000Z","post_date":"2026-05-11T00:00:00.000Z","pub_date":"2026-05-12T00:00:00.000Z","actor":"Hezbollah","claimed":"TRUE","event_type":"Anti-Tank Fire","city":"Biyyadah","province":"","country":"Lebanon","latitude":33.16381481,"longitude":35.1742689,"coord_type":"general town","source_1":"https://t.me/mmirleb/16045","source_2":"https://t.me/mmirleb/16359","sources":""}},{"type":"Feature","geometry":{"type":"Point","coordinates":[35.4844999,33.308953429999995,0]},"properties":{"event_id":2363,"data_org":"Green","event_date":"2026-05-12T00:00:00.000Z","post_date":"2026-05-12T00:00:00.000Z","pub_date":"2026-05-12T00:00:00.000Z","actor":"Hezbollah","claimed":"TRUE","event_type":"Rocket Attack","city":"Deir Seryan/Litani riverbank","province":"","country":"Lebanon","latitude":33.30895343,"longitude":35.4844999,"coord_type":"general neighborhood","source_1":"https://t.me/mmirleb/16046","source_2":"","sources":""}},{"type":"Feature","geometry":{"type":"Point","coordinates":[35.51666,33.20961354999999,0]},"properties":{"event_id":2370,"data_org":"Green","event_date":"2026-05-11T00:00:00.000Z","post_date":"2026-05-12T00:00:00.000Z","pub_date":"2026-05-12T00:00:00.000Z","actor":"Hezbollah","claimed":"TRUE","event_type":"Anti-Tank Fire","city":"Houla","province":"","country":"Lebanon","latitude":33.20961355,"longitude":35.51666,"coord_type":"general town","source_1":"https://t.me/mmirleb/16059","source_2":"","sources":""}},{"type":"Feature","geometry":{"type":"Point","coordinates":[35.143084,33.12630641,0]},"properties":{"event_id":2379,"data_org":"Green","event_date":"2026-05-12T00:00:00.000Z","post_date":"2026-05-12T00:00:00.000Z","pub_date":"2026-05-12T00:00:00.000Z","actor":"Hezbollah","claimed":"TRUE","event_type":"Drone Attack","city":"Naqoura Port","province":"","country":"Lebanon","latitude":33.12630641,"longitude":35.143084,"coord_type":"general neighborhood","source_1":"https://t.me/mmirleb/16063","source_2":"https://t.me/mmirleb/16216","sources":""}},{"type":"Feature","geometry":{"type":"Point","coordinates":[35.1742689,33.16381480999999,0]},"properties":{"event_id":2380,"data_org":"Green","event_date":"2026-05-12T00:00:00.000Z","post_date":"2026-05-12T00:00:00.000Z","pub_date":"2026-05-12T00:00:00.000Z","actor":"Hezbollah","claimed":"TRUE","event_type":"Drone Attack","city":"Biyyadah","province":"","country":"Lebanon","latitude":33.16381481,"longitude":35.1742689,"coord_type":"general town","source_1":"https://t.me/mmirleb/16064","source_2":"","sources":""}},{"type":"Feature","geometry":{"type":"Point","coordinates":[35.1742689,33.16381480999999,0]},"properties":{"event_id":2382,"data_org":"Green","event_date":"2026-05-12T00:00:00.000Z","post_date":"2026-05-12T00:00:00.000Z","pub_date":"2026-05-12T00:00:00.000Z","actor":"Hezbollah","claimed":"TRUE","event_type":"Drone Attack","city":"Biyyadah","province":"","country":"Lebanon","latitude":33.16381481,"longitude":35.1742689,"coord_type":"general town","source_1":"https://t.me/mmirleb/16068","source_2":"","sources":""}},{"type":"Feature","geometry":{"type":"Point","coordinates":[35.5186224,33.27658543,0]},"properties":{"event_id":2386,"data_org":"Green","event_date":"2026-05-12T00:00:00.000Z","post_date":"2026-05-12T00:00:00.000Z","pub_date":"2026-05-12T00:00:00.000Z","actor":"Hezbollah","claimed":"TRUE","event_type":"UNK","city":"Taybeh","province":"","country":"Lebanon","latitude":33.27658543,"longitude":35.5186224,"coord_type":"general town","source_1":"https://t.me/mmirleb/16074","source_2":"","sources":""}},{"type":"Feature","geometry":{"type":"Point","coordinates":[35.36216,33.143039999999985,0]},"properties":{"event_id":2388,"data_org":"Green","event_date":"2026-05-12T00:00:00.000Z","post_date":"2026-05-12T00:00:00.000Z","pub_date":"2026-05-12T00:00:00.000Z","actor":"Hezbollah","claimed":"TRUE","event_type":"Rocket Attack","city":"Rachaf","province":"","country":"Lebanon","latitude":33.14304,"longitude":35.36216,"coord_type":"general town","source_1":"https://t.me/mmirleb/16075","source_2":"","sources":""}},{"type":"Feature","geometry":{"type":"Point","coordinates":[35.5186224,33.27658543,0]},"properties":{"event_id":2389,"data_org":"Green","event_date":"2026-05-12T00:00:00.000Z","post_date":"2026-05-12T00:00:00.000Z","pub_date":"2026-05-12T00:00:00.000Z","actor":"Hezbollah","claimed":"TRUE","event_type":"UNK","city":"Taybeh","province":"","country":"Lebanon","latitude":33.27658543,"longitude":35.5186224,"coord_type":"general town","source_1":"https://t.me/mmirleb/16077","source_2":"","sources":""}},{"type":"Feature","geometry":{"type":"Point","coordinates":[35.2900125,33.113856459999994,0]},"properties":{"event_id":2390,"data_org":"Green","event_date":"2026-05-12T00:00:00.000Z","post_date":"2026-05-12T00:00:00.000Z","pub_date":"2026-05-12T00:00:00.000Z","actor":"Hezbollah","claimed":"TRUE","event_type":"Rocket Attack","city":"Jabal Blat (Marwahin)","province":"","country":"Lebanon","latitude":33.11385646,"longitude":35.2900125,"coord_type":"exact","source_1":"https://t.me/mmirleb/16078","source_2":"","sources":""}},{"type":"Feature","geometry":{"type":"Point","coordinates":[35.3443979,33.11780317,0]},"properties":{"event_id":2392,"data_org":"Green","event_date":"2026-05-12T00:00:00.000Z","post_date":"2026-05-12T00:00:00.000Z","pub_date":"2026-05-12T00:00:00.000Z","actor":"Hezbollah","claimed":"TRUE","event_type":"Drone Attack","city":"Qouzah","province":"","country":"Lebanon","latitude":33.11780317,"longitude":35.3443979,"coord_type":"general town","source_1":"https://t.me/mmirleb/16082","source_2":"","sources":""}},{"type":"Feature","geometry":{"type":"Point","coordinates":[35.36216,33.143039999999985,0]},"properties":{"event_id":2393,"data_org":"Green","event_date":"2026-05-12T00:00:00.000Z","post_date":"2026-05-12T00:00:00.000Z","pub_date":"2026-05-12T00:00:00.000Z","actor":"Hezbollah","claimed":"TRUE","event_type":"Drone Attack","city":"Rachaf","province":"","country":"Lebanon","latitude":33.14304,"longitude":35.36216,"coord_type":"general town","source_1":"https://t.me/mmirleb/16083","source_2":"","sources":""}},{"type":"Feature","geometry":{"type":"Point","coordinates":[35.2184854,33.12675884,0]},"properties":{"event_id":2403,"data_org":"Green","event_date":"2026-05-12T00:00:00.000Z","post_date":"2026-05-12T00:00:00.000Z","pub_date":"2026-05-13T00:00:00.000Z","actor":"Hezbollah","claimed":"TRUE","event_type":"Drone Attack","city":"Tayr Harfa","province":"","country":"Lebanon","latitude":33.12675884,"longitude":35.2184854,"coord_type":"general town","source_1":"https://t.me/mmirleb/16089","source_2":"https://t.me/mmirleb/16196","sources":""}},{"type":"Feature","geometry":{"type":"Point","coordinates":[35.154943,33.14084443,0]},"properties":{"event_id":2404,"data_org":"Green","event_date":"2026-05-12T00:00:00.000Z","post_date":"2026-05-12T00:00:00.000Z","pub_date":"2026-05-13T00:00:00.000Z","actor":"Hezbollah","claimed":"TRUE","event_type":"Drone Attack","city":"Naqoura-Iskandarouneh road","province":"","country":"Lebanon","latitude":33.14084443,"longitude":35.154943,"coord_type":"general town","source_1":"https://t.me/mmirleb/16090","source_2":"","sources":"https://x.com/geo27752/status/2055736749347811632?s=20"}},{"type":"Feature","geometry":{"type":"Point","coordinates":[35.1684512,33.15499421,0]},"properties":{"event_id":2405,"data_org":"Green","event_date":"2026-05-12T00:00:00.000Z","post_date":"2026-05-12T00:00:00.000Z","pub_date":"2026-05-13T00:00:00.000Z","actor":"Hezbollah","claimed":"TRUE","event_type":"Drone Attack","city":"Iskandarouneh","province":"","country":"Lebanon","latitude":33.15499421,"longitude":35.1684512,"coord_type":"general town","source_1":"https://t.me/mmirleb/16091","source_2":"","sources":""}},{"type":"Feature","geometry":{"type":"Point","coordinates":[35.527297,33.28601799999999,0]},"properties":{"event_id":2400,"data_org":"Green","event_date":"2026-05-11T00:00:00.000Z","post_date":"2026-05-12T00:00:00.000Z","pub_date":"2026-05-13T00:00:00.000Z","actor":"Hezbollah","claimed":"TRUE","event_type":"Drone Attack","city":"Taybeh","province":"","country":"Lebanon","latitude":33.286018,"longitude":35.527297,"coord_type":"exact","source_1":"https://x.com/war_noir/status/2054281914987511887?s=20","source_2":"https://x.com/WillUnderhill23/status/2054486652337140167?s=20","sources":""}},{"type":"Feature","geometry":{"type":"Point","coordinates":[35.1846537,33.16581906,0]},"properties":{"event_id":2406,"data_org":"Green","event_date":"2026-05-12T00:00:00.000Z","post_date":"2026-05-12T00:00:00.000Z","pub_date":"2026-05-13T00:00:00.000Z","actor":"Hezbollah","claimed":"TRUE","event_type":"Anti-Tank Fire, Rocket, and Mortar Attack","city":"Between Mazraat Byout el Saiyad and Biyyadah","province":"","country":"Lebanon","latitude":33.16581906,"longitude":35.1846537,"coord_type":"general town","source_1":"https://t.me/mmirleb/16092","source_2":"","sources":""}},{"type":"Feature","geometry":{"type":"Point","coordinates":[35.1742689,33.16381480999999,0]},"properties":{"event_id":2407,"data_org":"Green","event_date":"2026-05-12T00:00:00.000Z","post_date":"2026-05-12T00:00:00.000Z","pub_date":"2026-05-13T00:00:00.000Z","actor":"Hezbollah","claimed":"TRUE","event_type":"Drone Attack","city":"Biyyadah","province":"","country":"Lebanon","latitude":33.16381481,"longitude":35.1742689,"coord_type":"general town","source_1":"https://t.me/mmirleb/16093","source_2":"","sources":""}},{"type":"Feature","geometry":{"type":"Point","coordinates":[35.1846537,33.16581906,0]},"properties":{"event_id":2408,"data_org":"Green","event_date":"2026-05-12T00:00:00.000Z","post_date":"2026-05-12T00:00:00.000Z","pub_date":"2026-05-13T00:00:00.000Z","actor":"Hezbollah","claimed":"TRUE","event_type":"Mortar/Rocket Attack","city":"Between Mazraat Byout el Saiyad and Biyyadah","province":"","country":"Lebanon","latitude":33.16581906,"longitude":35.1846537,"coord_type":"general town","source_1":"https://t.me/mmirleb/16096","source_2":"","sources":""}},{"type":"Feature","geometry":{"type":"Point","coordinates":[35.1846537,33.16581906,0]},"properties":{"event_id":2409,"data_org":"Green","event_date":"2026-05-12T00:00:00.000Z","post_date":"2026-05-12T00:00:00.000Z","pub_date":"2026-05-13T00:00:00.000Z","actor":"Hezbollah","claimed":"TRUE","event_type":"Mortar/Rocket Attack","city":"Between Mazraat Byout el Saiyad and Biyyadah","province":"","country":"Lebanon","latitude":33.16581906,"longitude":35.1846537,"coord_type":"general town","source_1":"https://t.me/mmirleb/16097","source_2":"","sources":""}},{"type":"Feature","geometry":{"type":"Point","coordinates":[35.3576213,33.15363270999999,0]},"properties":{"event_id":2410,"data_org":"Green","event_date":"2026-05-12T00:00:00.000Z","post_date":"2026-05-13T00:00:00.000Z","pub_date":"2026-05-13T00:00:00.000Z","actor":"Hezbollah","claimed":"TRUE","event_type":"Rocket Attack","city":"Between Wadi al Ayoun and Srebbine","province":"","country":"Lebanon","latitude":33.15363271,"longitude":35.3576213,"coord_type":"general town","source_1":"https://t.me/mmirleb/16100","source_2":"","sources":""}},{"type":"Feature","geometry":{"type":"Point","coordinates":[35.3543657,33.13476961,0]},"properties":{"event_id":2411,"data_org":"Green","event_date":"2026-05-12T00:00:00.000Z","post_date":"2026-05-13T00:00:00.000Z","pub_date":"2026-05-13T00:00:00.000Z","actor":"Hezbollah","claimed":"TRUE","event_type":"Anti-Tank Fire","city":"Wadi al Ayoun","province":"","country":"Lebanon","latitude":33.13476961,"longitude":35.3543657,"coord_type":"general neighborhood","source_1":"https://t.me/mmirleb/16101","source_2":"","sources":""}},{"type":"Feature","geometry":{"type":"Point","coordinates":[35.4997288,33.292020629999996,0]},"properties":{"event_id":2414,"data_org":"Green","event_date":"2026-05-13T00:00:00.000Z","post_date":"2026-05-13T00:00:00.000Z","pub_date":"2026-05-13T00:00:00.000Z","actor":"Hezbollah","claimed":"TRUE","event_type":"Drone Attack","city":"Khalla al Raj area, Deir Seryan","province":"","country":"Lebanon","latitude":33.29202063,"longitude":35.4997288,"coord_type":"general town","source_1":"https://t.me/mmirleb/16102","source_2":"","sources":""}},{"type":"Feature","geometry":{"type":"Point","coordinates":[35.36216,33.143039999999985,0]},"properties":{"event_id":2415,"data_org":"Green","event_date":"2026-05-13T00:00:00.000Z","post_date":"2026-05-13T00:00:00.000Z","pub_date":"2026-05-13T00:00:00.000Z","actor":"Hezbollah","claimed":"TRUE","event_type":"Drone Attack","city":"Rachaf","province":"","country":"Lebanon","latitude":33.14304,"longitude":35.36216,"coord_type":"general town","source_1":"https://t.me/mmirleb/16103","source_2":"","sources":""}},{"type":"Feature","geometry":{"type":"Point","coordinates":[35.4372458,33.12195800000001,0]},"properties":{"event_id":2417,"data_org":"Green","event_date":"2026-05-13T00:00:00.000Z","post_date":"2026-05-13T00:00:00.000Z","pub_date":"2026-05-13T00:00:00.000Z","actor":"Hezbollah","claimed":"TRUE","event_type":"Drone Attack","city":"Moussa Abbas complex, Bint Jbeil","province":"","country":"Lebanon","latitude":33.121958,"longitude":35.4372458,"coord_type":"general town","source_1":"https://t.me/mmirleb/16104","source_2":"","sources":""}},{"type":"Feature","geometry":{"type":"Point","coordinates":[35.3443979,33.11780317,0]},"properties":{"event_id":2418,"data_org":"Green","event_date":"2026-05-13T00:00:00.000Z","post_date":"2026-05-13T00:00:00.000Z","pub_date":"2026-05-13T00:00:00.000Z","actor":"Hezbollah","claimed":"TRUE","event_type":"Rocket Attack","city":"Qouzah","province":"","country":"Lebanon","latitude":33.11780317,"longitude":35.3443979,"coord_type":"general town","source_1":"https://t.me/mmirleb/16105","source_2":"","sources":""}},{"type":"Feature","geometry":{"type":"Point","coordinates":[35.4372458,33.12195800000001,0]},"properties":{"event_id":2422,"data_org":"Green","event_date":"2026-05-13T00:00:00.000Z","post_date":"2026-05-13T00:00:00.000Z","pub_date":"2026-05-13T00:00:00.000Z","actor":"Hezbollah","claimed":"TRUE","event_type":"Drone Attack","city":"Bint Jbeil","province":"","country":"Lebanon","latitude":33.121958,"longitude":35.4372458,"coord_type":"general town","source_1":"https://t.me/mmirleb/16113","source_2":"","sources":"https://t.me/mmirleb/16256"}},{"type":"Feature","geometry":{"type":"Point","coordinates":[36.0816815,34.1867531,0]},"properties":{"event_id":2423,"data_org":"Green","event_date":"2026-05-13T00:00:00.000Z","post_date":"2026-05-13T00:00:00.000Z","pub_date":"2026-05-13T00:00:00.000Z","actor":"Hezbollah","claimed":"TRUE","event_type":"Drone Attack","city":"Ainata","province":"","country":"Lebanon","latitude":34.1867531,"longitude":36.0816815,"coord_type":"general town","source_1":"https://t.me/mmirleb/16114","source_2":"","sources":""}},{"type":"Feature","geometry":{"type":"Point","coordinates":[35.3764244,33.15679004,0]},"properties":{"event_id":2425,"data_org":"Green","event_date":"2026-05-13T00:00:00.000Z","post_date":"2026-05-13T00:00:00.000Z","pub_date":"2026-05-13T00:00:00.000Z","actor":"Hezbollah","claimed":"TRUE","event_type":"Small Arms Engagement","city":"Between Rachaf and Haddatha","province":"","country":"Lebanon","latitude":33.15679004,"longitude":35.3764244,"coord_type":"general town","source_1":"https://t.me/mmirleb/16115","source_2":"https://t.me/mmirleb/16124","sources":""}},{"type":"Feature","geometry":{"type":"Point","coordinates":[35.1724367,33.152491299999994,0]},"properties":{"event_id":2454,"data_org":"Green","event_date":"2026-05-13T00:00:00.000Z","post_date":"2026-05-13T00:00:00.000Z","pub_date":"2026-05-14T00:00:00.000Z","actor":"Hezbollah","claimed":"TRUE","event_type":"Drone Attack","city":"Iskandarounah","province":"","country":"Lebanon","latitude":33.1524913,"longitude":35.1724367,"coord_type":"general town","source_1":"https://t.me/mmirleb/16133","source_2":"","sources":""}},{"type":"Feature","geometry":{"type":"Point","coordinates":[35.1724367,33.152491299999994,0]},"properties":{"event_id":2446,"data_org":"Green","event_date":"2026-05-13T00:00:00.000Z","post_date":"2026-05-13T00:00:00.000Z","pub_date":"2026-05-14T00:00:00.000Z","actor":"Hezbollah","claimed":"TRUE","event_type":"Rocket Attack","city":"Iskandarounah","province":"","country":"Lebanon","latitude":33.1524913,"longitude":35.1724367,"coord_type":"general town","source_1":"https://t.me/mmirleb/16137","source_2":"","sources":""}},{"type":"Feature","geometry":{"type":"Point","coordinates":[35.4372458,33.12195800000001,0]},"properties":{"event_id":2455,"data_org":"Green","event_date":"2026-05-13T00:00:00.000Z","post_date":"2026-05-13T00:00:00.000Z","pub_date":"2026-05-14T00:00:00.000Z","actor":"Hezbollah","claimed":"TRUE","event_type":"Drone Attack","city":"Bint Jbeil","province":"","country":"Lebanon","latitude":33.121958,"longitude":35.4372458,"coord_type":"general town","source_1":"https://t.me/mmirleb/16138","source_2":"","sources":""}},{"type":"Feature","geometry":{"type":"Point","coordinates":[35.51666,33.20961354999999,0]},"properties":{"event_id":2456,"data_org":"Green","event_date":"2026-05-13T00:00:00.000Z","post_date":"2026-05-13T00:00:00.000Z","pub_date":"2026-05-14T00:00:00.000Z","actor":"Hezbollah","claimed":"TRUE","event_type":"Drone Attack","city":"Houla","province":"","country":"Lebanon","latitude":33.20961355,"longitude":35.51666,"coord_type":"general town","source_1":"https://t.me/mmirleb/16139","source_2":"","sources":""}},{"type":"Feature","geometry":{"type":"Point","coordinates":[35.6148058,33.330201120000005,0]},"properties":{"event_id":2457,"data_org":"Green","event_date":"2026-05-13T00:00:00.000Z","post_date":"2026-05-13T00:00:00.000Z","pub_date":"2026-05-14T00:00:00.000Z","actor":"Hezbollah","claimed":"TRUE","event_type":"Drone Attack","city":"Khiam","province":"","country":"Lebanon","latitude":33.33020112,"longitude":35.6148058,"coord_type":"general town","source_1":"https://t.me/mmirleb/16140","source_2":"","sources":""}},{"type":"Feature","geometry":{"type":"Point","coordinates":[35.1742689,33.16381480999999,0]},"properties":{"event_id":2458,"data_org":"Green","event_date":"2026-05-13T00:00:00.000Z","post_date":"2026-05-13T00:00:00.000Z","pub_date":"2026-05-14T00:00:00.000Z","actor":"Hezbollah","claimed":"TRUE","event_type":"Mortar Attack","city":"Biyyadah","province":"","country":"Lebanon","latitude":33.16381481,"longitude":35.1742689,"coord_type":"general town","source_1":"https://t.me/mmirleb/16141","source_2":"","sources":""}},{"type":"Feature","geometry":{"type":"Point","coordinates":[35.5546155,33.27942469,0]},"properties":{"event_id":2459,"data_org":"Green","event_date":"2026-05-13T00:00:00.000Z","post_date":"2026-05-13T00:00:00.000Z","pub_date":"2026-05-14T00:00:00.000Z","actor":"Hezbollah","claimed":"TRUE","event_type":"ATGM","city":"Kfar Kila","province":"","country":"Lebanon","latitude":33.27942469,"longitude":35.5546155,"coord_type":"general town","source_1":"https://t.me/mmirleb/16144","source_2":"https://t.me/mmirleb/16333","sources":""}},{"type":"Feature","geometry":{"type":"Point","coordinates":[35.1742689,33.16381480999999,0]},"properties":{"event_id":2460,"data_org":"Green","event_date":"2026-05-13T00:00:00.000Z","post_date":"2026-05-13T00:00:00.000Z","pub_date":"2026-05-14T00:00:00.000Z","actor":"Hezbollah","claimed":"TRUE","event_type":"Rocket Attack","city":"Biyyadah","province":"","country":"Lebanon","latitude":33.16381481,"longitude":35.1742689,"coord_type":"general town","source_1":"https://t.me/mmirleb/16145","source_2":"","sources":""}},{"type":"Feature","geometry":{"type":"Point","coordinates":[35.499413,33.292833439999995,0]},"properties":{"event_id":2461,"data_org":"Green","event_date":"2026-05-14T00:00:00.000Z","post_date":"2026-05-14T00:00:00.000Z","pub_date":"2026-05-14T00:00:00.000Z","actor":"Hezbollah","claimed":"TRUE","event_type":"Mortar Attack","city":"Deir Seryan","province":"","country":"Lebanon","latitude":33.29283344,"longitude":35.499413,"coord_type":"general town","source_1":"https://t.me/mmirleb/16147","source_2":"","sources":""}},{"type":"Feature","geometry":{"type":"Point","coordinates":[35.499413,33.292833439999995,0]},"properties":{"event_id":2462,"data_org":"Green","event_date":"2026-05-14T00:00:00.000Z","post_date":"2026-05-14T00:00:00.000Z","pub_date":"2026-05-14T00:00:00.000Z","actor":"Hezbollah","claimed":"TRUE","event_type":"Rocket Attack","city":"Deir Seryan","province":"","country":"Lebanon","latitude":33.29283344,"longitude":35.499413,"coord_type":"general town","source_1":"https://t.me/mmirleb/16147","source_2":"","sources":""}},{"type":"Feature","geometry":{"type":"Point","coordinates":[35.1742689,33.16381480999999,0]},"properties":{"event_id":2463,"data_org":"Green","event_date":"2026-05-14T00:00:00.000Z","post_date":"2026-05-14T00:00:00.000Z","pub_date":"2026-05-14T00:00:00.000Z","actor":"Hezbollah","claimed":"TRUE","event_type":"ATGM","city":"Biyyadah","province":"","country":"Lebanon","latitude":33.16381481,"longitude":35.1742689,"coord_type":"general town","source_1":"https://t.me/mmirleb/16148","source_2":"","sources":""}},{"type":"Feature","geometry":{"type":"Point","coordinates":[35.1742689,33.16381480999999,0]},"properties":{"event_id":2464,"data_org":"Green","event_date":"2026-05-14T00:00:00.000Z","post_date":"2026-05-14T00:00:00.000Z","pub_date":"2026-05-14T00:00:00.000Z","actor":"Hezbollah","claimed":"TRUE","event_type":"Mortar Attack","city":"Biyyadah","province":"","country":"Lebanon","latitude":33.16381481,"longitude":35.1742689,"coord_type":"general town","source_1":"https://t.me/mmirleb/16152","source_2":"","sources":""}},{"type":"Feature","geometry":{"type":"Point","coordinates":[35.1742689,33.16381480999999,0]},"properties":{"event_id":2465,"data_org":"Green","event_date":"2026-05-14T00:00:00.000Z","post_date":"2026-05-14T00:00:00.000Z","pub_date":"2026-05-14T00:00:00.000Z","actor":"Hezbollah","claimed":"TRUE","event_type":"Rocket Attack","city":"Biyyadah","province":"","country":"Lebanon","latitude":33.16381481,"longitude":35.1742689,"coord_type":"general town","source_1":"https://t.me/mmirleb/16152","source_2":"","sources":""}},{"type":"Feature","geometry":{"type":"Point","coordinates":[35.2900125,33.113856459999994,0]},"properties":{"event_id":2466,"data_org":"Green","event_date":"2026-05-14T00:00:00.000Z","post_date":"2026-05-14T00:00:00.000Z","pub_date":"2026-05-14T00:00:00.000Z","actor":"Hezbollah","claimed":"TRUE","event_type":"Mortar Attack","city":"Jabal Blat (Marwahin)","province":"","country":"Lebanon","latitude":33.11385646,"longitude":35.2900125,"coord_type":"exact","source_1":"https://t.me/mmirleb/16157","source_2":"","sources":""}},{"type":"Feature","geometry":{"type":"Point","coordinates":[35.36216,33.143039999999985,0]},"properties":{"event_id":2467,"data_org":"Green","event_date":"2026-05-14T00:00:00.000Z","post_date":"2026-05-14T00:00:00.000Z","pub_date":"2026-05-14T00:00:00.000Z","actor":"Hezbollah","claimed":"TRUE","event_type":"Mortar Attack","city":"Rachaf","province":"","country":"Lebanon","latitude":33.14304,"longitude":35.36216,"coord_type":"general town","source_1":"https://t.me/mmirleb/16158","source_2":"","sources":""}},{"type":"Feature","geometry":{"type":"Point","coordinates":[35.5431464,33.25595237000001,0]},"properties":{"event_id":2483,"data_org":"Green","event_date":"2026-05-14T00:00:00.000Z","post_date":"2026-05-14T00:00:00.000Z","pub_date":"2026-05-14T00:00:00.000Z","actor":"Hezbollah","claimed":"TRUE","event_type":"Drone Attack","city":"Oddaisseh","province":"","country":"Lebanon","latitude":33.25595237,"longitude":35.5431464,"coord_type":"general town","source_1":"https://t.me/mmirleb/16175","source_2":"","sources":""}},{"type":"Feature","geometry":{"type":"Point","coordinates":[35.2900125,33.113856459999994,0]},"properties":{"event_id":2481,"data_org":"Green","event_date":"2026-05-14T00:00:00.000Z","post_date":"2026-05-14T00:00:00.000Z","pub_date":"2026-05-14T00:00:00.000Z","actor":"Hezbollah","claimed":"TRUE","event_type":"Drone Attack","city":"Jabal Blat (Marwahin)","province":"","country":"Lebanon","latitude":33.11385646,"longitude":35.2900125,"coord_type":"exact","source_1":"https://t.me/mmirleb/16176","source_2":"","sources":""}},{"type":"Feature","geometry":{"type":"Point","coordinates":[35.4844999,33.308953429999995,0]},"properties":{"event_id":2487,"data_org":"Green","event_date":"2026-05-14T00:00:00.000Z","post_date":"2026-05-14T00:00:00.000Z","pub_date":"2026-05-14T00:00:00.000Z","actor":"Hezbollah","claimed":"TRUE","event_type":"Drone Attack","city":"Deir Seryan/Litani riverbank","province":"","country":"Lebanon","latitude":33.30895343,"longitude":35.4844999,"coord_type":"general neighborhood","source_1":"https://t.me/mmirleb/16177","source_2":"","sources":""}},{"type":"Feature","geometry":{"type":"Point","coordinates":[35.5186224,33.27658543,0]},"properties":{"event_id":2488,"data_org":"Green","event_date":"2026-05-14T00:00:00.000Z","post_date":"2026-05-14T00:00:00.000Z","pub_date":"2026-05-14T00:00:00.000Z","actor":"Hezbollah","claimed":"TRUE","event_type":"Drone Attack","city":"Taybeh","province":"","country":"Lebanon","latitude":33.27658543,"longitude":35.5186224,"coord_type":"general town","source_1":"https://t.me/mmirleb/16178","source_2":"https://t.me/mmirleb/16555","sources":""}},{"type":"Feature","geometry":{"type":"Point","coordinates":[35.2184854,33.12675884,0]},"properties":{"event_id":2489,"data_org":"Green","event_date":"2026-05-14T00:00:00.000Z","post_date":"2026-05-14T00:00:00.000Z","pub_date":"2026-05-14T00:00:00.000Z","actor":"Hezbollah","claimed":"TRUE","event_type":"Drone Attack","city":"Tayr Harfa","province":"","country":"Lebanon","latitude":33.12675884,"longitude":35.2184854,"coord_type":"general town","source_1":"https://t.me/mmirleb/16180","source_2":"https://t.me/mmirleb/16337","sources":""}},{"type":"Feature","geometry":{"type":"Point","coordinates":[35.5186224,33.27658543,0]},"properties":{"event_id":2502,"data_org":"Green","event_date":"2026-05-14T00:00:00.000Z","post_date":"2026-05-14T00:00:00.000Z","pub_date":"2026-05-15T00:00:00.000Z","actor":"Hezbollah","claimed":"TRUE","event_type":"IED/Mortar Attack","city":"water pump north of Taybeh","province":"","country":"Lebanon","latitude":33.27658543,"longitude":35.5186224,"coord_type":"general town","source_1":"https://t.me/mmirleb/16183","source_2":"","sources":""}},{"type":"Feature","geometry":{"type":"Point","coordinates":[35.3806137,33.15699630000001,0]},"properties":{"event_id":2503,"data_org":"Green","event_date":"2026-05-14T00:00:00.000Z","post_date":"2026-05-14T00:00:00.000Z","pub_date":"2026-05-15T00:00:00.000Z","actor":"Hezbollah","claimed":"TRUE","event_type":"IED","city":"Between Rachaf and Haddatha","province":"","country":"Lebanon","latitude":33.1569963,"longitude":35.3806137,"coord_type":"general town","source_1":"https://t.me/mmirleb/16184","source_2":"","sources":""}},{"type":"Feature","geometry":{"type":"Point","coordinates":[35.1742689,33.16381480999999,0]},"properties":{"event_id":2504,"data_org":"Green","event_date":"2026-05-14T00:00:00.000Z","post_date":"2026-05-14T00:00:00.000Z","pub_date":"2026-05-15T00:00:00.000Z","actor":"Hezbollah","claimed":"TRUE","event_type":"Rocket/Mortar Attack","city":"Biyyadah","province":"","country":"Lebanon","latitude":33.16381481,"longitude":35.1742689,"coord_type":"general town","source_1":"https://t.me/mmirleb/16186","source_2":"DNGTS: https://www.timesofisrael.com/liveblog_entry/idf-says-staff-sgt-negev-dagan-killed-by-hezbollah-shell-in-lebanon/","sources":""}},{"type":"Feature","geometry":{"type":"Point","coordinates":[35.1742689,33.16381480999999,0]},"properties":{"event_id":2505,"data_org":"Green","event_date":"2026-05-14T00:00:00.000Z","post_date":"2026-05-14T00:00:00.000Z","pub_date":"2026-05-15T00:00:00.000Z","actor":"Hezbollah","claimed":"TRUE","event_type":"Anti-Tank Fire","city":"Biyyadah","province":"","country":"Lebanon","latitude":33.16381481,"longitude":35.1742689,"coord_type":"general town","source_1":"https://t.me/mmirleb/16186","source_2":"","sources":""}},{"type":"Feature","geometry":{"type":"Point","coordinates":[35.1742689,33.16381480999999,0]},"properties":{"event_id":2506,"data_org":"Green","event_date":"2026-05-14T00:00:00.000Z","post_date":"2026-05-14T00:00:00.000Z","pub_date":"2026-05-15T00:00:00.000Z","actor":"Hezbollah","claimed":"TRUE","event_type":"Rocket Attack","city":"Biyyadah","province":"","country":"Lebanon","latitude":33.16381481,"longitude":35.1742689,"coord_type":"general town","source_1":"https://t.me/mmirleb/16186","source_2":"","sources":""}},{"type":"Feature","geometry":{"type":"Point","coordinates":[35.5186224,33.27658543,0]},"properties":{"event_id":2508,"data_org":"Green","event_date":"2026-05-14T00:00:00.000Z","post_date":"2026-05-14T00:00:00.000Z","pub_date":"2026-05-15T00:00:00.000Z","actor":"Hezbollah","claimed":"TRUE","event_type":"Rocket Attack","city":"Baydar al Fawqani, Taybeh","province":"","country":"Lebanon","latitude":33.27658543,"longitude":35.5186224,"coord_type":"general town","source_1":"https://t.me/mmirleb/16187","source_2":"","sources":""}},{"type":"Feature","geometry":{"type":"Point","coordinates":[35.36216,33.143039999999985,0]},"properties":{"event_id":2510,"data_org":"Green","event_date":"2026-05-15T00:00:00.000Z","post_date":"2026-05-15T00:00:00.000Z","pub_date":"2026-05-15T00:00:00.000Z","actor":"Hezbollah","claimed":"TRUE","event_type":"Drone Attack","city":"Rachaf","province":"","country":"Lebanon","latitude":33.14304,"longitude":35.36216,"coord_type":"general town","source_1":"https://t.me/mmirleb/16191","source_2":"","sources":""}},{"type":"Feature","geometry":{"type":"Point","coordinates":[35.6148058,33.330201120000005,0]},"properties":{"event_id":2511,"data_org":"Green","event_date":"2026-05-15T00:00:00.000Z","post_date":"2026-05-15T00:00:00.000Z","pub_date":"2026-05-15T00:00:00.000Z","actor":"Hezbollah","claimed":"TRUE","event_type":"Mortar Attack","city":"Khiam","province":"","country":"Lebanon","latitude":33.33020112,"longitude":35.6148058,"coord_type":"general town","source_1":"https://t.me/mmirleb/16192","source_2":"","sources":""}},{"type":"Feature","geometry":{"type":"Point","coordinates":[35.1560066,33.14316321,0]},"properties":{"event_id":2512,"data_org":"Green","event_date":"2026-05-15T00:00:00.000Z","post_date":"2026-05-15T00:00:00.000Z","pub_date":"2026-05-15T00:00:00.000Z","actor":"Hezbollah","claimed":"TRUE","event_type":"Drone Attack","city":"Biyyadah-Naqoura Road","province":"","country":"Lebanon","latitude":33.14316321,"longitude":35.1560066,"coord_type":"general town","source_1":"https://t.me/mmirleb/16193","source_2":"","sources":""}},{"type":"Feature","geometry":{"type":"Point","coordinates":[35.36216,33.143039999999985,0]},"properties":{"event_id":2513,"data_org":"Green","event_date":"2026-05-15T00:00:00.000Z","post_date":"2026-05-15T00:00:00.000Z","pub_date":"2026-05-15T00:00:00.000Z","actor":"Hezbollah","claimed":"TRUE","event_type":"Rocket/Mortar Attack","city":"Rachaf","province":"","country":"Lebanon","latitude":33.14304,"longitude":35.36216,"coord_type":"general town","source_1":"https://t.me/mmirleb/16194","source_2":"","sources":""}},{"type":"Feature","geometry":{"type":"Point","coordinates":[35.4844999,33.308953429999995,0]},"properties":{"event_id":2514,"data_org":"Green","event_date":"2026-05-15T00:00:00.000Z","post_date":"2026-05-15T00:00:00.000Z","pub_date":"2026-05-15T00:00:00.000Z","actor":"Hezbollah","claimed":"TRUE","event_type":"Drone Attack","city":"river course between Deir Seryan and Zawtar el Charqiyeh","province":"","country":"Lebanon","latitude":33.30895343,"longitude":35.4844999,"coord_type":"general town","source_1":"https://t.me/mmirleb/16195","source_2":"","sources":""}},{"type":"Feature","geometry":{"type":"Point","coordinates":[35.3443979,33.11780317,0]},"properties":{"event_id":2515,"data_org":"Green","event_date":"2026-05-15T00:00:00.000Z","post_date":"2026-05-15T00:00:00.000Z","pub_date":"2026-05-15T00:00:00.000Z","actor":"Hezbollah","claimed":"TRUE","event_type":"Mortar Attack","city":"Qouzah","province":"","country":"Lebanon","latitude":33.11780317,"longitude":35.3443979,"coord_type":"general town","source_1":"https://t.me/mmirleb/16199","source_2":"","sources":""}},{"type":"Feature","geometry":{"type":"Point","coordinates":[35.3443979,33.11780317,0]},"properties":{"event_id":2516,"data_org":"Green","event_date":"2026-05-15T00:00:00.000Z","post_date":"2026-05-15T00:00:00.000Z","pub_date":"2026-05-15T00:00:00.000Z","actor":"Hezbollah","claimed":"TRUE","event_type":"Drone Attack","city":"Qouzah","province":"","country":"Lebanon","latitude":33.11780317,"longitude":35.3443979,"coord_type":"general town","source_1":"https://t.me/mmirleb/16200","source_2":"","sources":""}},{"type":"Feature","geometry":{"type":"Point","coordinates":[35.1742689,33.16381480999999,0]},"properties":{"event_id":2517,"data_org":"Green","event_date":"2026-05-15T00:00:00.000Z","post_date":"2026-05-15T00:00:00.000Z","pub_date":"2026-05-15T00:00:00.000Z","actor":"Hezbollah","claimed":"TRUE","event_type":"Air Defense","city":"Biyyadah","province":"","country":"Lebanon","latitude":33.16381481,"longitude":35.1742689,"coord_type":"general town","source_1":"https://t.me/mmirleb/16201","source_2":"","sources":""}},{"type":"Feature","geometry":{"type":"Point","coordinates":[35.51666,33.20961354999999,0]},"properties":{"event_id":2541,"data_org":"Green","event_date":"2026-05-15T00:00:00.000Z","post_date":"2026-05-15T00:00:00.000Z","pub_date":"2026-05-15T00:00:00.000Z","actor":"Hezbollah","claimed":"TRUE","event_type":"Drone Attack","city":"Houla","province":"","country":"Lebanon","latitude":33.20961355,"longitude":35.51666,"coord_type":"general town","source_1":"https://t.me/mmirleb/16205","source_2":"","sources":""}},{"type":"Feature","geometry":{"type":"Point","coordinates":[35.4372458,33.12195800000001,0]},"properties":{"event_id":2542,"data_org":"Green","event_date":"2026-05-15T00:00:00.000Z","post_date":"2026-05-15T00:00:00.000Z","pub_date":"2026-05-15T00:00:00.000Z","actor":"Hezbollah","claimed":"TRUE","event_type":"Mortar/Rocket Attack","city":"Bint Jbeil","province":"","country":"Lebanon","latitude":33.121958,"longitude":35.4372458,"coord_type":"general town","source_1":"https://t.me/mmirleb/16207","source_2":"","sources":""}},{"type":"Feature","geometry":{"type":"Point","coordinates":[35.1560066,33.14316321,0]},"properties":{"event_id":2543,"data_org":"Green","event_date":"2026-05-15T00:00:00.000Z","post_date":"2026-05-15T00:00:00.000Z","pub_date":"2026-05-15T00:00:00.000Z","actor":"Hezbollah","claimed":"TRUE","event_type":"Drone Attack","city":"Biyyadah-Naqoura Road","province":"","country":"Lebanon","latitude":33.14316321,"longitude":35.1560066,"coord_type":"general town","source_1":"https://t.me/mmirleb/16208","source_2":"","sources":""}},{"type":"Feature","geometry":{"type":"Point","coordinates":[35.36216,33.143039999999985,0]},"properties":{"event_id":2544,"data_org":"Green","event_date":"2026-05-15T00:00:00.000Z","post_date":"2026-05-15T00:00:00.000Z","pub_date":"2026-05-15T00:00:00.000Z","actor":"Hezbollah","claimed":"TRUE","event_type":"Drone Attack","city":"Rachaf","province":"","country":"Lebanon","latitude":33.14304,"longitude":35.36216,"coord_type":"general town","source_1":"https://t.me/mmirleb/16209","source_2":"","sources":""}},{"type":"Feature","geometry":{"type":"Point","coordinates":[35.1560066,33.14316321,0]},"properties":{"event_id":2545,"data_org":"Green","event_date":"2026-05-15T00:00:00.000Z","post_date":"2026-05-15T00:00:00.000Z","pub_date":"2026-05-15T00:00:00.000Z","actor":"Hezbollah","claimed":"TRUE","event_type":"Drone Attack","city":"Biyyadah-Naqoura Road","province":"","country":"Lebanon","latitude":33.14316321,"longitude":35.1560066,"coord_type":"general town","source_1":"https://t.me/mmirleb/16213","source_2":"","sources":""}},{"type":"Feature","geometry":{"type":"Point","coordinates":[35.3443979,33.11780317,0]},"properties":{"event_id":2546,"data_org":"Green","event_date":"2026-05-15T00:00:00.000Z","post_date":"2026-05-15T00:00:00.000Z","pub_date":"2026-05-15T00:00:00.000Z","actor":"Hezbollah","claimed":"TRUE","event_type":"Rocket Attack","city":"Qouzah","province":"","country":"Lebanon","latitude":33.11780317,"longitude":35.3443979,"coord_type":"general town","source_1":"https://t.me/mmirleb/16214","source_2":"","sources":""}},{"type":"Feature","geometry":{"type":"Point","coordinates":[35.499413,33.292833439999995,0]},"properties":{"event_id":2549,"data_org":"Green","event_date":"2026-05-15T00:00:00.000Z","post_date":"2026-05-15T00:00:00.000Z","pub_date":"2026-05-16T00:00:00.000Z","actor":"Hezbollah","claimed":"TRUE","event_type":"Drone Attack","city":"Khalleh al Raj, Deir Seryan","province":"","country":"Lebanon","latitude":33.29283344,"longitude":35.499413,"coord_type":"general town","source_1":"https://t.me/mmirleb/16222","source_2":"","sources":"https://t.me/mmirleb/16301"}},{"type":"Feature","geometry":{"type":"Point","coordinates":[35.36216,33.143039999999985,0]},"properties":{"event_id":2550,"data_org":"Green","event_date":"2026-05-15T00:00:00.000Z","post_date":"2026-05-15T00:00:00.000Z","pub_date":"2026-05-16T00:00:00.000Z","actor":"Hezbollah","claimed":"TRUE","event_type":"Rocket and Mortar Attacks","city":"Rachaf","province":"","country":"Lebanon","latitude":33.14304,"longitude":35.36216,"coord_type":"general town","source_1":"https://t.me/mmirleb/16223","source_2":"","sources":""}},{"type":"Feature","geometry":{"type":"Point","coordinates":[35.6148058,33.330201120000005,0]},"properties":{"event_id":2551,"data_org":"Green","event_date":"2026-05-15T00:00:00.000Z","post_date":"2026-05-15T00:00:00.000Z","pub_date":"2026-05-16T00:00:00.000Z","actor":"Hezbollah","claimed":"TRUE","event_type":"Drone Attack","city":"Khiam","province":"","country":"Lebanon","latitude":33.33020112,"longitude":35.6148058,"coord_type":"general town","source_1":"https://t.me/mmirleb/16224","source_2":"https://t.me/mmirleb/16522","sources":""}},{"type":"Feature","geometry":{"type":"Point","coordinates":[35.36216,33.143039999999985,0]},"properties":{"event_id":2552,"data_org":"Green","event_date":"2026-05-15T00:00:00.000Z","post_date":"2026-05-15T00:00:00.000Z","pub_date":"2026-05-16T00:00:00.000Z","actor":"Hezbollah","claimed":"TRUE","event_type":"Drone Attack","city":"Rachaf","province":"","country":"Lebanon","latitude":33.14304,"longitude":35.36216,"coord_type":"general town","source_1":"https://t.me/mmirleb/16225","source_2":"","sources":""}},{"type":"Feature","geometry":{"type":"Point","coordinates":[35.5431464,33.25595237000001,0]},"properties":{"event_id":2553,"data_org":"Green","event_date":"2026-05-15T00:00:00.000Z","post_date":"2026-05-15T00:00:00.000Z","pub_date":"2026-05-16T00:00:00.000Z","actor":"Hezbollah","claimed":"TRUE","event_type":"Drone Attack","city":"Oddaisseh","province":"","country":"Lebanon","latitude":33.25595237,"longitude":35.5431464,"coord_type":"general town","source_1":"https://t.me/mmirleb/16226","source_2":"","sources":""}},{"type":"Feature","geometry":{"type":"Point","coordinates":[35.36216,33.143039999999985,0]},"properties":{"event_id":2554,"data_org":"Green","event_date":"2026-05-15T00:00:00.000Z","post_date":"2026-05-15T00:00:00.000Z","pub_date":"2026-05-16T00:00:00.000Z","actor":"Hezbollah","claimed":"TRUE","event_type":"Drone Attack","city":"Rachaf","province":"","country":"Lebanon","latitude":33.14304,"longitude":35.36216,"coord_type":"general town","source_1":"https://t.me/mmirleb/16227","source_2":"","sources":"https://t.me/mmirleb/16312"}},{"type":"Feature","geometry":{"type":"Point","coordinates":[35.139772400000005,33.118994820000005,0]},"properties":{"event_id":2555,"data_org":"Green","event_date":"2026-05-15T00:00:00.000Z","post_date":"2026-05-15T00:00:00.000Z","pub_date":"2026-05-16T00:00:00.000Z","actor":"Hezbollah","claimed":"TRUE","event_type":"Drone Attack","city":"Naqoura","province":"","country":"Lebanon","latitude":33.11899482,"longitude":35.1397724,"coord_type":"general town","source_1":"https://t.me/mmirleb/16228","source_2":"","sources":""}},{"type":"Feature","geometry":{"type":"Point","coordinates":[35.36216,33.143039999999985,0]},"properties":{"event_id":2556,"data_org":"Green","event_date":"2026-05-15T00:00:00.000Z","post_date":"2026-05-15T00:00:00.000Z","pub_date":"2026-05-16T00:00:00.000Z","actor":"Hezbollah","claimed":"TRUE","event_type":"Drone Attack","city":"Rachaf","province":"","country":"Lebanon","latitude":33.14304,"longitude":35.36216,"coord_type":"general town","source_1":"https://t.me/mmirleb/16229","source_2":"","sources":""}},{"type":"Feature","geometry":{"type":"Point","coordinates":[35.36216,33.143039999999985,0]},"properties":{"event_id":2557,"data_org":"Green","event_date":"2026-05-15T00:00:00.000Z","post_date":"2026-05-15T00:00:00.000Z","pub_date":"2026-05-16T00:00:00.000Z","actor":"Hezbollah","claimed":"TRUE","event_type":"Drone Attack","city":"Rachaf","province":"","country":"Lebanon","latitude":33.14304,"longitude":35.36216,"coord_type":"general town","source_1":"https://t.me/mmirleb/16231","source_2":"","sources":""}},{"type":"Feature","geometry":{"type":"Point","coordinates":[35.3887201,33.16492579,0]},"properties":{"event_id":2558,"data_org":"Green","event_date":"2026-05-15T00:00:00.000Z","post_date":"2026-05-15T00:00:00.000Z","pub_date":"2026-05-16T00:00:00.000Z","actor":"Hezbollah","claimed":"TRUE","event_type":"Mortar Attack","city":"Haddatha outskirts","province":"","country":"Lebanon","latitude":33.16492579,"longitude":35.3887201,"coord_type":"general town","source_1":"https://t.me/mmirleb/16232","source_2":"","sources":""}},{"type":"Feature","geometry":{"type":"Point","coordinates":[35.3887201,33.16492579,0]},"properties":{"event_id":2559,"data_org":"Green","event_date":"2026-05-15T00:00:00.000Z","post_date":"2026-05-15T00:00:00.000Z","pub_date":"2026-05-16T00:00:00.000Z","actor":"Hezbollah","claimed":"TRUE","event_type":"Rocket Attack","city":"Haddatha outskirts","province":"","country":"Lebanon","latitude":33.16492579,"longitude":35.3887201,"coord_type":"general town","source_1":"https://t.me/mmirleb/16233","source_2":"","sources":""}},{"type":"Feature","geometry":{"type":"Point","coordinates":[35.6148058,33.330201120000005,0]},"properties":{"event_id":2561,"data_org":"Green","event_date":"2026-05-16T00:00:00.000Z","post_date":"2026-05-16T00:00:00.000Z","pub_date":"2026-05-16T00:00:00.000Z","actor":"Hezbollah","claimed":"TRUE","event_type":"Drone Attack","city":"Khiam","province":"","country":"Lebanon","latitude":33.33020112,"longitude":35.6148058,"coord_type":"general town","source_1":"https://t.me/mmirleb/16240","source_2":"","sources":""}},{"type":"Feature","geometry":{"type":"Point","coordinates":[35.5186224,33.27658543,0]},"properties":{"event_id":2562,"data_org":"Green","event_date":"2026-05-16T00:00:00.000Z","post_date":"2026-05-16T00:00:00.000Z","pub_date":"2026-05-16T00:00:00.000Z","actor":"Hezbollah","claimed":"TRUE","event_type":"Drone Attack","city":"Taybeh","province":"","country":"Lebanon","latitude":33.27658543,"longitude":35.5186224,"coord_type":"general town","source_1":"https://t.me/mmirleb/16244","source_2":"","sources":""}},{"type":"Feature","geometry":{"type":"Point","coordinates":[35.5186224,33.27658543,0]},"properties":{"event_id":2563,"data_org":"Green","event_date":"2026-05-16T00:00:00.000Z","post_date":"2026-05-16T00:00:00.000Z","pub_date":"2026-05-16T00:00:00.000Z","actor":"Hezbollah","claimed":"TRUE","event_type":"Drone Attack","city":"Taybeh","province":"","country":"Lebanon","latitude":33.27658543,"longitude":35.5186224,"coord_type":"general town","source_1":"https://t.me/mmirleb/16245","source_2":"https://t.me/mmirleb/16531","sources":""}},{"type":"Feature","geometry":{"type":"Point","coordinates":[35.139772400000005,33.118994820000005,0]},"properties":{"event_id":2564,"data_org":"Green","event_date":"2026-05-16T00:00:00.000Z","post_date":"2026-05-16T00:00:00.000Z","pub_date":"2026-05-16T00:00:00.000Z","actor":"Hezbollah","claimed":"TRUE","event_type":"Drone Attack","city":"Naqoura","province":"","country":"Lebanon","latitude":33.11899482,"longitude":35.1397724,"coord_type":"general town","source_1":"https://t.me/mmirleb/16246","source_2":"","sources":""}},{"type":"Feature","geometry":{"type":"Point","coordinates":[35.2900125,33.113856459999994,0]},"properties":{"event_id":2565,"data_org":"Green","event_date":"2026-05-16T00:00:00.000Z","post_date":"2026-05-16T00:00:00.000Z","pub_date":"2026-05-16T00:00:00.000Z","actor":"Hezbollah","claimed":"TRUE","event_type":"Mortar Attack","city":"Jabal Blat (Marwahin)","province":"","country":"Lebanon","latitude":33.11385646,"longitude":35.2900125,"coord_type":"exact","source_1":"https://t.me/mmirleb/16248","source_2":"","sources":""}},{"type":"Feature","geometry":{"type":"Point","coordinates":[35.499413,33.292833439999995,0]},"properties":{"event_id":9987,"data_org":"Green","event_date":"2026-05-09T00:00:00.000Z","post_date":"2026-05-16T00:00:00.000Z","pub_date":"2026-05-16T00:00:00.000Z","actor":"Hezbollah","claimed":"TRUE","event_type":"Mortar Attack","city":"Khallet al Raj, Deir Siriyan","province":"","country":"Lebanon","latitude":33.29283344,"longitude":35.499413,"coord_type":"general town","source_1":"https://t.me/mmirleb/16253","source_2":"","sources":""}},{"type":"Feature","geometry":{"type":"Point","coordinates":[35.499413,33.292833439999995,0]},"properties":{"event_id":2576,"data_org":"Green","event_date":"2026-05-09T00:00:00.000Z","post_date":"2026-05-16T00:00:00.000Z","pub_date":"2026-05-16T00:00:00.000Z","actor":"Hezbollah","claimed":"TRUE","event_type":"Rocket Attack","city":"Khallet al Raj, Deir Siriyan","province":"","country":"Lebanon","latitude":33.29283344,"longitude":35.499413,"coord_type":"general town","source_1":"https://t.me/mmirleb/16253","source_2":"","sources":""}},{"type":"Feature","geometry":{"type":"Point","coordinates":[35.499413,33.292833439999995,0]},"properties":{"event_id":2581,"data_org":"Green","event_date":"2026-05-16T00:00:00.000Z","post_date":"2026-05-16T00:00:00.000Z","pub_date":"2026-05-16T00:00:00.000Z","actor":"Hezbollah","claimed":"TRUE","event_type":"Drone Attack","city":"Khallet al Raj, Deir Siriyan","province":"","country":"Lebanon","latitude":33.29283344,"longitude":35.499413,"coord_type":"general town","source_1":"https://t.me/mmirleb/16257","source_2":"","sources":"https://t.me/mmirleb/16319"}},{"type":"Feature","geometry":{"type":"Point","coordinates":[35.5186224,33.27658543,0]},"properties":{"event_id":2580,"data_org":"Green","event_date":"2026-05-16T00:00:00.000Z","post_date":"2026-05-16T00:00:00.000Z","pub_date":"2026-05-16T00:00:00.000Z","actor":"Hezbollah","claimed":"TRUE","event_type":"Drone Attack","city":"Taybeh","province":"","country":"Lebanon","latitude":33.27658543,"longitude":35.5186224,"coord_type":"general town","source_1":"https://t.me/mmirleb/16260","source_2":"","sources":""}},{"type":"Feature","geometry":{"type":"Point","coordinates":[35.1742689,33.16381480999999,0]},"properties":{"event_id":2588,"data_org":"Green","event_date":"2026-05-16T00:00:00.000Z","post_date":"2026-05-16T00:00:00.000Z","pub_date":"2026-05-17T00:00:00.000Z","actor":"Hezbollah","claimed":"TRUE","event_type":"Rocket and Mortar Attacks","city":"Biyyadah","province":"","country":"Lebanon","latitude":33.16381481,"longitude":35.1742689,"coord_type":"general town","source_1":"https://t.me/mmirleb/16264","source_2":"","sources":""}},{"type":"Feature","geometry":{"type":"Point","coordinates":[35.1742689,33.16381480999999,0]},"properties":{"event_id":2589,"data_org":"Green","event_date":"2026-05-16T00:00:00.000Z","post_date":"2026-05-16T00:00:00.000Z","pub_date":"2026-05-17T00:00:00.000Z","actor":"Hezbollah","claimed":"TRUE","event_type":"Rocket and Mortar Attacks","city":"Biyyadah","province":"","country":"Lebanon","latitude":33.16381481,"longitude":35.1742689,"coord_type":"general town","source_1":"https://t.me/mmirleb/16264","source_2":"","sources":""}},{"type":"Feature","geometry":{"type":"Point","coordinates":[35.1742689,33.16381480999999,0]},"properties":{"event_id":2590,"data_org":"Green","event_date":"2026-05-16T00:00:00.000Z","post_date":"2026-05-16T00:00:00.000Z","pub_date":"2026-05-17T00:00:00.000Z","actor":"Hezbollah","claimed":"TRUE","event_type":"Drone Attack","city":"Biyyadah","province":"","country":"Lebanon","latitude":33.16381481,"longitude":35.1742689,"coord_type":"general town","source_1":"https://t.me/mmirleb/16265","source_2":"","sources":""}},{"type":"Feature","geometry":{"type":"Point","coordinates":[35.1560066,33.14316321,0]},"properties":{"event_id":2591,"data_org":"Green","event_date":"2026-05-16T00:00:00.000Z","post_date":"2026-05-16T00:00:00.000Z","pub_date":"2026-05-17T00:00:00.000Z","actor":"Hezbollah","claimed":"TRUE","event_type":"Drone Attack","city":"Biyyadah-Naqoura Road","province":"","country":"Lebanon","latitude":33.14316321,"longitude":35.1560066,"coord_type":"general town","source_1":"https://t.me/mmirleb/16266","source_2":"","sources":""}},{"type":"Feature","geometry":{"type":"Point","coordinates":[35.36216,33.143039999999985,0]},"properties":{"event_id":2592,"data_org":"Green","event_date":"2026-05-16T00:00:00.000Z","post_date":"2026-05-16T00:00:00.000Z","pub_date":"2026-05-17T00:00:00.000Z","actor":"Hezbollah","claimed":"TRUE","event_type":"IED","city":"Rachaf","province":"","country":"Lebanon","latitude":33.14304,"longitude":35.36216,"coord_type":"general town","source_1":"https://t.me/mmirleb/16268","source_2":"","sources":""}},{"type":"Feature","geometry":{"type":"Point","coordinates":[35.36216,33.143039999999985,0]},"properties":{"event_id":2593,"data_org":"Green","event_date":"2026-05-16T00:00:00.000Z","post_date":"2026-05-16T00:00:00.000Z","pub_date":"2026-05-17T00:00:00.000Z","actor":"Hezbollah","claimed":"TRUE","event_type":"IED","city":"Rachaf","province":"","country":"Lebanon","latitude":33.14304,"longitude":35.36216,"coord_type":"general town","source_1":"https://t.me/mmirleb/16270","source_2":"","sources":""}},{"type":"Feature","geometry":{"type":"Point","coordinates":[35.1742689,33.16381480999999,0]},"properties":{"event_id":2594,"data_org":"Green","event_date":"2026-05-16T00:00:00.000Z","post_date":"2026-05-16T00:00:00.000Z","pub_date":"2026-05-17T00:00:00.000Z","actor":"Hezbollah","claimed":"TRUE","event_type":"Anti-Tank Fire","city":"Biyyadah","province":"","country":"Lebanon","latitude":33.16381481,"longitude":35.1742689,"coord_type":"general town","source_1":"https://t.me/mmirleb/16271","source_2":"","sources":""}},{"type":"Feature","geometry":{"type":"Point","coordinates":[35.1742689,33.16381480999999,0]},"properties":{"event_id":2595,"data_org":"Green","event_date":"2026-05-16T00:00:00.000Z","post_date":"2026-05-16T00:00:00.000Z","pub_date":"2026-05-17T00:00:00.000Z","actor":"Hezbollah","claimed":"TRUE","event_type":"Drone Attack","city":"Biyyadah","province":"","country":"Lebanon","latitude":33.16381481,"longitude":35.1742689,"coord_type":"general town","source_1":"https://t.me/mmirleb/16273","source_2":"","sources":""}},{"type":"Feature","geometry":{"type":"Point","coordinates":[35.36216,33.143039999999985,0]},"properties":{"event_id":2596,"data_org":"Green","event_date":"2026-05-16T00:00:00.000Z","post_date":"2026-05-16T00:00:00.000Z","pub_date":"2026-05-17T00:00:00.000Z","actor":"Hezbollah","claimed":"TRUE","event_type":"IED","city":"Rachaf","province":"","country":"Lebanon","latitude":33.14304,"longitude":35.36216,"coord_type":"general town","source_1":"https://t.me/mmirleb/16274","source_2":"","sources":""}},{"type":"Feature","geometry":{"type":"Point","coordinates":[35.36216,33.143039999999985,0]},"properties":{"event_id":2597,"data_org":"Green","event_date":"2026-05-16T00:00:00.000Z","post_date":"2026-05-16T00:00:00.000Z","pub_date":"2026-05-17T00:00:00.000Z","actor":"Hezbollah","claimed":"TRUE","event_type":"IED","city":"Rachaf","province":"","country":"Lebanon","latitude":33.14304,"longitude":35.36216,"coord_type":"general town","source_1":"https://t.me/mmirleb/16276","source_2":"","sources":""}},{"type":"Feature","geometry":{"type":"Point","coordinates":[35.3887201,33.16492579,0]},"properties":{"event_id":2598,"data_org":"Green","event_date":"2026-05-16T00:00:00.000Z","post_date":"2026-05-16T00:00:00.000Z","pub_date":"2026-05-17T00:00:00.000Z","actor":"Hezbollah","claimed":"TRUE","event_type":"Rocket Attack","city":"Haddatha outskirts","province":"","country":"Lebanon","latitude":33.16492579,"longitude":35.3887201,"coord_type":"general town","source_1":"https://t.me/mmirleb/16277","source_2":"","sources":""}},{"type":"Feature","geometry":{"type":"Point","coordinates":[35.1742689,33.16381480999999,0]},"properties":{"event_id":2599,"data_org":"Green","event_date":"2026-05-17T00:00:00.000Z","post_date":"2026-05-17T00:00:00.000Z","pub_date":"2026-05-17T00:00:00.000Z","actor":"Hezbollah","claimed":"TRUE","event_type":"Drone Attack","city":"Biyyadah","province":"","country":"Lebanon","latitude":33.16381481,"longitude":35.1742689,"coord_type":"general town","source_1":"https://t.me/mmirleb/16283","source_2":"","sources":""}},{"type":"Feature","geometry":{"type":"Point","coordinates":[35.36216,33.143039999999985,0]},"properties":{"event_id":2600,"data_org":"Green","event_date":"2026-05-17T00:00:00.000Z","post_date":"2026-05-17T00:00:00.000Z","pub_date":"2026-05-17T00:00:00.000Z","actor":"Hezbollah","claimed":"TRUE","event_type":"Rocket Attack","city":"Rachaf","province":"","country":"Lebanon","latitude":33.14304,"longitude":35.36216,"coord_type":"general town","source_1":"https://t.me/mmirleb/16284","source_2":"","sources":""}},{"type":"Feature","geometry":{"type":"Point","coordinates":[35.1742689,33.16381480999999,0]},"properties":{"event_id":2601,"data_org":"Green","event_date":"2026-05-17T00:00:00.000Z","post_date":"2026-05-17T00:00:00.000Z","pub_date":"2026-05-17T00:00:00.000Z","actor":"Hezbollah","claimed":"TRUE","event_type":"Drone Attack","city":"Biyyadah","province":"","country":"Lebanon","latitude":33.16381481,"longitude":35.1742689,"coord_type":"general town","source_1":"https://t.me/mmirleb/16288","source_2":"","sources":""}},{"type":"Feature","geometry":{"type":"Point","coordinates":[35.1742689,33.16381480999999,0]},"properties":{"event_id":2602,"data_org":"Green","event_date":"2026-05-17T00:00:00.000Z","post_date":"2026-05-17T00:00:00.000Z","pub_date":"2026-05-17T00:00:00.000Z","actor":"Hezbollah","claimed":"TRUE","event_type":"Drone Attack","city":"Biyyadah","province":"","country":"Lebanon","latitude":33.16381481,"longitude":35.1742689,"coord_type":"general town","source_1":"https://t.me/mmirleb/16290","source_2":"https://t.me/mmirleb/16413","sources":""}},{"type":"Feature","geometry":{"type":"Point","coordinates":[35.5431464,33.25595237000001,0]},"properties":{"event_id":2603,"data_org":"Green","event_date":"2026-05-17T00:00:00.000Z","post_date":"2026-05-17T00:00:00.000Z","pub_date":"2026-05-17T00:00:00.000Z","actor":"Hezbollah","claimed":"TRUE","event_type":"Drone Attack","city":"Oddaisseh","province":"","country":"Lebanon","latitude":33.25595237,"longitude":35.5431464,"coord_type":"general town","source_1":"https://t.me/mmirleb/16291","source_2":"","sources":""}},{"type":"Feature","geometry":{"type":"Point","coordinates":[35.5163366,33.31086803,0]},"properties":{"event_id":2604,"data_org":"Green","event_date":"2026-05-17T00:00:00.000Z","post_date":"2026-05-17T00:00:00.000Z","pub_date":"2026-05-17T00:00:00.000Z","actor":"Hezbollah","claimed":"TRUE","event_type":"IED","city":"Yohmor","province":"","country":"Lebanon","latitude":33.31086803,"longitude":35.5163366,"coord_type":"general town","source_1":"https://t.me/mmirleb/16296","source_2":"","sources":""}},{"type":"Feature","geometry":{"type":"Point","coordinates":[35.5021971,33.29136827,0]},"properties":{"event_id":2618,"data_org":"Green","event_date":"2026-05-17T00:00:00.000Z","post_date":"2026-05-17T00:00:00.000Z","pub_date":"2026-05-17T00:00:00.000Z","actor":"Hezbollah","claimed":"TRUE","event_type":"Mortar Attack","city":"Deir Syrian","province":"","country":"Lebanon","latitude":33.29136827,"longitude":35.5021971,"coord_type":"general town","source_1":"https://t.me/mmirleb/16297","source_2":"","sources":""}},{"type":"Feature","geometry":{"type":"Point","coordinates":[35.139772400000005,33.118994820000005,0]},"properties":{"event_id":2619,"data_org":"Green","event_date":"2026-05-17T00:00:00.000Z","post_date":"2026-05-17T00:00:00.000Z","pub_date":"2026-05-17T00:00:00.000Z","actor":"Hezbollah","claimed":"TRUE","event_type":"Drone Attack","city":"Naqoura","province":"","country":"Lebanon","latitude":33.11899482,"longitude":35.1397724,"coord_type":"general town","source_1":"https://t.me/mmirleb/16298","source_2":"","sources":""}},{"type":"Feature","geometry":{"type":"Point","coordinates":[35.36216,33.143039999999985,0]},"properties":{"event_id":2622,"data_org":"Green","event_date":"2026-05-17T00:00:00.000Z","post_date":"2026-05-17T00:00:00.000Z","pub_date":"2026-05-17T00:00:00.000Z","actor":"Hezbollah","claimed":"TRUE","event_type":"Drone Attack","city":"Rachaf","province":"","country":"Lebanon","latitude":33.14304,"longitude":35.36216,"coord_type":"general town","source_1":"https://t.me/mmirleb/16299","source_2":"","sources":""}},{"type":"Feature","geometry":{"type":"Point","coordinates":[35.36216,33.143039999999985,0]},"properties":{"event_id":2623,"data_org":"Green","event_date":"2026-05-17T00:00:00.000Z","post_date":"2026-05-17T00:00:00.000Z","pub_date":"2026-05-17T00:00:00.000Z","actor":"Hezbollah","claimed":"TRUE","event_type":"Drone Attack","city":"Rachaf","province":"","country":"Lebanon","latitude":33.14304,"longitude":35.36216,"coord_type":"general town","source_1":"https://t.me/mmirleb/16300","source_2":"","sources":""}},{"type":"Feature","geometry":{"type":"Point","coordinates":[35.36216,33.143039999999985,0]},"properties":{"event_id":2628,"data_org":"Green","event_date":"2026-05-18T00:00:00.000Z","post_date":"2026-05-18T00:00:00.000Z","pub_date":"2026-05-18T00:00:00.000Z","actor":"Hezbollah","claimed":"TRUE","event_type":"Rocket Attack","city":"Rachaf","province":"","country":"Lebanon","latitude":33.14304,"longitude":35.36216,"coord_type":"general town","source_1":"https://t.me/mmirleb/16316","source_2":"","sources":""}},{"type":"Feature","geometry":{"type":"Point","coordinates":[35.5021971,33.29136827,0]},"properties":{"event_id":2629,"data_org":"Green","event_date":"2026-05-18T00:00:00.000Z","post_date":"2026-05-18T00:00:00.000Z","pub_date":"2026-05-18T00:00:00.000Z","actor":"Hezbollah","claimed":"TRUE","event_type":"Drone Attack","city":"Deir Seryan","province":"","country":"Lebanon","latitude":33.29136827,"longitude":35.5021971,"coord_type":"general town","source_1":"https://t.me/mmirleb/16317","source_2":"","sources":""}},{"type":"Feature","geometry":{"type":"Point","coordinates":[35.5021971,33.29136827,0]},"properties":{"event_id":2630,"data_org":"Green","event_date":"2026-05-18T00:00:00.000Z","post_date":"2026-05-18T00:00:00.000Z","pub_date":"2026-05-18T00:00:00.000Z","actor":"Hezbollah","claimed":"TRUE","event_type":"Drone Attack","city":"Deir Seryan","province":"","country":"Lebanon","latitude":33.29136827,"longitude":35.5021971,"coord_type":"general town","source_1":"https://t.me/mmirleb/16318","source_2":"","sources":""}},{"type":"Feature","geometry":{"type":"Point","coordinates":[35.445046,33.107287239999984,0]},"properties":{"event_id":2641,"data_org":"Green","event_date":"2026-05-18T00:00:00.000Z","post_date":"2026-05-18T00:00:00.000Z","pub_date":"2026-05-18T00:00:00.000Z","actor":"Hezbollah","claimed":"TRUE","event_type":"Drone Attack","city":"Maroun al Ras","province":"","country":"Lebanon","latitude":33.10728724,"longitude":35.445046,"coord_type":"general town","source_1":"https://t.me/mmirleb/16324","source_2":"","sources":""}},{"type":"Feature","geometry":{"type":"Point","coordinates":[35.517295,33.23247,0]},"properties":{"event_id":2642,"data_org":"Green","event_date":"2026-05-18T00:00:00.000Z","post_date":"2026-05-18T00:00:00.000Z","pub_date":"2026-05-18T00:00:00.000Z","actor":"Hezbollah","claimed":"TRUE","event_type":"Rocket and Mortar Attack","city":"Khiam","province":"","country":"Lebanon","latitude":33.23247,"longitude":35.517295,"coord_type":"general town","source_1":"https://t.me/mmirleb/16325","source_2":"","sources":""}},{"type":"Feature","geometry":{"type":"Point","coordinates":[35.5186224,33.27658543,0]},"properties":{"event_id":2643,"data_org":"Green","event_date":"2026-05-18T00:00:00.000Z","post_date":"2026-05-18T00:00:00.000Z","pub_date":"2026-05-18T00:00:00.000Z","actor":"Hezbollah","claimed":"TRUE","event_type":"Rocket and Mortar Attack","city":"Taybeh","province":"","country":"Lebanon","latitude":33.27658543,"longitude":35.5186224,"coord_type":"general town","source_1":"https://t.me/mmirleb/16325","source_2":"","sources":""}},{"type":"Feature","geometry":{"type":"Point","coordinates":[35.5456811,33.30367457999999,0]},"properties":{"event_id":2644,"data_org":"Green","event_date":"2026-05-18T00:00:00.000Z","post_date":"2026-05-18T00:00:00.000Z","pub_date":"2026-05-18T00:00:00.000Z","actor":"Hezbollah","claimed":"TRUE","event_type":"Rocket and Mortar Attack","city":"Deir Mimas","province":"","country":"Lebanon","latitude":33.30367458,"longitude":35.5456811,"coord_type":"general town","source_1":"https://t.me/mmirleb/16325","source_2":"","sources":""}},{"type":"Feature","geometry":{"type":"Point","coordinates":[35.499413,33.292833439999995,0]},"properties":{"event_id":2645,"data_org":"Green","event_date":"2026-05-18T00:00:00.000Z","post_date":"2026-05-18T00:00:00.000Z","pub_date":"2026-05-18T00:00:00.000Z","actor":"Hezbollah","claimed":"TRUE","event_type":"Rocket and Mortar Attack","city":"Khallet al Raj, Deir Siriyan","province":"","country":"Lebanon","latitude":33.29283344,"longitude":35.499413,"coord_type":"general town","source_1":"https://t.me/mmirleb/16325","source_2":"","sources":""}},{"type":"Feature","geometry":{"type":"Point","coordinates":[35.592839,33.29303,0]},"properties":{"event_id":2646,"data_org":"Green","event_date":"2026-05-18T00:00:00.000Z","post_date":"2026-05-18T00:00:00.000Z","pub_date":"2026-05-18T00:00:00.000Z","actor":"Hezbollah","claimed":"TRUE","event_type":"Rocket and Mortar Attack","city":"Khiam","province":"","country":"Lebanon","latitude":33.29303,"longitude":35.592839,"coord_type":"exact","source_1":"https://t.me/mmirleb/16325","source_2":"","sources":""}},{"type":"Feature","geometry":{"type":"Point","coordinates":[35.54523,33.25438,0]},"properties":{"event_id":2647,"data_org":"Green","event_date":"2026-05-18T00:00:00.000Z","post_date":"2026-05-18T00:00:00.000Z","pub_date":"2026-05-18T00:00:00.000Z","actor":"Hezbollah","claimed":"TRUE","event_type":"Rocket and Mortar Attack","city":"Oddaisseh","province":"","country":"Lebanon","latitude":33.25438,"longitude":35.54523,"coord_type":"general town","source_1":"https://t.me/mmirleb/16325","source_2":"","sources":""}},{"type":"Feature","geometry":{"type":"Point","coordinates":[35.54523,33.25438,0]},"properties":{"event_id":2648,"data_org":"Green","event_date":"2026-05-18T00:00:00.000Z","post_date":"2026-05-18T00:00:00.000Z","pub_date":"2026-05-18T00:00:00.000Z","actor":"Hezbollah","claimed":"TRUE","event_type":"Drone Attack","city":"Oddaisseh","province":"","country":"Lebanon","latitude":33.25438,"longitude":35.54523,"coord_type":"general town","source_1":"https://t.me/mmirleb/16326","source_2":"","sources":""}},{"type":"Feature","geometry":{"type":"Point","coordinates":[35.143084,33.12630641,0]},"properties":{"event_id":2652,"data_org":"Green","event_date":"2026-05-18T00:00:00.000Z","post_date":"2026-05-18T00:00:00.000Z","pub_date":"2026-05-18T00:00:00.000Z","actor":"Hezbollah","claimed":"TRUE","event_type":"Drone Attack","city":"Naqoura port","province":"","country":"Lebanon","latitude":33.12630641,"longitude":35.143084,"coord_type":"general neighborhood","source_1":"https://t.me/mmirleb/16328","source_2":"https://t.me/Nournews_ir/357279","sources":""}},{"type":"Feature","geometry":{"type":"Point","coordinates":[35.1742689,33.16381480999999,0]},"properties":{"event_id":2653,"data_org":"Green","event_date":"2026-05-18T00:00:00.000Z","post_date":"2026-05-18T00:00:00.000Z","pub_date":"2026-05-18T00:00:00.000Z","actor":"Hezbollah","claimed":"TRUE","event_type":"Drone Attack","city":"Biyyadah","province":"","country":"Lebanon","latitude":33.16381481,"longitude":35.1742689,"coord_type":"general town","source_1":"https://t.me/mmirleb/16329","source_2":"","sources":""}},{"type":"Feature","geometry":{"type":"Point","coordinates":[35.36216,33.143039999999985,0]},"properties":{"event_id":2660,"data_org":"Green","event_date":"2026-05-18T00:00:00.000Z","post_date":"2026-05-18T00:00:00.000Z","pub_date":"2026-05-19T00:00:00.000Z","actor":"Hezbollah","claimed":"TRUE","event_type":"Rocket Attack","city":"Rachaf","province":"","country":"Lebanon","latitude":33.14304,"longitude":35.36216,"coord_type":"general town","source_1":"https://t.me/mmirleb/16336","source_2":"","sources":""}},{"type":"Feature","geometry":{"type":"Point","coordinates":[35.36216,33.143039999999985,0]},"properties":{"event_id":2663,"data_org":"Green","event_date":"2026-05-18T00:00:00.000Z","post_date":"2026-05-18T00:00:00.000Z","pub_date":"2026-05-19T00:00:00.000Z","actor":"Hezbollah","claimed":"TRUE","event_type":"Drone Attack","city":"Rachaf","province":"","country":"Lebanon","latitude":33.14304,"longitude":35.36216,"coord_type":"general town","source_1":"https://t.me/mmirleb/16340","source_2":"","sources":""}},{"type":"Feature","geometry":{"type":"Point","coordinates":[35.3687,33.119749999999996,0]},"properties":{"event_id":2664,"data_org":"Green","event_date":"2026-05-18T00:00:00.000Z","post_date":"2026-05-19T00:00:00.000Z","pub_date":"2026-05-19T00:00:00.000Z","actor":"Hezbollah","claimed":"TRUE","event_type":"Drone Attack","city":"Debl","province":"","country":"Lebanon","latitude":33.11975,"longitude":35.3687,"coord_type":"general town","source_1":"https://t.me/mmirleb/16342","source_2":"","sources":""}},{"type":"Feature","geometry":{"type":"Point","coordinates":[35.5186224,33.27658543,0]},"properties":{"event_id":2666,"data_org":"Green","event_date":"2026-05-19T00:00:00.000Z","post_date":"2026-05-19T00:00:00.000Z","pub_date":"2026-05-19T00:00:00.000Z","actor":"Hezbollah","claimed":"TRUE","event_type":"Drone Attack","city":"Taybeh","province":"","country":"Lebanon","latitude":33.27658543,"longitude":35.5186224,"coord_type":"general town","source_1":"https://t.me/mmirleb/16343","source_2":"https://t.me/mmirleb/16552","sources":""}},{"type":"Feature","geometry":{"type":"Point","coordinates":[35.36216,33.143039999999985,0]},"properties":{"event_id":2673,"data_org":"Green","event_date":"2026-05-19T00:00:00.000Z","post_date":"2026-05-19T00:00:00.000Z","pub_date":"2026-05-19T00:00:00.000Z","actor":"Hezbollah","claimed":"TRUE","event_type":"Rocket Attack","city":"Rachaf","province":"","country":"Lebanon","latitude":33.14304,"longitude":35.36216,"coord_type":"general town","source_1":"https://t.me/mmirleb/16350","source_2":"","sources":""}},{"type":"Feature","geometry":{"type":"Point","coordinates":[35.1742689,33.16381480999999,0]},"properties":{"event_id":2675,"data_org":"Green","event_date":"2026-05-16T00:00:00.000Z","post_date":"2026-05-19T00:00:00.000Z","pub_date":"2026-05-19T00:00:00.000Z","actor":"Hezbollah","claimed":"TRUE","event_type":"Drone Attack","city":"Biyyadah","province":"","country":"Lebanon","latitude":33.16381481,"longitude":35.1742689,"coord_type":"general town","source_1":"https://t.me/mmirleb/16351","source_2":"","sources":""}},{"type":"Feature","geometry":{"type":"Point","coordinates":[35.445046,33.107287239999984,0]},"properties":{"event_id":2676,"data_org":"Green","event_date":"2026-05-19T00:00:00.000Z","post_date":"2026-05-19T00:00:00.000Z","pub_date":"2026-05-19T00:00:00.000Z","actor":"Hezbollah","claimed":"TRUE","event_type":"Drone Attack","city":"Maroun al Ras","province":"","country":"Lebanon","latitude":33.10728724,"longitude":35.445046,"coord_type":"general town","source_1":"https://t.me/mmirleb/16358","source_2":"","sources":""}},{"type":"Feature","geometry":{"type":"Point","coordinates":[35.3443979,33.11780317,0]},"properties":{"event_id":2678,"data_org":"Green","event_date":"2026-05-19T00:00:00.000Z","post_date":"2026-05-19T00:00:00.000Z","pub_date":"2026-05-19T00:00:00.000Z","actor":"Hezbollah","claimed":"TRUE","event_type":"Drone Attack","city":"Qouzah","province":"","country":"Lebanon","latitude":33.11780317,"longitude":35.3443979,"coord_type":"general town","source_1":"https://t.me/mmirleb/16363","source_2":"","sources":""}},{"type":"Feature","geometry":{"type":"Point","coordinates":[35.54523,33.25438,0]},"properties":{"event_id":2679,"data_org":"Green","event_date":"2026-05-19T00:00:00.000Z","post_date":"2026-05-19T00:00:00.000Z","pub_date":"2026-05-19T00:00:00.000Z","actor":"Hezbollah","claimed":"TRUE","event_type":"Drone Attack","city":"Odaisseh","province":"","country":"Lebanon","latitude":33.25438,"longitude":35.54523,"coord_type":"general town","source_1":"https://t.me/mmirleb/16365","source_2":"","sources":""}},{"type":"Feature","geometry":{"type":"Point","coordinates":[35.3113901,33.10875282999999,0]},"properties":{"event_id":2680,"data_org":"Green","event_date":"2026-05-19T00:00:00.000Z","post_date":"2026-05-19T00:00:00.000Z","pub_date":"2026-05-19T00:00:00.000Z","actor":"Hezbollah","claimed":"TRUE","event_type":"Drone Attack","city":"Ramyeh","province":"","country":"Lebanon","latitude":33.10875283,"longitude":35.3113901,"coord_type":"general town","source_1":"https://t.me/mmirleb/16366","source_2":"","sources":""}},{"type":"Feature","geometry":{"type":"Point","coordinates":[35.3324758,33.13393388,0]},"properties":{"event_id":2681,"data_org":"Green","event_date":"2026-05-19T00:00:00.000Z","post_date":"2026-05-19T00:00:00.000Z","pub_date":"2026-05-19T00:00:00.000Z","actor":"Hezbollah","claimed":"TRUE","event_type":"Mortar Attack","city":"Beit Lif","province":"","country":"Lebanon","latitude":33.13393388,"longitude":35.3324758,"coord_type":"general town","source_1":"https://t.me/mmirleb/16367","source_2":"","sources":""}},{"type":"Feature","geometry":{"type":"Point","coordinates":[35.4997288,33.292020629999996,0]},"properties":{"event_id":9986,"data_org":"Green","event_date":"2026-05-19T00:00:00.000Z","post_date":"2026-05-19T00:00:00.000Z","pub_date":"2026-05-19T00:00:00.000Z","actor":"Hezbollah","claimed":"TRUE","event_type":"Rocket, Mortar, Drone attack","city":"Khalla al Raj area, Deir Seryan","province":"","country":"Lebanon","latitude":33.29202063,"longitude":35.4997288,"coord_type":"general town","source_1":"https://t.me/mmirleb/16368","source_2":"","sources":""}},{"type":"Feature","geometry":{"type":"Point","coordinates":[35.6153379,33.33258693999999,0]},"properties":{"event_id":2683,"data_org":"Green","event_date":"2026-05-19T00:00:00.000Z","post_date":"2026-05-19T00:00:00.000Z","pub_date":"2026-05-19T00:00:00.000Z","actor":"Hezbollah","claimed":"TRUE","event_type":"Drone Attack","city":"Khiam","province":"","country":"Lebanon","latitude":33.33258694,"longitude":35.6153379,"coord_type":"general town","source_1":"https://t.me/mmirleb/16369","source_2":"https://t.me/mmirleb/16767","sources":""}},{"type":"Feature","geometry":{"type":"Point","coordinates":[35.143084,33.12630641,0]},"properties":{"event_id":2684,"data_org":"Green","event_date":"2026-05-19T00:00:00.000Z","post_date":"2026-05-19T00:00:00.000Z","pub_date":"2026-05-19T00:00:00.000Z","actor":"Hezbollah","claimed":"TRUE","event_type":"Drone Attack","city":"Naqoura port","province":"","country":"Lebanon","latitude":33.12630641,"longitude":35.143084,"coord_type":"general neighborhood","source_1":"https://t.me/mmirleb/16370","source_2":"","sources":""}},{"type":"Feature","geometry":{"type":"Point","coordinates":[35.1684512,33.15499421,0]},"properties":{"event_id":2686,"data_org":"Green","event_date":"2026-05-19T00:00:00.000Z","post_date":"2026-05-19T00:00:00.000Z","pub_date":"2026-05-20T00:00:00.000Z","actor":"Hezbollah","claimed":"TRUE","event_type":"Drone Attack","city":"Iskandarouneh","province":"","country":"Lebanon","latitude":33.15499421,"longitude":35.1684512,"coord_type":"general town","source_1":"https://t.me/mmirleb/16371","source_2":"","sources":""}},{"type":"Feature","geometry":{"type":"Point","coordinates":[35.139772400000005,33.118994820000005,0]},"properties":{"event_id":2687,"data_org":"Green","event_date":"2026-05-19T00:00:00.000Z","post_date":"2026-05-19T00:00:00.000Z","pub_date":"2026-05-20T00:00:00.000Z","actor":"Hezbollah","claimed":"TRUE","event_type":"Mortar Attack","city":"Randa Heights (Naqoura)","province":"","country":"Lebanon","latitude":33.11899482,"longitude":35.1397724,"coord_type":"general town","source_1":"https://t.me/mmirleb/16372","source_2":"","sources":""}},{"type":"Feature","geometry":{"type":"Point","coordinates":[35.36216,33.143039999999985,0]},"properties":{"event_id":2688,"data_org":"Green","event_date":"2026-05-19T00:00:00.000Z","post_date":"2026-05-19T00:00:00.000Z","pub_date":"2026-05-20T00:00:00.000Z","actor":"Hezbollah","claimed":"TRUE","event_type":"Drone Attack","city":"Rachaf","province":"","country":"Lebanon","latitude":33.14304,"longitude":35.36216,"coord_type":"general town","source_1":"https://t.me/mmirleb/16373","source_2":"","sources":""}},{"type":"Feature","geometry":{"type":"Point","coordinates":[35.36216,33.143039999999985,0]},"properties":{"event_id":2689,"data_org":"Green","event_date":"2026-05-19T00:00:00.000Z","post_date":"2026-05-19T00:00:00.000Z","pub_date":"2026-05-20T00:00:00.000Z","actor":"Hezbollah","claimed":"TRUE","event_type":"Drone Attack","city":"Rachaf","province":"","country":"Lebanon","latitude":33.14304,"longitude":35.36216,"coord_type":"general town","source_1":"https://t.me/mmirleb/16374","source_2":"https://t.me/sepah_pasdaran/198039","sources":"https://www.middleeasteye.net/live-blog/live-blog-update/commander-israeli-armored-brigade-injured-hezbollah-drone-attack; https://www.youtube.com/watch?v=qj6c2wRatgk"}},{"type":"Feature","geometry":{"type":"Point","coordinates":[35.1800621,33.163188639999994,0]},"properties":{"event_id":2700,"data_org":"Green","event_date":"2026-05-17T00:00:00.000Z","post_date":"2026-05-19T00:00:00.000Z","pub_date":"2026-05-20T00:00:00.000Z","actor":"Hezbollah","claimed":"TRUE","event_type":"Drone Attack","city":"Biyyadah (IDF 226th Brigade field HQ)","province":"","country":"Lebanon","latitude":33.16318864,"longitude":35.1800621,"coord_type":"exact","source_1":"https://t.me/mmirleb/16376","source_2":"","sources":""}},{"type":"Feature","geometry":{"type":"Point","coordinates":[35.6079697,33.32021021999999,0]},"properties":{"event_id":2701,"data_org":"Green","event_date":"2026-05-19T00:00:00.000Z","post_date":"2026-05-19T00:00:00.000Z","pub_date":"2026-05-20T00:00:00.000Z","actor":"Hezbollah","claimed":"TRUE","event_type":"Drone Attack","city":"Khiam detention center","province":"","country":"Lebanon","latitude":33.32021022,"longitude":35.6079697,"coord_type":"exact","source_1":"https://t.me/mmirleb/16380","source_2":"","sources":""}},{"type":"Feature","geometry":{"type":"Point","coordinates":[35.1742689,33.16381480999999,0]},"properties":{"event_id":2703,"data_org":"Green","event_date":"2026-05-19T00:00:00.000Z","post_date":"2026-05-19T00:00:00.000Z","pub_date":"2026-05-20T00:00:00.000Z","actor":"Hezbollah","claimed":"TRUE","event_type":"Rocket Attack","city":"Biyyadah","province":"","country":"Lebanon","latitude":33.16381481,"longitude":35.1742689,"coord_type":"general town","source_1":"https://t.me/mmirleb/16383","source_2":"","sources":""}},{"type":"Feature","geometry":{"type":"Point","coordinates":[35.36216,33.143039999999985,0]},"properties":{"event_id":2704,"data_org":"Green","event_date":"2026-05-19T00:00:00.000Z","post_date":"2026-05-19T00:00:00.000Z","pub_date":"2026-05-20T00:00:00.000Z","actor":"Hezbollah","claimed":"TRUE","event_type":"Drone Attack","city":"Rachaf","province":"","country":"Lebanon","latitude":33.14304,"longitude":35.36216,"coord_type":"general town","source_1":"https://t.me/mmirleb/16384","source_2":"","sources":""}},{"type":"Feature","geometry":{"type":"Point","coordinates":[35.1742689,33.16381480999999,0]},"properties":{"event_id":2705,"data_org":"Green","event_date":"2026-05-19T00:00:00.000Z","post_date":"2026-05-19T00:00:00.000Z","pub_date":"2026-05-20T00:00:00.000Z","actor":"Hezbollah","claimed":"TRUE","event_type":"Rocket Attack","city":"Biyyadah","province":"","country":"Lebanon","latitude":33.16381481,"longitude":35.1742689,"coord_type":"general town","source_1":"https://t.me/mmirleb/16385","source_2":"","sources":""}},{"type":"Feature","geometry":{"type":"Point","coordinates":[35.36216,33.143039999999985,0]},"properties":{"event_id":2706,"data_org":"Green","event_date":"2026-05-19T00:00:00.000Z","post_date":"2026-05-20T00:00:00.000Z","pub_date":"2026-05-20T00:00:00.000Z","actor":"Hezbollah","claimed":"TRUE","event_type":"Rocket Attack","city":"Rachaf","province":"","country":"Lebanon","latitude":33.14304,"longitude":35.36216,"coord_type":"general town","source_1":"https://t.me/mmirleb/16387","source_2":"","sources":""}},{"type":"Feature","geometry":{"type":"Point","coordinates":[35.3687,33.119749999999996,0]},"properties":{"event_id":2707,"data_org":"Green","event_date":"2026-05-19T00:00:00.000Z","post_date":"2026-05-20T00:00:00.000Z","pub_date":"2026-05-20T00:00:00.000Z","actor":"Hezbollah","claimed":"TRUE","event_type":"Rocket Attack","city":"Debl","province":"","country":"Lebanon","latitude":33.11975,"longitude":35.3687,"coord_type":"general town","source_1":"https://t.me/mmirleb/16388","source_2":"","sources":""}},{"type":"Feature","geometry":{"type":"Point","coordinates":[35.3837063,33.15900246,0]},"properties":{"event_id":2708,"data_org":"Green","event_date":"2026-05-19T00:00:00.000Z","post_date":"2026-05-20T00:00:00.000Z","pub_date":"2026-05-20T00:00:00.000Z","actor":"Hezbollah","claimed":"TRUE","event_type":"Small Arms Engagement","city":"Haddatha outskirts","province":"","country":"Lebanon","latitude":33.15900246,"longitude":35.3837063,"coord_type":"general neighborhood","source_1":"https://t.me/mmirleb/16390","source_2":"https://t.me/mmirleb/16393","sources":""}},{"type":"Feature","geometry":{"type":"Point","coordinates":[35.3837063,33.15900246,0]},"properties":{"event_id":2710,"data_org":"Green","event_date":"2026-05-19T00:00:00.000Z","post_date":"2026-05-20T00:00:00.000Z","pub_date":"2026-05-20T00:00:00.000Z","actor":"Hezbollah","claimed":"TRUE","event_type":"UNK","city":"Haddatha outskirts","province":"","country":"Lebanon","latitude":33.15900246,"longitude":35.3837063,"coord_type":"general neighborhood","source_1":"https://t.me/mmirleb/16390","source_2":"https://t.me/mmirleb/16393","sources":""}},{"type":"Feature","geometry":{"type":"Point","coordinates":[35.3837063,33.15900246,0]},"properties":{"event_id":2711,"data_org":"Green","event_date":"2026-05-19T00:00:00.000Z","post_date":"2026-05-20T00:00:00.000Z","pub_date":"2026-05-20T00:00:00.000Z","actor":"Hezbollah","claimed":"TRUE","event_type":"Mortar Attack","city":"Haddatha outskirts","province":"","country":"Lebanon","latitude":33.15900246,"longitude":35.3837063,"coord_type":"general neighborhood","source_1":"https://t.me/mmirleb/16390","source_2":"https://t.me/mmirleb/16393","sources":""}},{"type":"Feature","geometry":{"type":"Point","coordinates":[35.3936183,33.16671089999999,0]},"properties":{"event_id":2712,"data_org":"Green","event_date":"2026-05-19T00:00:00.000Z","post_date":"2026-05-20T00:00:00.000Z","pub_date":"2026-05-20T00:00:00.000Z","actor":"Hezbollah","claimed":"TRUE","event_type":"Small Arms Engagement","city":"Haddatha-Aita al Jabal crossroads","province":"","country":"Lebanon","latitude":33.1667109,"longitude":35.3936183,"coord_type":"general neighborhood","source_1":"https://t.me/mmirleb/16390","source_2":"https://t.me/mmirleb/16393","sources":""}},{"type":"Feature","geometry":{"type":"Point","coordinates":[35.3837063,33.15900246,0]},"properties":{"event_id":2713,"data_org":"Green","event_date":"2026-05-19T00:00:00.000Z","post_date":"2026-05-20T00:00:00.000Z","pub_date":"2026-05-20T00:00:00.000Z","actor":"Hezbollah","claimed":"TRUE","event_type":"Anti-Tank Fire","city":"Haddatha outskirts","province":"","country":"Lebanon","latitude":33.15900246,"longitude":35.3837063,"coord_type":"general neighborhood","source_1":"https://t.me/mmirleb/16390","source_2":"https://t.me/mmirleb/16393","sources":""}},{"type":"Feature","geometry":{"type":"Point","coordinates":[35.3837063,33.15900246,0]},"properties":{"event_id":2714,"data_org":"Green","event_date":"2026-05-19T00:00:00.000Z","post_date":"2026-05-20T00:00:00.000Z","pub_date":"2026-05-20T00:00:00.000Z","actor":"Hezbollah","claimed":"TRUE","event_type":"UNK","city":"Haddatha outskirts","province":"","country":"Lebanon","latitude":33.15900246,"longitude":35.3837063,"coord_type":"general neighborhood","source_1":"https://t.me/mmirleb/16390","source_2":"https://t.me/mmirleb/16393","sources":""}},{"type":"Feature","geometry":{"type":"Point","coordinates":[35.4844999,33.308953429999995,0]},"properties":{"event_id":2715,"data_org":"Green","event_date":"2026-05-20T00:00:00.000Z","post_date":"2026-05-20T00:00:00.000Z","pub_date":"2026-05-20T00:00:00.000Z","actor":"Hezbollah","claimed":"TRUE","event_type":"Mortar Attack","city":"Deir Seryan/Litani riverbank","province":"","country":"Lebanon","latitude":33.30895343,"longitude":35.4844999,"coord_type":"general neighborhood","source_1":"https://t.me/mmirleb/16392","source_2":"https://t.me/mmirleb/16527","sources":""}},{"type":"Feature","geometry":{"type":"Point","coordinates":[35.5186224,33.27658543,0]},"properties":{"event_id":2716,"data_org":"Green","event_date":"2026-05-20T00:00:00.000Z","post_date":"2026-05-20T00:00:00.000Z","pub_date":"2026-05-20T00:00:00.000Z","actor":"Hezbollah","claimed":"TRUE","event_type":"Drone Attack","city":"Baydar al Fawqani, Taybeh","province":"","country":"Lebanon","latitude":33.27658543,"longitude":35.5186224,"coord_type":"general town","source_1":"https://t.me/mmirleb/16394","source_2":"","sources":""}},{"type":"Feature","geometry":{"type":"Point","coordinates":[35.4258069,33.08195651999999,0]},"properties":{"event_id":2720,"data_org":"Green","event_date":"2026-05-20T00:00:00.000Z","post_date":"2026-05-20T00:00:00.000Z","pub_date":"2026-05-20T00:00:00.000Z","actor":"Hezbollah","claimed":"TRUE","event_type":"Drone Attack","city":"Yaroun","province":"","country":"Lebanon","latitude":33.08195652,"longitude":35.4258069,"coord_type":"general town","source_1":"https://t.me/mmirleb/16409","source_2":"","sources":""}},{"type":"Feature","geometry":{"type":"Point","coordinates":[35.4372458,33.12195800000001,0]},"properties":{"event_id":2721,"data_org":"Green","event_date":"2026-05-20T00:00:00.000Z","post_date":"2026-05-20T00:00:00.000Z","pub_date":"2026-05-20T00:00:00.000Z","actor":"Hezbollah","claimed":"TRUE","event_type":"Drone Attack","city":"Bint Jbeil","province":"","country":"Lebanon","latitude":33.121958,"longitude":35.4372458,"coord_type":"general town","source_1":"https://t.me/mmirleb/16410","source_2":"","sources":""}},{"type":"Feature","geometry":{"type":"Point","coordinates":[35.4997288,33.292020629999996,0]},"properties":{"event_id":2722,"data_org":"Green","event_date":"2026-05-20T00:00:00.000Z","post_date":"2026-05-20T00:00:00.000Z","pub_date":"2026-05-20T00:00:00.000Z","actor":"Hezbollah","claimed":"TRUE","event_type":"Rocket Attack","city":"Khalla al Raj area, Deir Seryan","province":"","country":"Lebanon","latitude":33.29202063,"longitude":35.4997288,"coord_type":"general town","source_1":"https://t.me/mmirleb/16411","source_2":"","sources":""}},{"type":"Feature","geometry":{"type":"Point","coordinates":[35.2083193,33.14540613999999,0]},"properties":{"event_id":2723,"data_org":"Green","event_date":"2026-05-20T00:00:00.000Z","post_date":"2026-05-20T00:00:00.000Z","pub_date":"2026-05-20T00:00:00.000Z","actor":"Hezbollah","claimed":"TRUE","event_type":"Rocket Attack","city":"Chama","province":"","country":"Lebanon","latitude":33.14540614,"longitude":35.2083193,"coord_type":"general town","source_1":"https://t.me/mmirleb/16412","source_2":"https://t.me/mmirleb/16526","sources":""}},{"type":"Feature","geometry":{"type":"Point","coordinates":[35.3822254,33.16742862000001,0]},"properties":{"event_id":2724,"data_org":"Green","event_date":"2026-05-20T00:00:00.000Z","post_date":"2026-05-20T00:00:00.000Z","pub_date":"2026-05-20T00:00:00.000Z","actor":"Hezbollah","claimed":"TRUE","event_type":"Mortar Attack","city":"Barakat Haddatha","province":"","country":"Lebanon","latitude":33.16742862,"longitude":35.3822254,"coord_type":"exact","source_1":"https://t.me/mmirleb/16416","source_2":"","sources":""}},{"type":"Feature","geometry":{"type":"Point","coordinates":[35.3822254,33.16742862000001,0]},"properties":{"event_id":2725,"data_org":"Green","event_date":"2026-05-20T00:00:00.000Z","post_date":"2026-05-20T00:00:00.000Z","pub_date":"2026-05-20T00:00:00.000Z","actor":"Hezbollah","claimed":"TRUE","event_type":"RPG attack","city":"Barakat Haddatha","province":"","country":"Lebanon","latitude":33.16742862,"longitude":35.3822254,"coord_type":"exact","source_1":"https://t.me/mmirleb/16417","source_2":"","sources":""}},{"type":"Feature","geometry":{"type":"Point","coordinates":[35.3887201,33.16492579,0]},"properties":{"event_id":2726,"data_org":"Green","event_date":"2026-05-20T00:00:00.000Z","post_date":"2026-05-20T00:00:00.000Z","pub_date":"2026-05-20T00:00:00.000Z","actor":"Hezbollah","claimed":"TRUE","event_type":"Anti-Tank Fire","city":"Bidar neighborhood, Haddatha","province":"","country":"Lebanon","latitude":33.16492579,"longitude":35.3887201,"coord_type":"general town","source_1":"https://t.me/mmirleb/16418","source_2":"","sources":""}},{"type":"Feature","geometry":{"type":"Point","coordinates":[35.3887201,33.16492579,0]},"properties":{"event_id":2727,"data_org":"Green","event_date":"2026-05-20T00:00:00.000Z","post_date":"2026-05-20T00:00:00.000Z","pub_date":"2026-05-20T00:00:00.000Z","actor":"Hezbollah","claimed":"TRUE","event_type":"Drone Attack","city":"Haddatha","province":"","country":"Lebanon","latitude":33.16492579,"longitude":35.3887201,"coord_type":"general town","source_1":"https://t.me/mmirleb/16419","source_2":"","sources":""}},{"type":"Feature","geometry":{"type":"Point","coordinates":[35.3887201,33.16492579,0]},"properties":{"event_id":2728,"data_org":"Green","event_date":"2026-05-20T00:00:00.000Z","post_date":"2026-05-20T00:00:00.000Z","pub_date":"2026-05-20T00:00:00.000Z","actor":"Hezbollah","claimed":"TRUE","event_type":"Drone Attack","city":"Haddatha","province":"","country":"Lebanon","latitude":33.16492579,"longitude":35.3887201,"coord_type":"general town","source_1":"https://t.me/mmirleb/16421","source_2":"","sources":""}},{"type":"Feature","geometry":{"type":"Point","coordinates":[35.3929497,33.16677892999999,0]},"properties":{"event_id":2729,"data_org":"Green","event_date":"2026-05-20T00:00:00.000Z","post_date":"2026-05-20T00:00:00.000Z","pub_date":"2026-05-20T00:00:00.000Z","actor":"Hezbollah","claimed":"TRUE","event_type":"Small Arms Engagement","city":"Haddatha Husseiniyah","province":"","country":"Lebanon","latitude":33.16677893,"longitude":35.3929497,"coord_type":"exact","source_1":"https://t.me/mmirleb/16421","source_2":"","sources":""}},{"type":"Feature","geometry":{"type":"Point","coordinates":[35.3837063,33.15900246,0]},"properties":{"event_id":2730,"data_org":"Green","event_date":"2026-05-20T00:00:00.000Z","post_date":"2026-05-20T00:00:00.000Z","pub_date":"2026-05-20T00:00:00.000Z","actor":"Hezbollah","claimed":"TRUE","event_type":"Rocket Attack","city":"Haddatha outskirts","province":"","country":"Lebanon","latitude":33.15900246,"longitude":35.3837063,"coord_type":"general neighborhood","source_1":"https://t.me/mmirleb/16422","source_2":"","sources":""}},{"type":"Feature","geometry":{"type":"Point","coordinates":[35.3837063,33.15900246,0]},"properties":{"event_id":2731,"data_org":"Green","event_date":"2026-05-20T00:00:00.000Z","post_date":"2026-05-20T00:00:00.000Z","pub_date":"2026-05-20T00:00:00.000Z","actor":"Hezbollah","claimed":"TRUE","event_type":"Drone Attack","city":"Haddatha outskirts","province":"","country":"Lebanon","latitude":33.15900246,"longitude":35.3837063,"coord_type":"general neighborhood","source_1":"https://t.me/mmirleb/16423","source_2":"","sources":""}},{"type":"Feature","geometry":{"type":"Point","coordinates":[35.3822254,33.16742862000001,0]},"properties":{"event_id":2732,"data_org":"Green","event_date":"2026-05-20T00:00:00.000Z","post_date":"2026-05-20T00:00:00.000Z","pub_date":"2026-05-20T00:00:00.000Z","actor":"Hezbollah","claimed":"TRUE","event_type":"Drone Attack","city":"Barakat Haddatha","province":"","country":"Lebanon","latitude":33.16742862,"longitude":35.3822254,"coord_type":"exact","source_1":"https://t.me/mmirleb/16424","source_2":"","sources":""}},{"type":"Feature","geometry":{"type":"Point","coordinates":[35.3822254,33.16742862000001,0]},"properties":{"event_id":2733,"data_org":"Green","event_date":"2026-05-20T00:00:00.000Z","post_date":"2026-05-20T00:00:00.000Z","pub_date":"2026-05-20T00:00:00.000Z","actor":"Hezbollah","claimed":"TRUE","event_type":"Drone Attack","city":"Barakat Haddatha","province":"","country":"Lebanon","latitude":33.16742862,"longitude":35.3822254,"coord_type":"exact","source_1":"https://t.me/mmirleb/16425","source_2":"","sources":""}},{"type":"Feature","geometry":{"type":"Point","coordinates":[35.3887201,33.16492579,0]},"properties":{"event_id":2734,"data_org":"Green","event_date":"2026-05-20T00:00:00.000Z","post_date":"2026-05-20T00:00:00.000Z","pub_date":"2026-05-20T00:00:00.000Z","actor":"Hezbollah","claimed":"TRUE","event_type":"Rocket Attack","city":"Haddatha","province":"","country":"Lebanon","latitude":33.16492579,"longitude":35.3887201,"coord_type":"general town","source_1":"https://t.me/mmirleb/16426","source_2":"","sources":""}},{"type":"Feature","geometry":{"type":"Point","coordinates":[35.3837063,33.15900246,0]},"properties":{"event_id":2735,"data_org":"Green","event_date":"2026-05-19T00:00:00.000Z","post_date":"2026-05-20T00:00:00.000Z","pub_date":"2026-05-20T00:00:00.000Z","actor":"Hezbollah","claimed":"TRUE","event_type":"Rocket Attack","city":"Haddatha outskirts","province":"","country":"Lebanon","latitude":33.15900246,"longitude":35.3837063,"coord_type":"general neighborhood","source_1":"https://t.me/mmirleb/16390","source_2":"https://t.me/mmirleb/16393","sources":""}},{"type":"Feature","geometry":{"type":"Point","coordinates":[35.3822254,33.16742862000001,0]},"properties":{"event_id":2736,"data_org":"Green","event_date":"2026-05-20T00:00:00.000Z","post_date":"2026-05-20T00:00:00.000Z","pub_date":"2026-05-20T00:00:00.000Z","actor":"Hezbollah","claimed":"TRUE","event_type":"Rocket Attack","city":"Barakat Haddatha","province":"","country":"Lebanon","latitude":33.16742862,"longitude":35.3822254,"coord_type":"exact","source_1":"https://t.me/mmirleb/16416","source_2":"","sources":""}},{"type":"Feature","geometry":{"type":"Point","coordinates":[35.3822254,33.16742862000001,0]},"properties":{"event_id":2737,"data_org":"Green","event_date":"2026-05-20T00:00:00.000Z","post_date":"2026-05-20T00:00:00.000Z","pub_date":"2026-05-20T00:00:00.000Z","actor":"Hezbollah","claimed":"TRUE","event_type":"Drone","city":"Barakat Haddatha","province":"","country":"Lebanon","latitude":33.16742862,"longitude":35.3822254,"coord_type":"exact","source_1":"https://t.me/mmirleb/16417","source_2":"","sources":""}},{"type":"Feature","geometry":{"type":"Point","coordinates":[35.3887201,33.16492579,0]},"properties":{"event_id":2738,"data_org":"Green","event_date":"2026-05-20T00:00:00.000Z","post_date":"2026-05-20T00:00:00.000Z","pub_date":"2026-05-20T00:00:00.000Z","actor":"Hezbollah","claimed":"TRUE","event_type":"Rocket Attack","city":"Bidar neighborhood, Haddatha","province":"","country":"Lebanon","latitude":33.16492579,"longitude":35.3887201,"coord_type":"general town","source_1":"https://t.me/mmirleb/16418","source_2":"","sources":""}},{"type":"Feature","geometry":{"type":"Point","coordinates":[35.3887201,33.16492579,0]},"properties":{"event_id":2739,"data_org":"Green","event_date":"2026-05-20T00:00:00.000Z","post_date":"2026-05-20T00:00:00.000Z","pub_date":"2026-05-20T00:00:00.000Z","actor":"Hezbollah","claimed":"TRUE","event_type":"Rocket Attack","city":"Haddatha","province":"","country":"Lebanon","latitude":33.16492579,"longitude":35.3887201,"coord_type":"general town","source_1":"https://t.me/mmirleb/16421","source_2":"","sources":""}},{"type":"Feature","geometry":{"type":"Point","coordinates":[35.36216,33.143039999999985,0]},"properties":{"event_id":2741,"data_org":"Green","event_date":"2026-05-20T00:00:00.000Z","post_date":"2026-05-20T00:00:00.000Z","pub_date":"2026-05-21T00:00:00.000Z","actor":"Hezbollah","claimed":"TRUE","event_type":"Drone","city":"Rachaf","province":"","country":"Lebanon","latitude":33.14304,"longitude":35.36216,"coord_type":"general town","source_1":"https://t.me/mmirleb/16432","source_2":"","sources":""}},{"type":"Feature","geometry":{"type":"Point","coordinates":[35.1742689,33.16381480999999,0]},"properties":{"event_id":2742,"data_org":"Green","event_date":"2026-05-20T00:00:00.000Z","post_date":"2026-05-20T00:00:00.000Z","pub_date":"2026-05-21T00:00:00.000Z","actor":"Hezbollah","claimed":"TRUE","event_type":"Drone","city":"Biyyadah","province":"","country":"Lebanon","latitude":33.16381481,"longitude":35.1742689,"coord_type":"general town","source_1":"https://t.me/mmirleb/16433","source_2":"","sources":""}},{"type":"Feature","geometry":{"type":"Point","coordinates":[35.139772400000005,33.118994820000005,0]},"properties":{"event_id":2743,"data_org":"Green","event_date":"2026-05-20T00:00:00.000Z","post_date":"2026-05-20T00:00:00.000Z","pub_date":"2026-05-21T00:00:00.000Z","actor":"Hezbollah","claimed":"TRUE","event_type":"Drone","city":"Naqoura","province":"","country":"Lebanon","latitude":33.11899482,"longitude":35.1397724,"coord_type":"general town","source_1":"https://t.me/mmirleb/16434","source_2":"","sources":""}},{"type":"Feature","geometry":{"type":"Point","coordinates":[35.3687,33.119749999999996,0]},"properties":{"event_id":2747,"data_org":"Green","event_date":"2026-05-21T00:00:00.000Z","post_date":"2026-05-20T00:00:00.000Z","pub_date":"2026-05-21T00:00:00.000Z","actor":"Hezbollah","claimed":"TRUE","event_type":"Rocket Attack","city":"Debl","province":"","country":"Lebanon","latitude":33.11975,"longitude":35.3687,"coord_type":"general town","source_1":"https://t.me/mmirleb/16436","source_2":"https://t.me/mmirleb/16527","sources":""}},{"type":"Feature","geometry":{"type":"Point","coordinates":[35.36216,33.143039999999985,0]},"properties":{"event_id":2748,"data_org":"Green","event_date":"2026-05-21T00:00:00.000Z","post_date":"2026-05-20T00:00:00.000Z","pub_date":"2026-05-21T00:00:00.000Z","actor":"Hezbollah","claimed":"TRUE","event_type":"Rocket Attack","city":"Rachaf","province":"","country":"Lebanon","latitude":33.14304,"longitude":35.36216,"coord_type":"general town","source_1":"https://t.me/mmirleb/16436","source_2":"https://t.me/mmirleb/16527","sources":""}},{"type":"Feature","geometry":{"type":"Point","coordinates":[35.1742689,33.16381480999999,0]},"properties":{"event_id":2749,"data_org":"Green","event_date":"2026-05-21T00:00:00.000Z","post_date":"2026-05-20T00:00:00.000Z","pub_date":"2026-05-21T00:00:00.000Z","actor":"Hezbollah","claimed":"TRUE","event_type":"Rocket Attack","city":"Biyyadah","province":"","country":"Lebanon","latitude":33.16381481,"longitude":35.1742689,"coord_type":"general town","source_1":"https://t.me/mmirleb/16437","source_2":"","sources":""}},{"type":"Feature","geometry":{"type":"Point","coordinates":[35.3687,33.119749999999996,0]},"properties":{"event_id":2750,"data_org":"Green","event_date":"2026-05-21T00:00:00.000Z","post_date":"2026-05-20T00:00:00.000Z","pub_date":"2026-05-21T00:00:00.000Z","actor":"Hezbollah","claimed":"TRUE","event_type":"Drone","city":"Debl","province":"","country":"Lebanon","latitude":33.11975,"longitude":35.3687,"coord_type":"general town","source_1":"https://t.me/mmirleb/16438","source_2":"https://t.me/mmirleb/16634","sources":""}},{"type":"Feature","geometry":{"type":"Point","coordinates":[35.3887201,33.16492579,0]},"properties":{"event_id":2751,"data_org":"Green","event_date":"2026-05-21T00:00:00.000Z","post_date":"2026-05-20T00:00:00.000Z","pub_date":"2026-05-21T00:00:00.000Z","actor":"Hezbollah","claimed":"TRUE","event_type":"Drone","city":"Haddatha","province":"","country":"Lebanon","latitude":33.16492579,"longitude":35.3887201,"coord_type":"general town","source_1":"https://t.me/mmirleb/16438","source_2":"","sources":""}},{"type":"Feature","geometry":{"type":"Point","coordinates":[35.3687,33.119749999999996,0]},"properties":{"event_id":2754,"data_org":"Green","event_date":"2026-05-21T00:00:00.000Z","post_date":"2026-05-21T00:00:00.000Z","pub_date":"2026-05-21T00:00:00.000Z","actor":"Hezbollah","claimed":"TRUE","event_type":"Rocket/Drone Attack","city":"Debl","province":"","country":"Lebanon","latitude":33.11975,"longitude":35.3687,"coord_type":"general town","source_1":"https://t.me/mmirleb/16439","source_2":"","sources":""}},{"type":"Feature","geometry":{"type":"Point","coordinates":[35.36216,33.143039999999985,0]},"properties":{"event_id":2755,"data_org":"Green","event_date":"2026-05-21T00:00:00.000Z","post_date":"2026-05-21T00:00:00.000Z","pub_date":"2026-05-21T00:00:00.000Z","actor":"Hezbollah","claimed":"TRUE","event_type":"Rocket/Drone Attack","city":"Rachaf","province":"","country":"Lebanon","latitude":33.14304,"longitude":35.36216,"coord_type":"general town","source_1":"https://t.me/mmirleb/16439","source_2":"https://t.me/mmirleb/16634","sources":""}},{"type":"Feature","geometry":{"type":"Point","coordinates":[35.3887201,33.16492579,0]},"properties":{"event_id":2756,"data_org":"Green","event_date":"2026-05-21T00:00:00.000Z","post_date":"2026-05-21T00:00:00.000Z","pub_date":"2026-05-21T00:00:00.000Z","actor":"Hezbollah","claimed":"TRUE","event_type":"Rocket/Drone Attack","city":"Haddatha","province":"","country":"Lebanon","latitude":33.16492579,"longitude":35.3887201,"coord_type":"general town","source_1":"https://t.me/mmirleb/16439","source_2":"","sources":""}},{"type":"Feature","geometry":{"type":"Point","coordinates":[35.5021971,33.29136827,0]},"properties":{"event_id":2753,"data_org":"Green","event_date":"2026-05-21T00:00:00.000Z","post_date":"2026-05-21T00:00:00.000Z","pub_date":"2026-05-21T00:00:00.000Z","actor":"Hezbollah","claimed":"TRUE","event_type":"Mortar/Rocket Attack","city":"Deir Seryan","province":"","country":"Lebanon","latitude":33.29136827,"longitude":35.5021971,"coord_type":"general town","source_1":"https://t.me/mmirleb/16440","source_2":"","sources":""}},{"type":"Feature","geometry":{"type":"Point","coordinates":[35.3443979,33.11780317,0]},"properties":{"event_id":2752,"data_org":"Green","event_date":"2026-05-21T00:00:00.000Z","post_date":"2026-05-21T00:00:00.000Z","pub_date":"2026-05-21T00:00:00.000Z","actor":"Hezbollah","claimed":"TRUE","event_type":"Mortar Attack","city":"Qouzah","province":"","country":"Lebanon","latitude":33.11780317,"longitude":35.3443979,"coord_type":"general town","source_1":"https://t.me/mmirleb/16441","source_2":"","sources":""}},{"type":"Feature","geometry":{"type":"Point","coordinates":[35.5021971,33.29136827,0]},"properties":{"event_id":2757,"data_org":"Green","event_date":"2026-05-21T00:00:00.000Z","post_date":"2026-05-21T00:00:00.000Z","pub_date":"2026-05-21T00:00:00.000Z","actor":"Hezbollah","claimed":"TRUE","event_type":"Drone Attack","city":"Khalla al Raj (Deir Seryan)","province":"","country":"Lebanon","latitude":33.29136827,"longitude":35.5021971,"coord_type":"general town","source_1":"https://t.me/mmirleb/16446","source_2":"https://t.me/mmirleb/16510","sources":""}},{"type":"Feature","geometry":{"type":"Point","coordinates":[35.36216,33.143039999999985,0]},"properties":{"event_id":2758,"data_org":"Green","event_date":"2026-05-21T00:00:00.000Z","post_date":"2026-05-21T00:00:00.000Z","pub_date":"2026-05-21T00:00:00.000Z","actor":"Hezbollah","claimed":"TRUE","event_type":"Drone Attack","city":"Rachaf","province":"","country":"Lebanon","latitude":33.14304,"longitude":35.36216,"coord_type":"general town","source_1":"https://t.me/mmirleb/16452","source_2":"","sources":""}},{"type":"Feature","geometry":{"type":"Point","coordinates":[35.54523,33.25438,0]},"properties":{"event_id":2762,"data_org":"Green","event_date":"2026-05-20T00:00:00.000Z","post_date":"2026-05-21T00:00:00.000Z","pub_date":"2026-05-21T00:00:00.000Z","actor":"Hezbollah","claimed":"TRUE","event_type":"Drone Attack","city":"Odaisseh","province":"","country":"Lebanon","latitude":33.25438,"longitude":35.54523,"coord_type":"general town","source_1":"https://t.me/mmirleb/16456","source_2":"","sources":""}},{"type":"Feature","geometry":{"type":"Point","coordinates":[35.4372458,33.12195800000001,0]},"properties":{"event_id":2765,"data_org":"Green","event_date":"2026-05-21T00:00:00.000Z","post_date":"2026-05-21T00:00:00.000Z","pub_date":"2026-05-21T00:00:00.000Z","actor":"Hezbollah","claimed":"TRUE","event_type":"Drone Attack","city":"Bint Jbeil","province":"","country":"Lebanon","latitude":33.121958,"longitude":35.4372458,"coord_type":"general town","source_1":"https://t.me/mmirleb/16457","source_2":"","sources":""}},{"type":"Feature","geometry":{"type":"Point","coordinates":[35.36216,33.143039999999985,0]},"properties":{"event_id":2766,"data_org":"Green","event_date":"2026-05-21T00:00:00.000Z","post_date":"2026-05-21T00:00:00.000Z","pub_date":"2026-05-21T00:00:00.000Z","actor":"Hezbollah","claimed":"TRUE","event_type":"Drone Attack","city":"Rachaf","province":"","country":"Lebanon","latitude":33.14304,"longitude":35.36216,"coord_type":"general town","source_1":"https://t.me/mmirleb/16458","source_2":"","sources":""}},{"type":"Feature","geometry":{"type":"Point","coordinates":[35.3887201,33.16492579,0]},"properties":{"event_id":2767,"data_org":"Green","event_date":"2026-05-21T00:00:00.000Z","post_date":"2026-05-21T00:00:00.000Z","pub_date":"2026-05-21T00:00:00.000Z","actor":"Hezbollah","claimed":"TRUE","event_type":"Drone Attack","city":"Haddatha","province":"","country":"Lebanon","latitude":33.16492579,"longitude":35.3887201,"coord_type":"general town","source_1":"https://t.me/mmirleb/16459","source_2":"","sources":""}},{"type":"Feature","geometry":{"type":"Point","coordinates":[35.1742689,33.16381480999999,0]},"properties":{"event_id":2768,"data_org":"Green","event_date":"2026-05-21T00:00:00.000Z","post_date":"2026-05-21T00:00:00.000Z","pub_date":"2026-05-21T00:00:00.000Z","actor":"Hezbollah","claimed":"TRUE","event_type":"Drone Attack","city":"Biyyadah","province":"","country":"Lebanon","latitude":33.16381481,"longitude":35.1742689,"coord_type":"general town","source_1":"https://t.me/mmirleb/16460","source_2":"","sources":""}},{"type":"Feature","geometry":{"type":"Point","coordinates":[35.139772400000005,33.118994820000005,0]},"properties":{"event_id":2769,"data_org":"Green","event_date":"2026-05-21T00:00:00.000Z","post_date":"2026-05-21T00:00:00.000Z","pub_date":"2026-05-21T00:00:00.000Z","actor":"Hezbollah","claimed":"TRUE","event_type":"Drone Attack","city":"Naqoura","province":"","country":"Lebanon","latitude":33.11899482,"longitude":35.1397724,"coord_type":"general town","source_1":"https://t.me/mmirleb/16460","source_2":"","sources":""}},{"type":"Feature","geometry":{"type":"Point","coordinates":[35.3687,33.119749999999996,0]},"properties":{"event_id":2770,"data_org":"Green","event_date":"2026-05-21T00:00:00.000Z","post_date":"2026-05-21T00:00:00.000Z","pub_date":"2026-05-21T00:00:00.000Z","actor":"Hezbollah","claimed":"TRUE","event_type":"Drone Attack","city":"Debl","province":"","country":"Lebanon","latitude":33.11975,"longitude":35.3687,"coord_type":"general town","source_1":"https://t.me/mmirleb/16461","source_2":"","sources":""}},{"type":"Feature","geometry":{"type":"Point","coordinates":[35.219167,33.12638900000001,0]},"properties":{"event_id":2771,"data_org":"Green","event_date":"2026-05-21T00:00:00.000Z","post_date":"2026-05-21T00:00:00.000Z","pub_date":"2026-05-21T00:00:00.000Z","actor":"Hezbollah","claimed":"TRUE","event_type":"Drone Attack","city":"Tayr Harfa","province":"","country":"Lebanon","latitude":33.126389,"longitude":35.219167,"coord_type":"general town","source_1":"https://t.me/mmirleb/16462","source_2":"","sources":""}},{"type":"Feature","geometry":{"type":"Point","coordinates":[35.139772400000005,33.118994820000005,0]},"properties":{"event_id":2772,"data_org":"Green","event_date":"2026-05-21T00:00:00.000Z","post_date":"2026-05-21T00:00:00.000Z","pub_date":"2026-05-21T00:00:00.000Z","actor":"Hezbollah","claimed":"TRUE","event_type":"Drone Attack","city":"Naqoura","province":"","country":"Lebanon","latitude":33.11899482,"longitude":35.1397724,"coord_type":"general town","source_1":"https://t.me/mmirleb/16462","source_2":"","sources":""}},{"type":"Feature","geometry":{"type":"Point","coordinates":[35.139772400000005,33.118994820000005,0]},"properties":{"event_id":2773,"data_org":"Green","event_date":"2026-05-21T00:00:00.000Z","post_date":"2026-05-21T00:00:00.000Z","pub_date":"2026-05-21T00:00:00.000Z","actor":"Hezbollah","claimed":"TRUE","event_type":"Drone Attack","city":"Naqoura","province":"","country":"Lebanon","latitude":33.11899482,"longitude":35.1397724,"coord_type":"general town","source_1":"https://t.me/mmirleb/16463","source_2":"","sources":""}},{"type":"Feature","geometry":{"type":"Point","coordinates":[35.3687,33.119749999999996,0]},"properties":{"event_id":2774,"data_org":"Green","event_date":"2026-05-21T00:00:00.000Z","post_date":"2026-05-21T00:00:00.000Z","pub_date":"2026-05-21T00:00:00.000Z","actor":"Hezbollah","claimed":"TRUE","event_type":"Drone Attack","city":"Debl","province":"","country":"Lebanon","latitude":33.11975,"longitude":35.3687,"coord_type":"general town","source_1":"https://t.me/mmirleb/16463","source_2":"","sources":""}},{"type":"Feature","geometry":{"type":"Point","coordinates":[35.54523,33.25438,0]},"properties":{"event_id":2777,"data_org":"Green","event_date":"2026-05-22T00:00:00.000Z","post_date":"2026-05-22T00:00:00.000Z","pub_date":"2026-05-22T00:00:00.000Z","actor":"Hezbollah","claimed":"TRUE","event_type":"Drone Attack","city":"Odaisseh","province":"","country":"Lebanon","latitude":33.25438,"longitude":35.54523,"coord_type":"general town","source_1":"https://t.me/mmirleb/16472","source_2":"DNGTS: https://www.aljazeera dot com/news/liveblog/2026/5/22/iran-war-live-signs-of-progress-amid-efforts-to-reach-us-iran-peace-deal?update=4593937","sources":""}},{"type":"Feature","geometry":{"type":"Point","coordinates":[35.1742689,33.16381480999999,0]},"properties":{"event_id":2784,"data_org":"Green","event_date":"2026-05-22T00:00:00.000Z","post_date":"2026-05-22T00:00:00.000Z","pub_date":"2026-05-22T00:00:00.000Z","actor":"Hezbollah","claimed":"TRUE","event_type":"Rocket Attack","city":"Biyyadah","province":"","country":"Lebanon","latitude":33.16381481,"longitude":35.1742689,"coord_type":"general town","source_1":"https://t.me/mmirleb/16479","source_2":"","sources":""}},{"type":"Feature","geometry":{"type":"Point","coordinates":[35.1742689,33.16381480999999,0]},"properties":{"event_id":2785,"data_org":"Green","event_date":"2026-05-22T00:00:00.000Z","post_date":"2026-05-22T00:00:00.000Z","pub_date":"2026-05-22T00:00:00.000Z","actor":"Hezbollah","claimed":"TRUE","event_type":"Rocket Attack","city":"Biyyadah","province":"","country":"Lebanon","latitude":33.16381481,"longitude":35.1742689,"coord_type":"general town","source_1":"https://t.me/mmirleb/16480","source_2":"","sources":""}},{"type":"Feature","geometry":{"type":"Point","coordinates":[35.524164,33.232198,0]},"properties":{"event_id":2786,"data_org":"Green","event_date":"2026-05-22T00:00:00.000Z","post_date":"2026-05-22T00:00:00.000Z","pub_date":"2026-05-22T00:00:00.000Z","actor":"Hezbollah","claimed":"TRUE","event_type":"Drone Attack","city":"Markaba","province":"","country":"Lebanon","latitude":33.232198,"longitude":35.524164,"coord_type":"exact","source_1":"https://t.me/mmirleb/16486","source_2":"https://x.com/geo27752/status/2059262323152286110","sources":"https://x.com/bonzerbarry/status/2059250469680083078"}},{"type":"Feature","geometry":{"type":"Point","coordinates":[35.1742689,33.16381480999999,0]},"properties":{"event_id":2787,"data_org":"Green","event_date":"2026-05-22T00:00:00.000Z","post_date":"2026-05-22T00:00:00.000Z","pub_date":"2026-05-22T00:00:00.000Z","actor":"Hezbollah","claimed":"TRUE","event_type":"Rocket Attack","city":"Biyyadah","province":"","country":"Lebanon","latitude":33.16381481,"longitude":35.1742689,"coord_type":"general town","source_1":"https://t.me/mmirleb/16488","source_2":"","sources":""}},{"type":"Feature","geometry":{"type":"Point","coordinates":[35.1742689,33.16381480999999,0]},"properties":{"event_id":2788,"data_org":"Green","event_date":"2026-05-22T00:00:00.000Z","post_date":"2026-05-22T00:00:00.000Z","pub_date":"2026-05-22T00:00:00.000Z","actor":"Hezbollah","claimed":"TRUE","event_type":"Rocket Attack","city":"Biyyadah","province":"","country":"Lebanon","latitude":33.16381481,"longitude":35.1742689,"coord_type":"general town","source_1":"https://t.me/mmirleb/16489","source_2":"","sources":""}},{"type":"Feature","geometry":{"type":"Point","coordinates":[35.1742689,33.16381480999999,0]},"properties":{"event_id":2806,"data_org":"Green","event_date":"2026-05-22T00:00:00.000Z","post_date":"2026-05-22T00:00:00.000Z","pub_date":"2026-05-23T00:00:00.000Z","actor":"Hezbollah","claimed":"TRUE","event_type":"Rocket Attack","city":"Biyyadah","province":"","country":"Lebanon","latitude":33.16381481,"longitude":35.1742689,"coord_type":"general town","source_1":"https://t.me/mmirleb/16490","source_2":"","sources":""}},{"type":"Feature","geometry":{"type":"Point","coordinates":[35.139772400000005,33.118994820000005,0]},"properties":{"event_id":2807,"data_org":"Green","event_date":"2026-05-22T00:00:00.000Z","post_date":"2026-05-22T00:00:00.000Z","pub_date":"2026-05-23T00:00:00.000Z","actor":"Hezbollah","claimed":"TRUE","event_type":"Drone Attack","city":"Naqoura","province":"","country":"Lebanon","latitude":33.11899482,"longitude":35.1397724,"coord_type":"general town","source_1":"https://t.me/mmirleb/16491","source_2":"","sources":""}},{"type":"Feature","geometry":{"type":"Point","coordinates":[35.1742689,33.16381480999999,0]},"properties":{"event_id":2808,"data_org":"Green","event_date":"2026-05-22T00:00:00.000Z","post_date":"2026-05-22T00:00:00.000Z","pub_date":"2026-05-23T00:00:00.000Z","actor":"Hezbollah","claimed":"TRUE","event_type":"Drone Attack","city":"Biyyadah","province":"","country":"Lebanon","latitude":33.16381481,"longitude":35.1742689,"coord_type":"general town","source_1":"https://t.me/mmirleb/16492","source_2":"","sources":""}},{"type":"Feature","geometry":{"type":"Point","coordinates":[35.4372458,33.12195800000001,0]},"properties":{"event_id":2809,"data_org":"Green","event_date":"2026-05-15T00:00:00.000Z","post_date":"2026-05-22T00:00:00.000Z","pub_date":"2026-05-23T00:00:00.000Z","actor":"Hezbollah","claimed":"TRUE","event_type":"Drone Attack","city":"Bint Jbeil","province":"","country":"Lebanon","latitude":33.121958,"longitude":35.4372458,"coord_type":"general town","source_1":"https://t.me/mmirleb/16493","source_2":"","sources":""}},{"type":"Feature","geometry":{"type":"Point","coordinates":[35.139772400000005,33.118994820000005,0]},"properties":{"event_id":2810,"data_org":"Green","event_date":"2026-05-22T00:00:00.000Z","post_date":"2026-05-22T00:00:00.000Z","pub_date":"2026-05-23T00:00:00.000Z","actor":"Hezbollah","claimed":"TRUE","event_type":"Drone Attack","city":"Naqoura","province":"","country":"Lebanon","latitude":33.11899482,"longitude":35.1397724,"coord_type":"general town","source_1":"https://t.me/mmirleb/16496","source_2":"","sources":""}},{"type":"Feature","geometry":{"type":"Point","coordinates":[35.1544585,33.12590503,0]},"properties":{"event_id":2811,"data_org":"Green","event_date":"2026-05-22T00:00:00.000Z","post_date":"2026-05-22T00:00:00.000Z","pub_date":"2026-05-23T00:00:00.000Z","actor":"Hezbollah","claimed":"TRUE","event_type":"Rocket Attack","city":"Wadi Hamoul entrance, Naqoura","province":"","country":"Lebanon","latitude":33.12590503,"longitude":35.1544585,"coord_type":"general neighborhood","source_1":"https://t.me/mmirleb/16497","source_2":"","sources":""}},{"type":"Feature","geometry":{"type":"Point","coordinates":[35.445046,33.107287239999984,0]},"properties":{"event_id":2812,"data_org":"Green","event_date":"2026-05-22T00:00:00.000Z","post_date":"2026-05-22T00:00:00.000Z","pub_date":"2026-05-23T00:00:00.000Z","actor":"Hezbollah","claimed":"TRUE","event_type":"Drone Attack","city":"Maroun al Ras","province":"","country":"Lebanon","latitude":33.10728724,"longitude":35.445046,"coord_type":"general town","source_1":"https://t.me/mmirleb/16498","source_2":"","sources":""}},{"type":"Feature","geometry":{"type":"Point","coordinates":[35.445046,33.107287239999984,0]},"properties":{"event_id":2813,"data_org":"Green","event_date":"2026-05-22T00:00:00.000Z","post_date":"2026-05-22T00:00:00.000Z","pub_date":"2026-05-23T00:00:00.000Z","actor":"Hezbollah","claimed":"TRUE","event_type":"Drone Attack","city":"Maroun al Ras","province":"","country":"Lebanon","latitude":33.10728724,"longitude":35.445046,"coord_type":"general town","source_1":"https://t.me/mmirleb/16499","source_2":"","sources":""}},{"type":"Feature","geometry":{"type":"Point","coordinates":[35.4844999,33.308953429999995,0]},"properties":{"event_id":2814,"data_org":"Green","event_date":"2026-05-22T00:00:00.000Z","post_date":"2026-05-22T00:00:00.000Z","pub_date":"2026-05-23T00:00:00.000Z","actor":"Hezbollah","claimed":"TRUE","event_type":"Mortar Attack","city":"Deir Seryan/Litani riverbank","province":"","country":"Lebanon","latitude":33.30895343,"longitude":35.4844999,"coord_type":"general neighborhood","source_1":"https://t.me/mmirleb/16501","source_2":"","sources":""}},{"type":"Feature","geometry":{"type":"Point","coordinates":[35.4372458,33.12195800000001,0]},"properties":{"event_id":2828,"data_org":"Green","event_date":"2026-05-23T00:00:00.000Z","post_date":"2026-05-23T00:00:00.000Z","pub_date":"2026-05-23T00:00:00.000Z","actor":"Hezbollah","claimed":"TRUE","event_type":"Drone Attack","city":"Bint Jbeil","province":"","country":"Lebanon","latitude":33.121958,"longitude":35.4372458,"coord_type":"general town","source_1":"https://t.me/mmirleb/16512","source_2":"","sources":""}},{"type":"Feature","geometry":{"type":"Point","coordinates":[35.139772400000005,33.118994820000005,0]},"properties":{"event_id":2840,"data_org":"Green","event_date":"2026-05-23T00:00:00.000Z","post_date":"2026-05-23T00:00:00.000Z","pub_date":"2026-05-24T00:00:00.000Z","actor":"Hezbollah","claimed":"TRUE","event_type":"Drone Attack","city":"Naqoura","province":"","country":"Lebanon","latitude":33.11899482,"longitude":35.1397724,"coord_type":"general town","source_1":"https://t.me/mmirleb/16534","source_2":"","sources":""}},{"type":"Feature","geometry":{"type":"Point","coordinates":[35.139772400000005,33.118994820000005,0]},"properties":{"event_id":2841,"data_org":"Green","event_date":"2026-05-23T00:00:00.000Z","post_date":"2026-05-23T00:00:00.000Z","pub_date":"2026-05-24T00:00:00.000Z","actor":"Hezbollah","claimed":"TRUE","event_type":"Drone Attack","city":"Naqoura","province":"","country":"Lebanon","latitude":33.11899482,"longitude":35.1397724,"coord_type":"general town","source_1":"https://t.me/mmirleb/16535","source_2":"","sources":""}},{"type":"Feature","geometry":{"type":"Point","coordinates":[35.1684512,33.15499421,0]},"properties":{"event_id":2842,"data_org":"Green","event_date":"2026-05-23T00:00:00.000Z","post_date":"2026-05-23T00:00:00.000Z","pub_date":"2026-05-24T00:00:00.000Z","actor":"Hezbollah","claimed":"TRUE","event_type":"Drone Attack","city":"Iskandarouneh","province":"","country":"Lebanon","latitude":33.15499421,"longitude":35.1684512,"coord_type":"general town","source_1":"https://t.me/mmirleb/16536","source_2":"https://t.me/mmirleb/16608","sources":""}},{"type":"Feature","geometry":{"type":"Point","coordinates":[35.1684512,33.15499421,0]},"properties":{"event_id":2843,"data_org":"Green","event_date":"2026-05-23T00:00:00.000Z","post_date":"2026-05-23T00:00:00.000Z","pub_date":"2026-05-24T00:00:00.000Z","actor":"Hezbollah","claimed":"TRUE","event_type":"Rocket Attack","city":"Iskandarouneh","province":"","country":"Lebanon","latitude":33.15499421,"longitude":35.1684512,"coord_type":"general town","source_1":"https://t.me/mmirleb/16538","source_2":"","sources":""}},{"type":"Feature","geometry":{"type":"Point","coordinates":[35.4844999,33.308953429999995,0]},"properties":{"event_id":2845,"data_org":"Green","event_date":"2026-05-23T00:00:00.000Z","post_date":"2026-05-24T00:00:00.000Z","pub_date":"2026-05-24T00:00:00.000Z","actor":"Hezbollah","claimed":"TRUE","event_type":"Mortar Attack","city":"Deir Seryan/Litani riverbank","province":"","country":"Lebanon","latitude":33.30895343,"longitude":35.4844999,"coord_type":"general neighborhood","source_1":"https://t.me/mmirleb/16540","source_2":"","sources":""}},{"type":"Feature","geometry":{"type":"Point","coordinates":[35.4844999,33.308953429999995,0]},"properties":{"event_id":2846,"data_org":"Green","event_date":"2026-05-23T00:00:00.000Z","post_date":"2026-05-24T00:00:00.000Z","pub_date":"2026-05-24T00:00:00.000Z","actor":"Hezbollah","claimed":"TRUE","event_type":"Rocket Attack","city":"Deir Seryan/Litani riverbank","province":"","country":"Lebanon","latitude":33.30895343,"longitude":35.4844999,"coord_type":"general neighborhood","source_1":"https://t.me/mmirleb/16540","source_2":"","sources":""}},{"type":"Feature","geometry":{"type":"Point","coordinates":[35.4844999,33.308953429999995,0]},"properties":{"event_id":2848,"data_org":"Green","event_date":"2026-05-23T00:00:00.000Z","post_date":"2026-05-24T00:00:00.000Z","pub_date":"2026-05-24T00:00:00.000Z","actor":"Hezbollah","claimed":"TRUE","event_type":"Rocket Attack","city":"Deir Seryan/Litani riverbank","province":"","country":"Lebanon","latitude":33.30895343,"longitude":35.4844999,"coord_type":"general neighborhood","source_1":"https://t.me/mmirleb/16544","source_2":"","sources":""}},{"type":"Feature","geometry":{"type":"Point","coordinates":[35.4844999,33.308953429999995,0]},"properties":{"event_id":2851,"data_org":"Green","event_date":"2026-05-23T00:00:00.000Z","post_date":"2026-05-24T00:00:00.000Z","pub_date":"2026-05-24T00:00:00.000Z","actor":"Hezbollah","claimed":"TRUE","event_type":"Rocket Attack","city":"Deir Seryan/Litani riverbank","province":"","country":"Lebanon","latitude":33.30895343,"longitude":35.4844999,"coord_type":"general neighborhood","source_1":"https://t.me/mmirleb/16545","source_2":"","sources":""}},{"type":"Feature","geometry":{"type":"Point","coordinates":[35.4844999,33.308953429999995,0]},"properties":{"event_id":2852,"data_org":"Green","event_date":"2026-05-24T00:00:00.000Z","post_date":"2026-05-24T00:00:00.000Z","pub_date":"2026-05-24T00:00:00.000Z","actor":"Hezbollah","claimed":"TRUE","event_type":"Mortar Attack","city":"Deir Seryan/Litani riverbank","province":"","country":"Lebanon","latitude":33.30895343,"longitude":35.4844999,"coord_type":"general neighborhood","source_1":"https://t.me/mmirleb/16546","source_2":"","sources":""}},{"type":"Feature","geometry":{"type":"Point","coordinates":[35.4844999,33.308953429999995,0]},"properties":{"event_id":2853,"data_org":"Green","event_date":"2026-05-24T00:00:00.000Z","post_date":"2026-05-24T00:00:00.000Z","pub_date":"2026-05-24T00:00:00.000Z","actor":"Hezbollah","claimed":"TRUE","event_type":"Mortar Attack","city":"Deir Seryan/Litani riverbank","province":"","country":"Lebanon","latitude":33.30895343,"longitude":35.4844999,"coord_type":"general neighborhood","source_1":"https://t.me/mmirleb/16547","source_2":"","sources":""}},{"type":"Feature","geometry":{"type":"Point","coordinates":[35.36216,33.143039999999985,0]},"properties":{"event_id":2854,"data_org":"Green","event_date":"2026-05-24T00:00:00.000Z","post_date":"2026-05-24T00:00:00.000Z","pub_date":"2026-05-24T00:00:00.000Z","actor":"Hezbollah","claimed":"TRUE","event_type":"Rocket Attack","city":"Rachaf","province":"","country":"Lebanon","latitude":33.14304,"longitude":35.36216,"coord_type":"general town","source_1":"https://t.me/mmirleb/16548","source_2":"","sources":""}},{"type":"Feature","geometry":{"type":"Point","coordinates":[35.1742689,33.16381480999999,0]},"properties":{"event_id":2874,"data_org":"Green","event_date":"2026-05-24T00:00:00.000Z","post_date":"2026-05-24T00:00:00.000Z","pub_date":"2026-05-24T00:00:00.000Z","actor":"Hezbollah","claimed":"TRUE","event_type":"Drone Attack","city":"Biyyadah","province":"","country":"Lebanon","latitude":33.16381481,"longitude":35.1742689,"coord_type":"general town","source_1":"https://t.me/mmirleb/16565","source_2":"","sources":""}},{"type":"Feature","geometry":{"type":"Point","coordinates":[35.5186224,33.27658543,0]},"properties":{"event_id":2875,"data_org":"Green","event_date":"2026-05-24T00:00:00.000Z","post_date":"2026-05-24T00:00:00.000Z","pub_date":"2026-05-24T00:00:00.000Z","actor":"Hezbollah","claimed":"TRUE","event_type":"Drone Attack","city":"Taybeh","province":"","country":"Lebanon","latitude":33.27658543,"longitude":35.5186224,"coord_type":"general town","source_1":"https://t.me/mmirleb/16567","source_2":"https://t.me/mmirleb/16809","sources":""}},{"type":"Feature","geometry":{"type":"Point","coordinates":[35.36216,33.143039999999985,0]},"properties":{"event_id":2877,"data_org":"Green","event_date":"2026-05-24T00:00:00.000Z","post_date":"2026-05-24T00:00:00.000Z","pub_date":"2026-05-24T00:00:00.000Z","actor":"Hezbollah","claimed":"TRUE","event_type":"Drone Attack","city":"Rachaf","province":"","country":"Lebanon","latitude":33.14304,"longitude":35.36216,"coord_type":"general town","source_1":"https://t.me/mmirleb/16569","source_2":"","sources":""}},{"type":"Feature","geometry":{"type":"Point","coordinates":[35.1684512,33.15499421,0]},"properties":{"event_id":2878,"data_org":"Green","event_date":"2026-05-24T00:00:00.000Z","post_date":"2026-05-24T00:00:00.000Z","pub_date":"2026-05-24T00:00:00.000Z","actor":"Hezbollah","claimed":"TRUE","event_type":"Drone Attack","city":"Iskandarouneh","province":"","country":"Lebanon","latitude":33.15499421,"longitude":35.1684512,"coord_type":"general town","source_1":"https://t.me/mmirleb/16570","source_2":"","sources":""}},{"type":"Feature","geometry":{"type":"Point","coordinates":[35.1686668,33.155914579999994,0]},"properties":{"event_id":2891,"data_org":"Green","event_date":"2026-05-24T00:00:00.000Z","post_date":"2026-05-24T00:00:00.000Z","pub_date":"2026-05-25T00:00:00.000Z","actor":"Hezbollah","claimed":"TRUE","event_type":"Rocket Attack","city":"Iskandarouneh","province":"","country":"Lebanon","latitude":33.15591458,"longitude":35.1686668,"coord_type":"general town","source_1":"https://t.me/mmirleb/16571","source_2":"","sources":""}},{"type":"Feature","geometry":{"type":"Point","coordinates":[35.1742689,33.16381480999999,0]},"properties":{"event_id":2892,"data_org":"Green","event_date":"2026-05-24T00:00:00.000Z","post_date":"2026-05-24T00:00:00.000Z","pub_date":"2026-05-25T00:00:00.000Z","actor":"Hezbollah","claimed":"TRUE","event_type":"Rocket Attack","city":"Biyyadah","province":"","country":"Lebanon","latitude":33.16381481,"longitude":35.1742689,"coord_type":"general town","source_1":"https://t.me/mmirleb/16572","source_2":"","sources":""}},{"type":"Feature","geometry":{"type":"Point","coordinates":[35.1742689,33.16381480999999,0]},"properties":{"event_id":2893,"data_org":"Green","event_date":"2026-05-24T00:00:00.000Z","post_date":"2026-05-24T00:00:00.000Z","pub_date":"2026-05-25T00:00:00.000Z","actor":"Hezbollah","claimed":"TRUE","event_type":"Rocket Attack","city":"Biyyadah","province":"","country":"Lebanon","latitude":33.16381481,"longitude":35.1742689,"coord_type":"general town","source_1":"https://t.me/mmirleb/16573","source_2":"","sources":""}},{"type":"Feature","geometry":{"type":"Point","coordinates":[35.1742689,33.16381480999999,0]},"properties":{"event_id":2894,"data_org":"Green","event_date":"2026-05-24T00:00:00.000Z","post_date":"2026-05-24T00:00:00.000Z","pub_date":"2026-05-25T00:00:00.000Z","actor":"Hezbollah","claimed":"TRUE","event_type":"Rocket Attack","city":"Biyyadah","province":"","country":"Lebanon","latitude":33.16381481,"longitude":35.1742689,"coord_type":"general town","source_1":"https://t.me/mmirleb/16574","source_2":"","sources":""}},{"type":"Feature","geometry":{"type":"Point","coordinates":[35.3443979,33.11780317,0]},"properties":{"event_id":2895,"data_org":"Green","event_date":"2026-05-24T00:00:00.000Z","post_date":"2026-05-24T00:00:00.000Z","pub_date":"2026-05-25T00:00:00.000Z","actor":"Hezbollah","claimed":"TRUE","event_type":"Rocket Attack","city":"Qouzah","province":"","country":"Lebanon","latitude":33.11780317,"longitude":35.3443979,"coord_type":"general town","source_1":"https://t.me/mmirleb/16575","source_2":"","sources":""}},{"type":"Feature","geometry":{"type":"Point","coordinates":[35.1742689,33.16381480999999,0]},"properties":{"event_id":2896,"data_org":"Green","event_date":"2026-05-24T00:00:00.000Z","post_date":"2026-05-24T00:00:00.000Z","pub_date":"2026-05-25T00:00:00.000Z","actor":"Hezbollah","claimed":"TRUE","event_type":"Mortar Attack","city":"Biyyadah","province":"","country":"Lebanon","latitude":33.16381481,"longitude":35.1742689,"coord_type":"general town","source_1":"https://t.me/mmirleb/16576","source_2":"","sources":""}},{"type":"Feature","geometry":{"type":"Point","coordinates":[35.1742689,33.16381480999999,0]},"properties":{"event_id":2897,"data_org":"Green","event_date":"2026-05-24T00:00:00.000Z","post_date":"2026-05-24T00:00:00.000Z","pub_date":"2026-05-25T00:00:00.000Z","actor":"Hezbollah","claimed":"TRUE","event_type":"Drone Attack","city":"Biyyadah","province":"","country":"Lebanon","latitude":33.16381481,"longitude":35.1742689,"coord_type":"general town","source_1":"https://t.me/mmirleb/16576","source_2":"","sources":""}},{"type":"Feature","geometry":{"type":"Point","coordinates":[35.3687,33.119749999999996,0]},"properties":{"event_id":2899,"data_org":"Green","event_date":"2026-05-24T00:00:00.000Z","post_date":"2026-05-24T00:00:00.000Z","pub_date":"2026-05-25T00:00:00.000Z","actor":"Hezbollah","claimed":"TRUE","event_type":"Rocket Attack","city":"Debl","province":"","country":"Lebanon","latitude":33.11975,"longitude":35.3687,"coord_type":"general town","source_1":"https://t.me/mmirleb/16578","source_2":"","sources":""}},{"type":"Feature","geometry":{"type":"Point","coordinates":[35.5021971,33.29136827,0]},"properties":{"event_id":2900,"data_org":"Green","event_date":"2026-05-24T00:00:00.000Z","post_date":"2026-05-24T00:00:00.000Z","pub_date":"2026-05-25T00:00:00.000Z","actor":"Hezbollah","claimed":"TRUE","event_type":"Mortar Attack","city":"Deir Seryan","province":"","country":"Lebanon","latitude":33.29136827,"longitude":35.5021971,"coord_type":"general town","source_1":"https://t.me/mmirleb/16579","source_2":"","sources":""}},{"type":"Feature","geometry":{"type":"Point","coordinates":[35.1742689,33.16381480999999,0]},"properties":{"event_id":2902,"data_org":"Green","event_date":"2026-05-24T00:00:00.000Z","post_date":"2026-05-24T00:00:00.000Z","pub_date":"2026-05-25T00:00:00.000Z","actor":"Hezbollah","claimed":"TRUE","event_type":"Mortar Attack","city":"Biyyadah","province":"","country":"Lebanon","latitude":33.16381481,"longitude":35.1742689,"coord_type":"general town","source_1":"https://t.me/mmirleb/16583","source_2":"","sources":""}},{"type":"Feature","geometry":{"type":"Point","coordinates":[35.374481,33.12551899999999,0]},"properties":{"event_id":2903,"data_org":"Green","event_date":"2026-05-24T00:00:00.000Z","post_date":"2026-05-24T00:00:00.000Z","pub_date":"2026-05-25T00:00:00.000Z","actor":"Hezbollah","claimed":"TRUE","event_type":"Rocket Attack","city":"Debl","province":"","country":"Lebanon","latitude":33.125519,"longitude":35.374481,"coord_type":"exact","source_1":"https://t.me/mmirleb/16584","source_2":"https://x.com/Me1Ray/status/2058944904446026100?s=20","sources":"https://x.com/AlMayadeenNews/status/2058905278205063427?s=20"}},{"type":"Feature","geometry":{"type":"Point","coordinates":[35.1742689,33.16381480999999,0]},"properties":{"event_id":2904,"data_org":"Green","event_date":"2026-05-24T00:00:00.000Z","post_date":"2026-05-24T00:00:00.000Z","pub_date":"2026-05-25T00:00:00.000Z","actor":"Hezbollah","claimed":"TRUE","event_type":"Drone Attack","city":"Biyyadah","province":"","country":"Lebanon","latitude":33.16381481,"longitude":35.1742689,"coord_type":"general town","source_1":"https://t.me/mmirleb/16585","source_2":"","sources":""}},{"type":"Feature","geometry":{"type":"Point","coordinates":[35.139772400000005,33.118994820000005,0]},"properties":{"event_id":2905,"data_org":"Green","event_date":"2026-05-24T00:00:00.000Z","post_date":"2026-05-24T00:00:00.000Z","pub_date":"2026-05-25T00:00:00.000Z","actor":"Hezbollah","claimed":"TRUE","event_type":"Drone Attack","city":"Naqoura","province":"","country":"Lebanon","latitude":33.11899482,"longitude":35.1397724,"coord_type":"general town","source_1":"https://t.me/mmirleb/16586","source_2":"","sources":""}},{"type":"Feature","geometry":{"type":"Point","coordinates":[35.54523,33.25438,0]},"properties":{"event_id":2912,"data_org":"Green","event_date":"2026-05-25T00:00:00.000Z","post_date":"2026-05-25T00:00:00.000Z","pub_date":"2026-05-25T00:00:00.000Z","actor":"Hezbollah","claimed":"TRUE","event_type":"Drone Attack","city":"Odaisseh","province":"","country":"Lebanon","latitude":33.25438,"longitude":35.54523,"coord_type":"general town","source_1":"https://t.me/mmirleb/16595","source_2":"","sources":""}},{"type":"Feature","geometry":{"type":"Point","coordinates":[35.3687,33.119749999999996,0]},"properties":{"event_id":2926,"data_org":"Green","event_date":"2026-05-25T00:00:00.000Z","post_date":"2026-05-25T00:00:00.000Z","pub_date":"2026-05-25T00:00:00.000Z","actor":"Hezbollah","claimed":"TRUE","event_type":"Drone Attack","city":"Debl","province":"","country":"Lebanon","latitude":33.11975,"longitude":35.3687,"coord_type":"general town","source_1":"https://t.me/mmirleb/16599","source_2":"","sources":""}},{"type":"Feature","geometry":{"type":"Point","coordinates":[35.3687,33.119749999999996,0]},"properties":{"event_id":2928,"data_org":"Green","event_date":"2026-05-25T00:00:00.000Z","post_date":"2026-05-25T00:00:00.000Z","pub_date":"2026-05-25T00:00:00.000Z","actor":"Hezbollah","claimed":"TRUE","event_type":"Drone Attack","city":"Debl","province":"","country":"Lebanon","latitude":33.11975,"longitude":35.3687,"coord_type":"general town","source_1":"https://t.me/mmirleb/16600","source_2":"","sources":""}},{"type":"Feature","geometry":{"type":"Point","coordinates":[35.54523,33.25438,0]},"properties":{"event_id":2929,"data_org":"Green","event_date":"2026-05-25T00:00:00.000Z","post_date":"2026-05-25T00:00:00.000Z","pub_date":"2026-05-25T00:00:00.000Z","actor":"Hezbollah","claimed":"TRUE","event_type":"Drone Attack","city":"Odaisseh","province":"","country":"Lebanon","latitude":33.25438,"longitude":35.54523,"coord_type":"general town","source_1":"https://t.me/mmirleb/16601","source_2":"","sources":""}},{"type":"Feature","geometry":{"type":"Point","coordinates":[35.3443979,33.11780317,0]},"properties":{"event_id":2931,"data_org":"Green","event_date":"2026-05-25T00:00:00.000Z","post_date":"2026-05-25T00:00:00.000Z","pub_date":"2026-05-25T00:00:00.000Z","actor":"Hezbollah","claimed":"TRUE","event_type":"Rocket Attack","city":"Qouzah","province":"","country":"Lebanon","latitude":33.11780317,"longitude":35.3443979,"coord_type":"general town","source_1":"https://t.me/mmirleb/16602","source_2":"","sources":""}},{"type":"Feature","geometry":{"type":"Point","coordinates":[35.36216,33.143039999999985,0]},"properties":{"event_id":2933,"data_org":"Green","event_date":"2026-05-25T00:00:00.000Z","post_date":"2026-05-25T00:00:00.000Z","pub_date":"2026-05-25T00:00:00.000Z","actor":"Hezbollah","claimed":"TRUE","event_type":"Rocket Attack","city":"Rachaf","province":"","country":"Lebanon","latitude":33.14304,"longitude":35.36216,"coord_type":"general town","source_1":"https://t.me/mmirleb/16605","source_2":"","sources":""}},{"type":"Feature","geometry":{"type":"Point","coordinates":[35.5422152,33.25410437999999,0]},"properties":{"event_id":2955,"data_org":"Green","event_date":"2026-05-25T00:00:00.000Z","post_date":"2026-05-25T00:00:00.000Z","pub_date":"2026-05-26T00:00:00.000Z","actor":"Hezbollah","claimed":"TRUE","event_type":"Drone Attack","city":"al Adisa","province":"","country":"Lebanon","latitude":33.25410438,"longitude":35.5422152,"coord_type":"general town","source_1":"https://t.me/mmirleb/16617","source_2":"","sources":""}},{"type":"Feature","geometry":{"type":"Point","coordinates":[35.16469,33.157400999999986,0]},"properties":{"event_id":2954,"data_org":"Green","event_date":"2026-05-25T00:00:00.000Z","post_date":"2026-05-25T00:00:00.000Z","pub_date":"2026-05-26T00:00:00.000Z","actor":"Hezbollah","claimed":"TRUE","event_type":"Drone Attack","city":"Iskandarounah","province":"","country":"Lebanon","latitude":33.157401,"longitude":35.16469,"coord_type":"exact","source_1":"https://x.com/geo27752/status/2059022802951311853","source_2":"","sources":""}},{"type":"Feature","geometry":{"type":"Point","coordinates":[35.6148058,33.330201120000005,0]},"properties":{"event_id":2956,"data_org":"Green","event_date":"2026-05-25T00:00:00.000Z","post_date":"2026-05-25T00:00:00.000Z","pub_date":"2026-05-26T00:00:00.000Z","actor":"Hezbollah","claimed":"TRUE","event_type":"Drone Attack","city":"Khiam","province":"","country":"Lebanon","latitude":33.33020112,"longitude":35.6148058,"coord_type":"general town","source_1":"https://t.me/mmirleb/16621","source_2":"","sources":""}},{"type":"Feature","geometry":{"type":"Point","coordinates":[35.2549937,33.10066216999999,0]},"properties":{"event_id":2961,"data_org":"Green","event_date":"2026-05-25T00:00:00.000Z","post_date":"2026-05-25T00:00:00.000Z","pub_date":"2026-05-26T00:00:00.000Z","actor":"Hezbollah","claimed":"TRUE","event_type":"Drone Attack","city":"Boustan","province":"","country":"Lebanon","latitude":33.10066217,"longitude":35.2549937,"coord_type":"general town","source_1":"https://t.me/mmirleb/16627","source_2":"https://t.me/mmirleb/16775","sources":""}},{"type":"Feature","geometry":{"type":"Point","coordinates":[35.1401158,33.11937353,0]},"properties":{"event_id":2964,"data_org":"Green","event_date":"2026-05-25T00:00:00.000Z","post_date":"2026-05-25T00:00:00.000Z","pub_date":"2026-05-26T00:00:00.000Z","actor":"Hezbollah","claimed":"TRUE","event_type":"Drone Attack","city":"Naqoura","province":"","country":"Lebanon","latitude":33.11937353,"longitude":35.1401158,"coord_type":"general town","source_1":"https://t.me/mmirleb/16629","source_2":"","sources":""}},{"type":"Feature","geometry":{"type":"Point","coordinates":[35.4723747,33.32008051999999,0]},"properties":{"event_id":2967,"data_org":"Green","event_date":"2026-05-26T00:00:00.000Z","post_date":"2026-05-26T00:00:00.000Z","pub_date":"2026-05-26T00:00:00.000Z","actor":"Hezbollah","claimed":"TRUE","event_type":"Combined Arms attack","city":"Zawtar El Charqiyeh","province":"","country":"Lebanon","latitude":33.32008052,"longitude":35.4723747,"coord_type":"general town","source_1":"https://t.me/mmirleb/16638","source_2":"","sources":""}},{"type":"Feature","geometry":{"type":"Point","coordinates":[35.4723747,33.32008051999999,0]},"properties":{"event_id":2969,"data_org":"Green","event_date":"2026-05-26T00:00:00.000Z","post_date":"2026-05-26T00:00:00.000Z","pub_date":"2026-05-26T00:00:00.000Z","actor":"Hezbollah","claimed":"TRUE","event_type":"Drone Attack","city":"Zawtar El Charqiyeh","province":"","country":"Lebanon","latitude":33.32008052,"longitude":35.4723747,"coord_type":"general town","source_1":"https://t.me/mmirleb/16639","source_2":"https://t.me/mmirleb/17068","sources":""}},{"type":"Feature","geometry":{"type":"Point","coordinates":[35.4723747,33.32008051999999,0]},"properties":{"event_id":2970,"data_org":"Green","event_date":"2026-05-26T00:00:00.000Z","post_date":"2026-05-26T00:00:00.000Z","pub_date":"2026-05-26T00:00:00.000Z","actor":"Hezbollah","claimed":"TRUE","event_type":"Mortar Fire","city":"Zawtar El Charqiyeh","province":"","country":"Lebanon","latitude":33.32008052,"longitude":35.4723747,"coord_type":"general town","source_1":"https://t.me/mmirleb/16640","source_2":"","sources":""}},{"type":"Feature","geometry":{"type":"Point","coordinates":[35.4723747,33.32008051999999,0]},"properties":{"event_id":2971,"data_org":"Green","event_date":"2026-05-26T00:00:00.000Z","post_date":"2026-05-26T00:00:00.000Z","pub_date":"2026-05-26T00:00:00.000Z","actor":"Hezbollah","claimed":"TRUE","event_type":"Rocket Attack","city":"Zawtar El Charqiyeh","province":"","country":"Lebanon","latitude":33.32008052,"longitude":35.4723747,"coord_type":"general town","source_1":"https://t.me/mmirleb/16641","source_2":"","sources":""}},{"type":"Feature","geometry":{"type":"Point","coordinates":[35.4723747,33.32008051999999,0]},"properties":{"event_id":2972,"data_org":"Green","event_date":"2026-05-26T00:00:00.000Z","post_date":"2026-05-26T00:00:00.000Z","pub_date":"2026-05-26T00:00:00.000Z","actor":"Hezbollah","claimed":"TRUE","event_type":"Drone Attack","city":"Zawtar El Charqiyeh","province":"","country":"Lebanon","latitude":33.32008052,"longitude":35.4723747,"coord_type":"general town","source_1":"https://t.me/mmirleb/16642","source_2":"","sources":""}},{"type":"Feature","geometry":{"type":"Point","coordinates":[35.4723747,33.32008051999999,0]},"properties":{"event_id":2973,"data_org":"Green","event_date":"2026-05-26T00:00:00.000Z","post_date":"2026-05-26T00:00:00.000Z","pub_date":"2026-05-26T00:00:00.000Z","actor":"Hezbollah","claimed":"TRUE","event_type":"Drone Attack","city":"Zawtar El Charqiyeh","province":"","country":"Lebanon","latitude":33.32008052,"longitude":35.4723747,"coord_type":"general town","source_1":"https://t.me/mmirleb/16643","source_2":"","sources":""}},{"type":"Feature","geometry":{"type":"Point","coordinates":[35.4723747,33.32008051999999,0]},"properties":{"event_id":2976,"data_org":"Green","event_date":"2026-05-26T00:00:00.000Z","post_date":"2026-05-26T00:00:00.000Z","pub_date":"2026-05-26T00:00:00.000Z","actor":"Hezbollah","claimed":"TRUE","event_type":"Mortar and Rocket attack","city":"Zawtar El Charqiyeh","province":"","country":"Lebanon","latitude":33.32008052,"longitude":35.4723747,"coord_type":"general town","source_1":"https://t.me/mmirleb/16644","source_2":"","sources":""}},{"type":"Feature","geometry":{"type":"Point","coordinates":[35.433728200000004,33.11922864999999,0]},"properties":{"event_id":2979,"data_org":"Green","event_date":"2026-05-26T00:00:00.000Z","post_date":"2026-05-26T00:00:00.000Z","pub_date":"2026-05-26T00:00:00.000Z","actor":"Hezbollah","claimed":"TRUE","event_type":"Drone Attack","city":"Bint Jbiel","province":"","country":"Lebanon","latitude":33.11922865,"longitude":35.4337282,"coord_type":"general town","source_1":"https://t.me/mmirleb/16652","source_2":"https://t.me/mmirleb/16679","sources":""}},{"type":"Feature","geometry":{"type":"Point","coordinates":[35.3971615,33.28182966999999,0]},"properties":{"event_id":2981,"data_org":"Green","event_date":"2026-05-26T00:00:00.000Z","post_date":"2026-05-26T00:00:00.000Z","pub_date":"2026-05-26T00:00:00.000Z","actor":"Hezbollah","claimed":"TRUE","event_type":"SAM","city":"Sfira","province":"","country":"Lebanon","latitude":33.28182967,"longitude":35.3971615,"coord_type":"general town","source_1":"https://t.me/mmirleb/16654","source_2":"","sources":""}},{"type":"Feature","geometry":{"type":"Point","coordinates":[35.433728200000004,33.11922864999999,0]},"properties":{"event_id":2983,"data_org":"Green","event_date":"2026-05-26T00:00:00.000Z","post_date":"2026-05-26T00:00:00.000Z","pub_date":"2026-05-26T00:00:00.000Z","actor":"Hezbollah","claimed":"TRUE","event_type":"Drone Attack","city":"Bint Jbiel","province":"","country":"Lebanon","latitude":33.11922865,"longitude":35.4337282,"coord_type":"general town","source_1":"https://t.me/mmirleb/16655","source_2":"","sources":""}},{"type":"Feature","geometry":{"type":"Point","coordinates":[35.4723747,33.32008051999999,0]},"properties":{"event_id":2986,"data_org":"Green","event_date":"2026-05-26T00:00:00.000Z","post_date":"2026-05-26T00:00:00.000Z","pub_date":"2026-05-26T00:00:00.000Z","actor":"Hezbollah","claimed":"TRUE","event_type":"Drone Attack","city":"Zawtar El Charqiyeh","province":"","country":"Lebanon","latitude":33.32008052,"longitude":35.4723747,"coord_type":"general town","source_1":"https://t.me/mmirleb/16656","source_2":"","sources":""}},{"type":"Feature","geometry":{"type":"Point","coordinates":[35.5227662,33.169054339999995,0]},"properties":{"event_id":2988,"data_org":"Green","event_date":"2026-05-26T00:00:00.000Z","post_date":"2026-05-26T00:00:00.000Z","pub_date":"2026-05-26T00:00:00.000Z","actor":"Hezbollah","claimed":"TRUE","event_type":"Drone Attack","city":"Meiss El Jabal","province":"","country":"Lebanon","latitude":33.16905434,"longitude":35.5227662,"coord_type":"general town","source_1":"https://t.me/mmirleb/16657","source_2":"","sources":""}},{"type":"Feature","geometry":{"type":"Point","coordinates":[35.1988618,33.15192725,0]},"properties":{"event_id":2996,"data_org":"Green","event_date":"2026-05-26T00:00:00.000Z","post_date":"2026-05-26T00:00:00.000Z","pub_date":"2026-05-26T00:00:00.000Z","actor":"Hezbollah","claimed":"TRUE","event_type":"Rocket Attack","city":"Chamaa","province":"","country":"Lebanon","latitude":33.15192725,"longitude":35.1988618,"coord_type":"general town","source_1":"https://t.me/mmirleb/16660","source_2":"","sources":""}},{"type":"Feature","geometry":{"type":"Point","coordinates":[35.36216,33.143039999999985,0]},"properties":{"event_id":2997,"data_org":"Green","event_date":"2026-05-26T00:00:00.000Z","post_date":"2026-05-26T00:00:00.000Z","pub_date":"2026-05-26T00:00:00.000Z","actor":"Hezbollah","claimed":"TRUE","event_type":"Drone Attack","city":"Rachaf","province":"","country":"Lebanon","latitude":33.14304,"longitude":35.36216,"coord_type":"general town","source_1":"https://t.me/mmirleb/16661","source_2":"https://t.me/mmirleb/16804","sources":""}},{"type":"Feature","geometry":{"type":"Point","coordinates":[35.4723747,33.32008051999999,0]},"properties":{"event_id":2998,"data_org":"Green","event_date":"2026-05-26T00:00:00.000Z","post_date":"2026-05-26T00:00:00.000Z","pub_date":"2026-05-26T00:00:00.000Z","actor":"Hezbollah","claimed":"TRUE","event_type":"Mortar Fire","city":"Zawtar El Charqiyeh","province":"","country":"Lebanon","latitude":33.32008052,"longitude":35.4723747,"coord_type":"general town","source_1":"https://t.me/mmirleb/16664","source_2":"","sources":""}},{"type":"Feature","geometry":{"type":"Point","coordinates":[35.36216,33.143039999999985,0]},"properties":{"event_id":2999,"data_org":"Green","event_date":"2026-05-26T00:00:00.000Z","post_date":"2026-05-26T00:00:00.000Z","pub_date":"2026-05-26T00:00:00.000Z","actor":"Hezbollah","claimed":"TRUE","event_type":"Rocket Attack","city":"Rachaf","province":"","country":"Lebanon","latitude":33.14304,"longitude":35.36216,"coord_type":"general town","source_1":"https://t.me/mmirleb/16665","source_2":"","sources":""}},{"type":"Feature","geometry":{"type":"Point","coordinates":[35.4723747,33.32008051999999,0]},"properties":{"event_id":3000,"data_org":"Green","event_date":"2026-05-26T00:00:00.000Z","post_date":"2026-05-26T00:00:00.000Z","pub_date":"2026-05-26T00:00:00.000Z","actor":"Hezbollah","claimed":"TRUE","event_type":"Rocket Attack","city":"Zawtar El Charqiyeh","province":"","country":"Lebanon","latitude":33.32008052,"longitude":35.4723747,"coord_type":"general town","source_1":"https://t.me/mmirleb/16666","source_2":"","sources":""}},{"type":"Feature","geometry":{"type":"Point","coordinates":[35.48034380000001,33.27686259,0]},"properties":{"event_id":3001,"data_org":"Green","event_date":"2026-05-26T00:00:00.000Z","post_date":"2026-05-26T00:00:00.000Z","pub_date":"2026-05-26T00:00:00.000Z","actor":"Hezbollah","claimed":"TRUE","event_type":"Drone Attack","city":"Aadchit El Qsair","province":"","country":"Lebanon","latitude":33.27686259,"longitude":35.4803438,"coord_type":"general town","source_1":"https://t.me/mmirleb/16667","source_2":"","sources":""}},{"type":"Feature","geometry":{"type":"Point","coordinates":[35.4723747,33.32008051999999,0]},"properties":{"event_id":3002,"data_org":"Green","event_date":"2026-05-26T00:00:00.000Z","post_date":"2026-05-26T00:00:00.000Z","pub_date":"2026-05-26T00:00:00.000Z","actor":"Hezbollah","claimed":"TRUE","event_type":"Drone Attack","city":"Zawtar El Charqiyeh","province":"","country":"Lebanon","latitude":33.32008052,"longitude":35.4723747,"coord_type":"general town","source_1":"https://t.me/mmirleb/16668","source_2":"https://t.me/mmirleb/17145","sources":""}},{"type":"Feature","geometry":{"type":"Point","coordinates":[35.5346279,33.25491322,0]},"properties":{"event_id":3003,"data_org":"Green","event_date":"2026-05-26T00:00:00.000Z","post_date":"2026-05-26T00:00:00.000Z","pub_date":"2026-05-26T00:00:00.000Z","actor":"Hezbollah","claimed":"TRUE","event_type":"Drone Attack","city":"Aadaysit Marjaayoun","province":"","country":"Lebanon","latitude":33.25491322,"longitude":35.5346279,"coord_type":"general town","source_1":"https://t.me/mmirleb/16669","source_2":"","sources":""}},{"type":"Feature","geometry":{"type":"Point","coordinates":[35.5346279,33.25491322,0]},"properties":{"event_id":3004,"data_org":"Green","event_date":"2026-05-26T00:00:00.000Z","post_date":"2026-05-26T00:00:00.000Z","pub_date":"2026-05-26T00:00:00.000Z","actor":"Hezbollah","claimed":"TRUE","event_type":"Drone Attack","city":"Aadaysit Marjaayoun","province":"","country":"Lebanon","latitude":33.25491322,"longitude":35.5346279,"coord_type":"general town","source_1":"https://t.me/mmirleb/16670","source_2":"","sources":""}},{"type":"Feature","geometry":{"type":"Point","coordinates":[35.4723747,33.32008051999999,0]},"properties":{"event_id":3005,"data_org":"Green","event_date":"2026-05-26T00:00:00.000Z","post_date":"2026-05-26T00:00:00.000Z","pub_date":"2026-05-26T00:00:00.000Z","actor":"Hezbollah","claimed":"TRUE","event_type":"Rocket Attack","city":"Zawtar El Charqiyeh","province":"","country":"Lebanon","latitude":33.32008052,"longitude":35.4723747,"coord_type":"general town","source_1":"https://t.me/mmirleb/16671","source_2":"","sources":""}},{"type":"Feature","geometry":{"type":"Point","coordinates":[35.4723747,33.32008051999999,0]},"properties":{"event_id":3006,"data_org":"Green","event_date":"2026-05-26T00:00:00.000Z","post_date":"2026-05-26T00:00:00.000Z","pub_date":"2026-05-26T00:00:00.000Z","actor":"Hezbollah","claimed":"TRUE","event_type":"Rocket Attack","city":"Zawtar El Charqiyeh","province":"","country":"Lebanon","latitude":33.32008052,"longitude":35.4723747,"coord_type":"general town","source_1":"https://t.me/mmirleb/16672","source_2":"","sources":""}},{"type":"Feature","geometry":{"type":"Point","coordinates":[35.4723747,33.32008051999999,0]},"properties":{"event_id":3007,"data_org":"Green","event_date":"2026-05-26T00:00:00.000Z","post_date":"2026-05-26T00:00:00.000Z","pub_date":"2026-05-26T00:00:00.000Z","actor":"Hezbollah","claimed":"TRUE","event_type":"Mortar Fire","city":"Zawtar El Charqiyeh","province":"","country":"Lebanon","latitude":33.32008052,"longitude":35.4723747,"coord_type":"general town","source_1":"https://t.me/mmirleb/16673","source_2":"","sources":""}},{"type":"Feature","geometry":{"type":"Point","coordinates":[35.5346279,33.25491322,0]},"properties":{"event_id":3008,"data_org":"Green","event_date":"2026-05-26T00:00:00.000Z","post_date":"2026-05-26T00:00:00.000Z","pub_date":"2026-05-26T00:00:00.000Z","actor":"Hezbollah","claimed":"TRUE","event_type":"Drone Attack","city":"Aadaysit Marjaayoun","province":"","country":"Lebanon","latitude":33.25491322,"longitude":35.5346279,"coord_type":"general town","source_1":"https://t.me/mmirleb/16674","source_2":"","sources":""}},{"type":"Feature","geometry":{"type":"Point","coordinates":[35.4723747,33.32008051999999,0]},"properties":{"event_id":3009,"data_org":"Green","event_date":"2026-05-26T00:00:00.000Z","post_date":"2026-05-26T00:00:00.000Z","pub_date":"2026-05-26T00:00:00.000Z","actor":"Hezbollah","claimed":"TRUE","event_type":"Drone Attack","city":"Zawtar El Charqiyeh","province":"","country":"Lebanon","latitude":33.32008052,"longitude":35.4723747,"coord_type":"general town","source_1":"https://t.me/mmirleb/16675","source_2":"","sources":""}},{"type":"Feature","geometry":{"type":"Point","coordinates":[35.4723748,33.320081,0]},"properties":{"event_id":3010,"data_org":"Green","event_date":"2026-05-26T00:00:00.000Z","post_date":"2026-05-26T00:00:00.000Z","pub_date":"2026-05-27T00:00:00.000Z","actor":"Hezbollah","claimed":"TRUE","event_type":"Drone Attack","city":"Zawtar El Charqiyeh","province":"","country":"Lebanon","latitude":33.320081,"longitude":35.4723748,"coord_type":"general town","source_1":"https://t.me/mmirleb/16676","source_2":"","sources":""}},{"type":"Feature","geometry":{"type":"Point","coordinates":[35.4723747,33.32008051999999,0]},"properties":{"event_id":3011,"data_org":"Green","event_date":"2026-05-26T00:00:00.000Z","post_date":"2026-05-26T00:00:00.000Z","pub_date":"2026-05-27T00:00:00.000Z","actor":"Hezbollah","claimed":"TRUE","event_type":"Drone Attack","city":"Zawtar El Charqiyeh","province":"","country":"Lebanon","latitude":33.32008052,"longitude":35.4723747,"coord_type":"general town","source_1":"https://t.me/mmirleb/16677","source_2":"","sources":""}},{"type":"Feature","geometry":{"type":"Point","coordinates":[35.4723747,33.32008051999999,0]},"properties":{"event_id":3012,"data_org":"Green","event_date":"2026-05-27T00:00:00.000Z","post_date":"2026-05-27T00:00:00.000Z","pub_date":"2026-05-27T00:00:00.000Z","actor":"Hezbollah","claimed":"TRUE","event_type":"Mortar and Rocket attack","city":"Zawtar El Charqiyeh","province":"","country":"Lebanon","latitude":33.32008052,"longitude":35.4723747,"coord_type":"general town","source_1":"https://t.me/mmirleb/16690","source_2":"","sources":""}},{"type":"Feature","geometry":{"type":"Point","coordinates":[35.5001933,33.33515673999999,0]},"properties":{"event_id":3013,"data_org":"Green","event_date":"2026-05-27T00:00:00.000Z","post_date":"2026-05-27T00:00:00.000Z","pub_date":"2026-05-27T00:00:00.000Z","actor":"Hezbollah","claimed":"TRUE","event_type":"Direct Fire (small arms)","city":"Zawtar El Charqiyeh","province":"","country":"Lebanon","latitude":33.33515674,"longitude":35.5001933,"coord_type":"exact","source_1":"https://t.me/mmirleb/16691","source_2":"","sources":""}},{"type":"Feature","geometry":{"type":"Point","coordinates":[35.4723748,33.320081,0]},"properties":{"event_id":3016,"data_org":"Green","event_date":"2026-05-27T00:00:00.000Z","post_date":"2026-05-27T00:00:00.000Z","pub_date":"2026-05-27T00:00:00.000Z","actor":"Hezbollah","claimed":"TRUE","event_type":"Drone Attack","city":"Zawtar El Charqiyeh","province":"","country":"Lebanon","latitude":33.320081,"longitude":35.4723748,"coord_type":"general town","source_1":"https://t.me/mmirleb/16693","source_2":"","sources":""}},{"type":"Feature","geometry":{"type":"Point","coordinates":[35.4723747,33.32008051999999,0]},"properties":{"event_id":3017,"data_org":"Green","event_date":"2026-05-27T00:00:00.000Z","post_date":"2026-05-27T00:00:00.000Z","pub_date":"2026-05-27T00:00:00.000Z","actor":"Hezbollah","claimed":"TRUE","event_type":"Rocket Attack","city":"Zawtar El Charqiyeh","province":"","country":"Lebanon","latitude":33.32008052,"longitude":35.4723747,"coord_type":"general town","source_1":"https://t.me/mmirleb/16694","source_2":"","sources":""}},{"type":"Feature","geometry":{"type":"Point","coordinates":[35.4723747,33.32008051999999,0]},"properties":{"event_id":3019,"data_org":"Green","event_date":"2026-05-27T00:00:00.000Z","post_date":"2026-05-27T00:00:00.000Z","pub_date":"2026-05-27T00:00:00.000Z","actor":"Hezbollah","claimed":"TRUE","event_type":"Rocket Attack","city":"Zawtar El Charqiyeh","province":"","country":"Lebanon","latitude":33.32008052,"longitude":35.4723747,"coord_type":"general town","source_1":"https://t.me/mmirleb/16695","source_2":"","sources":""}},{"type":"Feature","geometry":{"type":"Point","coordinates":[35.4723747,33.32008051999999,0]},"properties":{"event_id":3020,"data_org":"Green","event_date":"2026-05-27T00:00:00.000Z","post_date":"2026-05-27T00:00:00.000Z","pub_date":"2026-05-27T00:00:00.000Z","actor":"Hezbollah","claimed":"TRUE","event_type":"ATGM Attack","city":"Zawtar El Charqiyeh","province":"","country":"Lebanon","latitude":33.32008052,"longitude":35.4723747,"coord_type":"general town","source_1":"https://t.me/mmirleb/16696","source_2":"","sources":""}},{"type":"Feature","geometry":{"type":"Point","coordinates":[35.5426746,33.25523632000001,0]},"properties":{"event_id":3072,"data_org":"Green","event_date":"2026-05-27T00:00:00.000Z","post_date":"2026-05-27T00:00:00.000Z","pub_date":"2026-05-27T00:00:00.000Z","actor":"Hezbollah","claimed":"TRUE","event_type":"Rocket Attack","city":"Aadaysit Marjaayoun","province":"","country":"Lebanon","latitude":33.25523632,"longitude":35.5426746,"coord_type":"general town","source_1":"https://t.me/mmirleb/16704","source_2":"","sources":""}},{"type":"Feature","geometry":{"type":"Point","coordinates":[35.4723748,33.320081,0]},"properties":{"event_id":3073,"data_org":"Green","event_date":"2026-05-27T00:00:00.000Z","post_date":"2026-05-27T00:00:00.000Z","pub_date":"2026-05-27T00:00:00.000Z","actor":"Hezbollah","claimed":"TRUE","event_type":"Rocket Attack","city":"Zawtar El Charqiyeh","province":"","country":"Lebanon","latitude":33.320081,"longitude":35.4723748,"coord_type":"general town","source_1":"https://t.me/mmirleb/16705","source_2":"","sources":""}},{"type":"Feature","geometry":{"type":"Point","coordinates":[35.4723748,33.320081,0]},"properties":{"event_id":3074,"data_org":"Green","event_date":"2026-05-27T00:00:00.000Z","post_date":"2026-05-27T00:00:00.000Z","pub_date":"2026-05-27T00:00:00.000Z","actor":"Hezbollah","claimed":"TRUE","event_type":"Rocket Attack","city":"Zawtar El Charqiyeh","province":"","country":"Lebanon","latitude":33.320081,"longitude":35.4723748,"coord_type":"general town","source_1":"https://t.me/mmirleb/16706","source_2":"","sources":""}},{"type":"Feature","geometry":{"type":"Point","coordinates":[35.4723748,33.320081,0]},"properties":{"event_id":3075,"data_org":"Green","event_date":"2026-05-27T00:00:00.000Z","post_date":"2026-05-27T00:00:00.000Z","pub_date":"2026-05-27T00:00:00.000Z","actor":"Hezbollah","claimed":"TRUE","event_type":"Drone Attack","city":"Zawtar El Charqiyeh","province":"","country":"Lebanon","latitude":33.320081,"longitude":35.4723748,"coord_type":"general town","source_1":"https://t.me/mmirleb/16707","source_2":"https://t.me/mmirleb/16848","sources":"https://t.me/mmirleb/17176"}},{"type":"Feature","geometry":{"type":"Point","coordinates":[35.4723748,33.320081,0]},"properties":{"event_id":3076,"data_org":"Green","event_date":"2026-05-27T00:00:00.000Z","post_date":"2026-05-27T00:00:00.000Z","pub_date":"2026-05-27T00:00:00.000Z","actor":"Hezbollah","claimed":"TRUE","event_type":"Drone Attack","city":"Zawtar El Charqiyeh","province":"","country":"Lebanon","latitude":33.320081,"longitude":35.4723748,"coord_type":"general town","source_1":"https://t.me/mmirleb/16708","source_2":"","sources":""}},{"type":"Feature","geometry":{"type":"Point","coordinates":[35.4723748,33.320081,0]},"properties":{"event_id":3077,"data_org":"Green","event_date":"2026-05-27T00:00:00.000Z","post_date":"2026-05-27T00:00:00.000Z","pub_date":"2026-05-27T00:00:00.000Z","actor":"Hezbollah","claimed":"TRUE","event_type":"Drone Attack","city":"Zawtar El Charqiyeh","province":"","country":"Lebanon","latitude":33.320081,"longitude":35.4723748,"coord_type":"general town","source_1":"https://t.me/mmirleb/16709","source_2":"","sources":""}},{"type":"Feature","geometry":{"type":"Point","coordinates":[35.4723747,33.32008051999999,0]},"properties":{"event_id":3078,"data_org":"Green","event_date":"2026-05-27T00:00:00.000Z","post_date":"2026-05-27T00:00:00.000Z","pub_date":"2026-05-27T00:00:00.000Z","actor":"Hezbollah","claimed":"TRUE","event_type":"Drone Attack","city":"Zawtar El Charqiyeh","province":"","country":"Lebanon","latitude":33.32008052,"longitude":35.4723747,"coord_type":"general town","source_1":"https://t.me/mmirleb/16711","source_2":"","sources":""}},{"type":"Feature","geometry":{"type":"Point","coordinates":[35.4723747,33.32008051999999,0]},"properties":{"event_id":3079,"data_org":"Green","event_date":"2026-05-27T00:00:00.000Z","post_date":"2026-05-27T00:00:00.000Z","pub_date":"2026-05-27T00:00:00.000Z","actor":"Hezbollah","claimed":"TRUE","event_type":"Drone Attack","city":"Zawtar El Charqiyeh","province":"","country":"Lebanon","latitude":33.32008052,"longitude":35.4723747,"coord_type":"general town","source_1":"https://t.me/mmirleb/16712","source_2":"","sources":""}},{"type":"Feature","geometry":{"type":"Point","coordinates":[35.3656645,33.11907468999999,0]},"properties":{"event_id":3080,"data_org":"Green","event_date":"2026-05-27T00:00:00.000Z","post_date":"2026-05-27T00:00:00.000Z","pub_date":"2026-05-27T00:00:00.000Z","actor":"Hezbollah","claimed":"TRUE","event_type":"Drone Attack","city":"Debl","province":"","country":"Lebanon","latitude":33.11907469,"longitude":35.3656645,"coord_type":"general town","source_1":"https://t.me/mmirleb/16713","source_2":"","sources":""}},{"type":"Feature","geometry":{"type":"Point","coordinates":[35.139794,33.118888569999996,0]},"properties":{"event_id":3081,"data_org":"Green","event_date":"2026-05-27T00:00:00.000Z","post_date":"2026-05-27T00:00:00.000Z","pub_date":"2026-05-27T00:00:00.000Z","actor":"Hezbollah","claimed":"TRUE","event_type":"Drone Attack","city":"Naqoura","province":"","country":"Lebanon","latitude":33.11888857,"longitude":35.139794,"coord_type":"general town","source_1":"https://t.me/mmirleb/16714","source_2":"","sources":""}},{"type":"Feature","geometry":{"type":"Point","coordinates":[35.4723748,33.320081,0]},"properties":{"event_id":3083,"data_org":"Green","event_date":"2026-05-27T00:00:00.000Z","post_date":"2026-05-27T00:00:00.000Z","pub_date":"2026-05-27T00:00:00.000Z","actor":"Hezbollah","claimed":"TRUE","event_type":"Drone Attack","city":"Zawtar El Charqiyeh","province":"","country":"Lebanon","latitude":33.320081,"longitude":35.4723748,"coord_type":"general town","source_1":"https://t.me/mmirleb/16717","source_2":"","sources":""}},{"type":"Feature","geometry":{"type":"Point","coordinates":[35.540517,33.25557735,0]},"properties":{"event_id":3084,"data_org":"Green","event_date":"2026-05-27T00:00:00.000Z","post_date":"2026-05-27T00:00:00.000Z","pub_date":"2026-05-27T00:00:00.000Z","actor":"Hezbollah","claimed":"TRUE","event_type":"Rocket Attack","city":"Aadaysit Marjaayoun","province":"","country":"Lebanon","latitude":33.25557735,"longitude":35.540517,"coord_type":"general town","source_1":"https://t.me/mmirleb/16732","source_2":"","sources":""}},{"type":"Feature","geometry":{"type":"Point","coordinates":[35.5196853,33.24681341000001,0]},"properties":{"event_id":3085,"data_org":"Green","event_date":"2026-05-27T00:00:00.000Z","post_date":"2026-05-27T00:00:00.000Z","pub_date":"2026-05-27T00:00:00.000Z","actor":"Hezbollah","claimed":"TRUE","event_type":"Rocket Attack","city":"Rab El Thalathine","province":"","country":"Lebanon","latitude":33.24681341,"longitude":35.5196853,"coord_type":"general town","source_1":"https://t.me/mmirleb/16733","source_2":"","sources":""}},{"type":"Feature","geometry":{"type":"Point","coordinates":[35.4723748,33.320081,0]},"properties":{"event_id":3086,"data_org":"Green","event_date":"2026-05-27T00:00:00.000Z","post_date":"2026-05-27T00:00:00.000Z","pub_date":"2026-05-27T00:00:00.000Z","actor":"Hezbollah","claimed":"TRUE","event_type":"Rocket Attack","city":"Zawtar El Charqiyeh","province":"","country":"Lebanon","latitude":33.320081,"longitude":35.4723748,"coord_type":"general town","source_1":"https://t.me/mmirleb/16734","source_2":"","sources":""}},{"type":"Feature","geometry":{"type":"Point","coordinates":[35.540517,33.25557735,0]},"properties":{"event_id":3087,"data_org":"Green","event_date":"2026-05-27T00:00:00.000Z","post_date":"2026-05-27T00:00:00.000Z","pub_date":"2026-05-27T00:00:00.000Z","actor":"Hezbollah","claimed":"TRUE","event_type":"Rocket Attack","city":"Aadaysit Marjaayoun","province":"","country":"Lebanon","latitude":33.25557735,"longitude":35.540517,"coord_type":"general town","source_1":"https://t.me/mmirleb/16739","source_2":"","sources":""}},{"type":"Feature","geometry":{"type":"Point","coordinates":[35.540517,33.25557735,0]},"properties":{"event_id":3093,"data_org":"Green","event_date":"2026-05-27T00:00:00.000Z","post_date":"2026-05-27T00:00:00.000Z","pub_date":"2026-05-28T00:00:00.000Z","actor":"Hezbollah","claimed":"TRUE","event_type":"Rocket Attack","city":"Aadaysit Marjaayoun","province":"","country":"Lebanon","latitude":33.25557735,"longitude":35.540517,"coord_type":"general town","source_1":"https://t.me/mmirleb/16740","source_2":"","sources":""}},{"type":"Feature","geometry":{"type":"Point","coordinates":[35.4723748,33.320081,0]},"properties":{"event_id":3094,"data_org":"Green","event_date":"2026-05-27T00:00:00.000Z","post_date":"2026-05-27T00:00:00.000Z","pub_date":"2026-05-28T00:00:00.000Z","actor":"Hezbollah","claimed":"TRUE","event_type":"Rocket Attack","city":"Zawtar El Charqiyeh","province":"","country":"Lebanon","latitude":33.320081,"longitude":35.4723748,"coord_type":"general town","source_1":"https://t.me/mmirleb/16741","source_2":"","sources":""}},{"type":"Feature","geometry":{"type":"Point","coordinates":[35.4723748,33.320081,0]},"properties":{"event_id":3095,"data_org":"Green","event_date":"2026-05-27T00:00:00.000Z","post_date":"2026-05-27T00:00:00.000Z","pub_date":"2026-05-28T00:00:00.000Z","actor":"Hezbollah","claimed":"TRUE","event_type":"Rocket Attack","city":"Zawtar El Charqiyeh","province":"","country":"Lebanon","latitude":33.320081,"longitude":35.4723748,"coord_type":"general town","source_1":"https://t.me/mmirleb/16742","source_2":"","sources":""}},{"type":"Feature","geometry":{"type":"Point","coordinates":[35.540517,33.25557735,0]},"properties":{"event_id":3096,"data_org":"Green","event_date":"2026-05-27T00:00:00.000Z","post_date":"2026-05-27T00:00:00.000Z","pub_date":"2026-05-28T00:00:00.000Z","actor":"Hezbollah","claimed":"TRUE","event_type":"Rocket Attack","city":"Aadaysit Marjaayoun","province":"","country":"Lebanon","latitude":33.25557735,"longitude":35.540517,"coord_type":"general town","source_1":"https://t.me/mmirleb/16743","source_2":"","sources":""}},{"type":"Feature","geometry":{"type":"Point","coordinates":[35.54523,33.25438,0]},"properties":{"event_id":3097,"data_org":"Green","event_date":"2026-05-27T00:00:00.000Z","post_date":"2026-05-27T00:00:00.000Z","pub_date":"2026-05-28T00:00:00.000Z","actor":"Hezbollah","claimed":"TRUE","event_type":"Rocket Attack","city":"Oddaisseh","province":"","country":"Lebanon","latitude":33.25438,"longitude":35.54523,"coord_type":"general town","source_1":"https://t.me/mmirleb/16744","source_2":"","sources":""}},{"type":"Feature","geometry":{"type":"Point","coordinates":[35.54523,33.25438,0]},"properties":{"event_id":3098,"data_org":"Green","event_date":"2026-05-27T00:00:00.000Z","post_date":"2026-05-27T00:00:00.000Z","pub_date":"2026-05-28T00:00:00.000Z","actor":"Hezbollah","claimed":"TRUE","event_type":"Drone Attack","city":"Oddaisseh","province":"","country":"Lebanon","latitude":33.25438,"longitude":35.54523,"coord_type":"general town","source_1":"https://t.me/mmirleb/16749","source_2":"","sources":""}},{"type":"Feature","geometry":{"type":"Point","coordinates":[35.4723748,33.320081,0]},"properties":{"event_id":3101,"data_org":"Green","event_date":"2026-05-27T00:00:00.000Z","post_date":"2026-05-27T00:00:00.000Z","pub_date":"2026-05-28T00:00:00.000Z","actor":"Hezbollah","claimed":"TRUE","event_type":"Drone Attack","city":"Zawtar El Charqiyeh","province":"","country":"Lebanon","latitude":33.320081,"longitude":35.4723748,"coord_type":"general town","source_1":"https://t.me/mmirleb/16750","source_2":"","sources":""}},{"type":"Feature","geometry":{"type":"Point","coordinates":[35.4723748,33.320081,0]},"properties":{"event_id":3102,"data_org":"Green","event_date":"2026-05-27T00:00:00.000Z","post_date":"2026-05-27T00:00:00.000Z","pub_date":"2026-05-28T00:00:00.000Z","actor":"Hezbollah","claimed":"TRUE","event_type":"Drone Attack","city":"Zawtar El Charqiyeh","province":"","country":"Lebanon","latitude":33.320081,"longitude":35.4723748,"coord_type":"general town","source_1":"https://t.me/mmirleb/16751","source_2":"","sources":""}},{"type":"Feature","geometry":{"type":"Point","coordinates":[35.4723748,33.320081,0]},"properties":{"event_id":3103,"data_org":"Green","event_date":"2026-05-27T00:00:00.000Z","post_date":"2026-05-27T00:00:00.000Z","pub_date":"2026-05-28T00:00:00.000Z","actor":"Hezbollah","claimed":"TRUE","event_type":"Drone Attack","city":"Zawtar El Charqiyeh","province":"","country":"Lebanon","latitude":33.320081,"longitude":35.4723748,"coord_type":"general town","source_1":"https://t.me/mmirleb/16752","source_2":"","sources":""}},{"type":"Feature","geometry":{"type":"Point","coordinates":[35.54523,33.25438,0]},"properties":{"event_id":3104,"data_org":"Green","event_date":"2026-05-27T00:00:00.000Z","post_date":"2026-05-27T00:00:00.000Z","pub_date":"2026-05-28T00:00:00.000Z","actor":"Hezbollah","claimed":"TRUE","event_type":"Drone Attack","city":"Oddaisseh","province":"","country":"Lebanon","latitude":33.25438,"longitude":35.54523,"coord_type":"general town","source_1":"https://t.me/mmirleb/16753","source_2":"","sources":""}},{"type":"Feature","geometry":{"type":"Point","coordinates":[35.54523,33.25438,0]},"properties":{"event_id":3105,"data_org":"Green","event_date":"2026-05-27T00:00:00.000Z","post_date":"2026-05-27T00:00:00.000Z","pub_date":"2026-05-28T00:00:00.000Z","actor":"Hezbollah","claimed":"TRUE","event_type":"Drone Attack","city":"Oddaisseh","province":"","country":"Lebanon","latitude":33.25438,"longitude":35.54523,"coord_type":"general town","source_1":"https://t.me/mmirleb/16755","source_2":"","sources":""}},{"type":"Feature","geometry":{"type":"Point","coordinates":[35.4560769,33.29323262999999,0]},"properties":{"event_id":3106,"data_org":"Green","event_date":"2026-05-28T00:00:00.000Z","post_date":"2026-05-28T00:00:00.000Z","pub_date":"2026-05-28T00:00:00.000Z","actor":"Hezbollah","claimed":"TRUE","event_type":"Rocket Attack","city":"Qoussair","province":"","country":"Lebanon","latitude":33.29323263,"longitude":35.4560769,"coord_type":"general town","source_1":"https://t.me/mmirleb/16758","source_2":"","sources":""}},{"type":"Feature","geometry":{"type":"Point","coordinates":[35.4723748,33.320081,0]},"properties":{"event_id":3107,"data_org":"Green","event_date":"2026-05-28T00:00:00.000Z","post_date":"2026-05-28T00:00:00.000Z","pub_date":"2026-05-28T00:00:00.000Z","actor":"Hezbollah","claimed":"TRUE","event_type":"Rocket Attack","city":"Zawtar El Charqiyeh","province":"","country":"Lebanon","latitude":33.320081,"longitude":35.4723748,"coord_type":"general town","source_1":"https://t.me/mmirleb/16759","source_2":"","sources":""}},{"type":"Feature","geometry":{"type":"Point","coordinates":[35.4636982,33.274087699999995,0]},"properties":{"event_id":3108,"data_org":"Green","event_date":"2026-05-28T00:00:00.000Z","post_date":"2026-05-28T00:00:00.000Z","pub_date":"2026-05-28T00:00:00.000Z","actor":"Hezbollah","claimed":"TRUE","event_type":"Drone Attack","city":"Qantara","province":"","country":"Lebanon","latitude":33.2740877,"longitude":35.4636982,"coord_type":"general town","source_1":"https://t.me/mmirleb/16760","source_2":"","sources":""}},{"type":"Feature","geometry":{"type":"Point","coordinates":[35.4723748,33.320081,0]},"properties":{"event_id":3109,"data_org":"Green","event_date":"2026-05-28T00:00:00.000Z","post_date":"2026-05-28T00:00:00.000Z","pub_date":"2026-05-28T00:00:00.000Z","actor":"Hezbollah","claimed":"TRUE","event_type":"Drone Attack","city":"Zawtar El Charqiyeh","province":"","country":"Lebanon","latitude":33.320081,"longitude":35.4723748,"coord_type":"general town","source_1":"https://t.me/mmirleb/16761","source_2":"https://t.me/mmirleb/17156","sources":""}},{"type":"Feature","geometry":{"type":"Point","coordinates":[35.4723748,33.320081,0]},"properties":{"event_id":3110,"data_org":"Green","event_date":"2026-05-28T00:00:00.000Z","post_date":"2026-05-28T00:00:00.000Z","pub_date":"2026-05-28T00:00:00.000Z","actor":"Hezbollah","claimed":"TRUE","event_type":"Drone Attack","city":"Zawtar El Charqiyeh","province":"","country":"Lebanon","latitude":33.320081,"longitude":35.4723748,"coord_type":"general town","source_1":"https://t.me/mmirleb/16762","source_2":"","sources":""}},{"type":"Feature","geometry":{"type":"Point","coordinates":[35.4723748,33.320081,0]},"properties":{"event_id":3120,"data_org":"Green","event_date":"2026-05-28T00:00:00.000Z","post_date":"2026-05-28T00:00:00.000Z","pub_date":"2026-05-28T00:00:00.000Z","actor":"Hezbollah","claimed":"TRUE","event_type":"Rocket Attack","city":"Zawtar El Charqiyeh","province":"","country":"Lebanon","latitude":33.320081,"longitude":35.4723748,"coord_type":"general town","source_1":"https://t.me/mmirleb/16778","source_2":"","sources":""}},{"type":"Feature","geometry":{"type":"Point","coordinates":[35.4636982,33.274087699999995,0]},"properties":{"event_id":3121,"data_org":"Green","event_date":"2026-05-28T00:00:00.000Z","post_date":"2026-05-28T00:00:00.000Z","pub_date":"2026-05-28T00:00:00.000Z","actor":"Hezbollah","claimed":"TRUE","event_type":"Rocket Attack","city":"Qantara","province":"","country":"Lebanon","latitude":33.2740877,"longitude":35.4636982,"coord_type":"general town","source_1":"https://t.me/mmirleb/16779","source_2":"","sources":""}},{"type":"Feature","geometry":{"type":"Point","coordinates":[35.3630018,33.14235566000001,0]},"properties":{"event_id":3125,"data_org":"Green","event_date":"2026-05-28T00:00:00.000Z","post_date":"2026-05-28T00:00:00.000Z","pub_date":"2026-05-28T00:00:00.000Z","actor":"Hezbollah","claimed":"TRUE","event_type":"Rocket Attack","city":"Rchaf","province":"","country":"Lebanon","latitude":33.14235566,"longitude":35.3630018,"coord_type":"general town","source_1":"https://t.me/mmirleb/16780","source_2":"","sources":""}},{"type":"Feature","geometry":{"type":"Point","coordinates":[35.6015056,33.38695062,0]},"properties":{"event_id":3126,"data_org":"Green","event_date":"2026-05-28T00:00:00.000Z","post_date":"2026-05-28T00:00:00.000Z","pub_date":"2026-05-28T00:00:00.000Z","actor":"Hezbollah","claimed":"TRUE","event_type":"Rocket Attack/ATGM","city":"Balat","province":"","country":"Lebanon","latitude":33.38695062,"longitude":35.6015056,"coord_type":"general town","source_1":"https://t.me/mmirleb/16781","source_2":"","sources":""}},{"type":"Feature","geometry":{"type":"Point","coordinates":[35.5682222,33.52606034000001,0]},"properties":{"event_id":3127,"data_org":"Green","event_date":"2026-05-28T00:00:00.000Z","post_date":"2026-05-28T00:00:00.000Z","pub_date":"2026-05-28T00:00:00.000Z","actor":"Hezbollah","claimed":"TRUE","event_type":"Rocket Attack","city":"Biyyadah","province":"","country":"Lebanon","latitude":33.52606034,"longitude":35.5682222,"coord_type":"general town","source_1":"https://t.me/mmirleb/16782","source_2":"","sources":""}},{"type":"Feature","geometry":{"type":"Point","coordinates":[35.5682222,33.52606034000001,0]},"properties":{"event_id":3128,"data_org":"Green","event_date":"2026-05-28T00:00:00.000Z","post_date":"2026-05-28T00:00:00.000Z","pub_date":"2026-05-28T00:00:00.000Z","actor":"Hezbollah","claimed":"TRUE","event_type":"Mortar Fire","city":"Biyyadah","province":"","country":"Lebanon","latitude":33.52606034,"longitude":35.5682222,"coord_type":"general town","source_1":"https://t.me/mmirleb/16783","source_2":"","sources":""}},{"type":"Feature","geometry":{"type":"Point","coordinates":[35.1988618,33.15192725,0]},"properties":{"event_id":3129,"data_org":"Green","event_date":"2026-05-28T00:00:00.000Z","post_date":"2026-05-28T00:00:00.000Z","pub_date":"2026-05-28T00:00:00.000Z","actor":"Hezbollah","claimed":"TRUE","event_type":"Mortar Fire","city":"Chamaa","province":"","country":"Lebanon","latitude":33.15192725,"longitude":35.1988618,"coord_type":"general town","source_1":"https://t.me/mmirleb/16784","source_2":"","sources":""}},{"type":"Feature","geometry":{"type":"Point","coordinates":[35.4723748,33.320081,0]},"properties":{"event_id":3130,"data_org":"Green","event_date":"2026-05-28T00:00:00.000Z","post_date":"2026-05-28T00:00:00.000Z","pub_date":"2026-05-28T00:00:00.000Z","actor":"Hezbollah","claimed":"TRUE","event_type":"Rocket Attack","city":"Zawtar El Charqiyeh","province":"","country":"Lebanon","latitude":33.320081,"longitude":35.4723748,"coord_type":"general town","source_1":"https://t.me/mmirleb/16785","source_2":"","sources":""}},{"type":"Feature","geometry":{"type":"Point","coordinates":[35.5193695,33.31107149,0]},"properties":{"event_id":3131,"data_org":"Green","event_date":"2026-05-28T00:00:00.000Z","post_date":"2026-05-28T00:00:00.000Z","pub_date":"2026-05-28T00:00:00.000Z","actor":"Hezbollah","claimed":"TRUE","event_type":"Rocket Attack","city":"Yohmor","province":"","country":"Lebanon","latitude":33.31107149,"longitude":35.5193695,"coord_type":"general town","source_1":"https://t.me/mmirleb/16786","source_2":"","sources":""}},{"type":"Feature","geometry":{"type":"Point","coordinates":[35.54523,33.25438,0]},"properties":{"event_id":3133,"data_org":"Green","event_date":"2026-05-28T00:00:00.000Z","post_date":"2026-05-28T00:00:00.000Z","pub_date":"2026-05-29T00:00:00.000Z","actor":"Hezbollah","claimed":"TRUE","event_type":"Drone Attack","city":"Oddaisseh","province":"","country":"Lebanon","latitude":33.25438,"longitude":35.54523,"coord_type":"general town","source_1":"https://t.me/mmirleb/16795","source_2":"","sources":""}},{"type":"Feature","geometry":{"type":"Point","coordinates":[35.54523,33.25438,0]},"properties":{"event_id":3134,"data_org":"Green","event_date":"2026-05-28T00:00:00.000Z","post_date":"2026-05-28T00:00:00.000Z","pub_date":"2026-05-29T00:00:00.000Z","actor":"Hezbollah","claimed":"TRUE","event_type":"Drone Attack","city":"Oddaisseh","province":"","country":"Lebanon","latitude":33.25438,"longitude":35.54523,"coord_type":"general town","source_1":"https://t.me/mmirleb/16796","source_2":"","sources":""}},{"type":"Feature","geometry":{"type":"Point","coordinates":[35.5357136,33.460191079999994,0]},"properties":{"event_id":3135,"data_org":"Green","event_date":"2026-05-28T00:00:00.000Z","post_date":"2026-05-28T00:00:00.000Z","pub_date":"2026-05-29T00:00:00.000Z","actor":"Hezbollah","claimed":"TRUE","event_type":"Drone Attack","city":"al Lwaiza","province":"","country":"Lebanon","latitude":33.46019108,"longitude":35.5357136,"coord_type":"general town","source_1":"https://t.me/mmirleb/16797","source_2":"","sources":""}},{"type":"Feature","geometry":{"type":"Point","coordinates":[35.4723748,33.320081,0]},"properties":{"event_id":3136,"data_org":"Green","event_date":"2026-05-28T00:00:00.000Z","post_date":"2026-05-28T00:00:00.000Z","pub_date":"2026-05-29T00:00:00.000Z","actor":"Hezbollah","claimed":"TRUE","event_type":"Rocket Attack","city":"Zawtar El Charqiyeh","province":"","country":"Lebanon","latitude":33.320081,"longitude":35.4723748,"coord_type":"general town","source_1":"https://t.me/mmirleb/16801","source_2":"","sources":""}},{"type":"Feature","geometry":{"type":"Point","coordinates":[35.4688709,33.268986500000004,0]},"properties":{"event_id":3137,"data_org":"Green","event_date":"2026-05-28T00:00:00.000Z","post_date":"2026-05-28T00:00:00.000Z","pub_date":"2026-05-29T00:00:00.000Z","actor":"Hezbollah","claimed":"TRUE","event_type":"Rocket Attack","city":"Qantara","province":"","country":"Lebanon","latitude":33.2689865,"longitude":35.4688709,"coord_type":"general town","source_1":"https://t.me/mmirleb/16803","source_2":"","sources":""}},{"type":"Feature","geometry":{"type":"Point","coordinates":[35.3887201,33.16492579,0]},"properties":{"event_id":3138,"data_org":"Green","event_date":"2026-05-28T00:00:00.000Z","post_date":"2026-05-29T00:00:00.000Z","pub_date":"2026-05-29T00:00:00.000Z","actor":"Hezbollah","claimed":"TRUE","event_type":"IED attack","city":"Haddatha","province":"","country":"Lebanon","latitude":33.16492579,"longitude":35.3887201,"coord_type":"general town","source_1":"https://t.me/mmirleb/16807","source_2":"","sources":""}},{"type":"Feature","geometry":{"type":"Point","coordinates":[35.39263230000001,33.16433649,0]},"properties":{"event_id":3139,"data_org":"Green","event_date":"2026-05-29T00:00:00.000Z","post_date":"2026-05-29T00:00:00.000Z","pub_date":"2026-05-29T00:00:00.000Z","actor":"Hezbollah","claimed":"TRUE","event_type":"Mortar Fire","city":"Haddatha","province":"","country":"Lebanon","latitude":33.16433649,"longitude":35.3926323,"coord_type":"exact","source_1":"https://t.me/mmirleb/16808","source_2":"","sources":""}},{"type":"Feature","geometry":{"type":"Point","coordinates":[35.5193695,33.31107149,0]},"properties":{"event_id":3140,"data_org":"Green","event_date":"2026-05-29T00:00:00.000Z","post_date":"2026-05-29T00:00:00.000Z","pub_date":"2026-05-29T00:00:00.000Z","actor":"Hezbollah","claimed":"TRUE","event_type":"ATGM","city":"Yohmor","province":"","country":"Lebanon","latitude":33.31107149,"longitude":35.5193695,"coord_type":"general town","source_1":"https://t.me/mmirleb/16812","source_2":"","sources":""}},{"type":"Feature","geometry":{"type":"Point","coordinates":[35.5193695,33.31107149,0]},"properties":{"event_id":3154,"data_org":"Green","event_date":"2026-05-29T00:00:00.000Z","post_date":"2026-05-29T00:00:00.000Z","pub_date":"2026-05-29T00:00:00.000Z","actor":"Hezbollah","claimed":"TRUE","event_type":"IED attack","city":"Yohmor","province":"","country":"Lebanon","latitude":33.31107149,"longitude":35.5193695,"coord_type":"general town","source_1":"https://t.me/mmirleb/16821","source_2":"","sources":""}},{"type":"Feature","geometry":{"type":"Point","coordinates":[35.5193695,33.31107149,0]},"properties":{"event_id":3155,"data_org":"Green","event_date":"2026-05-29T00:00:00.000Z","post_date":"2026-05-29T00:00:00.000Z","pub_date":"2026-05-29T00:00:00.000Z","actor":"Hezbollah","claimed":"TRUE","event_type":"Drone Attack","city":"Yohmor","province":"","country":"Lebanon","latitude":33.31107149,"longitude":35.5193695,"coord_type":"general town","source_1":"https://t.me/mmirleb/16822","source_2":"","sources":""}},{"type":"Feature","geometry":{"type":"Point","coordinates":[35.5193695,33.31107149,0]},"properties":{"event_id":3156,"data_org":"Green","event_date":"2026-05-29T00:00:00.000Z","post_date":"2026-05-29T00:00:00.000Z","pub_date":"2026-05-29T00:00:00.000Z","actor":"Hezbollah","claimed":"TRUE","event_type":"ATGM","city":"Yohmor","province":"","country":"Lebanon","latitude":33.31107149,"longitude":35.5193695,"coord_type":"general town","source_1":"https://t.me/mmirleb/16826","source_2":"","sources":""}},{"type":"Feature","geometry":{"type":"Point","coordinates":[35.5956484,33.37010253,0]},"properties":{"event_id":3157,"data_org":"Green","event_date":"2026-05-29T00:00:00.000Z","post_date":"2026-05-29T00:00:00.000Z","pub_date":"2026-05-29T00:00:00.000Z","actor":"Hezbollah","claimed":"TRUE","event_type":"ATGM","city":"Dibbine","province":"","country":"Lebanon","latitude":33.37010253,"longitude":35.5956484,"coord_type":"general town","source_1":"https://t.me/mmirleb/16827","source_2":"","sources":""}},{"type":"Feature","geometry":{"type":"Point","coordinates":[35.5193695,33.31107149,0]},"properties":{"event_id":3161,"data_org":"Green","event_date":"2026-05-29T00:00:00.000Z","post_date":"2026-05-29T00:00:00.000Z","pub_date":"2026-05-30T00:00:00.000Z","actor":"Hezbollah","claimed":"TRUE","event_type":"Rocket Attack","city":"Yohmor","province":"","country":"Lebanon","latitude":33.31107149,"longitude":35.5193695,"coord_type":"general town","source_1":"https://t.me/mmirleb/16829","source_2":"","sources":""}},{"type":"Feature","geometry":{"type":"Point","coordinates":[35.5193695,33.31107149,0]},"properties":{"event_id":3162,"data_org":"Green","event_date":"2026-05-29T00:00:00.000Z","post_date":"2026-05-29T00:00:00.000Z","pub_date":"2026-05-30T00:00:00.000Z","actor":"Hezbollah","claimed":"TRUE","event_type":"Drone Attack","city":"Yohmor","province":"","country":"Lebanon","latitude":33.31107149,"longitude":35.5193695,"coord_type":"general town","source_1":"https://t.me/mmirleb/16830","source_2":"","sources":""}},{"type":"Feature","geometry":{"type":"Point","coordinates":[35.4723748,33.320081,0]},"properties":{"event_id":3163,"data_org":"Green","event_date":"2026-05-29T00:00:00.000Z","post_date":"2026-05-29T00:00:00.000Z","pub_date":"2026-05-30T00:00:00.000Z","actor":"Hezbollah","claimed":"TRUE","event_type":"Rocket Attack","city":"Zawtar El Charqiyeh","province":"","country":"Lebanon","latitude":33.320081,"longitude":35.4723748,"coord_type":"general town","source_1":"https://t.me/mmirleb/16831","source_2":"","sources":""}},{"type":"Feature","geometry":{"type":"Point","coordinates":[35.5682222,33.52606034000001,0]},"properties":{"event_id":3164,"data_org":"Green","event_date":"2026-05-29T00:00:00.000Z","post_date":"2026-05-29T00:00:00.000Z","pub_date":"2026-05-30T00:00:00.000Z","actor":"Hezbollah","claimed":"TRUE","event_type":"Drone Attack","city":"Biyyadah","province":"","country":"Lebanon","latitude":33.52606034,"longitude":35.5682222,"coord_type":"general town","source_1":"https://t.me/mmirleb/16836","source_2":"","sources":""}},{"type":"Feature","geometry":{"type":"Point","coordinates":[35.139794,33.118888569999996,0]},"properties":{"event_id":3165,"data_org":"Green","event_date":"2026-05-29T00:00:00.000Z","post_date":"2026-05-29T00:00:00.000Z","pub_date":"2026-05-30T00:00:00.000Z","actor":"Hezbollah","claimed":"TRUE","event_type":"Drone Attack","city":"Naqoura","province":"","country":"Lebanon","latitude":33.11888857,"longitude":35.139794,"coord_type":"general town","source_1":"https://t.me/mmirleb/16837","source_2":"","sources":""}},{"type":"Feature","geometry":{"type":"Point","coordinates":[35.139794,33.118888569999996,0]},"properties":{"event_id":3166,"data_org":"Green","event_date":"2026-05-29T00:00:00.000Z","post_date":"2026-05-29T00:00:00.000Z","pub_date":"2026-05-30T00:00:00.000Z","actor":"Hezbollah","claimed":"TRUE","event_type":"Drone Attack","city":"Naqoura","province":"","country":"Lebanon","latitude":33.11888857,"longitude":35.139794,"coord_type":"general town","source_1":"https://t.me/mmirleb/16838","source_2":"","sources":""}},{"type":"Feature","geometry":{"type":"Point","coordinates":[35.3630018,33.14235566000001,0]},"properties":{"event_id":3167,"data_org":"Green","event_date":"2026-05-29T00:00:00.000Z","post_date":"2026-05-29T00:00:00.000Z","pub_date":"2026-05-30T00:00:00.000Z","actor":"Hezbollah","claimed":"TRUE","event_type":"Rocket Attack","city":"Rchaf","province":"","country":"Lebanon","latitude":33.14235566,"longitude":35.3630018,"coord_type":"general town","source_1":"https://t.me/mmirleb/16839","source_2":"","sources":""}},{"type":"Feature","geometry":{"type":"Point","coordinates":[35.5682222,33.52606034000001,0]},"properties":{"event_id":3168,"data_org":"Green","event_date":"2026-05-29T00:00:00.000Z","post_date":"2026-05-29T00:00:00.000Z","pub_date":"2026-05-30T00:00:00.000Z","actor":"Hezbollah","claimed":"TRUE","event_type":"Rocket Attack","city":"Biyyadah","province":"","country":"Lebanon","latitude":33.52606034,"longitude":35.5682222,"coord_type":"general town","source_1":"https://t.me/mmirleb/16840","source_2":"","sources":""}},{"type":"Feature","geometry":{"type":"Point","coordinates":[35.4355617,33.27121796999999,0]},"properties":{"event_id":3170,"data_org":"Green","event_date":"2026-05-30T00:00:00.000Z","post_date":"2026-05-30T00:00:00.000Z","pub_date":"2026-05-30T00:00:00.000Z","actor":"Hezbollah","claimed":"TRUE","event_type":"IEDs, Rockets, Mortars","city":"Ghandouriyeh","province":"","country":"Lebanon","latitude":33.27121797,"longitude":35.4355617,"coord_type":"general town","source_1":"https://t.me/mmirleb/16845","source_2":"","sources":""}},{"type":"Feature","geometry":{"type":"Point","coordinates":[35.3324758,33.13393388,0]},"properties":{"event_id":3172,"data_org":"Green","event_date":"2026-05-30T00:00:00.000Z","post_date":"2026-05-30T00:00:00.000Z","pub_date":"2026-05-30T00:00:00.000Z","actor":"Hezbollah","claimed":"TRUE","event_type":"Rocket Attack","city":"Beit Lif","province":"","country":"Lebanon","latitude":33.13393388,"longitude":35.3324758,"coord_type":"general town","source_1":"https://t.me/mmirleb/16855","source_2":"","sources":""}},{"type":"Feature","geometry":{"type":"Point","coordinates":[35.4355617,33.27121796999999,0]},"properties":{"event_id":3173,"data_org":"Green","event_date":"2026-05-30T00:00:00.000Z","post_date":"2026-05-30T00:00:00.000Z","pub_date":"2026-05-30T00:00:00.000Z","actor":"Hezbollah","claimed":"TRUE","event_type":"Mortar Fire","city":"Ghandouriyeh","province":"","country":"Lebanon","latitude":33.27121797,"longitude":35.4355617,"coord_type":"general town","source_1":"https://t.me/mmirleb/16856","source_2":"","sources":""}},{"type":"Feature","geometry":{"type":"Point","coordinates":[35.4355617,33.27121796999999,0]},"properties":{"event_id":3174,"data_org":"Green","event_date":"2026-05-30T00:00:00.000Z","post_date":"2026-05-30T00:00:00.000Z","pub_date":"2026-05-30T00:00:00.000Z","actor":"Hezbollah","claimed":"TRUE","event_type":"Rocket Attack","city":"Ghandouriyeh","province":"","country":"Lebanon","latitude":33.27121797,"longitude":35.4355617,"coord_type":"general town","source_1":"https://t.me/mmirleb/16857","source_2":"","sources":""}},{"type":"Feature","geometry":{"type":"Point","coordinates":[35.4723748,33.320081,0]},"properties":{"event_id":3175,"data_org":"Green","event_date":"2026-05-30T00:00:00.000Z","post_date":"2026-05-30T00:00:00.000Z","pub_date":"2026-05-30T00:00:00.000Z","actor":"Hezbollah","claimed":"TRUE","event_type":"ATGM","city":"Zawtar El Charqiyeh","province":"","country":"Lebanon","latitude":33.320081,"longitude":35.4723748,"coord_type":"general town","source_1":"https://t.me/mmirleb/16860","source_2":"","sources":""}},{"type":"Feature","geometry":{"type":"Point","coordinates":[35.5956484,33.37010253,0]},"properties":{"event_id":3176,"data_org":"Green","event_date":"2026-05-30T00:00:00.000Z","post_date":"2026-05-30T00:00:00.000Z","pub_date":"2026-05-30T00:00:00.000Z","actor":"Hezbollah","claimed":"TRUE","event_type":"IED and small arms","city":"Dibbine","province":"","country":"Lebanon","latitude":33.37010253,"longitude":35.5956484,"coord_type":"general town","source_1":"https://t.me/mmirleb/16861","source_2":"","sources":""}},{"type":"Feature","geometry":{"type":"Point","coordinates":[35.53219,33.324229429999995,0]},"properties":{"event_id":3178,"data_org":"Green","event_date":"2026-05-30T00:00:00.000Z","post_date":"2026-05-30T00:00:00.000Z","pub_date":"2026-05-30T00:00:00.000Z","actor":"Hezbollah","claimed":"TRUE","event_type":"Drone Attack","city":"Yohmor (Beaufort Castle)","province":"","country":"Lebanon","latitude":33.32422943,"longitude":35.53219,"coord_type":"general neighborhood","source_1":"https://t.me/mmirleb/16862","source_2":"https://t.me/mmirleb/16966","sources":""}},{"type":"Feature","geometry":{"type":"Point","coordinates":[35.5193695,33.31107149,0]},"properties":{"event_id":3179,"data_org":"Green","event_date":"2026-05-30T00:00:00.000Z","post_date":"2026-05-30T00:00:00.000Z","pub_date":"2026-05-30T00:00:00.000Z","actor":"Hezbollah","claimed":"TRUE","event_type":"Drone Attack","city":"Yohmor","province":"","country":"Lebanon","latitude":33.31107149,"longitude":35.5193695,"coord_type":"general town","source_1":"https://t.me/mmirleb/16863","source_2":"","sources":""}},{"type":"Feature","geometry":{"type":"Point","coordinates":[35.139794,33.118888999999996,0]},"properties":{"event_id":3180,"data_org":"Green","event_date":"2026-05-30T00:00:00.000Z","post_date":"2026-05-30T00:00:00.000Z","pub_date":"2026-05-30T00:00:00.000Z","actor":"Hezbollah","claimed":"TRUE","event_type":"Drone Attack","city":"Naqoura","province":"","country":"Lebanon","latitude":33.118889,"longitude":35.139794,"coord_type":"general town","source_1":"https://t.me/mmirleb/16868","source_2":"","sources":""}},{"type":"Feature","geometry":{"type":"Point","coordinates":[35.4723748,33.320081,0]},"properties":{"event_id":3188,"data_org":"Green","event_date":"2026-05-30T00:00:00.000Z","post_date":"2026-05-30T00:00:00.000Z","pub_date":"2026-05-31T00:00:00.000Z","actor":"Hezbollah","claimed":"TRUE","event_type":"Direct Fire (various arms)","city":"Zawtar El Charqiyeh","province":"","country":"Lebanon","latitude":33.320081,"longitude":35.4723748,"coord_type":"general town","source_1":"https://t.me/mmirleb/16873","source_2":"","sources":""}},{"type":"Feature","geometry":{"type":"Point","coordinates":[35.5193695,33.31107149,0]},"properties":{"event_id":3189,"data_org":"Green","event_date":"2026-05-30T00:00:00.000Z","post_date":"2026-05-30T00:00:00.000Z","pub_date":"2026-05-31T00:00:00.000Z","actor":"Hezbollah","claimed":"TRUE","event_type":"Direct Fire (various arms)","city":"Yohmor","province":"","country":"Lebanon","latitude":33.31107149,"longitude":35.5193695,"coord_type":"general town","source_1":"https://t.me/mmirleb/16873","source_2":"","sources":""}},{"type":"Feature","geometry":{"type":"Point","coordinates":[35.5956484,33.37010253,0]},"properties":{"event_id":3190,"data_org":"Green","event_date":"2026-05-30T00:00:00.000Z","post_date":"2026-05-30T00:00:00.000Z","pub_date":"2026-05-31T00:00:00.000Z","actor":"Hezbollah","claimed":"TRUE","event_type":"Direct Fire (various arms)","city":"Dibbine","province":"","country":"Lebanon","latitude":33.37010253,"longitude":35.5956484,"coord_type":"general town","source_1":"https://t.me/mmirleb/16873","source_2":"","sources":""}},{"type":"Feature","geometry":{"type":"Point","coordinates":[35.4723748,33.320081,0]},"properties":{"event_id":3191,"data_org":"Green","event_date":"2026-05-30T00:00:00.000Z","post_date":"2026-05-30T00:00:00.000Z","pub_date":"2026-05-31T00:00:00.000Z","actor":"Hezbollah","claimed":"TRUE","event_type":"Drone Attack","city":"Zawtar El Charqiyeh","province":"","country":"Lebanon","latitude":33.320081,"longitude":35.4723748,"coord_type":"general town","source_1":"https://t.me/mmirleb/16874","source_2":"https://t.me/mmirleb/17344","sources":""}},{"type":"Feature","geometry":{"type":"Point","coordinates":[35.5956484,33.37010253,0]},"properties":{"event_id":3192,"data_org":"Green","event_date":"2026-05-30T00:00:00.000Z","post_date":"2026-05-30T00:00:00.000Z","pub_date":"2026-05-31T00:00:00.000Z","actor":"Hezbollah","claimed":"TRUE","event_type":"Rocket Attack","city":"Dibbine","province":"","country":"Lebanon","latitude":33.37010253,"longitude":35.5956484,"coord_type":"general town","source_1":"https://t.me/mmirleb/16877","source_2":"","sources":""}},{"type":"Feature","geometry":{"type":"Point","coordinates":[35.5956484,33.37010253,0]},"properties":{"event_id":3193,"data_org":"Green","event_date":"2026-05-30T00:00:00.000Z","post_date":"2026-05-30T00:00:00.000Z","pub_date":"2026-05-31T00:00:00.000Z","actor":"Hezbollah","claimed":"TRUE","event_type":"Mortar Fire","city":"Dibbine","province":"","country":"Lebanon","latitude":33.37010253,"longitude":35.5956484,"coord_type":"general town","source_1":"https://t.me/mmirleb/16877","source_2":"","sources":""}},{"type":"Feature","geometry":{"type":"Point","coordinates":[35.5193695,33.31107149,0]},"properties":{"event_id":3194,"data_org":"Green","event_date":"2026-05-30T00:00:00.000Z","post_date":"2026-05-30T00:00:00.000Z","pub_date":"2026-05-31T00:00:00.000Z","actor":"Hezbollah","claimed":"TRUE","event_type":"Rocket Attack","city":"Yohmor","province":"","country":"Lebanon","latitude":33.31107149,"longitude":35.5193695,"coord_type":"general town","source_1":"https://t.me/mmirleb/16878","source_2":"","sources":""}},{"type":"Feature","geometry":{"type":"Point","coordinates":[35.5682222,33.52606034000001,0]},"properties":{"event_id":3195,"data_org":"Green","event_date":"2026-05-30T00:00:00.000Z","post_date":"2026-05-30T00:00:00.000Z","pub_date":"2026-05-31T00:00:00.000Z","actor":"Hezbollah","claimed":"TRUE","event_type":"Anti-Tank Fire","city":"Biyyadah","province":"","country":"Lebanon","latitude":33.52606034,"longitude":35.5682222,"coord_type":"general town","source_1":"https://t.me/mmirleb/16880","source_2":"","sources":""}},{"type":"Feature","geometry":{"type":"Point","coordinates":[35.5682222,33.52606034000001,0]},"properties":{"event_id":3196,"data_org":"Green","event_date":"2026-05-30T00:00:00.000Z","post_date":"2026-05-30T00:00:00.000Z","pub_date":"2026-05-31T00:00:00.000Z","actor":"Hezbollah","claimed":"TRUE","event_type":"Rocket Attack","city":"Biyyadah","province":"","country":"Lebanon","latitude":33.52606034,"longitude":35.5682222,"coord_type":"general town","source_1":"https://t.me/mmirleb/16881","source_2":"","sources":""}},{"type":"Feature","geometry":{"type":"Point","coordinates":[35.5682222,33.52606034000001,0]},"properties":{"event_id":3197,"data_org":"Green","event_date":"2026-05-30T00:00:00.000Z","post_date":"2026-05-31T00:00:00.000Z","pub_date":"2026-05-31T00:00:00.000Z","actor":"Hezbollah","claimed":"TRUE","event_type":"Rocket Attack","city":"Biyyadah","province":"","country":"Lebanon","latitude":33.52606034,"longitude":35.5682222,"coord_type":"general town","source_1":"https://t.me/mmirleb/16882","source_2":"","sources":""}},{"type":"Feature","geometry":{"type":"Point","coordinates":[35.5193695,33.31107149,0]},"properties":{"event_id":3198,"data_org":"Green","event_date":"2026-05-31T00:00:00.000Z","post_date":"2026-05-31T00:00:00.000Z","pub_date":"2026-05-31T00:00:00.000Z","actor":"Hezbollah","claimed":"TRUE","event_type":"Drone Attack","city":"Yohmor","province":"","country":"Lebanon","latitude":33.31107149,"longitude":35.5193695,"coord_type":"general town","source_1":"https://t.me/mmirleb/16887","source_2":"","sources":""}},{"type":"Feature","geometry":{"type":"Point","coordinates":[35.5021971,33.29136827,0]},"properties":{"event_id":3199,"data_org":"Green","event_date":"2026-05-26T00:00:00.000Z","post_date":"2026-05-31T00:00:00.000Z","pub_date":"2026-05-31T00:00:00.000Z","actor":"Hezbollah","claimed":"TRUE","event_type":"Rocket Attack","city":"Khalla al Raj (Deir Seryan)","province":"","country":"Lebanon","latitude":33.29136827,"longitude":35.5021971,"coord_type":"general town","source_1":"https://t.me/mmirleb/16889","source_2":"","sources":""}},{"type":"Feature","geometry":{"type":"Point","coordinates":[35.5021971,33.29136827,0]},"properties":{"event_id":3200,"data_org":"Green","event_date":"2026-05-26T00:00:00.000Z","post_date":"2026-05-31T00:00:00.000Z","pub_date":"2026-05-31T00:00:00.000Z","actor":"Hezbollah","claimed":"TRUE","event_type":"Mortar Fire","city":"Khalla al Raj (Deir Seryan)","province":"","country":"Lebanon","latitude":33.29136827,"longitude":35.5021971,"coord_type":"general town","source_1":"https://t.me/mmirleb/16889","source_2":"","sources":""}},{"type":"Feature","geometry":{"type":"Point","coordinates":[35.54523,33.25438,0]},"properties":{"event_id":3201,"data_org":"Green","event_date":"2026-05-31T00:00:00.000Z","post_date":"2026-05-31T00:00:00.000Z","pub_date":"2026-05-31T00:00:00.000Z","actor":"Hezbollah","claimed":"TRUE","event_type":"Rocket Attack","city":"Oddaisseh","province":"","country":"Lebanon","latitude":33.25438,"longitude":35.54523,"coord_type":"general town","source_1":"https://t.me/mmirleb/16894","source_2":"","sources":""}},{"type":"Feature","geometry":{"type":"Point","coordinates":[35.3687,33.119749999999996,0]},"properties":{"event_id":3254,"data_org":"Green","event_date":"2026-05-31T00:00:00.000Z","post_date":"2026-05-31T00:00:00.000Z","pub_date":"2026-05-31T00:00:00.000Z","actor":"Hezbollah","claimed":"TRUE","event_type":"Drone Attack","city":"Debl","province":"","country":"Lebanon","latitude":33.11975,"longitude":35.3687,"coord_type":"general town","source_1":"https://t.me/mmirleb/16898","source_2":"https://x.com/franfran2424/status/2062077763205451914?s=20","sources":"https://x.com/AMK_Mapping_/status/2061817564230283715?s=20"}},{"type":"Feature","geometry":{"type":"Point","coordinates":[35.3687,33.119749999999996,0]},"properties":{"event_id":3255,"data_org":"Green","event_date":"2026-05-31T00:00:00.000Z","post_date":"2026-05-31T00:00:00.000Z","pub_date":"2026-05-31T00:00:00.000Z","actor":"Hezbollah","claimed":"TRUE","event_type":"Drone Attack","city":"Debl","province":"","country":"Lebanon","latitude":33.11975,"longitude":35.3687,"coord_type":"general town","source_1":"https://t.me/mmirleb/16899","source_2":"https://t.me/mmirleb/16990","sources":"https://x.com/franfran2424/status/2062077763205451914?s=20, https://x.com/AMK_Mapping_/status/2061817564230283715?s=20"}},{"type":"Feature","geometry":{"type":"Point","coordinates":[35.3443979,33.11780317,0]},"properties":{"event_id":3256,"data_org":"Green","event_date":"2026-05-31T00:00:00.000Z","post_date":"2026-05-31T00:00:00.000Z","pub_date":"2026-05-31T00:00:00.000Z","actor":"Hezbollah","claimed":"TRUE","event_type":"Rocket Attack","city":"Qouzah","province":"","country":"Lebanon","latitude":33.11780317,"longitude":35.3443979,"coord_type":"general town","source_1":"https://t.me/mmirleb/16900","source_2":"https://t.me/mmirleb/16990","sources":""}},{"type":"Feature","geometry":{"type":"Point","coordinates":[35.53219,33.324229429999995,0]},"properties":{"event_id":3257,"data_org":"Green","event_date":"2026-05-31T00:00:00.000Z","post_date":"2026-05-31T00:00:00.000Z","pub_date":"2026-05-31T00:00:00.000Z","actor":"Hezbollah","claimed":"TRUE","event_type":"Drone Attack","city":"Beaufort Castle","province":"","country":"Lebanon","latitude":33.32422943,"longitude":35.53219,"coord_type":"general neighborhood","source_1":"https://t.me/mmirleb/16901","source_2":"","sources":""}},{"type":"Feature","geometry":{"type":"Point","coordinates":[35.53219,33.324229429999995,0]},"properties":{"event_id":3258,"data_org":"Green","event_date":"2026-05-31T00:00:00.000Z","post_date":"2026-05-31T00:00:00.000Z","pub_date":"2026-05-31T00:00:00.000Z","actor":"Hezbollah","claimed":"TRUE","event_type":"Drone Attack","city":"Beaufort Castle","province":"","country":"Lebanon","latitude":33.32422943,"longitude":35.53219,"coord_type":"general neighborhood","source_1":"https://t.me/mmirleb/16902","source_2":"https://t.me/mmirleb/16942","sources":""}},{"type":"Feature","geometry":{"type":"Point","coordinates":[35.53219,33.324229429999995,0]},"properties":{"event_id":3259,"data_org":"Green","event_date":"2026-05-31T00:00:00.000Z","post_date":"2026-05-31T00:00:00.000Z","pub_date":"2026-05-31T00:00:00.000Z","actor":"Hezbollah","claimed":"TRUE","event_type":"Drone Attack","city":"Beaufort Castle","province":"","country":"Lebanon","latitude":33.32422943,"longitude":35.53219,"coord_type":"general neighborhood","source_1":"https://t.me/mmirleb/16903","source_2":"https://t.me/mmirleb/16929","sources":""}},{"type":"Feature","geometry":{"type":"Point","coordinates":[35.53219,33.324229429999995,0]},"properties":{"event_id":3260,"data_org":"Green","event_date":"2026-05-31T00:00:00.000Z","post_date":"2026-05-31T00:00:00.000Z","pub_date":"2026-05-31T00:00:00.000Z","actor":"Hezbollah","claimed":"TRUE","event_type":"Drone Attack","city":"Beaufort Castle","province":"","country":"Lebanon","latitude":33.32422943,"longitude":35.53219,"coord_type":"general neighborhood","source_1":"https://t.me/mmirleb/16904","source_2":"https://t.me/mmirleb/16942","sources":""}},{"type":"Feature","geometry":{"type":"Point","coordinates":[35.53219,33.324229429999995,0]},"properties":{"event_id":3261,"data_org":"Green","event_date":"2026-05-31T00:00:00.000Z","post_date":"2026-05-31T00:00:00.000Z","pub_date":"2026-05-31T00:00:00.000Z","actor":"Hezbollah","claimed":"TRUE","event_type":"Drone Attack","city":"Beaufort Castle","province":"","country":"Lebanon","latitude":33.32422943,"longitude":35.53219,"coord_type":"general neighborhood","source_1":"https://t.me/mmirleb/16905","source_2":"","sources":""}},{"type":"Feature","geometry":{"type":"Point","coordinates":[35.5956484,33.37010253,0]},"properties":{"event_id":3262,"data_org":"Green","event_date":"2026-05-31T00:00:00.000Z","post_date":"2026-05-31T00:00:00.000Z","pub_date":"2026-05-31T00:00:00.000Z","actor":"Hezbollah","claimed":"TRUE","event_type":"Anti-Tank Fire","city":"Dibbine","province":"","country":"Lebanon","latitude":33.37010253,"longitude":35.5956484,"coord_type":"general town","source_1":"https://t.me/mmirleb/16906","source_2":"","sources":""}},{"type":"Feature","geometry":{"type":"Point","coordinates":[35.445046,33.107287239999984,0]},"properties":{"event_id":3269,"data_org":"Green","event_date":"2026-05-31T00:00:00.000Z","post_date":"2026-05-31T00:00:00.000Z","pub_date":"2026-06-01T00:00:00.000Z","actor":"Hezbollah","claimed":"TRUE","event_type":"Drone Attack","city":"Maroun al Ras","province":"","country":"Lebanon","latitude":33.10728724,"longitude":35.445046,"coord_type":"general town","source_1":"https://t.me/mmirleb/16912","source_2":"","sources":""}},{"type":"Feature","geometry":{"type":"Point","coordinates":[35.5193695,33.31107149,0]},"properties":{"event_id":3271,"data_org":"Green","event_date":"2026-05-31T00:00:00.000Z","post_date":"2026-05-31T00:00:00.000Z","pub_date":"2026-06-01T00:00:00.000Z","actor":"Hezbollah","claimed":"TRUE","event_type":"Rocket Attack","city":"Yohmor","province":"","country":"Lebanon","latitude":33.31107149,"longitude":35.5193695,"coord_type":"general town","source_1":"https://t.me/mmirleb/16915","source_2":"","sources":""}},{"type":"Feature","geometry":{"type":"Point","coordinates":[35.5193695,33.31107149,0]},"properties":{"event_id":3272,"data_org":"Green","event_date":"2026-05-31T00:00:00.000Z","post_date":"2026-05-31T00:00:00.000Z","pub_date":"2026-06-01T00:00:00.000Z","actor":"Hezbollah","claimed":"TRUE","event_type":"Mortar Fire","city":"Yohmor","province":"","country":"Lebanon","latitude":33.31107149,"longitude":35.5193695,"coord_type":"general town","source_1":"https://t.me/mmirleb/16915","source_2":"","sources":""}},{"type":"Feature","geometry":{"type":"Point","coordinates":[35.5186224,33.27658543,0]},"properties":{"event_id":3274,"data_org":"Green","event_date":"2026-05-31T00:00:00.000Z","post_date":"2026-06-01T00:00:00.000Z","pub_date":"2026-06-01T00:00:00.000Z","actor":"Hezbollah","claimed":"TRUE","event_type":"Rocket Attack","city":"Taybeh","province":"","country":"Lebanon","latitude":33.27658543,"longitude":35.5186224,"coord_type":"general town","source_1":"https://t.me/mmirleb/16924","source_2":"","sources":""}},{"type":"Feature","geometry":{"type":"Point","coordinates":[35.5956484,33.37010253,0]},"properties":{"event_id":3275,"data_org":"Green","event_date":"2026-05-31T00:00:00.000Z","post_date":"2026-06-01T00:00:00.000Z","pub_date":"2026-06-01T00:00:00.000Z","actor":"Hezbollah","claimed":"TRUE","event_type":"Drone Attack","city":"Dibbine","province":"","country":"Lebanon","latitude":33.37010253,"longitude":35.5956484,"coord_type":"general town","source_1":"https://t.me/mmirleb/16925","source_2":"","sources":""}},{"type":"Feature","geometry":{"type":"Point","coordinates":[35.5956484,33.37010253,0]},"properties":{"event_id":3276,"data_org":"Green","event_date":"2026-05-31T00:00:00.000Z","post_date":"2026-06-01T00:00:00.000Z","pub_date":"2026-06-01T00:00:00.000Z","actor":"Hezbollah","claimed":"TRUE","event_type":"Anti-Tank Fire","city":"Dibbine","province":"","country":"Lebanon","latitude":33.37010253,"longitude":35.5956484,"coord_type":"general town","source_1":"https://t.me/mmirleb/16933","source_2":"","sources":""}},{"type":"Feature","geometry":{"type":"Point","coordinates":[35.4688709,33.268986500000004,0]},"properties":{"event_id":3277,"data_org":"Green","event_date":"2026-06-01T00:00:00.000Z","post_date":"2026-06-01T00:00:00.000Z","pub_date":"2026-06-01T00:00:00.000Z","actor":"Hezbollah","claimed":"TRUE","event_type":"Drone Attack","city":"Qantara","province":"","country":"Lebanon","latitude":33.2689865,"longitude":35.4688709,"coord_type":"general town","source_1":"https://t.me/mmirleb/16934","source_2":"","sources":""}},{"type":"Feature","geometry":{"type":"Point","coordinates":[35.53219,33.324229429999995,0]},"properties":{"event_id":3278,"data_org":"Green","event_date":"2026-06-01T00:00:00.000Z","post_date":"2026-06-01T00:00:00.000Z","pub_date":"2026-06-01T00:00:00.000Z","actor":"Hezbollah","claimed":"TRUE","event_type":"Rocket Attack","city":"Beaufort Castle","province":"","country":"Lebanon","latitude":33.32422943,"longitude":35.53219,"coord_type":"general neighborhood","source_1":"https://t.me/mmirleb/16936","source_2":"","sources":""}},{"type":"Feature","geometry":{"type":"Point","coordinates":[35.5956484,33.37010253,0]},"properties":{"event_id":3279,"data_org":"Green","event_date":"2026-06-01T00:00:00.000Z","post_date":"2026-06-01T00:00:00.000Z","pub_date":"2026-06-01T00:00:00.000Z","actor":"Hezbollah","claimed":"TRUE","event_type":"Rocket Attack","city":"Dibbine","province":"","country":"Lebanon","latitude":33.37010253,"longitude":35.5956484,"coord_type":"general town","source_1":"https://t.me/mmirleb/16937","source_2":"","sources":""}},{"type":"Feature","geometry":{"type":"Point","coordinates":[35.4688709,33.268986500000004,0]},"properties":{"event_id":3280,"data_org":"Green","event_date":"2026-06-01T00:00:00.000Z","post_date":"2026-06-01T00:00:00.000Z","pub_date":"2026-06-01T00:00:00.000Z","actor":"Hezbollah","claimed":"TRUE","event_type":"Rocket Attack","city":"Qantara","province":"","country":"Lebanon","latitude":33.2689865,"longitude":35.4688709,"coord_type":"general town","source_1":"https://t.me/mmirleb/16938","source_2":"","sources":""}},{"type":"Feature","geometry":{"type":"Point","coordinates":[35.53219,33.324229429999995,0]},"properties":{"event_id":3281,"data_org":"Green","event_date":"2026-06-01T00:00:00.000Z","post_date":"2026-06-01T00:00:00.000Z","pub_date":"2026-06-01T00:00:00.000Z","actor":"Hezbollah","claimed":"TRUE","event_type":"Rocket Attack","city":"Beaufort Castle","province":"","country":"Lebanon","latitude":33.32422943,"longitude":35.53219,"coord_type":"general neighborhood","source_1":"https://t.me/mmirleb/16939","source_2":"","sources":""}},{"type":"Feature","geometry":{"type":"Point","coordinates":[35.5956484,33.37010253,0]},"properties":{"event_id":3282,"data_org":"Green","event_date":"2026-05-31T00:00:00.000Z","post_date":"2026-06-01T00:00:00.000Z","pub_date":"2026-06-01T00:00:00.000Z","actor":"Hezbollah","claimed":"TRUE","event_type":"Anti-Tank Fire","city":"Dibbine","province":"","country":"Lebanon","latitude":33.37010253,"longitude":35.5956484,"coord_type":"general town","source_1":"https://t.me/mmirleb/16940","source_2":"","sources":""}},{"type":"Feature","geometry":{"type":"Point","coordinates":[35.53219,33.324229429999995,0]},"properties":{"event_id":3322,"data_org":"Green","event_date":"2026-06-01T00:00:00.000Z","post_date":"2026-06-01T00:00:00.000Z","pub_date":"2026-06-01T00:00:00.000Z","actor":"Hezbollah","claimed":"TRUE","event_type":"Rocket Attack","city":"Beaufort Castle","province":"","country":"Lebanon","latitude":33.32422943,"longitude":35.53219,"coord_type":"general neighborhood","source_1":"https://t.me/mmirleb/16946","source_2":"","sources":""}},{"type":"Feature","geometry":{"type":"Point","coordinates":[35.53219,33.324229429999995,0]},"properties":{"event_id":3323,"data_org":"Green","event_date":"2026-06-01T00:00:00.000Z","post_date":"2026-06-01T00:00:00.000Z","pub_date":"2026-06-01T00:00:00.000Z","actor":"Hezbollah","claimed":"TRUE","event_type":"Rocket Attack","city":"Beaufort Castle","province":"","country":"Lebanon","latitude":33.32422943,"longitude":35.53219,"coord_type":"general neighborhood","source_1":"https://t.me/mmirleb/16947","source_2":"","sources":""}},{"type":"Feature","geometry":{"type":"Point","coordinates":[35.5956484,33.37010253,0]},"properties":{"event_id":3324,"data_org":"Green","event_date":"2026-06-01T00:00:00.000Z","post_date":"2026-06-01T00:00:00.000Z","pub_date":"2026-06-01T00:00:00.000Z","actor":"Hezbollah","claimed":"TRUE","event_type":"Anti-Tank Fire","city":"Dibbine","province":"","country":"Lebanon","latitude":33.37010253,"longitude":35.5956484,"coord_type":"general town","source_1":"https://t.me/mmirleb/16948","source_2":"","sources":""}},{"type":"Feature","geometry":{"type":"Point","coordinates":[35.3443979,33.11780317,0]},"properties":{"event_id":3325,"data_org":"Green","event_date":"2026-06-01T00:00:00.000Z","post_date":"2026-06-01T00:00:00.000Z","pub_date":"2026-06-01T00:00:00.000Z","actor":"Hezbollah","claimed":"TRUE","event_type":"Rocket Attack","city":"Qouzah","province":"","country":"Lebanon","latitude":33.11780317,"longitude":35.3443979,"coord_type":"general town","source_1":"https://t.me/mmirleb/16949","source_2":"","sources":""}},{"type":"Feature","geometry":{"type":"Point","coordinates":[35.4688709,33.268986500000004,0]},"properties":{"event_id":3326,"data_org":"Green","event_date":"2026-06-01T00:00:00.000Z","post_date":"2026-06-01T00:00:00.000Z","pub_date":"2026-06-01T00:00:00.000Z","actor":"Hezbollah","claimed":"TRUE","event_type":"Drone Attack","city":"Qantara","province":"","country":"Lebanon","latitude":33.2689865,"longitude":35.4688709,"coord_type":"general town","source_1":"https://t.me/mmirleb/16951","source_2":"","sources":""}},{"type":"Feature","geometry":{"type":"Point","coordinates":[35.4688709,33.268986500000004,0]},"properties":{"event_id":3327,"data_org":"Green","event_date":"2026-06-01T00:00:00.000Z","post_date":"2026-06-01T00:00:00.000Z","pub_date":"2026-06-01T00:00:00.000Z","actor":"Hezbollah","claimed":"TRUE","event_type":"Anti-Tank Fire","city":"Qantara","province":"","country":"Lebanon","latitude":33.2689865,"longitude":35.4688709,"coord_type":"general town","source_1":"https://t.me/mmirleb/16955","source_2":"","sources":""}},{"type":"Feature","geometry":{"type":"Point","coordinates":[35.5193695,33.31107149,0]},"properties":{"event_id":3328,"data_org":"Green","event_date":"2026-06-01T00:00:00.000Z","post_date":"2026-06-01T00:00:00.000Z","pub_date":"2026-06-01T00:00:00.000Z","actor":"Hezbollah","claimed":"TRUE","event_type":"Mortar Fire","city":"Yohmor","province":"","country":"Lebanon","latitude":33.31107149,"longitude":35.5193695,"coord_type":"general town","source_1":"https://t.me/mmirleb/16960","source_2":"","sources":""}},{"type":"Feature","geometry":{"type":"Point","coordinates":[35.5193695,33.31107149,0]},"properties":{"event_id":3329,"data_org":"Green","event_date":"2026-06-01T00:00:00.000Z","post_date":"2026-06-01T00:00:00.000Z","pub_date":"2026-06-01T00:00:00.000Z","actor":"Hezbollah","claimed":"TRUE","event_type":"Rocket Attack","city":"Yohmor","province":"","country":"Lebanon","latitude":33.31107149,"longitude":35.5193695,"coord_type":"general town","source_1":"https://t.me/mmirleb/16961","source_2":"","sources":""}},{"type":"Feature","geometry":{"type":"Point","coordinates":[35.5193695,33.31107149,0]},"properties":{"event_id":3330,"data_org":"Green","event_date":"2026-06-01T00:00:00.000Z","post_date":"2026-06-01T00:00:00.000Z","pub_date":"2026-06-01T00:00:00.000Z","actor":"Hezbollah","claimed":"TRUE","event_type":"Drone Attack","city":"Yohmor","province":"","country":"Lebanon","latitude":33.31107149,"longitude":35.5193695,"coord_type":"general town","source_1":"https://t.me/mmirleb/16962","source_2":"","sources":""}},{"type":"Feature","geometry":{"type":"Point","coordinates":[35.54523,33.25438,0]},"properties":{"event_id":3344,"data_org":"Green","event_date":"2026-06-01T00:00:00.000Z","post_date":"2026-06-01T00:00:00.000Z","pub_date":"2026-06-02T00:00:00.000Z","actor":"Hezbollah","claimed":"TRUE","event_type":"Rocket Attack","city":"Oddaisseh","province":"","country":"Lebanon","latitude":33.25438,"longitude":35.54523,"coord_type":"general town","source_1":"https://t.me/mmirleb/16971","source_2":"https://t.me/mmirleb/17107","sources":"https://t.me/mmirleb/17218"}},{"type":"Feature","geometry":{"type":"Point","coordinates":[35.3887201,33.16492579,0]},"properties":{"event_id":3349,"data_org":"Green","event_date":"2026-06-01T00:00:00.000Z","post_date":"2026-06-01T00:00:00.000Z","pub_date":"2026-06-02T00:00:00.000Z","actor":"Hezbollah","claimed":"TRUE","event_type":"Combined attack","city":"Haddatha","province":"","country":"Lebanon","latitude":33.16492579,"longitude":35.3887201,"coord_type":"general town","source_1":"https://t.me/mmirleb/16974","source_2":"https://t.me/mmirleb/17320","sources":""}},{"type":"Feature","geometry":{"type":"Point","coordinates":[35.3887201,33.16492579,0]},"properties":{"event_id":3352,"data_org":"Green","event_date":"2026-06-01T00:00:00.000Z","post_date":"2026-06-01T00:00:00.000Z","pub_date":"2026-06-02T00:00:00.000Z","actor":"Hezbollah","claimed":"TRUE","event_type":"Drone Attack","city":"Haddatha","province":"","country":"Lebanon","latitude":33.16492579,"longitude":35.3887201,"coord_type":"general town","source_1":"https://t.me/mmirleb/16975","source_2":"","sources":""}},{"type":"Feature","geometry":{"type":"Point","coordinates":[35.5682222,33.52606034000001,0]},"properties":{"event_id":3353,"data_org":"Green","event_date":"2026-06-01T00:00:00.000Z","post_date":"2026-06-01T00:00:00.000Z","pub_date":"2026-06-02T00:00:00.000Z","actor":"Hezbollah","claimed":"TRUE","event_type":"Anti-Tank Fire","city":"Biyyadah","province":"","country":"Lebanon","latitude":33.52606034,"longitude":35.5682222,"coord_type":"general town","source_1":"https://t.me/mmirleb/16976","source_2":"","sources":""}},{"type":"Feature","geometry":{"type":"Point","coordinates":[35.3887201,33.16492579,0]},"properties":{"event_id":3356,"data_org":"Green","event_date":"2026-06-01T00:00:00.000Z","post_date":"2026-06-01T00:00:00.000Z","pub_date":"2026-06-02T00:00:00.000Z","actor":"Hezbollah","claimed":"TRUE","event_type":"Anti-Tank Fire","city":"Haddatha","province":"","country":"Lebanon","latitude":33.16492579,"longitude":35.3887201,"coord_type":"general town","source_1":"https://t.me/mmirleb/16979","source_2":"","sources":""}},{"type":"Feature","geometry":{"type":"Point","coordinates":[35.3777881,33.15366173,0]},"properties":{"event_id":3358,"data_org":"Green","event_date":"2026-06-02T00:00:00.000Z","post_date":"2026-06-02T00:00:00.000Z","pub_date":"2026-06-02T00:00:00.000Z","actor":"Hezbollah","claimed":"TRUE","event_type":"Combined attack","city":"Haddatha/Rachaf","province":"","country":"Lebanon","latitude":33.15366173,"longitude":35.3777881,"coord_type":"general town","source_1":"https://t.me/mmirleb/16984","source_2":"","sources":""}},{"type":"Feature","geometry":{"type":"Point","coordinates":[35.4723748,33.320081,0]},"properties":{"event_id":3364,"data_org":"Green","event_date":"2026-06-02T00:00:00.000Z","post_date":"2026-06-02T00:00:00.000Z","pub_date":"2026-06-02T00:00:00.000Z","actor":"Hezbollah","claimed":"TRUE","event_type":"Drone Attack","city":"Zawtar El Charqiyeh","province":"","country":"Lebanon","latitude":33.320081,"longitude":35.4723748,"coord_type":"general town","source_1":"https://t.me/mmirleb/16986","source_2":"https://t.me/mmirleb/17130","sources":""}},{"type":"Feature","geometry":{"type":"Point","coordinates":[35.4723748,33.320081,0]},"properties":{"event_id":3365,"data_org":"Green","event_date":"2026-06-02T00:00:00.000Z","post_date":"2026-06-02T00:00:00.000Z","pub_date":"2026-06-02T00:00:00.000Z","actor":"Hezbollah","claimed":"TRUE","event_type":"Drone Attack","city":"Zawtar El Charqiyeh","province":"","country":"Lebanon","latitude":33.320081,"longitude":35.4723748,"coord_type":"general town","source_1":"https://t.me/mmirleb/16987","source_2":"https://t.me/mmirleb/17130","sources":""}},{"type":"Feature","geometry":{"type":"Point","coordinates":[35.4723748,33.320081,0]},"properties":{"event_id":3366,"data_org":"Green","event_date":"2026-06-02T00:00:00.000Z","post_date":"2026-06-02T00:00:00.000Z","pub_date":"2026-06-02T00:00:00.000Z","actor":"Hezbollah","claimed":"TRUE","event_type":"Drone Attack","city":"Zawtar El Charqiyeh","province":"","country":"Lebanon","latitude":33.320081,"longitude":35.4723748,"coord_type":"general town","source_1":"https://t.me/mmirleb/16988","source_2":"https://t.me/mmirleb/17083","sources":"https://t.me/mmirleb/17130"}},{"type":"Feature","geometry":{"type":"Point","coordinates":[35.4723748,33.320081,0]},"properties":{"event_id":3367,"data_org":"Green","event_date":"2026-06-02T00:00:00.000Z","post_date":"2026-06-02T00:00:00.000Z","pub_date":"2026-06-02T00:00:00.000Z","actor":"Hezbollah","claimed":"TRUE","event_type":"Drone Attack","city":"Zawtar El Charqiyeh","province":"","country":"Lebanon","latitude":33.320081,"longitude":35.4723748,"coord_type":"general town","source_1":"https://t.me/mmirleb/16989","source_2":"","sources":""}},{"type":"Feature","geometry":{"type":"Point","coordinates":[35.53219,33.324229429999995,0]},"properties":{"event_id":3389,"data_org":"Green","event_date":"2026-06-02T00:00:00.000Z","post_date":"2026-06-02T00:00:00.000Z","pub_date":"2026-06-02T00:00:00.000Z","actor":"Hezbollah","claimed":"TRUE","event_type":"Mortar Fire","city":"Beaufort Castle","province":"","country":"Lebanon","latitude":33.32422943,"longitude":35.53219,"coord_type":"general neighborhood","source_1":"https://t.me/mmirleb/16996","source_2":"","sources":""}},{"type":"Feature","geometry":{"type":"Point","coordinates":[35.53219,33.324229429999995,0]},"properties":{"event_id":3390,"data_org":"Green","event_date":"2026-06-02T00:00:00.000Z","post_date":"2026-06-02T00:00:00.000Z","pub_date":"2026-06-02T00:00:00.000Z","actor":"Hezbollah","claimed":"TRUE","event_type":"Rocket Attack","city":"Beaufort Castle","province":"","country":"Lebanon","latitude":33.32422943,"longitude":35.53219,"coord_type":"general neighborhood","source_1":"https://t.me/mmirleb/16997","source_2":"","sources":""}},{"type":"Feature","geometry":{"type":"Point","coordinates":[35.60998,33.32169999999999,0]},"properties":{"event_id":3398,"data_org":"Green","event_date":"2026-05-28T00:00:00.000Z","post_date":"2026-06-02T00:00:00.000Z","pub_date":"2026-06-03T00:00:00.000Z","actor":"Hezbollah","claimed":"TRUE","event_type":"Drone Attack","city":"Khiam","province":"","country":"Lebanon","latitude":33.3217,"longitude":35.60998,"coord_type":"exact","source_1":"https://x.com/franfran2424/status/2062060031596433900?s=20","source_2":"https://x.com/OSINTWarfare/status/2061849380064293278?s=20","sources":""}},{"type":"Feature","geometry":{"type":"Point","coordinates":[35.1805226,33.162122489999994,0]},"properties":{"event_id":3400,"data_org":"Green","event_date":"2026-06-02T00:00:00.000Z","post_date":"2026-06-02T00:00:00.000Z","pub_date":"2026-06-03T00:00:00.000Z","actor":"Hezbollah","claimed":"TRUE","event_type":"Rocket Attack","city":"Biyyadah","province":"","country":"Lebanon","latitude":33.16212249,"longitude":35.1805226,"coord_type":"general town","source_1":"https://t.me/mmirleb/16998","source_2":"","sources":""}},{"type":"Feature","geometry":{"type":"Point","coordinates":[35.1805226,33.162122489999994,0]},"properties":{"event_id":3401,"data_org":"Green","event_date":"2026-06-02T00:00:00.000Z","post_date":"2026-06-02T00:00:00.000Z","pub_date":"2026-06-03T00:00:00.000Z","actor":"Hezbollah","claimed":"TRUE","event_type":"Rocket Attack","city":"Biyyadah","province":"","country":"Lebanon","latitude":33.16212249,"longitude":35.1805226,"coord_type":"general town","source_1":"https://t.me/mmirleb/16999","source_2":"","sources":""}},{"type":"Feature","geometry":{"type":"Point","coordinates":[35.1805226,33.162122489999994,0]},"properties":{"event_id":3402,"data_org":"Green","event_date":"2026-06-02T00:00:00.000Z","post_date":"2026-06-02T00:00:00.000Z","pub_date":"2026-06-03T00:00:00.000Z","actor":"Hezbollah","claimed":"TRUE","event_type":"Rocket Attack","city":"Biyyadah","province":"","country":"Lebanon","latitude":33.16212249,"longitude":35.1805226,"coord_type":"general town","source_1":"https://t.me/mmirleb/17000","source_2":"","sources":""}},{"type":"Feature","geometry":{"type":"Point","coordinates":[35.1805226,33.162122489999994,0]},"properties":{"event_id":3403,"data_org":"Green","event_date":"2026-06-02T00:00:00.000Z","post_date":"2026-06-02T00:00:00.000Z","pub_date":"2026-06-03T00:00:00.000Z","actor":"Hezbollah","claimed":"TRUE","event_type":"Anti-Tank Fire","city":"Biyyadah","province":"","country":"Lebanon","latitude":33.16212249,"longitude":35.1805226,"coord_type":"general town","source_1":"https://t.me/mmirleb/17001","source_2":"","sources":""}},{"type":"Feature","geometry":{"type":"Point","coordinates":[35.1805226,33.162122489999994,0]},"properties":{"event_id":3404,"data_org":"Green","event_date":"2026-06-02T00:00:00.000Z","post_date":"2026-06-02T00:00:00.000Z","pub_date":"2026-06-03T00:00:00.000Z","actor":"Hezbollah","claimed":"TRUE","event_type":"Anti-Tank Fire","city":"Biyyadah","province":"","country":"Lebanon","latitude":33.16212249,"longitude":35.1805226,"coord_type":"general town","source_1":"https://t.me/mmirleb/17002","source_2":"","sources":""}},{"type":"Feature","geometry":{"type":"Point","coordinates":[35.1805226,33.162122489999994,0]},"properties":{"event_id":3408,"data_org":"Green","event_date":"2026-06-02T00:00:00.000Z","post_date":"2026-06-03T00:00:00.000Z","pub_date":"2026-06-03T00:00:00.000Z","actor":"Hezbollah","claimed":"TRUE","event_type":"Rocket Attack","city":"Biyyadah","province":"","country":"Lebanon","latitude":33.16212249,"longitude":35.1805226,"coord_type":"general town","source_1":"https://t.me/mmirleb/17007","source_2":"","sources":""}},{"type":"Feature","geometry":{"type":"Point","coordinates":[35.540517,33.25557735,0]},"properties":{"event_id":3409,"data_org":"Green","event_date":"2026-06-03T00:00:00.000Z","post_date":"2026-06-03T00:00:00.000Z","pub_date":"2026-06-03T00:00:00.000Z","actor":"Hezbollah","claimed":"TRUE","event_type":"Mortar Fire","city":"Jal al Hammar, Oddaisseh","province":"","country":"Lebanon","latitude":33.25557735,"longitude":35.540517,"coord_type":"general town","source_1":"https://t.me/mmirleb/17008","source_2":"","sources":""}},{"type":"Feature","geometry":{"type":"Point","coordinates":[35.5193695,33.31107149,0]},"properties":{"event_id":3410,"data_org":"Green","event_date":"2026-06-02T00:00:00.000Z","post_date":"2026-06-03T00:00:00.000Z","pub_date":"2026-06-03T00:00:00.000Z","actor":"Hezbollah","claimed":"TRUE","event_type":"Drone Attack","city":"Yohmor","province":"","country":"Lebanon","latitude":33.31107149,"longitude":35.5193695,"coord_type":"general town","source_1":"https://t.me/mmirleb/17020","source_2":"","sources":""}},{"type":"Feature","geometry":{"type":"Point","coordinates":[35.5193695,33.31107149,0]},"properties":{"event_id":3411,"data_org":"Green","event_date":"2026-06-02T00:00:00.000Z","post_date":"2026-06-03T00:00:00.000Z","pub_date":"2026-06-03T00:00:00.000Z","actor":"Hezbollah","claimed":"TRUE","event_type":"Drone Attack","city":"Yohmor","province":"","country":"Lebanon","latitude":33.31107149,"longitude":35.5193695,"coord_type":"general town","source_1":"https://t.me/mmirleb/17021","source_2":"https://t.me/mmirleb/17037","sources":""}},{"type":"Feature","geometry":{"type":"Point","coordinates":[35.4723748,33.320081,0]},"properties":{"event_id":3412,"data_org":"Green","event_date":"2026-06-02T00:00:00.000Z","post_date":"2026-06-03T00:00:00.000Z","pub_date":"2026-06-03T00:00:00.000Z","actor":"Hezbollah","claimed":"TRUE","event_type":"Drone Attack","city":"Zawtar El Charqiyeh","province":"","country":"Lebanon","latitude":33.320081,"longitude":35.4723748,"coord_type":"general town","source_1":"https://t.me/mmirleb/17022","source_2":"https://t.me/mmirleb/17083","sources":""}},{"type":"Feature","geometry":{"type":"Point","coordinates":[35.473033,33.320775000000005,0]},"properties":{"event_id":3413,"data_org":"Green","event_date":"2026-06-02T00:00:00.000Z","post_date":"2026-06-03T00:00:00.000Z","pub_date":"2026-06-03T00:00:00.000Z","actor":"Hezbollah","claimed":"TRUE","event_type":"Drone Attack","city":"Zawtar El Charqiyeh","province":"","country":"Lebanon","latitude":33.320775,"longitude":35.473033,"coord_type":"exact","source_1":"https://t.me/mmirleb/17023","source_2":"https://t.me/mmirleb/17033","sources":"https://x.com/bonzerbarry/status/2062184716350918750?s=20"}},{"type":"Feature","geometry":{"type":"Point","coordinates":[35.5193695,33.31107149,0]},"properties":{"event_id":3414,"data_org":"Green","event_date":"2026-06-01T00:00:00.000Z","post_date":"2026-06-03T00:00:00.000Z","pub_date":"2026-06-03T00:00:00.000Z","actor":"Hezbollah","claimed":"TRUE","event_type":"Drone Attack","city":"Yohmor","province":"","country":"Lebanon","latitude":33.31107149,"longitude":35.5193695,"coord_type":"general town","source_1":"https://t.me/mmirleb/17026","source_2":"https://t.me/mmirleb/17026","sources":"https://t.me/mmirleb/17521"}},{"type":"Feature","geometry":{"type":"Point","coordinates":[35.36216,33.143039999999985,0]},"properties":{"event_id":3415,"data_org":"Green","event_date":"2026-06-03T00:00:00.000Z","post_date":"2026-06-03T00:00:00.000Z","pub_date":"2026-06-03T00:00:00.000Z","actor":"Hezbollah","claimed":"TRUE","event_type":"Rocket Attack","city":"Rachaf","province":"","country":"Lebanon","latitude":33.14304,"longitude":35.36216,"coord_type":"general town","source_1":"https://t.me/mmirleb/17029","source_2":"","sources":""}},{"type":"Feature","geometry":{"type":"Point","coordinates":[35.6148058,33.330201120000005,0]},"properties":{"event_id":3418,"data_org":"Green","event_date":"2026-06-03T00:00:00.000Z","post_date":"2026-06-03T00:00:00.000Z","pub_date":"2026-06-03T00:00:00.000Z","actor":"Hezbollah","claimed":"TRUE","event_type":"Drone Attack","city":"Khiam","province":"","country":"Lebanon","latitude":33.33020112,"longitude":35.6148058,"coord_type":"general town","source_1":"https://t.me/mmirleb/17031","source_2":"","sources":""}},{"type":"Feature","geometry":{"type":"Point","coordinates":[35.53219,33.324229429999995,0]},"properties":{"event_id":3430,"data_org":"Green","event_date":"2026-06-03T00:00:00.000Z","post_date":"2026-06-03T00:00:00.000Z","pub_date":"2026-06-03T00:00:00.000Z","actor":"Hezbollah","claimed":"TRUE","event_type":"Drone Attack","city":"Beaufort Castle","province":"","country":"Lebanon","latitude":33.32422943,"longitude":35.53219,"coord_type":"general neighborhood","source_1":"https://t.me/mmirleb/17040","source_2":"","sources":""}},{"type":"Feature","geometry":{"type":"Point","coordinates":[35.53219,33.324229429999995,0]},"properties":{"event_id":3431,"data_org":"Green","event_date":"2026-06-03T00:00:00.000Z","post_date":"2026-06-03T00:00:00.000Z","pub_date":"2026-06-03T00:00:00.000Z","actor":"Hezbollah","claimed":"TRUE","event_type":"Mortar Fire","city":"Beaufort Castle","province":"","country":"Lebanon","latitude":33.32422943,"longitude":35.53219,"coord_type":"general neighborhood","source_1":"https://t.me/mmirleb/17041","source_2":"","sources":""}},{"type":"Feature","geometry":{"type":"Point","coordinates":[35.53219,33.324229429999995,0]},"properties":{"event_id":3432,"data_org":"Green","event_date":"2026-06-03T00:00:00.000Z","post_date":"2026-06-03T00:00:00.000Z","pub_date":"2026-06-03T00:00:00.000Z","actor":"Hezbollah","claimed":"TRUE","event_type":"Rocket Attack","city":"Beaufort Castle","province":"","country":"Lebanon","latitude":33.32422943,"longitude":35.53219,"coord_type":"general neighborhood","source_1":"https://t.me/mmirleb/17042","source_2":"","sources":""}},{"type":"Feature","geometry":{"type":"Point","coordinates":[35.53219,33.324229429999995,0]},"properties":{"event_id":3433,"data_org":"Green","event_date":"2026-06-03T00:00:00.000Z","post_date":"2026-06-03T00:00:00.000Z","pub_date":"2026-06-03T00:00:00.000Z","actor":"Hezbollah","claimed":"TRUE","event_type":"Drone Attack","city":"Beaufort Castle","province":"","country":"Lebanon","latitude":33.32422943,"longitude":35.53219,"coord_type":"general neighborhood","source_1":"https://t.me/mmirleb/17043","source_2":"","sources":""}},{"type":"Feature","geometry":{"type":"Point","coordinates":[35.53219,33.324229429999995,0]},"properties":{"event_id":3434,"data_org":"Green","event_date":"2026-06-01T00:00:00.000Z","post_date":"2026-06-03T00:00:00.000Z","pub_date":"2026-06-03T00:00:00.000Z","actor":"Hezbollah","claimed":"TRUE","event_type":"Reconnaissance","city":"Beaufort Castle","province":"","country":"Lebanon","latitude":33.32422943,"longitude":35.53219,"coord_type":"exact","source_1":"https://t.me/mmirleb/17010","source_2":"","sources":""}},{"type":"Feature","geometry":{"type":"Point","coordinates":[35.53219,33.324229429999995,0]},"properties":{"event_id":3439,"data_org":"Green","event_date":"2026-06-03T00:00:00.000Z","post_date":"2026-06-03T00:00:00.000Z","pub_date":"2026-06-04T00:00:00.000Z","actor":"Hezbollah","claimed":"TRUE","event_type":"Drone Attack","city":"Beaufort Castle","province":"","country":"Lebanon","latitude":33.32422943,"longitude":35.53219,"coord_type":"general neighborhood","source_1":"https://t.me/mmirleb/17048","source_2":"","sources":""}},{"type":"Feature","geometry":{"type":"Point","coordinates":[35.5193695,33.31107149,0]},"properties":{"event_id":3440,"data_org":"Green","event_date":"2026-06-03T00:00:00.000Z","post_date":"2026-06-03T00:00:00.000Z","pub_date":"2026-06-04T00:00:00.000Z","actor":"Hezbollah","claimed":"TRUE","event_type":"Rocket Attack","city":"Yohmor","province":"","country":"Lebanon","latitude":33.31107149,"longitude":35.5193695,"coord_type":"general town","source_1":"https://t.me/mmirleb/17049","source_2":"","sources":""}},{"type":"Feature","geometry":{"type":"Point","coordinates":[35.5956484,33.37010253,0]},"properties":{"event_id":3441,"data_org":"Green","event_date":"2026-06-03T00:00:00.000Z","post_date":"2026-06-03T00:00:00.000Z","pub_date":"2026-06-04T00:00:00.000Z","actor":"Hezbollah","claimed":"TRUE","event_type":"Rocket Attack","city":"Dibbine","province":"","country":"Lebanon","latitude":33.37010253,"longitude":35.5956484,"coord_type":"general town","source_1":"https://t.me/mmirleb/17050","source_2":"","sources":""}},{"type":"Feature","geometry":{"type":"Point","coordinates":[35.5193695,33.31107149,0]},"properties":{"event_id":3443,"data_org":"Green","event_date":"2026-06-03T00:00:00.000Z","post_date":"2026-06-03T00:00:00.000Z","pub_date":"2026-06-04T00:00:00.000Z","actor":"Hezbollah","claimed":"TRUE","event_type":"Rocket Attack","city":"Yohmor","province":"","country":"Lebanon","latitude":33.31107149,"longitude":35.5193695,"coord_type":"general town","source_1":"https://t.me/mmirleb/17053","source_2":"","sources":""}},{"type":"Feature","geometry":{"type":"Point","coordinates":[35.4688709,33.268986500000004,0]},"properties":{"event_id":3444,"data_org":"Green","event_date":"2026-06-03T00:00:00.000Z","post_date":"2026-06-03T00:00:00.000Z","pub_date":"2026-06-04T00:00:00.000Z","actor":"Hezbollah","claimed":"TRUE","event_type":"Rocket Attack","city":"Qantara","province":"","country":"Lebanon","latitude":33.2689865,"longitude":35.4688709,"coord_type":"general town","source_1":"https://t.me/mmirleb/17054","source_2":"","sources":""}},{"type":"Feature","geometry":{"type":"Point","coordinates":[35.53219,33.324229429999995,0]},"properties":{"event_id":3445,"data_org":"Green","event_date":"2026-06-03T00:00:00.000Z","post_date":"2026-06-03T00:00:00.000Z","pub_date":"2026-06-04T00:00:00.000Z","actor":"Hezbollah","claimed":"TRUE","event_type":"Drone Attack","city":"Beaufort Castle","province":"","country":"Lebanon","latitude":33.32422943,"longitude":35.53219,"coord_type":"general neighborhood","source_1":"https://t.me/mmirleb/17055","source_2":"","sources":""}},{"type":"Feature","geometry":{"type":"Point","coordinates":[35.4688709,33.268986500000004,0]},"properties":{"event_id":3446,"data_org":"Green","event_date":"2026-06-04T00:00:00.000Z","post_date":"2026-06-04T00:00:00.000Z","pub_date":"2026-06-04T00:00:00.000Z","actor":"Hezbollah","claimed":"TRUE","event_type":"Rocket Attack","city":"Qantara","province":"","country":"Lebanon","latitude":33.2689865,"longitude":35.4688709,"coord_type":"general town","source_1":"https://t.me/mmirleb/17056","source_2":"","sources":""}},{"type":"Feature","geometry":{"type":"Point","coordinates":[35.4688709,33.268986500000004,0]},"properties":{"event_id":3447,"data_org":"Green","event_date":"2026-06-04T00:00:00.000Z","post_date":"2026-06-04T00:00:00.000Z","pub_date":"2026-06-04T00:00:00.000Z","actor":"Hezbollah","claimed":"TRUE","event_type":"Drone Attack","city":"Qantara","province":"","country":"Lebanon","latitude":33.2689865,"longitude":35.4688709,"coord_type":"general town","source_1":"https://t.me/mmirleb/17063","source_2":"","sources":""}},{"type":"Feature","geometry":{"type":"Point","coordinates":[35.5193695,33.31107149,0]},"properties":{"event_id":3448,"data_org":"Green","event_date":"2026-06-04T00:00:00.000Z","post_date":"2026-06-04T00:00:00.000Z","pub_date":"2026-06-04T00:00:00.000Z","actor":"Hezbollah","claimed":"TRUE","event_type":"Drone Attack","city":"Yohmor","province":"","country":"Lebanon","latitude":33.31107149,"longitude":35.5193695,"coord_type":"general town","source_1":"https://t.me/mmirleb/17067","source_2":"","sources":""}},{"type":"Feature","geometry":{"type":"Point","coordinates":[35.53219,33.324229429999995,0]},"properties":{"event_id":3480,"data_org":"Green","event_date":"2026-06-04T00:00:00.000Z","post_date":"2026-06-04T00:00:00.000Z","pub_date":"2026-06-04T00:00:00.000Z","actor":"Hezbollah","claimed":"TRUE","event_type":"Anti-Tank Fire","city":"Beaufort Castle","province":"","country":"Lebanon","latitude":33.32422943,"longitude":35.53219,"coord_type":"general neighborhood","source_1":"https://t.me/mmirleb/17072","source_2":"","sources":""}},{"type":"Feature","geometry":{"type":"Point","coordinates":[35.53219,33.324229429999995,0]},"properties":{"event_id":3481,"data_org":"Green","event_date":"2026-06-04T00:00:00.000Z","post_date":"2026-06-04T00:00:00.000Z","pub_date":"2026-06-04T00:00:00.000Z","actor":"Hezbollah","claimed":"TRUE","event_type":"Mortar Fire","city":"Beaufort Castle","province":"","country":"Lebanon","latitude":33.32422943,"longitude":35.53219,"coord_type":"general neighborhood","source_1":"https://t.me/mmirleb/17073","source_2":"","sources":""}},{"type":"Feature","geometry":{"type":"Point","coordinates":[35.5193695,33.31107149,0]},"properties":{"event_id":3482,"data_org":"Green","event_date":"2026-06-04T00:00:00.000Z","post_date":"2026-06-04T00:00:00.000Z","pub_date":"2026-06-04T00:00:00.000Z","actor":"Hezbollah","claimed":"TRUE","event_type":"Drone Attack","city":"Yohmor","province":"","country":"Lebanon","latitude":33.31107149,"longitude":35.5193695,"coord_type":"general town","source_1":"https://t.me/mmirleb/17078","source_2":"https://t.me/mmirleb/17202","sources":""}},{"type":"Feature","geometry":{"type":"Point","coordinates":[35.53219,33.324229429999995,0]},"properties":{"event_id":3483,"data_org":"Green","event_date":"2026-06-04T00:00:00.000Z","post_date":"2026-06-04T00:00:00.000Z","pub_date":"2026-06-04T00:00:00.000Z","actor":"Hezbollah","claimed":"TRUE","event_type":"Anti-Tank Fire","city":"Beaufort Castle","province":"","country":"Lebanon","latitude":33.32422943,"longitude":35.53219,"coord_type":"general neighborhood","source_1":"https://t.me/mmirleb/17079","source_2":"","sources":""}},{"type":"Feature","geometry":{"type":"Point","coordinates":[35.53219,33.324229429999995,0]},"properties":{"event_id":3488,"data_org":"Green","event_date":"2026-06-04T00:00:00.000Z","post_date":"2026-06-04T00:00:00.000Z","pub_date":"2026-06-04T00:00:00.000Z","actor":"Hezbollah","claimed":"TRUE","event_type":"Drone Attack","city":"Beaufort Castle","province":"","country":"Lebanon","latitude":33.32422943,"longitude":35.53219,"coord_type":"general neighborhood","source_1":"https://t.me/mmirleb/17081","source_2":"https://t.me/mmirleb/17233","sources":"https://t.me/mmirleb/17271"}},{"type":"Feature","geometry":{"type":"Point","coordinates":[35.53219,33.324229429999995,0]},"properties":{"event_id":3489,"data_org":"Green","event_date":"2026-06-04T00:00:00.000Z","post_date":"2026-06-04T00:00:00.000Z","pub_date":"2026-06-05T00:00:00.000Z","actor":"Hezbollah","claimed":"TRUE","event_type":"Anti-Tank Fire","city":"Beaufort Castle","province":"","country":"Lebanon","latitude":33.32422943,"longitude":35.53219,"coord_type":"general neighborhood","source_1":"https://t.me/mmirleb/17082","source_2":"https://t.me/mmirleb/17245","sources":""}},{"type":"Feature","geometry":{"type":"Point","coordinates":[35.54523,33.25438,0]},"properties":{"event_id":3490,"data_org":"Green","event_date":"2026-06-04T00:00:00.000Z","post_date":"2026-06-04T00:00:00.000Z","pub_date":"2026-06-05T00:00:00.000Z","actor":"Hezbollah","claimed":"TRUE","event_type":"Drone Attack","city":"Oddaisseh","province":"","country":"Lebanon","latitude":33.25438,"longitude":35.54523,"coord_type":"general town","source_1":"https://t.me/mmirleb/17087","source_2":"https://t.me/mmirleb/17202","sources":""}},{"type":"Feature","geometry":{"type":"Point","coordinates":[35.53219,33.324229429999995,0]},"properties":{"event_id":3496,"data_org":"Green","event_date":"2026-06-04T00:00:00.000Z","post_date":"2026-06-04T00:00:00.000Z","pub_date":"2026-06-05T00:00:00.000Z","actor":"Hezbollah","claimed":"TRUE","event_type":"Mortar Fire","city":"Beaufort Castle","province":"","country":"Lebanon","latitude":33.32422943,"longitude":35.53219,"coord_type":"general neighborhood","source_1":"https://t.me/mmirleb/17091","source_2":"","sources":""}},{"type":"Feature","geometry":{"type":"Point","coordinates":[35.53219,33.324229429999995,0]},"properties":{"event_id":3497,"data_org":"Green","event_date":"2026-06-04T00:00:00.000Z","post_date":"2026-06-04T00:00:00.000Z","pub_date":"2026-06-05T00:00:00.000Z","actor":"Hezbollah","claimed":"TRUE","event_type":"Rocket Attack","city":"Beaufort Castle","province":"","country":"Lebanon","latitude":33.32422943,"longitude":35.53219,"coord_type":"general neighborhood","source_1":"https://t.me/mmirleb/17092","source_2":"","sources":""}},{"type":"Feature","geometry":{"type":"Point","coordinates":[35.53219,33.324229429999995,0]},"properties":{"event_id":3498,"data_org":"Green","event_date":"2026-06-04T00:00:00.000Z","post_date":"2026-06-04T00:00:00.000Z","pub_date":"2026-06-05T00:00:00.000Z","actor":"Hezbollah","claimed":"TRUE","event_type":"Rocket Attack","city":"Beaufort Castle","province":"","country":"Lebanon","latitude":33.32422943,"longitude":35.53219,"coord_type":"general neighborhood","source_1":"https://t.me/mmirleb/17093","source_2":"","sources":""}},{"type":"Feature","geometry":{"type":"Point","coordinates":[35.6148058,33.330201120000005,0]},"properties":{"event_id":3501,"data_org":"Green","event_date":"2026-06-04T00:00:00.000Z","post_date":"2026-06-04T00:00:00.000Z","pub_date":"2026-06-05T00:00:00.000Z","actor":"Hezbollah","claimed":"TRUE","event_type":"Rocket Attack","city":"Khiam","province":"","country":"Lebanon","latitude":33.33020112,"longitude":35.6148058,"coord_type":"general town","source_1":"https://t.me/mmirleb/17094","source_2":"","sources":""}},{"type":"Feature","geometry":{"type":"Point","coordinates":[35.3645037,33.143219329999994,0]},"properties":{"event_id":3503,"data_org":"Green","event_date":"2026-06-04T00:00:00.000Z","post_date":"2026-06-04T00:00:00.000Z","pub_date":"2026-06-05T00:00:00.000Z","actor":"Hezbollah","claimed":"TRUE","event_type":"Rocket Attack","city":"Rachaf","province":"","country":"Lebanon","latitude":33.14321933,"longitude":35.3645037,"coord_type":"general town","source_1":"https://t.me/mmirleb/17095","source_2":"","sources":""}},{"type":"Feature","geometry":{"type":"Point","coordinates":[35.53219,33.324229429999995,0]},"properties":{"event_id":3507,"data_org":"Green","event_date":"2026-06-04T00:00:00.000Z","post_date":"2026-06-04T00:00:00.000Z","pub_date":"2026-06-05T00:00:00.000Z","actor":"Hezbollah","claimed":"TRUE","event_type":"Anti-Tank Fire","city":"Beaufort Castle","province":"","country":"Lebanon","latitude":33.32422943,"longitude":35.53219,"coord_type":"general neighborhood","source_1":"https://t.me/mmirleb/17097","source_2":"","sources":""}},{"type":"Feature","geometry":{"type":"Point","coordinates":[35.53219,33.324229429999995,0]},"properties":{"event_id":3509,"data_org":"Green","event_date":"2026-06-04T00:00:00.000Z","post_date":"2026-06-04T00:00:00.000Z","pub_date":"2026-06-05T00:00:00.000Z","actor":"Hezbollah","claimed":"TRUE","event_type":"Drone Attack","city":"Beaufort Castle","province":"","country":"Lebanon","latitude":33.32422943,"longitude":35.53219,"coord_type":"general neighborhood","source_1":"https://t.me/mmirleb/17098","source_2":"","sources":""}},{"type":"Feature","geometry":{"type":"Point","coordinates":[35.53219,33.324229429999995,0]},"properties":{"event_id":3513,"data_org":"Green","event_date":"2026-06-04T00:00:00.000Z","post_date":"2026-06-04T00:00:00.000Z","pub_date":"2026-06-05T00:00:00.000Z","actor":"Hezbollah","claimed":"TRUE","event_type":"Rocket Attack","city":"Beaufort Castle","province":"","country":"Lebanon","latitude":33.32422943,"longitude":35.53219,"coord_type":"general neighborhood","source_1":"https://t.me/mmirleb/17101","source_2":"","sources":""}},{"type":"Feature","geometry":{"type":"Point","coordinates":[35.4688709,33.268986500000004,0]},"properties":{"event_id":3514,"data_org":"Green","event_date":"2026-06-04T00:00:00.000Z","post_date":"2026-06-04T00:00:00.000Z","pub_date":"2026-06-05T00:00:00.000Z","actor":"Hezbollah","claimed":"TRUE","event_type":"Rocket Attack","city":"Qantara","province":"","country":"Lebanon","latitude":33.2689865,"longitude":35.4688709,"coord_type":"general town","source_1":"https://t.me/mmirleb/17102","source_2":"","sources":""}},{"type":"Feature","geometry":{"type":"Point","coordinates":[35.53219,33.324229429999995,0]},"properties":{"event_id":3515,"data_org":"Green","event_date":"2026-06-04T00:00:00.000Z","post_date":"2026-06-04T00:00:00.000Z","pub_date":"2026-06-05T00:00:00.000Z","actor":"Hezbollah","claimed":"TRUE","event_type":"Missile Attack","city":"Beaufort Castle","province":"","country":"Lebanon","latitude":33.32422943,"longitude":35.53219,"coord_type":"general neighborhood","source_1":"https://t.me/mmirleb/17103","source_2":"https://t.me/mmirleb/17287","sources":""}},{"type":"Feature","geometry":{"type":"Point","coordinates":[35.4449045,33.32212108,0]},"properties":{"event_id":3517,"data_org":"Green","event_date":"2026-06-05T00:00:00.000Z","post_date":"2026-06-05T00:00:00.000Z","pub_date":"2026-06-05T00:00:00.000Z","actor":"Hezbollah","claimed":"TRUE","event_type":"Rocket Attack","city":"Wadi Hujjar","province":"","country":"Lebanon","latitude":33.32212108,"longitude":35.4449045,"coord_type":"general town","source_1":"https://t.me/mmirleb/17104","source_2":"","sources":""}},{"type":"Feature","geometry":{"type":"Point","coordinates":[35.3887201,33.16492579,0]},"properties":{"event_id":3518,"data_org":"Green","event_date":"2026-06-05T00:00:00.000Z","post_date":"2026-06-05T00:00:00.000Z","pub_date":"2026-06-05T00:00:00.000Z","actor":"Hezbollah","claimed":"TRUE","event_type":"Mortar Fire","city":"Haddatha","province":"","country":"Lebanon","latitude":33.16492579,"longitude":35.3887201,"coord_type":"general town","source_1":"https://t.me/mmirleb/17105","source_2":"","sources":""}},{"type":"Feature","geometry":{"type":"Point","coordinates":[35.3887201,33.16492579,0]},"properties":{"event_id":3521,"data_org":"Green","event_date":"2026-06-05T00:00:00.000Z","post_date":"2026-06-05T00:00:00.000Z","pub_date":"2026-06-05T00:00:00.000Z","actor":"Hezbollah","claimed":"TRUE","event_type":"Mortar Fire","city":"Haddatha","province":"","country":"Lebanon","latitude":33.16492579,"longitude":35.3887201,"coord_type":"general town","source_1":"https://t.me/mmirleb/17106","source_2":"","sources":""}},{"type":"Feature","geometry":{"type":"Point","coordinates":[35.4723748,33.320081,0]},"properties":{"event_id":3524,"data_org":"Green","event_date":"2026-06-05T00:00:00.000Z","post_date":"2026-06-05T00:00:00.000Z","pub_date":"2026-06-05T00:00:00.000Z","actor":"Hezbollah","claimed":"TRUE","event_type":"Rocket Attack","city":"Zawtar al Charqiyeh","province":"","country":"Lebanon","latitude":33.320081,"longitude":35.4723748,"coord_type":"general town","source_1":"https://t.me/mmirleb/17110","source_2":"","sources":""}},{"type":"Feature","geometry":{"type":"Point","coordinates":[35.4723748,33.320081,0]},"properties":{"event_id":3526,"data_org":"Green","event_date":"2026-06-05T00:00:00.000Z","post_date":"2026-06-05T00:00:00.000Z","pub_date":"2026-06-05T00:00:00.000Z","actor":"Hezbollah","claimed":"TRUE","event_type":"Rocket Attack","city":"Zawtar al Charqiyeh","province":"","country":"Lebanon","latitude":33.320081,"longitude":35.4723748,"coord_type":"general town","source_1":"https://t.me/mmirleb/17112","source_2":"","sources":""}},{"type":"Feature","geometry":{"type":"Point","coordinates":[35.5193695,33.31107149,0]},"properties":{"event_id":3527,"data_org":"Green","event_date":"2026-06-05T00:00:00.000Z","post_date":"2026-06-05T00:00:00.000Z","pub_date":"2026-06-05T00:00:00.000Z","actor":"Hezbollah","claimed":"TRUE","event_type":"Mortar Fire","city":"Yohmor","province":"","country":"Lebanon","latitude":33.31107149,"longitude":35.5193695,"coord_type":"general town","source_1":"https://t.me/mmirleb/17113","source_2":"","sources":""}},{"type":"Feature","geometry":{"type":"Point","coordinates":[35.5193695,33.31107149,0]},"properties":{"event_id":3528,"data_org":"Green","event_date":"2026-06-05T00:00:00.000Z","post_date":"2026-06-05T00:00:00.000Z","pub_date":"2026-06-05T00:00:00.000Z","actor":"Hezbollah","claimed":"TRUE","event_type":"Rocket Attack","city":"Yohmor","province":"","country":"Lebanon","latitude":33.31107149,"longitude":35.5193695,"coord_type":"general town","source_1":"https://t.me/mmirleb/17114","source_2":"","sources":""}},{"type":"Feature","geometry":{"type":"Point","coordinates":[35.4723748,33.320081,0]},"properties":{"event_id":3530,"data_org":"Green","event_date":"2026-06-05T00:00:00.000Z","post_date":"2026-06-05T00:00:00.000Z","pub_date":"2026-06-05T00:00:00.000Z","actor":"Hezbollah","claimed":"TRUE","event_type":"Rocket Attack","city":"Zawtar al Charqiyeh","province":"","country":"Lebanon","latitude":33.320081,"longitude":35.4723748,"coord_type":"general town","source_1":"https://t.me/mmirleb/17115","source_2":"","sources":""}},{"type":"Feature","geometry":{"type":"Point","coordinates":[35.4688709,33.268986500000004,0]},"properties":{"event_id":3531,"data_org":"Green","event_date":"2026-06-05T00:00:00.000Z","post_date":"2026-06-05T00:00:00.000Z","pub_date":"2026-06-05T00:00:00.000Z","actor":"Hezbollah","claimed":"TRUE","event_type":"Drone Attack","city":"Qantara","province":"","country":"Lebanon","latitude":33.2689865,"longitude":35.4688709,"coord_type":"general town","source_1":"https://t.me/mmirleb/17116","source_2":"","sources":""}},{"type":"Feature","geometry":{"type":"Point","coordinates":[35.4688709,33.268986500000004,0]},"properties":{"event_id":3532,"data_org":"Green","event_date":"2026-06-05T00:00:00.000Z","post_date":"2026-06-05T00:00:00.000Z","pub_date":"2026-06-05T00:00:00.000Z","actor":"Hezbollah","claimed":"TRUE","event_type":"Drone Attack","city":"Qantara","province":"","country":"Lebanon","latitude":33.2689865,"longitude":35.4688709,"coord_type":"general town","source_1":"https://t.me/mmirleb/17117","source_2":"","sources":""}},{"type":"Feature","geometry":{"type":"Point","coordinates":[35.53219,33.324229429999995,0]},"properties":{"event_id":3533,"data_org":"Green","event_date":"2026-06-05T00:00:00.000Z","post_date":"2026-06-05T00:00:00.000Z","pub_date":"2026-06-05T00:00:00.000Z","actor":"Hezbollah","claimed":"TRUE","event_type":"Rocket Attack","city":"Beaufort Castle","province":"","country":"Lebanon","latitude":33.32422943,"longitude":35.53219,"coord_type":"general neighborhood","source_1":"https://t.me/mmirleb/17118","source_2":"","sources":""}},{"type":"Feature","geometry":{"type":"Point","coordinates":[35.53219,33.324229429999995,0]},"properties":{"event_id":3536,"data_org":"Green","event_date":"2026-06-05T00:00:00.000Z","post_date":"2026-06-05T00:00:00.000Z","pub_date":"2026-06-05T00:00:00.000Z","actor":"Hezbollah","claimed":"TRUE","event_type":"Drone Attack","city":"Beaufort Castle","province":"","country":"Lebanon","latitude":33.32422943,"longitude":35.53219,"coord_type":"general neighborhood","source_1":"https://t.me/mmirleb/17122","source_2":"","sources":""}},{"type":"Feature","geometry":{"type":"Point","coordinates":[35.5328,33.32976,0]},"properties":{"event_id":3537,"data_org":"Green","event_date":"2026-06-05T00:00:00.000Z","post_date":"2026-06-05T00:00:00.000Z","pub_date":"2026-06-05T00:00:00.000Z","actor":"Hezbollah","claimed":"TRUE","event_type":"Drone Attack","city":"Beaufort Castle","province":"","country":"Lebanon","latitude":33.32976,"longitude":35.5328,"coord_type":"exact","source_1":"https://t.me/mmirleb/17123","source_2":"https://x.com/franfran2424/status/2066448593834193318?s=20","sources":"https://x.com/bonzerbarry/status/2066192043076895050?s=20"}},{"type":"Feature","geometry":{"type":"Point","coordinates":[35.53219,33.324229429999995,0]},"properties":{"event_id":3538,"data_org":"Green","event_date":"2026-06-05T00:00:00.000Z","post_date":"2026-06-05T00:00:00.000Z","pub_date":"2026-06-05T00:00:00.000Z","actor":"Hezbollah","claimed":"TRUE","event_type":"Mortar Fire","city":"Beaufort Castle","province":"","country":"Lebanon","latitude":33.32422943,"longitude":35.53219,"coord_type":"general neighborhood","source_1":"https://t.me/mmirleb/17124","source_2":"","sources":""}},{"type":"Feature","geometry":{"type":"Point","coordinates":[35.54523,33.25438,0]},"properties":{"event_id":3539,"data_org":"Green","event_date":"2026-06-05T00:00:00.000Z","post_date":"2026-06-05T00:00:00.000Z","pub_date":"2026-06-05T00:00:00.000Z","actor":"Hezbollah","claimed":"TRUE","event_type":"Drone Attack","city":"Oddaisseh","province":"","country":"Lebanon","latitude":33.25438,"longitude":35.54523,"coord_type":"general town","source_1":"https://t.me/mmirleb/17125","source_2":"","sources":""}},{"type":"Feature","geometry":{"type":"Point","coordinates":[35.53219,33.324229429999995,0]},"properties":{"event_id":3545,"data_org":"Green","event_date":"2026-06-05T00:00:00.000Z","post_date":"2026-06-05T00:00:00.000Z","pub_date":"2026-06-05T00:00:00.000Z","actor":"Hezbollah","claimed":"TRUE","event_type":"Drone Attack","city":"Beaufort Castle","province":"","country":"Lebanon","latitude":33.32422943,"longitude":35.53219,"coord_type":"general neighborhood","source_1":"https://t.me/mmirleb/17126","source_2":"","sources":""}},{"type":"Feature","geometry":{"type":"Point","coordinates":[35.1401119,33.11927448,0]},"properties":{"event_id":3547,"data_org":"Green","event_date":"2026-06-05T00:00:00.000Z","post_date":"2026-06-05T00:00:00.000Z","pub_date":"2026-06-05T00:00:00.000Z","actor":"Hezbollah","claimed":"TRUE","event_type":"Drone Attack","city":"Naqoura","province":"","country":"Lebanon","latitude":33.11927448,"longitude":35.1401119,"coord_type":"general town","source_1":"https://t.me/mmirleb/17127","source_2":"https://t.me/mmirleb/17291","sources":""}},{"type":"Feature","geometry":{"type":"Point","coordinates":[35.53219,33.324229429999995,0]},"properties":{"event_id":3550,"data_org":"Green","event_date":"2026-06-05T00:00:00.000Z","post_date":"2026-06-05T00:00:00.000Z","pub_date":"2026-06-05T00:00:00.000Z","actor":"Hezbollah","claimed":"TRUE","event_type":"Mortar Fire","city":"Beaufort Castle","province":"","country":"Lebanon","latitude":33.32422943,"longitude":35.53219,"coord_type":"general neighborhood","source_1":"https://t.me/mmirleb/17133","source_2":"","sources":""}},{"type":"Feature","geometry":{"type":"Point","coordinates":[35.53219,33.324229429999995,0]},"properties":{"event_id":3551,"data_org":"Green","event_date":"2026-06-05T00:00:00.000Z","post_date":"2026-06-05T00:00:00.000Z","pub_date":"2026-06-05T00:00:00.000Z","actor":"Hezbollah","claimed":"TRUE","event_type":"Rocket Attack","city":"Beaufort Castle","province":"","country":"Lebanon","latitude":33.32422943,"longitude":35.53219,"coord_type":"general neighborhood","source_1":"https://t.me/mmirleb/17134","source_2":"https://t.me/mmirleb/17380","sources":""}},{"type":"Feature","geometry":{"type":"Point","coordinates":[35.53219,33.324229429999995,0]},"properties":{"event_id":3552,"data_org":"Green","event_date":"2026-06-05T00:00:00.000Z","post_date":"2026-06-05T00:00:00.000Z","pub_date":"2026-06-05T00:00:00.000Z","actor":"Hezbollah","claimed":"TRUE","event_type":"Rocket Attack","city":"Beaufort Castle","province":"","country":"Lebanon","latitude":33.32422943,"longitude":35.53219,"coord_type":"general neighborhood","source_1":"https://t.me/mmirleb/17135","source_2":"","sources":""}},{"type":"Feature","geometry":{"type":"Point","coordinates":[35.4723748,33.320081,0]},"properties":{"event_id":3557,"data_org":"Green","event_date":"2026-06-05T00:00:00.000Z","post_date":"2026-06-05T00:00:00.000Z","pub_date":"2026-06-05T00:00:00.000Z","actor":"Hezbollah","claimed":"TRUE","event_type":"Small Arms Engagement","city":"Zawtar al Charqiyeh","province":"","country":"Lebanon","latitude":33.320081,"longitude":35.4723748,"coord_type":"general town","source_1":"https://x.com/idfonline/status/2062905382733799705","source_2":"https://x.com/manniefabian/status/2062907114306076704","sources":""}},{"type":"Feature","geometry":{"type":"Point","coordinates":[35.54523,33.25438,0]},"properties":{"event_id":3562,"data_org":"Green","event_date":"2026-06-05T00:00:00.000Z","post_date":"2026-06-05T00:00:00.000Z","pub_date":"2026-06-06T00:00:00.000Z","actor":"Hezbollah","claimed":"TRUE","event_type":"Drone Attack","city":"Oddaisseh","province":"","country":"Lebanon","latitude":33.25438,"longitude":35.54523,"coord_type":"general town","source_1":"https://t.me/mmirleb/17146","source_2":"","sources":""}},{"type":"Feature","geometry":{"type":"Point","coordinates":[35.4044565,33.13575264,0]},"properties":{"event_id":3563,"data_org":"Green","event_date":"2026-06-05T00:00:00.000Z","post_date":"2026-06-06T00:00:00.000Z","pub_date":"2026-06-05T00:00:00.000Z","actor":"Hezbollah","claimed":"TRUE","event_type":"Rocket Attack","city":"Tayri","province":"","country":"Lebanon","latitude":33.13575264,"longitude":35.4044565,"coord_type":"general town","source_1":"https://t.me/mmirleb/17147","source_2":"","sources":""}},{"type":"Feature","geometry":{"type":"Point","coordinates":[35.4044565,33.13575264,0]},"properties":{"event_id":3564,"data_org":"Green","event_date":"2026-06-05T00:00:00.000Z","post_date":"2026-06-06T00:00:00.000Z","pub_date":"2026-06-05T00:00:00.000Z","actor":"Hezbollah","claimed":"TRUE","event_type":"Mortar Fire","city":"Tayri","province":"","country":"Lebanon","latitude":33.13575264,"longitude":35.4044565,"coord_type":"general town","source_1":"https://t.me/mmirleb/17148","source_2":"","sources":""}},{"type":"Feature","geometry":{"type":"Point","coordinates":[35.5193695,33.31107149,0]},"properties":{"event_id":3567,"data_org":"Green","event_date":"2026-06-06T00:00:00.000Z","post_date":"2026-06-06T00:00:00.000Z","pub_date":"2026-06-06T00:00:00.000Z","actor":"Hezbollah","claimed":"TRUE","event_type":"Drone Attack","city":"Yohmor","province":"","country":"Lebanon","latitude":33.31107149,"longitude":35.5193695,"coord_type":"general town","source_1":"https://t.me/mmirleb/17153","source_2":"","sources":""}},{"type":"Feature","geometry":{"type":"Point","coordinates":[35.2900125,33.113856459999994,0]},"properties":{"event_id":3569,"data_org":"Green","event_date":"2026-06-06T00:00:00.000Z","post_date":"2026-06-06T00:00:00.000Z","pub_date":"2026-06-06T00:00:00.000Z","actor":"Hezbollah","claimed":"TRUE","event_type":"Drone Attack","city":"Jabal Blat (Marwahin)","province":"","country":"Lebanon","latitude":33.11385646,"longitude":35.2900125,"coord_type":"exact","source_1":"https://t.me/mmirleb/17158","source_2":"https://t.me/mmirleb/17299","sources":""}},{"type":"Feature","geometry":{"type":"Point","coordinates":[35.54523,33.25438,0]},"properties":{"event_id":3575,"data_org":"Green","event_date":"2026-06-06T00:00:00.000Z","post_date":"2026-06-06T00:00:00.000Z","pub_date":"2026-06-06T00:00:00.000Z","actor":"Hezbollah","claimed":"TRUE","event_type":"Drone Attack","city":"Oddaisseh","province":"","country":"Lebanon","latitude":33.25438,"longitude":35.54523,"coord_type":"general town","source_1":"https://t.me/mmirleb/17163","source_2":"https://t.me/mmirleb/17339","sources":""}},{"type":"Feature","geometry":{"type":"Point","coordinates":[35.54523,33.25438,0]},"properties":{"event_id":3580,"data_org":"Green","event_date":"2026-06-06T00:00:00.000Z","post_date":"2026-06-06T00:00:00.000Z","pub_date":"2026-06-06T00:00:00.000Z","actor":"Hezbollah","claimed":"TRUE","event_type":"Drone Attack","city":"Oddaisseh","province":"","country":"Lebanon","latitude":33.25438,"longitude":35.54523,"coord_type":"general town","source_1":"https://t.me/mmirleb/17164","source_2":"","sources":""}},{"type":"Feature","geometry":{"type":"Point","coordinates":[35.516287,33.23390720999999,0]},"properties":{"event_id":3583,"data_org":"Green","event_date":"2026-06-06T00:00:00.000Z","post_date":"2026-06-06T00:00:00.000Z","pub_date":"2026-06-06T00:00:00.000Z","actor":"Hezbollah","claimed":"TRUE","event_type":"Drone Attack","city":"Markaba","province":"","country":"Lebanon","latitude":33.23390721,"longitude":35.516287,"coord_type":"general town","source_1":"https://t.me/mmirleb/17165","source_2":"","sources":""}},{"type":"Feature","geometry":{"type":"Point","coordinates":[35.53219,33.324229429999995,0]},"properties":{"event_id":3585,"data_org":"Green","event_date":"2026-06-06T00:00:00.000Z","post_date":"2026-06-06T00:00:00.000Z","pub_date":"2026-06-06T00:00:00.000Z","actor":"Hezbollah","claimed":"TRUE","event_type":"Drone Attack","city":"Beaufort Castle","province":"","country":"Lebanon","latitude":33.32422943,"longitude":35.53219,"coord_type":"general neighborhood","source_1":"https://t.me/mmirleb/17167","source_2":"","sources":""}},{"type":"Feature","geometry":{"type":"Point","coordinates":[35.53219,33.324229429999995,0]},"properties":{"event_id":3601,"data_org":"Green","event_date":"2026-06-06T00:00:00.000Z","post_date":"2026-06-06T00:00:00.000Z","pub_date":"2026-06-06T00:00:00.000Z","actor":"Hezbollah","claimed":"TRUE","event_type":"Mortar Fire","city":"Beaufort Castle","province":"","country":"Lebanon","latitude":33.32422943,"longitude":35.53219,"coord_type":"general neighborhood","source_1":"https://t.me/mmirleb/17169","source_2":"","sources":""}},{"type":"Feature","geometry":{"type":"Point","coordinates":[35.54523,33.25438,0]},"properties":{"event_id":3602,"data_org":"Green","event_date":"2026-06-06T00:00:00.000Z","post_date":"2026-06-06T00:00:00.000Z","pub_date":"2026-06-06T00:00:00.000Z","actor":"Hezbollah","claimed":"TRUE","event_type":"Mortar Fire","city":"Oddaisseh","province":"","country":"Lebanon","latitude":33.25438,"longitude":35.54523,"coord_type":"general town","source_1":"https://t.me/mmirleb/17170","source_2":"","sources":""}},{"type":"Feature","geometry":{"type":"Point","coordinates":[35.6148058,33.330201120000005,0]},"properties":{"event_id":3604,"data_org":"Green","event_date":"2026-06-06T00:00:00.000Z","post_date":"2026-06-06T00:00:00.000Z","pub_date":"2026-06-06T00:00:00.000Z","actor":"Hezbollah","claimed":"TRUE","event_type":"Drone Attack","city":"Khiam","province":"","country":"Lebanon","latitude":33.33020112,"longitude":35.6148058,"coord_type":"general town","source_1":"https://t.me/mmirleb/17171","source_2":"https://t.me/mmirleb/17386","sources":""}},{"type":"Feature","geometry":{"type":"Point","coordinates":[35.4723748,33.320081,0]},"properties":{"event_id":3605,"data_org":"Green","event_date":"2026-06-06T00:00:00.000Z","post_date":"2026-06-06T00:00:00.000Z","pub_date":"2026-06-06T00:00:00.000Z","actor":"Hezbollah","claimed":"TRUE","event_type":"Drone Attack","city":"Zawtar al Charqiyeh","province":"","country":"Lebanon","latitude":33.320081,"longitude":35.4723748,"coord_type":"general town","source_1":"https://t.me/mmirleb/17172","source_2":"","sources":""}},{"type":"Feature","geometry":{"type":"Point","coordinates":[35.4723748,33.320081,0]},"properties":{"event_id":3606,"data_org":"Green","event_date":"2026-06-06T00:00:00.000Z","post_date":"2026-06-06T00:00:00.000Z","pub_date":"2026-06-06T00:00:00.000Z","actor":"Hezbollah","claimed":"TRUE","event_type":"Drone Attack","city":"Zawtar al Charqiyeh","province":"","country":"Lebanon","latitude":33.320081,"longitude":35.4723748,"coord_type":"general town","source_1":"https://t.me/mmirleb/17173","source_2":"","sources":""}},{"type":"Feature","geometry":{"type":"Point","coordinates":[35.4341549,33.13027105,0]},"properties":{"event_id":3607,"data_org":"Green","event_date":"2026-06-06T00:00:00.000Z","post_date":"2026-06-06T00:00:00.000Z","pub_date":"2026-06-06T00:00:00.000Z","actor":"Hezbollah","claimed":"TRUE","event_type":"Rocket Attack","city":"al Israq school, Ainata","province":"","country":"Lebanon","latitude":33.13027105,"longitude":35.4341549,"coord_type":"exact","source_1":"https://t.me/mmirleb/17177","source_2":"","sources":""}},{"type":"Feature","geometry":{"type":"Point","coordinates":[35.54523,33.25438,0]},"properties":{"event_id":3608,"data_org":"Green","event_date":"2026-06-06T00:00:00.000Z","post_date":"2026-06-06T00:00:00.000Z","pub_date":"2026-06-06T00:00:00.000Z","actor":"Hezbollah","claimed":"TRUE","event_type":"Drone Attack","city":"Oddaisseh","province":"","country":"Lebanon","latitude":33.25438,"longitude":35.54523,"coord_type":"general town","source_1":"https://t.me/mmirleb/17178","source_2":"https://t.me/mmirleb/17504","sources":""}},{"type":"Feature","geometry":{"type":"Point","coordinates":[35.60797,33.32021,0]},"properties":{"event_id":3610,"data_org":"Green","event_date":"2026-06-06T00:00:00.000Z","post_date":"2026-06-06T00:00:00.000Z","pub_date":"2026-06-06T00:00:00.000Z","actor":"Hezbollah","claimed":"TRUE","event_type":"Drone Attack","city":"Khiam","province":"","country":"Lebanon","latitude":33.32021,"longitude":35.60797,"coord_type":"exact","source_1":"https://t.me/mmirleb/17180","source_2":"","sources":""}},{"type":"Feature","geometry":{"type":"Point","coordinates":[35.54523,33.25438,0]},"properties":{"event_id":3611,"data_org":"Green","event_date":"2026-06-06T00:00:00.000Z","post_date":"2026-06-06T00:00:00.000Z","pub_date":"2026-06-06T00:00:00.000Z","actor":"Hezbollah","claimed":"TRUE","event_type":"Rocket Attack","city":"Oddaisseh","province":"","country":"Lebanon","latitude":33.25438,"longitude":35.54523,"coord_type":"general town","source_1":"https://t.me/mmirleb/17181","source_2":"","sources":""}},{"type":"Feature","geometry":{"type":"Point","coordinates":[35.463703,33.274097,0]},"properties":{"event_id":3612,"data_org":"Green","event_date":"2026-06-06T00:00:00.000Z","post_date":"2026-06-06T00:00:00.000Z","pub_date":"2026-06-06T00:00:00.000Z","actor":"Hezbollah","claimed":"TRUE","event_type":"Drone Attack","city":"Qantara","province":"","country":"Lebanon","latitude":33.274097,"longitude":35.463703,"coord_type":"general town","source_1":"https://t.me/mmirleb/17183","source_2":"https://t.me/mmirleb/17291","sources":""}},{"type":"Feature","geometry":{"type":"Point","coordinates":[35.5682222,33.52606034000001,0]},"properties":{"event_id":3613,"data_org":"Green","event_date":"2026-06-06T00:00:00.000Z","post_date":"2026-06-06T00:00:00.000Z","pub_date":"2026-06-06T00:00:00.000Z","actor":"Hezbollah","claimed":"TRUE","event_type":"Rocket Attack","city":"Biyyadah","province":"","country":"Lebanon","latitude":33.52606034,"longitude":35.5682222,"coord_type":"general town","source_1":"https://t.me/mmirleb/17184","source_2":"","sources":""}},{"type":"Feature","geometry":{"type":"Point","coordinates":[35.463703,33.274097,0]},"properties":{"event_id":3614,"data_org":"Green","event_date":"2026-06-06T00:00:00.000Z","post_date":"2026-06-06T00:00:00.000Z","pub_date":"2026-06-06T00:00:00.000Z","actor":"Hezbollah","claimed":"TRUE","event_type":"Drone Attack","city":"Qantara","province":"","country":"Lebanon","latitude":33.274097,"longitude":35.463703,"coord_type":"general town","source_1":"https://t.me/mmirleb/17185","source_2":"","sources":""}},{"type":"Feature","geometry":{"type":"Point","coordinates":[35.36216,33.143039999999985,0]},"properties":{"event_id":3615,"data_org":"Green","event_date":"2026-06-06T00:00:00.000Z","post_date":"2026-06-06T00:00:00.000Z","pub_date":"2026-06-06T00:00:00.000Z","actor":"Hezbollah","claimed":"TRUE","event_type":"Rocket Attack","city":"Rachaf","province":"","country":"Lebanon","latitude":33.14304,"longitude":35.36216,"coord_type":"general town","source_1":"https://t.me/mmirleb/17186","source_2":"","sources":""}},{"type":"Feature","geometry":{"type":"Point","coordinates":[35.53219,33.324229429999995,0]},"properties":{"event_id":3624,"data_org":"Green","event_date":"2026-06-06T00:00:00.000Z","post_date":"2026-06-06T00:00:00.000Z","pub_date":"2026-06-07T00:00:00.000Z","actor":"Hezbollah","claimed":"TRUE","event_type":"Mortar Fire","city":"Beaufort Castle","province":"","country":"Lebanon","latitude":33.32422943,"longitude":35.53219,"coord_type":"general neighborhood","source_1":"https://t.me/mmirleb/17191","source_2":"","sources":""}},{"type":"Feature","geometry":{"type":"Point","coordinates":[35.4044565,33.13575264,0]},"properties":{"event_id":3625,"data_org":"Green","event_date":"2026-06-06T00:00:00.000Z","post_date":"2026-06-06T00:00:00.000Z","pub_date":"2026-06-07T00:00:00.000Z","actor":"Hezbollah","claimed":"TRUE","event_type":"Mortar Fire","city":"Tayri","province":"","country":"Lebanon","latitude":33.13575264,"longitude":35.4044565,"coord_type":"general town","source_1":"https://t.me/mmirleb/17192","source_2":"","sources":""}},{"type":"Feature","geometry":{"type":"Point","coordinates":[35.3887201,33.16492579,0]},"properties":{"event_id":3626,"data_org":"Green","event_date":"2026-06-06T00:00:00.000Z","post_date":"2026-06-06T00:00:00.000Z","pub_date":"2026-06-07T00:00:00.000Z","actor":"Hezbollah","claimed":"TRUE","event_type":"Unknown","city":"Haddatha","province":"","country":"Lebanon","latitude":33.16492579,"longitude":35.3887201,"coord_type":"general town","source_1":"https://t.me/mmirleb/17194","source_2":"","sources":""}},{"type":"Feature","geometry":{"type":"Point","coordinates":[35.5193695,33.31107149,0]},"properties":{"event_id":3627,"data_org":"Green","event_date":"2026-06-06T00:00:00.000Z","post_date":"2026-06-06T00:00:00.000Z","pub_date":"2026-06-07T00:00:00.000Z","actor":"Hezbollah","claimed":"TRUE","event_type":"Mortar Fire","city":"Yohmor","province":"","country":"Lebanon","latitude":33.31107149,"longitude":35.5193695,"coord_type":"general town","source_1":"https://t.me/mmirleb/17195","source_2":"","sources":""}},{"type":"Feature","geometry":{"type":"Point","coordinates":[35.1401119,33.11927448,0]},"properties":{"event_id":3628,"data_org":"Green","event_date":"2026-06-06T00:00:00.000Z","post_date":"2026-06-06T00:00:00.000Z","pub_date":"2026-06-07T00:00:00.000Z","actor":"Hezbollah","claimed":"TRUE","event_type":"Drone Attack","city":"Naqoura","province":"","country":"Lebanon","latitude":33.11927448,"longitude":35.1401119,"coord_type":"general town","source_1":"https://t.me/mmirleb/17196","source_2":"","sources":""}},{"type":"Feature","geometry":{"type":"Point","coordinates":[35.3887201,33.16492579,0]},"properties":{"event_id":3629,"data_org":"Green","event_date":"2026-06-06T00:00:00.000Z","post_date":"2026-06-06T00:00:00.000Z","pub_date":"2026-06-07T00:00:00.000Z","actor":"Hezbollah","claimed":"TRUE","event_type":"Drone Attack","city":"Haddatha","province":"","country":"Lebanon","latitude":33.16492579,"longitude":35.3887201,"coord_type":"general town","source_1":"https://t.me/mmirleb/17197","source_2":"","sources":""}},{"type":"Feature","geometry":{"type":"Point","coordinates":[35.5193695,33.31107149,0]},"properties":{"event_id":3630,"data_org":"Green","event_date":"2026-06-06T00:00:00.000Z","post_date":"2026-06-06T00:00:00.000Z","pub_date":"2026-06-07T00:00:00.000Z","actor":"Hezbollah","claimed":"TRUE","event_type":"Rocket Attack","city":"Yohmor","province":"","country":"Lebanon","latitude":33.31107149,"longitude":35.5193695,"coord_type":"general town","source_1":"https://t.me/mmirleb/17198","source_2":"","sources":""}},{"type":"Feature","geometry":{"type":"Point","coordinates":[35.5193695,33.31107149,0]},"properties":{"event_id":3631,"data_org":"Green","event_date":"2026-06-06T00:00:00.000Z","post_date":"2026-06-06T00:00:00.000Z","pub_date":"2026-06-07T00:00:00.000Z","actor":"Hezbollah","claimed":"TRUE","event_type":"Mortar Fire","city":"Yohmor","province":"","country":"Lebanon","latitude":33.31107149,"longitude":35.5193695,"coord_type":"general town","source_1":"https://t.me/mmirleb/17198","source_2":"","sources":""}},{"type":"Feature","geometry":{"type":"Point","coordinates":[35.180523,33.16212199999999,0]},"properties":{"event_id":3632,"data_org":"Green","event_date":"2026-06-06T00:00:00.000Z","post_date":"2026-06-07T00:00:00.000Z","pub_date":"2026-06-07T00:00:00.000Z","actor":"Hezbollah","claimed":"TRUE","event_type":"Rocket Attack","city":"Biyyadah","province":"","country":"Lebanon","latitude":33.162122,"longitude":35.180523,"coord_type":"general town","source_1":"https://t.me/mmirleb/17200","source_2":"","sources":""}},{"type":"Feature","geometry":{"type":"Point","coordinates":[35.4008003,33.15720374000001,0]},"properties":{"event_id":3633,"data_org":"Green","event_date":"2026-06-06T00:00:00.000Z","post_date":"2026-06-07T00:00:00.000Z","pub_date":"2026-06-07T00:00:00.000Z","actor":"Hezbollah","claimed":"TRUE","event_type":"Small Arms Engagement","city":"Tayri-Haddatha road","province":"","country":"Lebanon","latitude":33.15720374,"longitude":35.4008003,"coord_type":"general town","source_1":"https://t.me/mmirleb/17201","source_2":"","sources":""}},{"type":"Feature","geometry":{"type":"Point","coordinates":[35.4008003,33.15720374000001,0]},"properties":{"event_id":3634,"data_org":"Green","event_date":"2026-06-06T00:00:00.000Z","post_date":"2026-06-07T00:00:00.000Z","pub_date":"2026-06-07T00:00:00.000Z","actor":"Hezbollah","claimed":"TRUE","event_type":"Mortar Fire","city":"Tayri-Haddatha road","province":"","country":"Lebanon","latitude":33.15720374,"longitude":35.4008003,"coord_type":"general town","source_1":"https://t.me/mmirleb/17201","source_2":"","sources":""}},{"type":"Feature","geometry":{"type":"Point","coordinates":[35.3980564,33.15223198,0]},"properties":{"event_id":3635,"data_org":"Green","event_date":"2026-06-06T00:00:00.000Z","post_date":"2026-06-07T00:00:00.000Z","pub_date":"2026-06-07T00:00:00.000Z","actor":"Hezbollah","claimed":"TRUE","event_type":"Mortar Fire","city":"Shaqif al Nahl (Tayri)","province":"","country":"Lebanon","latitude":33.15223198,"longitude":35.3980564,"coord_type":"general neighborhood","source_1":"https://t.me/mmirleb/17205","source_2":"","sources":""}},{"type":"Feature","geometry":{"type":"Point","coordinates":[35.3980564,33.15223198,0]},"properties":{"event_id":3636,"data_org":"Green","event_date":"2026-06-06T00:00:00.000Z","post_date":"2026-06-07T00:00:00.000Z","pub_date":"2026-06-07T00:00:00.000Z","actor":"Hezbollah","claimed":"TRUE","event_type":"Mortar Fire","city":"Shaqif al Nahl (Tayri)","province":"","country":"Lebanon","latitude":33.15223198,"longitude":35.3980564,"coord_type":"general neighborhood","source_1":"https://t.me/mmirleb/17205","source_2":"","sources":""}},{"type":"Feature","geometry":{"type":"Point","coordinates":[35.3980564,33.15223198,0]},"properties":{"event_id":3637,"data_org":"Green","event_date":"2026-06-06T00:00:00.000Z","post_date":"2026-06-07T00:00:00.000Z","pub_date":"2026-06-07T00:00:00.000Z","actor":"Hezbollah","claimed":"TRUE","event_type":"Mortar Fire","city":"Shaqif al Nahl (Tayri)","province":"","country":"Lebanon","latitude":33.15223198,"longitude":35.3980564,"coord_type":"general neighborhood","source_1":"https://t.me/mmirleb/17205","source_2":"","sources":""}},{"type":"Feature","geometry":{"type":"Point","coordinates":[35.3980564,33.15223198,0]},"properties":{"event_id":3639,"data_org":"Green","event_date":"2026-06-06T00:00:00.000Z","post_date":"2026-06-07T00:00:00.000Z","pub_date":"2026-06-07T00:00:00.000Z","actor":"Hezbollah","claimed":"TRUE","event_type":"Rocket Attack","city":"Shaqif al Nahl (Tayri)","province":"","country":"Lebanon","latitude":33.15223198,"longitude":35.3980564,"coord_type":"general neighborhood","source_1":"https://t.me/mmirleb/17206","source_2":"","sources":""}},{"type":"Feature","geometry":{"type":"Point","coordinates":[35.3980564,33.15223198,0]},"properties":{"event_id":3640,"data_org":"Green","event_date":"2026-06-06T00:00:00.000Z","post_date":"2026-06-07T00:00:00.000Z","pub_date":"2026-06-07T00:00:00.000Z","actor":"Hezbollah","claimed":"TRUE","event_type":"Rocket Attack","city":"Shaqif al Nahl (Tayri)","province":"","country":"Lebanon","latitude":33.15223198,"longitude":35.3980564,"coord_type":"general neighborhood","source_1":"https://t.me/mmirleb/17206","source_2":"","sources":""}},{"type":"Feature","geometry":{"type":"Point","coordinates":[35.3980564,33.15223198,0]},"properties":{"event_id":3643,"data_org":"Green","event_date":"2026-06-06T00:00:00.000Z","post_date":"2026-06-07T00:00:00.000Z","pub_date":"2026-06-07T00:00:00.000Z","actor":"Hezbollah","claimed":"TRUE","event_type":"Mortar Fire","city":"Shaqif al Nahl (Tayri)","province":"","country":"Lebanon","latitude":33.15223198,"longitude":35.3980564,"coord_type":"general neighborhood","source_1":"https://t.me/mmirleb/17207","source_2":"","sources":""}},{"type":"Feature","geometry":{"type":"Point","coordinates":[35.3980564,33.15223198,0]},"properties":{"event_id":3644,"data_org":"Green","event_date":"2026-06-06T00:00:00.000Z","post_date":"2026-06-07T00:00:00.000Z","pub_date":"2026-06-07T00:00:00.000Z","actor":"Hezbollah","claimed":"TRUE","event_type":"Mortar Fire","city":"Shaqif al Nahl (Tayri)","province":"","country":"Lebanon","latitude":33.15223198,"longitude":35.3980564,"coord_type":"general neighborhood","source_1":"https://t.me/mmirleb/17207","source_2":"","sources":""}},{"type":"Feature","geometry":{"type":"Point","coordinates":[35.463703,33.274097,0]},"properties":{"event_id":3645,"data_org":"Green","event_date":"2026-06-07T00:00:00.000Z","post_date":"2026-06-07T00:00:00.000Z","pub_date":"2026-06-07T00:00:00.000Z","actor":"Hezbollah","claimed":"TRUE","event_type":"Drone Attack","city":"Qantara","province":"","country":"Lebanon","latitude":33.274097,"longitude":35.463703,"coord_type":"general town","source_1":"https://t.me/mmirleb/17208","source_2":"","sources":""}},{"type":"Feature","geometry":{"type":"Point","coordinates":[35.36216,33.143039999999985,0]},"properties":{"event_id":3646,"data_org":"Green","event_date":"2026-06-07T00:00:00.000Z","post_date":"2026-06-07T00:00:00.000Z","pub_date":"2026-06-07T00:00:00.000Z","actor":"Hezbollah","claimed":"TRUE","event_type":"Rocket Attack","city":"Rachaf","province":"","country":"Lebanon","latitude":33.14304,"longitude":35.36216,"coord_type":"general town","source_1":"https://t.me/mmirleb/17210","source_2":"https://t.me/mmirleb/17268","sources":""}},{"type":"Feature","geometry":{"type":"Point","coordinates":[35.463703,33.274097,0]},"properties":{"event_id":3647,"data_org":"Green","event_date":"2026-06-07T00:00:00.000Z","post_date":"2026-06-07T00:00:00.000Z","pub_date":"2026-06-07T00:00:00.000Z","actor":"Hezbollah","claimed":"TRUE","event_type":"Drone Attack","city":"Qantara","province":"","country":"Lebanon","latitude":33.274097,"longitude":35.463703,"coord_type":"general town","source_1":"https://t.me/mmirleb/17209","source_2":"","sources":""}},{"type":"Feature","geometry":{"type":"Point","coordinates":[35.53219,33.324229429999995,0]},"properties":{"event_id":3648,"data_org":"Green","event_date":"2026-06-07T00:00:00.000Z","post_date":"2026-06-07T00:00:00.000Z","pub_date":"2026-06-07T00:00:00.000Z","actor":"Hezbollah","claimed":"TRUE","event_type":"Drone Attack","city":"Beaufort Castle","province":"","country":"Lebanon","latitude":33.32422943,"longitude":35.53219,"coord_type":"general neighborhood","source_1":"https://t.me/mmirleb/17211","source_2":"","sources":""}},{"type":"Feature","geometry":{"type":"Point","coordinates":[35.4723748,33.320081,0]},"properties":{"event_id":3649,"data_org":"Green","event_date":"2026-06-06T00:00:00.000Z","post_date":"2026-06-07T00:00:00.000Z","pub_date":"2026-06-07T00:00:00.000Z","actor":"Hezbollah","claimed":"TRUE","event_type":"Rocket Attack","city":"Zawtar al Charqiyeh","province":"","country":"Lebanon","latitude":33.320081,"longitude":35.4723748,"coord_type":"general town","source_1":"https://t.me/mmirleb/17212","source_2":"","sources":""}},{"type":"Feature","geometry":{"type":"Point","coordinates":[35.4723748,33.320081,0]},"properties":{"event_id":3651,"data_org":"Green","event_date":"2026-06-06T00:00:00.000Z","post_date":"2026-06-07T00:00:00.000Z","pub_date":"2026-06-07T00:00:00.000Z","actor":"Hezbollah","claimed":"TRUE","event_type":"Mortar Fire","city":"Zawtar al Charqiyeh","province":"","country":"Lebanon","latitude":33.320081,"longitude":35.4723748,"coord_type":"general town","source_1":"https://t.me/mmirleb/17212","source_2":"","sources":""}},{"type":"Feature","geometry":{"type":"Point","coordinates":[35.4848324,33.37792134999999,0]},"properties":{"event_id":3652,"data_org":"Green","event_date":"2026-06-07T00:00:00.000Z","post_date":"2026-06-07T00:00:00.000Z","pub_date":"2026-06-07T00:00:00.000Z","actor":"Hezbollah","claimed":"TRUE","event_type":"Air Defense","city":"Nabatieh","province":"","country":"Lebanon","latitude":33.37792135,"longitude":35.4848324,"coord_type":"general town","source_1":"https://t.me/mmirleb/17213","source_2":"","sources":""}},{"type":"Feature","geometry":{"type":"Point","coordinates":[35.5193695,33.31107149,0]},"properties":{"event_id":3653,"data_org":"Green","event_date":"2026-06-07T00:00:00.000Z","post_date":"2026-06-07T00:00:00.000Z","pub_date":"2026-06-07T00:00:00.000Z","actor":"Hezbollah","claimed":"TRUE","event_type":"Drone Attack","city":"Yohmor","province":"","country":"Lebanon","latitude":33.31107149,"longitude":35.5193695,"coord_type":"general town","source_1":"https://t.me/mmirleb/17214","source_2":"","sources":""}},{"type":"Feature","geometry":{"type":"Point","coordinates":[35.180523,33.16212199999999,0]},"properties":{"event_id":3654,"data_org":"Green","event_date":"2026-06-07T00:00:00.000Z","post_date":"2026-06-07T00:00:00.000Z","pub_date":"2026-06-07T00:00:00.000Z","actor":"Hezbollah","claimed":"TRUE","event_type":"Mortar Fire","city":"Biyyadah","province":"","country":"Lebanon","latitude":33.162122,"longitude":35.180523,"coord_type":"general town","source_1":"https://t.me/mmirleb/17215","source_2":"","sources":""}},{"type":"Feature","geometry":{"type":"Point","coordinates":[35.53219,33.324229429999995,0]},"properties":{"event_id":3657,"data_org":"Green","event_date":"2026-06-07T00:00:00.000Z","post_date":"2026-06-07T00:00:00.000Z","pub_date":"2026-06-07T00:00:00.000Z","actor":"Hezbollah","claimed":"TRUE","event_type":"Drone Attack","city":"Beaufort Castle","province":"","country":"Lebanon","latitude":33.32422943,"longitude":35.53219,"coord_type":"general neighborhood","source_1":"https://t.me/mmirleb/17219","source_2":"","sources":""}},{"type":"Feature","geometry":{"type":"Point","coordinates":[35.5193695,33.31107149,0]},"properties":{"event_id":3660,"data_org":"Green","event_date":"2026-06-07T00:00:00.000Z","post_date":"2026-06-07T00:00:00.000Z","pub_date":"2026-06-07T00:00:00.000Z","actor":"Hezbollah","claimed":"TRUE","event_type":"Mortar Fire","city":"Yohmor","province":"Nabatieh","country":"Lebanon","latitude":33.31107149,"longitude":35.5193695,"coord_type":"general town","source_1":"https://t.me/mmirleb/17220","source_2":"","sources":""}},{"type":"Feature","geometry":{"type":"Point","coordinates":[35.53219,33.324229429999995,0]},"properties":{"event_id":3664,"data_org":"Green","event_date":"2026-06-07T00:00:00.000Z","post_date":"2026-06-07T00:00:00.000Z","pub_date":"2026-06-07T00:00:00.000Z","actor":"Hezbollah","claimed":"TRUE","event_type":"Drone Attack","city":"Beaufort Castle","province":"Nabatieh","country":"Lebanon","latitude":33.32422943,"longitude":35.53219,"coord_type":"general neighborhood","source_1":"https://t.me/mmirleb/17221","source_2":"https://t.me/mmirleb/17355","sources":""}},{"type":"Feature","geometry":{"type":"Point","coordinates":[35.540517,33.25557735,0]},"properties":{"event_id":3666,"data_org":"Green","event_date":"2026-06-07T00:00:00.000Z","post_date":"2026-06-07T00:00:00.000Z","pub_date":"2026-06-08T00:00:00.000Z","actor":"Hezbollah","claimed":"TRUE","event_type":"Drone Attack","city":"Jal al Hammar, Oddaisseh","province":"Nabatieh","country":"Lebanon","latitude":33.25557735,"longitude":35.540517,"coord_type":"general town","source_1":"https://t.me/mmirleb/17223","source_2":"","sources":""}},{"type":"Feature","geometry":{"type":"Point","coordinates":[35.53219,33.324229429999995,0]},"properties":{"event_id":3667,"data_org":"Green","event_date":"2026-06-07T00:00:00.000Z","post_date":"2026-06-07T00:00:00.000Z","pub_date":"2026-06-08T00:00:00.000Z","actor":"Hezbollah","claimed":"TRUE","event_type":"Drone Attack","city":"Beaufort Castle","province":"Nabatieh","country":"Lebanon","latitude":33.32422943,"longitude":35.53219,"coord_type":"general neighborhood","source_1":"https://t.me/mmirleb/17226","source_2":"https://t.me/mmirleb/17311","sources":""}},{"type":"Feature","geometry":{"type":"Point","coordinates":[35.4742715,33.27206386999998,0]},"properties":{"event_id":3668,"data_org":"Green","event_date":"2026-06-07T00:00:00.000Z","post_date":"2026-06-07T00:00:00.000Z","pub_date":"2026-06-08T00:00:00.000Z","actor":"Hezbollah","claimed":"TRUE","event_type":"Drone Attack","city":"Qantara \"chalet neighborhood\"","province":"Nabatieh","country":"Lebanon","latitude":33.27206387,"longitude":35.4742715,"coord_type":"general neighborhood","source_1":"https://t.me/mmirleb/17227","source_2":"","sources":""}},{"type":"Feature","geometry":{"type":"Point","coordinates":[35.143084,33.12630641,0]},"properties":{"event_id":3669,"data_org":"Green","event_date":"2026-06-07T00:00:00.000Z","post_date":"2026-06-07T00:00:00.000Z","pub_date":"2026-06-08T00:00:00.000Z","actor":"Hezbollah","claimed":"TRUE","event_type":"Drone Attack","city":"Naqoura port","province":"South","country":"Lebanon","latitude":33.12630641,"longitude":35.143084,"coord_type":"general neighborhood","source_1":"https://t.me/mmirleb/17228","source_2":"","sources":""}},{"type":"Feature","geometry":{"type":"Point","coordinates":[35.4211465,33.15896755,0]},"properties":{"event_id":3670,"data_org":"Green","event_date":"2026-06-07T00:00:00.000Z","post_date":"2026-06-08T00:00:00.000Z","pub_date":"2026-06-08T00:00:00.000Z","actor":"Hezbollah","claimed":"TRUE","event_type":"Rocket Attack","city":"Beit Yahoun","province":"Nabatieh","country":"Lebanon","latitude":33.15896755,"longitude":35.4211465,"coord_type":"general town","source_1":"https://t.me/mmirleb/17232","source_2":"","sources":""}},{"type":"Feature","geometry":{"type":"Point","coordinates":[35.53219,33.324229429999995,0]},"properties":{"event_id":3671,"data_org":"Green","event_date":"2026-06-08T00:00:00.000Z","post_date":"2026-06-08T00:00:00.000Z","pub_date":"2026-06-08T00:00:00.000Z","actor":"Hezbollah","claimed":"TRUE","event_type":"Drone Attack","city":"Beaufort Castle","province":"Nabatieh","country":"Lebanon","latitude":33.32422943,"longitude":35.53219,"coord_type":"general neighborhood","source_1":"https://t.me/mmirleb/17236","source_2":"","sources":""}},{"type":"Feature","geometry":{"type":"Point","coordinates":[35.5193695,33.31107149,0]},"properties":{"event_id":3672,"data_org":"Green","event_date":"2026-06-08T00:00:00.000Z","post_date":"2026-06-08T00:00:00.000Z","pub_date":"2026-06-08T00:00:00.000Z","actor":"Hezbollah","claimed":"TRUE","event_type":"Drone Attack","city":"Yohmor","province":"Nabatieh","country":"Lebanon","latitude":33.31107149,"longitude":35.5193695,"coord_type":"general town","source_1":"https://t.me/mmirleb/17237","source_2":"https://t.me/mmirleb/17401","sources":""}},{"type":"Feature","geometry":{"type":"Point","coordinates":[35.36216,33.143039999999985,0]},"properties":{"event_id":3673,"data_org":"Green","event_date":"2026-06-08T00:00:00.000Z","post_date":"2026-06-08T00:00:00.000Z","pub_date":"2026-06-08T00:00:00.000Z","actor":"Hezbollah","claimed":"TRUE","event_type":"Rocket Attack","city":"Rachaf","province":"Nabatieh","country":"Lebanon","latitude":33.14304,"longitude":35.36216,"coord_type":"general town","source_1":"https://t.me/mmirleb/17238","source_2":"","sources":""}},{"type":"Feature","geometry":{"type":"Point","coordinates":[35.54523,33.25438,0]},"properties":{"event_id":3674,"data_org":"Green","event_date":"2026-06-08T00:00:00.000Z","post_date":"2026-06-08T00:00:00.000Z","pub_date":"2026-06-08T00:00:00.000Z","actor":"Hezbollah","claimed":"TRUE","event_type":"Rocket Attack","city":"Oddaisseh","province":"Nabatieh","country":"Lebanon","latitude":33.25438,"longitude":35.54523,"coord_type":"general town","source_1":"https://t.me/mmirleb/17239","source_2":"","sources":""}},{"type":"Feature","geometry":{"type":"Point","coordinates":[35.5193695,33.31107149,0]},"properties":{"event_id":3675,"data_org":"Green","event_date":"2026-06-08T00:00:00.000Z","post_date":"2026-06-08T00:00:00.000Z","pub_date":"2026-06-08T00:00:00.000Z","actor":"Hezbollah","claimed":"TRUE","event_type":"Drone Attack","city":"Yohmor","province":"Nabatieh","country":"Lebanon","latitude":33.31107149,"longitude":35.5193695,"coord_type":"general town","source_1":"https://t.me/mmirleb/17240","source_2":"https://t.me/mmirleb/17411","sources":""}},{"type":"Feature","geometry":{"type":"Point","coordinates":[35.5193695,33.31107149,0]},"properties":{"event_id":3676,"data_org":"Green","event_date":"2026-06-08T00:00:00.000Z","post_date":"2026-06-08T00:00:00.000Z","pub_date":"2026-06-08T00:00:00.000Z","actor":"Hezbollah","claimed":"TRUE","event_type":"Drone Attack","city":"Yohmor","province":"Nabatieh","country":"Lebanon","latitude":33.31107149,"longitude":35.5193695,"coord_type":"general town","source_1":"https://t.me/mmirleb/17241","source_2":"","sources":""}},{"type":"Feature","geometry":{"type":"Point","coordinates":[35.1401119,33.11927448,0]},"properties":{"event_id":3677,"data_org":"Green","event_date":"2026-06-08T00:00:00.000Z","post_date":"2026-06-08T00:00:00.000Z","pub_date":"2026-06-08T00:00:00.000Z","actor":"Hezbollah","claimed":"TRUE","event_type":"Drone Attack","city":"Naqoura","province":"South","country":"Lebanon","latitude":33.11927448,"longitude":35.1401119,"coord_type":"general town","source_1":"https://t.me/mmirleb/17242","source_2":"","sources":""}},{"type":"Feature","geometry":{"type":"Point","coordinates":[35.4044565,33.13575264,0]},"properties":{"event_id":3678,"data_org":"Green","event_date":"2026-06-08T00:00:00.000Z","post_date":"2026-06-08T00:00:00.000Z","pub_date":"2026-06-08T00:00:00.000Z","actor":"Hezbollah","claimed":"TRUE","event_type":"Drone Attack","city":"Tayri","province":"Nabatieh","country":"Lebanon","latitude":33.13575264,"longitude":35.4044565,"coord_type":"general town","source_1":"https://t.me/mmirleb/17244","source_2":"","sources":""}},{"type":"Feature","geometry":{"type":"Point","coordinates":[35.5193695,33.31107149,0]},"properties":{"event_id":3694,"data_org":"Green","event_date":"2026-06-08T00:00:00.000Z","post_date":"2026-06-08T00:00:00.000Z","pub_date":"2026-06-09T00:00:00.000Z","actor":"Hezbollah","claimed":"TRUE","event_type":"Mortar Fire","city":"Yohmor","province":"Nabatieh","country":"Lebanon","latitude":33.31107149,"longitude":35.5193695,"coord_type":"general town","source_1":"https://t.me/mmirleb/17248","source_2":"","sources":""}},{"type":"Feature","geometry":{"type":"Point","coordinates":[35.5193695,33.31107149,0]},"properties":{"event_id":3698,"data_org":"Green","event_date":"2026-06-08T00:00:00.000Z","post_date":"2026-06-08T00:00:00.000Z","pub_date":"2026-06-09T00:00:00.000Z","actor":"Hezbollah","claimed":"TRUE","event_type":"Anti-Tank Fire","city":"Yohmor","province":"Nabatieh","country":"Lebanon","latitude":33.31107149,"longitude":35.5193695,"coord_type":"general town","source_1":"https://t.me/mmirleb/17250","source_2":"","sources":""}},{"type":"Feature","geometry":{"type":"Point","coordinates":[35.5193695,33.31107149,0]},"properties":{"event_id":3699,"data_org":"Green","event_date":"2026-06-08T00:00:00.000Z","post_date":"2026-06-08T00:00:00.000Z","pub_date":"2026-06-09T00:00:00.000Z","actor":"Hezbollah","claimed":"TRUE","event_type":"Mortar Fire","city":"Yohmor","province":"Nabatieh","country":"Lebanon","latitude":33.31107149,"longitude":35.5193695,"coord_type":"general town","source_1":"https://t.me/mmirleb/17251","source_2":"","sources":""}},{"type":"Feature","geometry":{"type":"Point","coordinates":[35.5193695,33.31107149,0]},"properties":{"event_id":3704,"data_org":"Green","event_date":"2026-06-08T00:00:00.000Z","post_date":"2026-06-08T00:00:00.000Z","pub_date":"2026-06-09T00:00:00.000Z","actor":"Hezbollah","claimed":"TRUE","event_type":"Rocket Attack","city":"Yohmor","province":"Nabatieh","country":"Lebanon","latitude":33.31107149,"longitude":35.5193695,"coord_type":"general town","source_1":"https://t.me/mmirleb/17252","source_2":"","sources":""}},{"type":"Feature","geometry":{"type":"Point","coordinates":[35.4343377,33.131018049999994,0]},"properties":{"event_id":3706,"data_org":"Green","event_date":"2026-06-08T00:00:00.000Z","post_date":"2026-06-08T00:00:00.000Z","pub_date":"2026-06-09T00:00:00.000Z","actor":"Hezbollah","claimed":"TRUE","event_type":"Rocket Attack","city":"Ainata","province":"Nabatieh","country":"Lebanon","latitude":33.13101805,"longitude":35.4343377,"coord_type":"general town","source_1":"https://t.me/mmirleb/17253","source_2":"","sources":""}},{"type":"Feature","geometry":{"type":"Point","coordinates":[35.1767584,33.16404453,0]},"properties":{"event_id":3708,"data_org":"Green","event_date":"2026-06-09T00:00:00.000Z","post_date":"2026-06-09T00:00:00.000Z","pub_date":"2026-06-09T00:00:00.000Z","actor":"Hezbollah","claimed":"TRUE","event_type":"Rocket Attack","city":"Biyyadah/Mazraat Buyut as Sayad","province":"South","country":"Lebanon","latitude":33.16404453,"longitude":35.1767584,"coord_type":"general town","source_1":"https://t.me/mmirleb/17255","source_2":"","sources":""}},{"type":"Feature","geometry":{"type":"Point","coordinates":[35.4723748,33.320081,0]},"properties":{"event_id":9985,"data_org":"Green","event_date":"2026-06-09T00:00:00.000Z","post_date":"2026-06-09T00:00:00.000Z","pub_date":"2026-06-09T00:00:00.000Z","actor":"Hezbollah","claimed":"TRUE","event_type":"Drone Attack","city":"Zawtar al Charqiyeh","province":"Nabatieh","country":"Lebanon","latitude":33.320081,"longitude":35.4723748,"coord_type":"general town","source_1":"https://t.me/mmirleb/17262","source_2":"","sources":""}},{"type":"Feature","geometry":{"type":"Point","coordinates":[35.463703,33.274097,0]},"properties":{"event_id":3722,"data_org":"Green","event_date":"2026-06-09T00:00:00.000Z","post_date":"2026-06-09T00:00:00.000Z","pub_date":"2026-06-09T00:00:00.000Z","actor":"Hezbollah","claimed":"TRUE","event_type":"Drone Attack","city":"Qantara","province":"Nabatieh","country":"Lebanon","latitude":33.274097,"longitude":35.463703,"coord_type":"general town","source_1":"https://t.me/mmirleb/17263","source_2":"","sources":""}},{"type":"Feature","geometry":{"type":"Point","coordinates":[35.463703,33.274097,0]},"properties":{"event_id":3723,"data_org":"Green","event_date":"2026-06-09T00:00:00.000Z","post_date":"2026-06-09T00:00:00.000Z","pub_date":"2026-06-09T00:00:00.000Z","actor":"Hezbollah","claimed":"TRUE","event_type":"Missile Attack","city":"Qantara","province":"Nabatieh","country":"Lebanon","latitude":33.274097,"longitude":35.463703,"coord_type":"general town","source_1":"https://t.me/mmirleb/17264","source_2":"https://x.com/imp_navigator/status/2066254637053731094/video/2","sources":""}},{"type":"Feature","geometry":{"type":"Point","coordinates":[35.4449601,33.10822188,0]},"properties":{"event_id":3724,"data_org":"Green","event_date":"2026-06-09T00:00:00.000Z","post_date":"2026-06-09T00:00:00.000Z","pub_date":"2026-06-09T00:00:00.000Z","actor":"Hezbollah","claimed":"TRUE","event_type":"Rocket Attack","city":"Maroun al Ras","province":"Nabatieh","country":"Lebanon","latitude":33.10822188,"longitude":35.4449601,"coord_type":"general town","source_1":"https://t.me/mmirleb/17265","source_2":"","sources":""}},{"type":"Feature","geometry":{"type":"Point","coordinates":[35.1686668,33.155914579999994,0]},"properties":{"event_id":3727,"data_org":"Green","event_date":"2026-06-09T00:00:00.000Z","post_date":"2026-06-09T00:00:00.000Z","pub_date":"2026-06-09T00:00:00.000Z","actor":"Hezbollah","claimed":"TRUE","event_type":"Drone Attack","city":"Iskandarouneh","province":"South","country":"Lebanon","latitude":33.15591458,"longitude":35.1686668,"coord_type":"general town","source_1":"https://t.me/mmirleb/17269","source_2":"","sources":""}},{"type":"Feature","geometry":{"type":"Point","coordinates":[35.1401119,33.11927448,0]},"properties":{"event_id":3728,"data_org":"Green","event_date":"2026-06-09T00:00:00.000Z","post_date":"2026-06-09T00:00:00.000Z","pub_date":"2026-06-09T00:00:00.000Z","actor":"Hezbollah","claimed":"TRUE","event_type":"Drone Attack","city":"Naqoura","province":"South","country":"Lebanon","latitude":33.11927448,"longitude":35.1401119,"coord_type":"general town","source_1":"https://t.me/mmirleb/17270","source_2":"","sources":""}},{"type":"Feature","geometry":{"type":"Point","coordinates":[35.6148058,33.330201120000005,0]},"properties":{"event_id":3730,"data_org":"Green","event_date":"2026-06-09T00:00:00.000Z","post_date":"2026-06-09T00:00:00.000Z","pub_date":"2026-06-09T00:00:00.000Z","actor":"Hezbollah","claimed":"TRUE","event_type":"Drone Attack","city":"Khiam","province":"Nabatieh","country":"Lebanon","latitude":33.33020112,"longitude":35.6148058,"coord_type":"general town","source_1":"https://t.me/mmirleb/17274","source_2":"https://t.me/mmirleb/17485","sources":""}},{"type":"Feature","geometry":{"type":"Point","coordinates":[35.1232865,33.116840629999984,0]},"properties":{"event_id":3734,"data_org":"Green","event_date":"2026-06-09T00:00:00.000Z","post_date":"2026-06-09T00:00:00.000Z","pub_date":"2026-06-09T00:00:00.000Z","actor":"Hezbollah","claimed":"TRUE","event_type":"Drone Attack","city":"Naqoura","province":"South","country":"Lebanon","latitude":33.11684063,"longitude":35.1232865,"coord_type":"general neighborhood","source_1":"https://t.me/mmirleb/17275","source_2":"","sources":""}},{"type":"Feature","geometry":{"type":"Point","coordinates":[35.36216,33.143039999999985,0]},"properties":{"event_id":3737,"data_org":"Green","event_date":"2026-06-09T00:00:00.000Z","post_date":"2026-06-09T00:00:00.000Z","pub_date":"2026-06-10T00:00:00.000Z","actor":"Hezbollah","claimed":"TRUE","event_type":"Rocket Attack","city":"Rachaf","province":"Nabatieh","country":"Lebanon","latitude":33.14304,"longitude":35.36216,"coord_type":"general town","source_1":"https://t.me/mmirleb/17276","source_2":"","sources":""}},{"type":"Feature","geometry":{"type":"Point","coordinates":[35.3443979,33.11780317,0]},"properties":{"event_id":3738,"data_org":"Green","event_date":"2026-06-09T00:00:00.000Z","post_date":"2026-06-09T00:00:00.000Z","pub_date":"2026-06-10T00:00:00.000Z","actor":"Hezbollah","claimed":"TRUE","event_type":"Rocket Attack","city":"Qouzah","province":"Nabatieh","country":"Lebanon","latitude":33.11780317,"longitude":35.3443979,"coord_type":"general town","source_1":"https://t.me/mmirleb/17277","source_2":"","sources":""}},{"type":"Feature","geometry":{"type":"Point","coordinates":[35.180523,33.16212199999999,0]},"properties":{"event_id":3739,"data_org":"Green","event_date":"2026-06-09T00:00:00.000Z","post_date":"2026-06-09T00:00:00.000Z","pub_date":"2026-06-10T00:00:00.000Z","actor":"Hezbollah","claimed":"TRUE","event_type":"Rocket Attack","city":"Biyyadah","province":"South","country":"Lebanon","latitude":33.162122,"longitude":35.180523,"coord_type":"general town","source_1":"https://t.me/mmirleb/17278","source_2":"","sources":""}},{"type":"Feature","geometry":{"type":"Point","coordinates":[35.463703,33.274097,0]},"properties":{"event_id":3740,"data_org":"Green","event_date":"2026-06-09T00:00:00.000Z","post_date":"2026-06-09T00:00:00.000Z","pub_date":"2026-06-10T00:00:00.000Z","actor":"Hezbollah","claimed":"TRUE","event_type":"Rocket Attack","city":"Qantara","province":"Nabatieh","country":"Lebanon","latitude":33.274097,"longitude":35.463703,"coord_type":"general town","source_1":"https://t.me/mmirleb/17279","source_2":"https://t.me/mmirleb/17374","sources":""}},{"type":"Feature","geometry":{"type":"Point","coordinates":[35.180523,33.16212199999999,0]},"properties":{"event_id":3741,"data_org":"Green","event_date":"2026-06-09T00:00:00.000Z","post_date":"2026-06-09T00:00:00.000Z","pub_date":"2026-06-10T00:00:00.000Z","actor":"Hezbollah","claimed":"TRUE","event_type":"Rocket Attack","city":"Biyyadah","province":"South","country":"Lebanon","latitude":33.162122,"longitude":35.180523,"coord_type":"general town","source_1":"https://t.me/mmirleb/17281","source_2":"","sources":""}},{"type":"Feature","geometry":{"type":"Point","coordinates":[35.5193695,33.31107149,0]},"properties":{"event_id":3742,"data_org":"Green","event_date":"2026-06-10T00:00:00.000Z","post_date":"2026-06-10T00:00:00.000Z","pub_date":"2026-06-10T00:00:00.000Z","actor":"Hezbollah","claimed":"TRUE","event_type":"Rocket Attack","city":"Yohmor","province":"Nabatieh","country":"Lebanon","latitude":33.31107149,"longitude":35.5193695,"coord_type":"general town","source_1":"https://t.me/mmirleb/17282","source_2":"","sources":""}},{"type":"Feature","geometry":{"type":"Point","coordinates":[35.3687,33.119749999999996,0]},"properties":{"event_id":3743,"data_org":"Green","event_date":"2026-06-10T00:00:00.000Z","post_date":"2026-06-10T00:00:00.000Z","pub_date":"2026-06-10T00:00:00.000Z","actor":"Hezbollah","claimed":"TRUE","event_type":"Drone Attack","city":"Debl","province":"Nabatieh","country":"Lebanon","latitude":33.11975,"longitude":35.3687,"coord_type":"general town","source_1":"https://t.me/mmirleb/17284","source_2":"","sources":""}},{"type":"Feature","geometry":{"type":"Point","coordinates":[35.5193695,33.31107149,0]},"properties":{"event_id":3744,"data_org":"Green","event_date":"2026-06-10T00:00:00.000Z","post_date":"2026-06-10T00:00:00.000Z","pub_date":"2026-06-10T00:00:00.000Z","actor":"Hezbollah","claimed":"TRUE","event_type":"Rocket and Mortar attack","city":"Yohmor","province":"Nabatieh","country":"Lebanon","latitude":33.31107149,"longitude":35.5193695,"coord_type":"general town","source_1":"https://t.me/mmirleb/17288","source_2":"","sources":""}},{"type":"Feature","geometry":{"type":"Point","coordinates":[35.5193695,33.31107149,0]},"properties":{"event_id":3745,"data_org":"Green","event_date":"2026-06-10T00:00:00.000Z","post_date":"2026-06-10T00:00:00.000Z","pub_date":"2026-06-10T00:00:00.000Z","actor":"Hezbollah","claimed":"TRUE","event_type":"Rocket and Mortar attack","city":"Yohmor","province":"Nabatieh","country":"Lebanon","latitude":33.31107149,"longitude":35.5193695,"coord_type":"general town","source_1":"https://t.me/mmirleb/17288","source_2":"","sources":""}},{"type":"Feature","geometry":{"type":"Point","coordinates":[35.5193695,33.31107149,0]},"properties":{"event_id":3746,"data_org":"Green","event_date":"2026-06-10T00:00:00.000Z","post_date":"2026-06-10T00:00:00.000Z","pub_date":"2026-06-10T00:00:00.000Z","actor":"Hezbollah","claimed":"TRUE","event_type":"Rocket and Mortar attack","city":"Yohmor","province":"Nabatieh","country":"Lebanon","latitude":33.31107149,"longitude":35.5193695,"coord_type":"general town","source_1":"https://t.me/mmirleb/17288","source_2":"","sources":""}},{"type":"Feature","geometry":{"type":"Point","coordinates":[35.5193695,33.31107149,0]},"properties":{"event_id":3747,"data_org":"Green","event_date":"2026-06-10T00:00:00.000Z","post_date":"2026-06-10T00:00:00.000Z","pub_date":"2026-06-10T00:00:00.000Z","actor":"Hezbollah","claimed":"TRUE","event_type":"Rocket and Mortar attack","city":"Yohmor","province":"Nabatieh","country":"Lebanon","latitude":33.31107149,"longitude":35.5193695,"coord_type":"general town","source_1":"https://t.me/mmirleb/17288","source_2":"","sources":""}},{"type":"Feature","geometry":{"type":"Point","coordinates":[35.463703,33.274097,0]},"properties":{"event_id":3748,"data_org":"Green","event_date":"2026-06-10T00:00:00.000Z","post_date":"2026-06-10T00:00:00.000Z","pub_date":"2026-06-10T00:00:00.000Z","actor":"Hezbollah","claimed":"TRUE","event_type":"Rocket Attack","city":"Qantara","province":"Nabatieh","country":"Lebanon","latitude":33.274097,"longitude":35.463703,"coord_type":"general town","source_1":"https://t.me/mmirleb/17289","source_2":"","sources":""}},{"type":"Feature","geometry":{"type":"Point","coordinates":[35.463703,33.274097,0]},"properties":{"event_id":3753,"data_org":"Green","event_date":"2026-06-10T00:00:00.000Z","post_date":"2026-06-10T00:00:00.000Z","pub_date":"2026-06-10T00:00:00.000Z","actor":"Hezbollah","claimed":"TRUE","event_type":"Drone Attack","city":"Qantara","province":"Nabatieh","country":"Lebanon","latitude":33.274097,"longitude":35.463703,"coord_type":"general town","source_1":"https://t.me/almanarnews/254303","source_2":"https://t.me/mmirleb/17293","sources":""}},{"type":"Feature","geometry":{"type":"Point","coordinates":[35.4723748,33.320081,0]},"properties":{"event_id":3720,"data_org":"Green","event_date":"2026-06-10T00:00:00.000Z","post_date":"2026-06-10T00:00:00.000Z","pub_date":"2026-06-10T00:00:00.000Z","actor":"Hezbollah","claimed":"TRUE","event_type":"Drone Attack","city":"Zawtar al Charqiyeh","province":"Nabatieh","country":"Lebanon","latitude":33.320081,"longitude":35.4723748,"coord_type":"general town","source_1":"https://t.me/almanarnews/254304","source_2":"https://t.me/mmirleb/17294","sources":""}},{"type":"Feature","geometry":{"type":"Point","coordinates":[35.4723748,33.320081,0]},"properties":{"event_id":3755,"data_org":"Green","event_date":"2026-06-10T00:00:00.000Z","post_date":"2026-06-10T00:00:00.000Z","pub_date":"2026-06-10T00:00:00.000Z","actor":"Hezbollah","claimed":"TRUE","event_type":"Drone Attack","city":"Zawtar al Charqiyeh","province":"Nabatieh","country":"Lebanon","latitude":33.320081,"longitude":35.4723748,"coord_type":"general town","source_1":"https://t.me/almanarnews/254305","source_2":"https://t.me/mmirleb/17295","sources":""}},{"type":"Feature","geometry":{"type":"Point","coordinates":[35.180523,33.16212199999999,0]},"properties":{"event_id":3756,"data_org":"Green","event_date":"2026-06-10T00:00:00.000Z","post_date":"2026-06-10T00:00:00.000Z","pub_date":"2026-06-10T00:00:00.000Z","actor":"Hezbollah","claimed":"TRUE","event_type":"Rocket Attack","city":"Biyyadah","province":"South","country":"Lebanon","latitude":33.162122,"longitude":35.180523,"coord_type":"general town","source_1":"https://t.me/mmirleb/17296","source_2":"","sources":""}},{"type":"Feature","geometry":{"type":"Point","coordinates":[35.2184854,33.12675884,0]},"properties":{"event_id":3761,"data_org":"Green","event_date":"2026-06-11T00:00:00.000Z","post_date":"2026-06-11T00:00:00.000Z","pub_date":"2026-06-11T00:00:00.000Z","actor":"Hezbollah","claimed":"TRUE","event_type":"Rocket Attack","city":"Tayr Harfa","province":"South","country":"Lebanon","latitude":33.12675884,"longitude":35.2184854,"coord_type":"general town","source_1":"https://t.me/mmirleb/17301","source_2":"","sources":""}},{"type":"Feature","geometry":{"type":"Point","coordinates":[35.2184854,33.12675884,0]},"properties":{"event_id":3762,"data_org":"Green","event_date":"2026-06-11T00:00:00.000Z","post_date":"2026-06-11T00:00:00.000Z","pub_date":"2026-06-11T00:00:00.000Z","actor":"Hezbollah","claimed":"TRUE","event_type":"Rocket Attack","city":"Tayr Harfa","province":"South","country":"Lebanon","latitude":33.12675884,"longitude":35.2184854,"coord_type":"general town","source_1":"https://t.me/mmirleb/17302","source_2":"","sources":""}},{"type":"Feature","geometry":{"type":"Point","coordinates":[35.4997288,33.292020629999996,0]},"properties":{"event_id":3765,"data_org":"Green","event_date":"2026-06-11T00:00:00.000Z","post_date":"2026-06-11T00:00:00.000Z","pub_date":"2026-06-11T00:00:00.000Z","actor":"Hezbollah","claimed":"TRUE","event_type":"Drone Attack","city":"Khalla al Raj area, Deir Seryan","province":"Nabatieh","country":"Lebanon","latitude":33.29202063,"longitude":35.4997288,"coord_type":"general town","source_1":"https://t.me/mmirleb/17306","source_2":"","sources":""}},{"type":"Feature","geometry":{"type":"Point","coordinates":[35.54523,33.25438,0]},"properties":{"event_id":3766,"data_org":"Green","event_date":"2026-06-11T00:00:00.000Z","post_date":"2026-06-11T00:00:00.000Z","pub_date":"2026-06-11T00:00:00.000Z","actor":"Hezbollah","claimed":"TRUE","event_type":"Drone Attack","city":"Oddaisseh","province":"Nabatieh","country":"Lebanon","latitude":33.25438,"longitude":35.54523,"coord_type":"general town","source_1":"https://t.me/mmirleb/17307","source_2":"","sources":""}},{"type":"Feature","geometry":{"type":"Point","coordinates":[35.54523,33.25438,0]},"properties":{"event_id":3767,"data_org":"Green","event_date":"2026-06-11T00:00:00.000Z","post_date":"2026-06-11T00:00:00.000Z","pub_date":"2026-06-11T00:00:00.000Z","actor":"Hezbollah","claimed":"TRUE","event_type":"Drone Attack","city":"Oddaisseh","province":"Nabatieh","country":"Lebanon","latitude":33.25438,"longitude":35.54523,"coord_type":"general town","source_1":"https://t.me/mmirleb/17308","source_2":"","sources":""}},{"type":"Feature","geometry":{"type":"Point","coordinates":[36.258428,34.04426080999999,0]},"properties":{"event_id":3790,"data_org":"Green","event_date":"2026-06-11T00:00:00.000Z","post_date":"2026-06-11T00:00:00.000Z","pub_date":"2026-06-11T00:00:00.000Z","actor":"Hezbollah","claimed":"TRUE","event_type":"Air Defense Activity","city":"Nahleh","province":"Baalbek-Hermel","country":"Lebanon","latitude":34.04426081,"longitude":36.258428,"coord_type":"general town","source_1":"https://t.me/mmirleb/17313","source_2":"https://x.com/sentdefender/status/2065110901431128555","sources":""}},{"type":"Feature","geometry":{"type":"Point","coordinates":[35.540517,33.25557735,0]},"properties":{"event_id":3791,"data_org":"Green","event_date":"2026-06-11T00:00:00.000Z","post_date":"2026-06-11T00:00:00.000Z","pub_date":"2026-06-11T00:00:00.000Z","actor":"Hezbollah","claimed":"TRUE","event_type":"Drone Attack","city":"Jal al Hammar, Oddaisseh","province":"Nabatieh","country":"Lebanon","latitude":33.25557735,"longitude":35.540517,"coord_type":"general town","source_1":"https://t.me/mmirleb/17314","source_2":"","sources":""}},{"type":"Feature","geometry":{"type":"Point","coordinates":[35.1232865,33.116840629999984,0]},"properties":{"event_id":3798,"data_org":"Green","event_date":"2026-06-10T00:00:00.000Z","post_date":"2026-06-11T00:00:00.000Z","pub_date":"2026-06-12T00:00:00.000Z","actor":"Hezbollah","claimed":"TRUE","event_type":"Drone Attack","city":"Naqoura","province":"South","country":"Lebanon","latitude":33.11684063,"longitude":35.1232865,"coord_type":"general town","source_1":"https://t.me/mmirleb/17322","source_2":"","sources":""}},{"type":"Feature","geometry":{"type":"Point","coordinates":[35.3443979,33.11780317,0]},"properties":{"event_id":3799,"data_org":"Green","event_date":"2026-06-10T00:00:00.000Z","post_date":"2026-06-11T00:00:00.000Z","pub_date":"2026-06-12T00:00:00.000Z","actor":"Hezbollah","claimed":"TRUE","event_type":"Rocket Attack","city":"Qouzah","province":"Nabatieh","country":"Lebanon","latitude":33.11780317,"longitude":35.3443979,"coord_type":"general town","source_1":"https://t.me/mmirleb/17323","source_2":"","sources":""}},{"type":"Feature","geometry":{"type":"Point","coordinates":[35.36216,33.143039999999985,0]},"properties":{"event_id":3800,"data_org":"Green","event_date":"2026-06-10T00:00:00.000Z","post_date":"2026-06-11T00:00:00.000Z","pub_date":"2026-06-12T00:00:00.000Z","actor":"Hezbollah","claimed":"TRUE","event_type":"Rocket Attack","city":"Rachaf","province":"Nabatieh","country":"Lebanon","latitude":33.14304,"longitude":35.36216,"coord_type":"general town","source_1":"https://t.me/mmirleb/17324","source_2":"","sources":""}},{"type":"Feature","geometry":{"type":"Point","coordinates":[35.2377614,33.12953803,0]},"properties":{"event_id":3801,"data_org":"Green","event_date":"2026-06-10T00:00:00.000Z","post_date":"2026-06-11T00:00:00.000Z","pub_date":"2026-06-12T00:00:00.000Z","actor":"Hezbollah","claimed":"TRUE","event_type":"IED Detonated","city":"Wadi Hassan/Tayr Harfa","province":"South","country":"Lebanon","latitude":33.12953803,"longitude":35.2377614,"coord_type":"general town","source_1":"https://t.me/mmirleb/17325","source_2":"","sources":""}},{"type":"Feature","geometry":{"type":"Point","coordinates":[35.36216,33.143039999999985,0]},"properties":{"event_id":3802,"data_org":"Green","event_date":"2026-06-11T00:00:00.000Z","post_date":"2026-06-11T00:00:00.000Z","pub_date":"2026-06-12T00:00:00.000Z","actor":"Hezbollah","claimed":"TRUE","event_type":"Drone Attack","city":"Rachaf","province":"Nabatieh","country":"Lebanon","latitude":33.14304,"longitude":35.36216,"coord_type":"general town","source_1":"https://t.me/mmirleb/17326","source_2":"","sources":""}},{"type":"Feature","geometry":{"type":"Point","coordinates":[35.4723748,33.320081,0]},"properties":{"event_id":3803,"data_org":"Green","event_date":"2026-06-11T00:00:00.000Z","post_date":"2026-06-11T00:00:00.000Z","pub_date":"2026-06-12T00:00:00.000Z","actor":"Hezbollah","claimed":"TRUE","event_type":"Drone Attack","city":"Zawtar el Charqiyeh","province":"Nabatieh","country":"Lebanon","latitude":33.320081,"longitude":35.4723748,"coord_type":"general town","source_1":"https://t.me/mmirleb/17327","source_2":"","sources":""}},{"type":"Feature","geometry":{"type":"Point","coordinates":[35.5193695,33.31107149,0]},"properties":{"event_id":3804,"data_org":"Green","event_date":"2026-06-11T00:00:00.000Z","post_date":"2026-06-11T00:00:00.000Z","pub_date":"2026-06-12T00:00:00.000Z","actor":"Hezbollah","claimed":"TRUE","event_type":"Drone Attack","city":"Yohmor","province":"Nabatieh","country":"Lebanon","latitude":33.31107149,"longitude":35.5193695,"coord_type":"general town","source_1":"https://t.me/mmirleb/17328","source_2":"","sources":""}},{"type":"Feature","geometry":{"type":"Point","coordinates":[35.53219,33.324229429999995,0]},"properties":{"event_id":3805,"data_org":"Green","event_date":"2026-06-11T00:00:00.000Z","post_date":"2026-06-11T00:00:00.000Z","pub_date":"2026-06-12T00:00:00.000Z","actor":"Hezbollah","claimed":"TRUE","event_type":"Drone Attack","city":"Yohmor","province":"Nabatieh","country":"Lebanon","latitude":33.32422943,"longitude":35.53219,"coord_type":"general neighborhood","source_1":"https://t.me/mmirleb/17329","source_2":"https://t.me/mmirleb/17598","sources":""}},{"type":"Feature","geometry":{"type":"Point","coordinates":[35.4287476,33.13227457000001,0]},"properties":{"event_id":3806,"data_org":"Green","event_date":"2026-06-11T00:00:00.000Z","post_date":"2026-06-11T00:00:00.000Z","pub_date":"2026-06-12T00:00:00.000Z","actor":"Hezbollah","claimed":"TRUE","event_type":"Rocket Attack","city":"Bint Jbeil","province":"Nabatieh","country":"Lebanon","latitude":33.13227457,"longitude":35.4287476,"coord_type":"general neighborhood","source_1":"https://t.me/mmirleb/17330","source_2":"","sources":""}},{"type":"Feature","geometry":{"type":"Point","coordinates":[35.4287476,33.13227457000001,0]},"properties":{"event_id":3807,"data_org":"Green","event_date":"2026-06-11T00:00:00.000Z","post_date":"2026-06-11T00:00:00.000Z","pub_date":"2026-06-12T00:00:00.000Z","actor":"Hezbollah","claimed":"TRUE","event_type":"Mortar Fire","city":"Bint Jbeil","province":"Nabatieh","country":"Lebanon","latitude":33.13227457,"longitude":35.4287476,"coord_type":"general neighborhood","source_1":"https://t.me/mmirleb/17330","source_2":"","sources":""}},{"type":"Feature","geometry":{"type":"Point","coordinates":[35.2184854,33.12675884,0]},"properties":{"event_id":3808,"data_org":"Green","event_date":"2026-06-11T00:00:00.000Z","post_date":"2026-06-11T00:00:00.000Z","pub_date":"2026-06-12T00:00:00.000Z","actor":"Hezbollah","claimed":"TRUE","event_type":"Drone Attack","city":"Tayr Harfa","province":"South","country":"Lebanon","latitude":33.12675884,"longitude":35.2184854,"coord_type":"general town","source_1":"https://t.me/mmirleb/17331","source_2":"https://t.me/mmirleb/17561","sources":""}},{"type":"Feature","geometry":{"type":"Point","coordinates":[35.2184854,33.12675884,0]},"properties":{"event_id":3809,"data_org":"Green","event_date":"2026-06-11T00:00:00.000Z","post_date":"2026-06-11T00:00:00.000Z","pub_date":"2026-06-12T00:00:00.000Z","actor":"Hezbollah","claimed":"TRUE","event_type":"Rocket Attack","city":"Tayr Harfa","province":"South","country":"Lebanon","latitude":33.12675884,"longitude":35.2184854,"coord_type":"general town","source_1":"https://t.me/mmirleb/17333","source_2":"","sources":""}},{"type":"Feature","geometry":{"type":"Point","coordinates":[35.2184854,33.12675884,0]},"properties":{"event_id":3819,"data_org":"Green","event_date":"2026-06-11T00:00:00.000Z","post_date":"2026-06-11T00:00:00.000Z","pub_date":"2026-06-12T00:00:00.000Z","actor":"Hezbollah","claimed":"TRUE","event_type":"Rocket Attack","city":"Tayr Harfa","province":"South","country":"Lebanon","latitude":33.12675884,"longitude":35.2184854,"coord_type":"general town","source_1":"https://t.me/mmirleb/17334","source_2":"","sources":""}},{"type":"Feature","geometry":{"type":"Point","coordinates":[35.463703,33.274097,0]},"properties":{"event_id":3820,"data_org":"Green","event_date":"2026-06-11T00:00:00.000Z","post_date":"2026-06-11T00:00:00.000Z","pub_date":"2026-06-12T00:00:00.000Z","actor":"Hezbollah","claimed":"TRUE","event_type":"missile attack","city":"Qantara","province":"Nabatieh","country":"Lebanon","latitude":33.274097,"longitude":35.463703,"coord_type":"general town","source_1":"https://t.me/mmirleb/17335","source_2":"https://t.me/mmirleb/17501","sources":""}},{"type":"Feature","geometry":{"type":"Point","coordinates":[35.1988618,33.15192725,0]},"properties":{"event_id":3821,"data_org":"Green","event_date":"2026-06-11T00:00:00.000Z","post_date":"2026-06-12T00:00:00.000Z","pub_date":"2026-06-12T00:00:00.000Z","actor":"Hezbollah","claimed":"TRUE","event_type":"Rocket Attack","city":"Chama","province":"South","country":"Lebanon","latitude":33.15192725,"longitude":35.1988618,"coord_type":"general town","source_1":"https://t.me/mmirleb/17338","source_2":"","sources":""}},{"type":"Feature","geometry":{"type":"Point","coordinates":[35.1988618,33.15192725,0]},"properties":{"event_id":3822,"data_org":"Green","event_date":"2026-06-11T00:00:00.000Z","post_date":"2026-06-12T00:00:00.000Z","pub_date":"2026-06-12T00:00:00.000Z","actor":"Hezbollah","claimed":"TRUE","event_type":"Mortar Fire","city":"Chama","province":"South","country":"Lebanon","latitude":33.15192725,"longitude":35.1988618,"coord_type":"general town","source_1":"https://t.me/mmirleb/17338","source_2":"","sources":""}},{"type":"Feature","geometry":{"type":"Point","coordinates":[35.2184854,33.12675884,0]},"properties":{"event_id":3823,"data_org":"Green","event_date":"2026-06-12T00:00:00.000Z","post_date":"2026-06-12T00:00:00.000Z","pub_date":"2026-06-12T00:00:00.000Z","actor":"Hezbollah","claimed":"TRUE","event_type":"Drone Attack","city":"Tayr Harfa","province":"South","country":"Lebanon","latitude":33.12675884,"longitude":35.2184854,"coord_type":"general town","source_1":"https://t.me/mmirleb/17342","source_2":"https://t.me/mmirleb/17566","sources":""}},{"type":"Feature","geometry":{"type":"Point","coordinates":[35.1988618,33.15192725,0]},"properties":{"event_id":3824,"data_org":"Green","event_date":"2026-06-12T00:00:00.000Z","post_date":"2026-06-12T00:00:00.000Z","pub_date":"2026-06-12T00:00:00.000Z","actor":"Hezbollah","claimed":"TRUE","event_type":"Drone Attack","city":"Chama","province":"South","country":"Lebanon","latitude":33.15192725,"longitude":35.1988618,"coord_type":"general town","source_1":"https://t.me/mmirleb/17343","source_2":"","sources":""}},{"type":"Feature","geometry":{"type":"Point","coordinates":[35.2314155,33.143931589999994,0]},"properties":{"event_id":3826,"data_org":"Green","event_date":"2026-06-12T00:00:00.000Z","post_date":"2026-06-12T00:00:00.000Z","pub_date":"2026-06-12T00:00:00.000Z","actor":"Hezbollah","claimed":"TRUE","event_type":"Small Arms Engagement","city":"Tayr Harfa/Majdal Zoun","province":"South","country":"Lebanon","latitude":33.14393159,"longitude":35.2314155,"coord_type":"general town","source_1":"https://t.me/mmirleb/17349","source_2":"","sources":""}},{"type":"Feature","geometry":{"type":"Point","coordinates":[35.290013,33.113859999999995,0]},"properties":{"event_id":3829,"data_org":"Green","event_date":"2026-06-12T00:00:00.000Z","post_date":"2026-06-12T00:00:00.000Z","pub_date":"2026-06-12T00:00:00.000Z","actor":"Hezbollah","claimed":"TRUE","event_type":"Rocket Attack","city":"Jabal Blat (Marwahin)","province":"Nabatieh","country":"Lebanon","latitude":33.11386,"longitude":35.290013,"coord_type":"exact","source_1":"https://t.me/mmirleb/17350","source_2":"","sources":""}},{"type":"Feature","geometry":{"type":"Point","coordinates":[35.3443979,33.11780317,0]},"properties":{"event_id":3830,"data_org":"Green","event_date":"2026-06-12T00:00:00.000Z","post_date":"2026-06-12T00:00:00.000Z","pub_date":"2026-06-12T00:00:00.000Z","actor":"Hezbollah","claimed":"TRUE","event_type":"Rocket Attack","city":"Qouzah","province":"Nabatieh","country":"Lebanon","latitude":33.11780317,"longitude":35.3443979,"coord_type":"general town","source_1":"https://t.me/mmirleb/17351","source_2":"","sources":""}},{"type":"Feature","geometry":{"type":"Point","coordinates":[35.36216,33.143039999999985,0]},"properties":{"event_id":3831,"data_org":"Green","event_date":"2026-06-12T00:00:00.000Z","post_date":"2026-06-12T00:00:00.000Z","pub_date":"2026-06-12T00:00:00.000Z","actor":"Hezbollah","claimed":"TRUE","event_type":"Rocket Attack","city":"Rachaf","province":"Nabatieh","country":"Lebanon","latitude":33.14304,"longitude":35.36216,"coord_type":"general town","source_1":"https://t.me/mmirleb/17352","source_2":"","sources":""}},{"type":"Feature","geometry":{"type":"Point","coordinates":[35.592837100000004,33.29369715,0]},"properties":{"event_id":3838,"data_org":"Green","event_date":"2026-06-12T00:00:00.000Z","post_date":"2026-06-12T00:00:00.000Z","pub_date":"2026-06-12T00:00:00.000Z","actor":"Hezbollah","claimed":"FALSE","event_type":"Drone Attack","city":"Khiam","province":"Nabatieh","country":"Lebanon","latitude":33.29369715,"longitude":35.5928371,"coord_type":"exact","source_1":"https://t.me/mmirleb/17353","source_2":"","sources":""}},{"type":"Feature","geometry":{"type":"Point","coordinates":[35.6053858,33.298118779999996,0]},"properties":{"event_id":3839,"data_org":"Green","event_date":"2026-06-12T00:00:00.000Z","post_date":"2026-06-12T00:00:00.000Z","pub_date":"2026-06-12T00:00:00.000Z","actor":"Hezbollah","claimed":"FALSE","event_type":"Drone Attack","city":"Mazraat Sardah","province":"Nabatieh","country":"Lebanon","latitude":33.29811878,"longitude":35.6053858,"coord_type":"general town","source_1":"https://t.me/mmirleb/17354","source_2":"","sources":""}},{"type":"Feature","geometry":{"type":"Point","coordinates":[35.5193695,33.31107149,0]},"properties":{"event_id":3847,"data_org":"Green","event_date":"2026-06-12T00:00:00.000Z","post_date":"2026-06-12T00:00:00.000Z","pub_date":"2026-06-13T00:00:00.000Z","actor":"Hezbollah","claimed":"TRUE","event_type":"Mortar Fire","city":"Yohmor","province":"Nabatieh","country":"Lebanon","latitude":33.31107149,"longitude":35.5193695,"coord_type":"general town","source_1":"https://t.me/mmirleb/17361","source_2":"","sources":""}},{"type":"Feature","geometry":{"type":"Point","coordinates":[35.5944769,33.29560635999999,0]},"properties":{"event_id":3848,"data_org":"Green","event_date":"2026-06-12T00:00:00.000Z","post_date":"2026-06-12T00:00:00.000Z","pub_date":"2026-06-13T00:00:00.000Z","actor":"Hezbollah","claimed":"TRUE","event_type":"Drone Attack","city":"Khiam","province":"Nabatieh","country":"Lebanon","latitude":33.29560636,"longitude":35.5944769,"coord_type":"exact","source_1":"https://t.me/mmirleb/17362","source_2":"","sources":""}},{"type":"Feature","geometry":{"type":"Point","coordinates":[35.5193695,33.31107149,0]},"properties":{"event_id":3849,"data_org":"Green","event_date":"2026-06-12T00:00:00.000Z","post_date":"2026-06-12T00:00:00.000Z","pub_date":"2026-06-13T00:00:00.000Z","actor":"Hezbollah","claimed":"TRUE","event_type":"Drone Attack","city":"Yohmor","province":"Nabatieh","country":"Lebanon","latitude":33.31107149,"longitude":35.5193695,"coord_type":"general town","source_1":"https://t.me/mmirleb/17363","source_2":"https://t.me/mmirleb/17556","sources":""}},{"type":"Feature","geometry":{"type":"Point","coordinates":[35.5193695,33.31107149,0]},"properties":{"event_id":3850,"data_org":"Green","event_date":"2026-06-12T00:00:00.000Z","post_date":"2026-06-12T00:00:00.000Z","pub_date":"2026-06-13T00:00:00.000Z","actor":"Hezbollah","claimed":"TRUE","event_type":"Drone Attack","city":"Yohmor","province":"Nabatieh","country":"Lebanon","latitude":33.31107149,"longitude":35.5193695,"coord_type":"general town","source_1":"https://t.me/mmirleb/17364","source_2":"https://t.me/mmirleb/17578","sources":""}},{"type":"Feature","geometry":{"type":"Point","coordinates":[35.1401119,33.11927448,0]},"properties":{"event_id":3851,"data_org":"Green","event_date":"2026-06-12T00:00:00.000Z","post_date":"2026-06-12T00:00:00.000Z","pub_date":"2026-06-13T00:00:00.000Z","actor":"Hezbollah","claimed":"TRUE","event_type":"Drone Attack","city":"Naqoura","province":"South","country":"Lebanon","latitude":33.11927448,"longitude":35.1401119,"coord_type":"general town","source_1":"https://t.me/mmirleb/17365","source_2":"","sources":""}},{"type":"Feature","geometry":{"type":"Point","coordinates":[35.1401119,33.11927448,0]},"properties":{"event_id":3852,"data_org":"Green","event_date":"2026-06-12T00:00:00.000Z","post_date":"2026-06-12T00:00:00.000Z","pub_date":"2026-06-13T00:00:00.000Z","actor":"Hezbollah","claimed":"TRUE","event_type":"Drone Attack","city":"Naqoura","province":"South","country":"Lebanon","latitude":33.11927448,"longitude":35.1401119,"coord_type":"general town","source_1":"https://t.me/mmirleb/17367","source_2":"","sources":""}},{"type":"Feature","geometry":{"type":"Point","coordinates":[35.4723748,33.320081,0]},"properties":{"event_id":3853,"data_org":"Green","event_date":"2026-06-13T00:00:00.000Z","post_date":"2026-06-13T00:00:00.000Z","pub_date":"2026-06-13T00:00:00.000Z","actor":"Hezbollah","claimed":"TRUE","event_type":"Drone Attack","city":"Zawtar al Charqiyeh","province":"Nabatieh","country":"Lebanon","latitude":33.320081,"longitude":35.4723748,"coord_type":"general town","source_1":"https://t.me/mmirleb/17369","source_2":"","sources":""}},{"type":"Feature","geometry":{"type":"Point","coordinates":[35.463703,33.274097,0]},"properties":{"event_id":3854,"data_org":"Green","event_date":"2026-06-13T00:00:00.000Z","post_date":"2026-06-13T00:00:00.000Z","pub_date":"2026-06-13T00:00:00.000Z","actor":"Hezbollah","claimed":"TRUE","event_type":"Drone Attack","city":"Qantara","province":"Nabatieh","country":"Lebanon","latitude":33.274097,"longitude":35.463703,"coord_type":"general town","source_1":"https://t.me/mmirleb/17370","source_2":"","sources":""}},{"type":"Feature","geometry":{"type":"Point","coordinates":[35.2900125,33.113856459999994,0]},"properties":{"event_id":3855,"data_org":"Green","event_date":"2026-06-13T00:00:00.000Z","post_date":"2026-06-13T00:00:00.000Z","pub_date":"2026-06-13T00:00:00.000Z","actor":"Hezbollah","claimed":"TRUE","event_type":"Drone Attack","city":"Jabal Blat (Marwahin)","province":"","country":"Lebanon","latitude":33.11385646,"longitude":35.2900125,"coord_type":"exact","source_1":"https://t.me/mmirleb/17375","source_2":"","sources":""}},{"type":"Feature","geometry":{"type":"Point","coordinates":[35.2260287,33.15032269999999,0]},"properties":{"event_id":3856,"data_org":"Green","event_date":"2026-06-13T00:00:00.000Z","post_date":"2026-06-13T00:00:00.000Z","pub_date":"2026-06-13T00:00:00.000Z","actor":"Hezbollah","claimed":"TRUE","event_type":"Rocket Attack","city":"Majdal Zoun","province":"South","country":"Lebanon","latitude":33.1503227,"longitude":35.2260287,"coord_type":"general town","source_1":"https://t.me/mmirleb/17376","source_2":"","sources":""}},{"type":"Feature","geometry":{"type":"Point","coordinates":[35.5134779,33.35350962,0]},"properties":{"event_id":3858,"data_org":"Green","event_date":"2026-06-13T00:00:00.000Z","post_date":"2026-06-13T00:00:00.000Z","pub_date":"2026-06-13T00:00:00.000Z","actor":"Hezbollah","claimed":"TRUE","event_type":"Drone Attack","city":"Kfar Tebnit","province":"South","country":"Lebanon","latitude":33.35350962,"longitude":35.5134779,"coord_type":"general town","source_1":"https://t.me/mmirleb/17381","source_2":"https://t.me/mmirleb/17590","sources":""}},{"type":"Feature","geometry":{"type":"Point","coordinates":[35.4449601,33.10822188,0]},"properties":{"event_id":3859,"data_org":"Green","event_date":"2026-06-13T00:00:00.000Z","post_date":"2026-06-13T00:00:00.000Z","pub_date":"2026-06-13T00:00:00.000Z","actor":"Hezbollah","claimed":"TRUE","event_type":"Rocket Attack","city":"Maroun al Ras","province":"Nabatieh","country":"Lebanon","latitude":33.10822188,"longitude":35.4449601,"coord_type":"general town","source_1":"https://t.me/mmirleb/17382","source_2":"","sources":""}},{"type":"Feature","geometry":{"type":"Point","coordinates":[35.6148058,33.330201120000005,0]},"properties":{"event_id":3892,"data_org":"Green","event_date":"2026-06-13T00:00:00.000Z","post_date":"2026-06-13T00:00:00.000Z","pub_date":"2026-06-13T00:00:00.000Z","actor":"Hezbollah","claimed":"TRUE","event_type":"Drone Attack","city":"Khiam","province":"Nabatieh","country":"Lebanon","latitude":33.33020112,"longitude":35.6148058,"coord_type":"general town","source_1":"https://t.me/mmirleb/17387","source_2":"","sources":""}},{"type":"Feature","geometry":{"type":"Point","coordinates":[35.5193695,33.31107149,0]},"properties":{"event_id":3893,"data_org":"Green","event_date":"2026-06-13T00:00:00.000Z","post_date":"2026-06-13T00:00:00.000Z","pub_date":"2026-06-13T00:00:00.000Z","actor":"Hezbollah","claimed":"TRUE","event_type":"Drone Attack","city":"Yohmor","province":"Nabatieh","country":"Lebanon","latitude":33.31107149,"longitude":35.5193695,"coord_type":"general town","source_1":"https://t.me/mmirleb/17391","source_2":"","sources":""}},{"type":"Feature","geometry":{"type":"Point","coordinates":[35.5219655,33.16955762,0]},"properties":{"event_id":3894,"data_org":"Green","event_date":"2026-06-13T00:00:00.000Z","post_date":"2026-06-13T00:00:00.000Z","pub_date":"2026-06-13T00:00:00.000Z","actor":"Hezbollah","claimed":"TRUE","event_type":"Rocket Attack","city":"Mays al Jabal","province":"Nabatieh","country":"Lebanon","latitude":33.16955762,"longitude":35.5219655,"coord_type":"general town","source_1":"https://t.me/mmirleb/17392","source_2":"","sources":""}},{"type":"Feature","geometry":{"type":"Point","coordinates":[35.592837100000004,33.29369715,0]},"properties":{"event_id":3896,"data_org":"Green","event_date":"2026-06-13T00:00:00.000Z","post_date":"2026-06-13T00:00:00.000Z","pub_date":"2026-06-13T00:00:00.000Z","actor":"Hezbollah","claimed":"TRUE","event_type":"Drone Attack","city":"Khiam (Hamams Hill)","province":"Nabatieh","country":"Lebanon","latitude":33.29369715,"longitude":35.5928371,"coord_type":"exact","source_1":"https://t.me/mmirleb/17394","source_2":"https://t.me/mmirleb/17586 ; https://t.me/sameralhajali/8080","sources":""}},{"type":"Feature","geometry":{"type":"Point","coordinates":[35.6148058,33.330201120000005,0]},"properties":{"event_id":3897,"data_org":"Green","event_date":"2026-06-13T00:00:00.000Z","post_date":"2026-06-13T00:00:00.000Z","pub_date":"2026-06-13T00:00:00.000Z","actor":"Hezbollah","claimed":"TRUE","event_type":"Drone Attack","city":"Khiam","province":"Nabatieh","country":"Lebanon","latitude":33.33020112,"longitude":35.6148058,"coord_type":"general town","source_1":"https://t.me/mmirleb/17396","source_2":"","sources":""}},{"type":"Feature","geometry":{"type":"Point","coordinates":[35.51352760000001,33.353248400000005,0]},"properties":{"event_id":3908,"data_org":"Green","event_date":"2026-06-13T00:00:00.000Z","post_date":"2026-06-13T00:00:00.000Z","pub_date":"2026-06-14T00:00:00.000Z","actor":"Hezbollah","claimed":"TRUE","event_type":"IED, Mortar, Ambush","city":"Kfar Tebnit","province":"South","country":"Lebanon","latitude":33.3532484,"longitude":35.5135276,"coord_type":"general town","source_1":"https://t.me/mmirleb/17400","source_2":"","sources":""}},{"type":"Feature","geometry":{"type":"Point","coordinates":[35.5341988,33.25482349999999,0]},"properties":{"event_id":3912,"data_org":"Green","event_date":"2026-06-13T00:00:00.000Z","post_date":"2026-06-13T00:00:00.000Z","pub_date":"2026-06-14T00:00:00.000Z","actor":"Hezbollah","claimed":"TRUE","event_type":"Drone Attack","city":"Aadaysit","province":"Nabatieh","country":"Lebanon","latitude":33.2548235,"longitude":35.5341988,"coord_type":"general town","source_1":"https://t.me/mmirleb/17404","source_2":"","sources":""}},{"type":"Feature","geometry":{"type":"Point","coordinates":[35.2260287,33.15032269999999,0]},"properties":{"event_id":3913,"data_org":"Green","event_date":"2026-06-13T00:00:00.000Z","post_date":"2026-06-13T00:00:00.000Z","pub_date":"2026-06-14T00:00:00.000Z","actor":"Hezbollah","claimed":"TRUE","event_type":"Rocket Attack","city":"Majdal Zoun","province":"South","country":"Lebanon","latitude":33.1503227,"longitude":35.2260287,"coord_type":"general town","source_1":"https://t.me/mmirleb/17405","source_2":"","sources":""}},{"type":"Feature","geometry":{"type":"Point","coordinates":[35.2260287,33.15032269999999,0]},"properties":{"event_id":3914,"data_org":"Green","event_date":"2026-06-13T00:00:00.000Z","post_date":"2026-06-13T00:00:00.000Z","pub_date":"2026-06-14T00:00:00.000Z","actor":"Hezbollah","claimed":"TRUE","event_type":"Rocket Attack","city":"Majdal Zoun","province":"South","country":"Lebanon","latitude":33.1503227,"longitude":35.2260287,"coord_type":"general town","source_1":"https://t.me/mmirleb/17406","source_2":"","sources":""}},{"type":"Feature","geometry":{"type":"Point","coordinates":[35.2260287,33.15032269999999,0]},"properties":{"event_id":3915,"data_org":"Green","event_date":"2026-06-13T00:00:00.000Z","post_date":"2026-06-13T00:00:00.000Z","pub_date":"2026-06-14T00:00:00.000Z","actor":"Hezbollah","claimed":"TRUE","event_type":"Rocket Attack","city":"Majdal Zoun","province":"South","country":"Lebanon","latitude":33.1503227,"longitude":35.2260287,"coord_type":"general town","source_1":"https://t.me/mmirleb/17407","source_2":"","sources":""}},{"type":"Feature","geometry":{"type":"Point","coordinates":[35.2260287,33.15032269999999,0]},"properties":{"event_id":3916,"data_org":"Green","event_date":"2026-06-13T00:00:00.000Z","post_date":"2026-06-13T00:00:00.000Z","pub_date":"2026-06-14T00:00:00.000Z","actor":"Hezbollah","claimed":"TRUE","event_type":"Small Arms engagement","city":"Majdal Zoun","province":"South","country":"Lebanon","latitude":33.1503227,"longitude":35.2260287,"coord_type":"general town","source_1":"https://t.me/mmirleb/17414","source_2":"","sources":""}},{"type":"Feature","geometry":{"type":"Point","coordinates":[35.2260287,33.15032269999999,0]},"properties":{"event_id":3917,"data_org":"Green","event_date":"2026-06-13T00:00:00.000Z","post_date":"2026-06-13T00:00:00.000Z","pub_date":"2026-06-14T00:00:00.000Z","actor":"Hezbollah","claimed":"TRUE","event_type":"Rocket Attack","city":"Majdal Zoun","province":"South","country":"Lebanon","latitude":33.1503227,"longitude":35.2260287,"coord_type":"general town","source_1":"https://t.me/mmirleb/17415","source_2":"","sources":""}},{"type":"Feature","geometry":{"type":"Point","coordinates":[35.51352760000001,33.353248400000005,0]},"properties":{"event_id":3918,"data_org":"Green","event_date":"2026-06-13T00:00:00.000Z","post_date":"2026-06-13T00:00:00.000Z","pub_date":"2026-06-14T00:00:00.000Z","actor":"Hezbollah","claimed":"TRUE","event_type":"Rocket Attack","city":"Kfar Tebnit","province":"South","country":"Lebanon","latitude":33.3532484,"longitude":35.5135276,"coord_type":"general town","source_1":"https://t.me/mmirleb/17419","source_2":"","sources":""}},{"type":"Feature","geometry":{"type":"Point","coordinates":[35.2260287,33.15032269999999,0]},"properties":{"event_id":3919,"data_org":"Green","event_date":"2026-06-13T00:00:00.000Z","post_date":"2026-06-13T00:00:00.000Z","pub_date":"2026-06-14T00:00:00.000Z","actor":"Hezbollah","claimed":"TRUE","event_type":"Rocket Attack","city":"Majdal Zoun","province":"South","country":"Lebanon","latitude":33.1503227,"longitude":35.2260287,"coord_type":"general town","source_1":"https://t.me/mmirleb/17423","source_2":"","sources":""}},{"type":"Feature","geometry":{"type":"Point","coordinates":[35.5162309,33.20893121999999,0]},"properties":{"event_id":3920,"data_org":"Green","event_date":"2026-06-13T00:00:00.000Z","post_date":"2026-06-13T00:00:00.000Z","pub_date":"2026-06-14T00:00:00.000Z","actor":"Hezbollah","claimed":"TRUE","event_type":"Drone Attack","city":"Houlaa","province":"Nabatieh","country":"Lebanon","latitude":33.20893122,"longitude":35.5162309,"coord_type":"general town","source_1":"https://t.me/mmirleb/17425","source_2":"","sources":""}},{"type":"Feature","geometry":{"type":"Point","coordinates":[35.5341988,33.25482349999999,0]},"properties":{"event_id":3921,"data_org":"Green","event_date":"2026-06-14T00:00:00.000Z","post_date":"2026-06-14T00:00:00.000Z","pub_date":"2026-06-14T00:00:00.000Z","actor":"Hezbollah","claimed":"TRUE","event_type":"Rocket Attack","city":"Aadaysit","province":"Nabatieh","country":"Lebanon","latitude":33.2548235,"longitude":35.5341988,"coord_type":"general town","source_1":"https://t.me/mmirleb/17432","source_2":"","sources":""}},{"type":"Feature","geometry":{"type":"Point","coordinates":[35.463703,33.274097,0]},"properties":{"event_id":3922,"data_org":"Green","event_date":"2026-06-14T00:00:00.000Z","post_date":"2026-06-14T00:00:00.000Z","pub_date":"2026-06-14T00:00:00.000Z","actor":"Hezbollah","claimed":"TRUE","event_type":"Rocket Attack","city":"Qantara","province":"Nabatieh","country":"Lebanon","latitude":33.274097,"longitude":35.463703,"coord_type":"general town","source_1":"https://t.me/mmirleb/17433","source_2":"","sources":""}},{"type":"Feature","geometry":{"type":"Point","coordinates":[35.5193695,33.31107149,0]},"properties":{"event_id":3923,"data_org":"Green","event_date":"2026-06-14T00:00:00.000Z","post_date":"2026-06-14T00:00:00.000Z","pub_date":"2026-06-14T00:00:00.000Z","actor":"Hezbollah","claimed":"TRUE","event_type":"Drone Attack","city":"Yohmor","province":"Nabatieh","country":"Lebanon","latitude":33.31107149,"longitude":35.5193695,"coord_type":"general town","source_1":"https://t.me/mmirleb/17437","source_2":"","sources":""}},{"type":"Feature","geometry":{"type":"Point","coordinates":[35.5986961,33.29209262,0]},"properties":{"event_id":3924,"data_org":"Green","event_date":"2026-06-14T00:00:00.000Z","post_date":"2026-06-14T00:00:00.000Z","pub_date":"2026-06-14T00:00:00.000Z","actor":"Hezbollah","claimed":"TRUE","event_type":"Drone Attack","city":"Mazraat Sardah","province":"Nabatieh","country":"Lebanon","latitude":33.29209262,"longitude":35.5986961,"coord_type":"general town","source_1":"https://t.me/mmirleb/17438","source_2":"","sources":""}},{"type":"Feature","geometry":{"type":"Point","coordinates":[35.2260287,33.15032269999999,0]},"properties":{"event_id":3925,"data_org":"Green","event_date":"2026-06-14T00:00:00.000Z","post_date":"2026-06-14T00:00:00.000Z","pub_date":"2026-06-14T00:00:00.000Z","actor":"Hezbollah","claimed":"TRUE","event_type":"Rocket Attack","city":"Majdal Zoun","province":"South","country":"Lebanon","latitude":33.1503227,"longitude":35.2260287,"coord_type":"general town","source_1":"https://t.me/mmirleb/17439","source_2":"","sources":""}},{"type":"Feature","geometry":{"type":"Point","coordinates":[35.463703,33.274097,0]},"properties":{"event_id":3926,"data_org":"Green","event_date":"2026-06-14T00:00:00.000Z","post_date":"2026-06-14T00:00:00.000Z","pub_date":"2026-06-14T00:00:00.000Z","actor":"Hezbollah","claimed":"TRUE","event_type":"Drone Attack","city":"Qantara","province":"Nabatieh","country":"Lebanon","latitude":33.274097,"longitude":35.463703,"coord_type":"general town","source_1":"https://t.me/mmirleb/17440","source_2":"","sources":""}},{"type":"Feature","geometry":{"type":"Point","coordinates":[35.5186224,33.27658543,0]},"properties":{"event_id":3931,"data_org":"Green","event_date":"2026-06-14T00:00:00.000Z","post_date":"2026-06-14T00:00:00.000Z","pub_date":"2026-06-14T00:00:00.000Z","actor":"Hezbollah","claimed":"TRUE","event_type":"Rocket Attack","city":"Taybeh","province":"Nabatieh","country":"Lebanon","latitude":33.27658543,"longitude":35.5186224,"coord_type":"general town","source_1":"https://t.me/mmirleb/17453","source_2":"","sources":""}},{"type":"Feature","geometry":{"type":"Point","coordinates":[35.1401119,33.11927448,0]},"properties":{"event_id":3932,"data_org":"Green","event_date":"2026-06-14T00:00:00.000Z","post_date":"2026-06-14T00:00:00.000Z","pub_date":"2026-06-14T00:00:00.000Z","actor":"Hezbollah","claimed":"TRUE","event_type":"Drone Attack","city":"Naqoura","province":"South","country":"Lebanon","latitude":33.11927448,"longitude":35.1401119,"coord_type":"general town","source_1":"https://t.me/mmirleb/17454","source_2":"","sources":""}},{"type":"Feature","geometry":{"type":"Point","coordinates":[35.2082329,33.14678386999999,0]},"properties":{"event_id":3933,"data_org":"Green","event_date":"2026-06-14T00:00:00.000Z","post_date":"2026-06-14T00:00:00.000Z","pub_date":"2026-06-14T00:00:00.000Z","actor":"Hezbollah","claimed":"TRUE","event_type":"Drone Attack","city":"Chama","province":"South","country":"Lebanon","latitude":33.14678387,"longitude":35.2082329,"coord_type":"general town","source_1":"https://t.me/mmirleb/17455","source_2":"","sources":""}},{"type":"Feature","geometry":{"type":"Point","coordinates":[35.36216,33.143039999999985,0]},"properties":{"event_id":3934,"data_org":"Green","event_date":"2026-06-14T00:00:00.000Z","post_date":"2026-06-14T00:00:00.000Z","pub_date":"2026-06-14T00:00:00.000Z","actor":"Hezbollah","claimed":"TRUE","event_type":"Rocket Attack","city":"Rachaf","province":"Nabatieh","country":"Lebanon","latitude":33.14304,"longitude":35.36216,"coord_type":"general town","source_1":"https://t.me/mmirleb/17456","source_2":"","sources":""}},{"type":"Feature","geometry":{"type":"Point","coordinates":[35.2260287,33.15032269999999,0]},"properties":{"event_id":3935,"data_org":"Green","event_date":"2026-06-14T00:00:00.000Z","post_date":"2026-06-14T00:00:00.000Z","pub_date":"2026-06-14T00:00:00.000Z","actor":"Hezbollah","claimed":"TRUE","event_type":"Drone Attack","city":"Majdal Zoun","province":"South","country":"Lebanon","latitude":33.1503227,"longitude":35.2260287,"coord_type":"general town","source_1":"https://t.me/mmirleb/17457","source_2":"","sources":""}},{"type":"Feature","geometry":{"type":"Point","coordinates":[35.5193695,33.31107149,0]},"properties":{"event_id":3936,"data_org":"Green","event_date":"2026-06-14T00:00:00.000Z","post_date":"2026-06-14T00:00:00.000Z","pub_date":"2026-06-14T00:00:00.000Z","actor":"Hezbollah","claimed":"TRUE","event_type":"Rocket Attack","city":"Yohmor","province":"Nabatieh","country":"Lebanon","latitude":33.31107149,"longitude":35.5193695,"coord_type":"general town","source_1":"https://t.me/mmirleb/17459","source_2":"","sources":""}},{"type":"Feature","geometry":{"type":"Point","coordinates":[35.5193695,33.31107149,0]},"properties":{"event_id":3937,"data_org":"Green","event_date":"2026-06-14T00:00:00.000Z","post_date":"2026-06-14T00:00:00.000Z","pub_date":"2026-06-14T00:00:00.000Z","actor":"Hezbollah","claimed":"TRUE","event_type":"Drone Attack","city":"Yohmor","province":"Nabatieh","country":"Lebanon","latitude":33.31107149,"longitude":35.5193695,"coord_type":"general town","source_1":"https://t.me/mmirleb/17460","source_2":"","sources":""}},{"type":"Feature","geometry":{"type":"Point","coordinates":[35.5193695,33.31107149,0]},"properties":{"event_id":3938,"data_org":"Green","event_date":"2026-06-14T00:00:00.000Z","post_date":"2026-06-14T00:00:00.000Z","pub_date":"2026-06-14T00:00:00.000Z","actor":"Hezbollah","claimed":"TRUE","event_type":"Drone Attack","city":"Yohmor","province":"Nabatieh","country":"Lebanon","latitude":33.31107149,"longitude":35.5193695,"coord_type":"general town","source_1":"https://t.me/mmirleb/17464","source_2":"","sources":""}},{"type":"Feature","geometry":{"type":"Point","coordinates":[35.5341988,33.25482349999999,0]},"properties":{"event_id":3939,"data_org":"Green","event_date":"2026-06-14T00:00:00.000Z","post_date":"2026-06-14T00:00:00.000Z","pub_date":"2026-06-14T00:00:00.000Z","actor":"Hezbollah","claimed":"TRUE","event_type":"Rocket Attack","city":"Aadaysit","province":"Nabatieh","country":"Lebanon","latitude":33.2548235,"longitude":35.5341988,"coord_type":"general town","source_1":"https://t.me/mmirleb/17465","source_2":"","sources":""}},{"type":"Feature","geometry":{"type":"Point","coordinates":[35.4446549,33.10732441999999,0]},"properties":{"event_id":3940,"data_org":"Green","event_date":"2026-06-14T00:00:00.000Z","post_date":"2026-06-14T00:00:00.000Z","pub_date":"2026-06-14T00:00:00.000Z","actor":"Hezbollah","claimed":"TRUE","event_type":"Rocket Attack","city":"Marnoun al Ras","province":"Nabatieh","country":"Lebanon","latitude":33.10732442,"longitude":35.4446549,"coord_type":"general town","source_1":"https://t.me/mmirleb/17466","source_2":"","sources":""}},{"type":"Feature","geometry":{"type":"Point","coordinates":[35.4287476,33.13227457000001,0]},"properties":{"event_id":3941,"data_org":"Green","event_date":"2026-06-14T00:00:00.000Z","post_date":"2026-06-14T00:00:00.000Z","pub_date":"2026-06-14T00:00:00.000Z","actor":"Hezbollah","claimed":"TRUE","event_type":"Rocket Attack","city":"Bint Jbeil","province":"Nabatieh","country":"Lebanon","latitude":33.13227457,"longitude":35.4287476,"coord_type":"general neighborhood","source_1":"https://t.me/mmirleb/17467","source_2":"","sources":""}},{"type":"Feature","geometry":{"type":"Point","coordinates":[35.448917,33.13294399999999,0]},"properties":{"event_id":3942,"data_org":"Green","event_date":"2026-05-29T00:00:00.000Z","post_date":"2026-06-15T00:00:00.000Z","pub_date":"2026-06-15T00:00:00.000Z","actor":"Hezbollah","claimed":"TRUE","event_type":"Drone Attack","city":"Aynata","province":"Nabatieh","country":"Lebanon","latitude":33.132944,"longitude":35.448917,"coord_type":"exact","source_1":"https://x.com/msaAakash/status/2066466437494149621?s=20","source_2":"https://t.me/mmirleb/17479","sources":""}},{"type":"Feature","geometry":{"type":"Point","coordinates":[35.1802,33.163036999999996,0]},"properties":{"event_id":3943,"data_org":"Green","event_date":"2026-06-13T00:00:00.000Z","post_date":"2026-06-14T00:00:00.000Z","pub_date":"2026-06-15T00:00:00.000Z","actor":"Hezbollah","claimed":"TRUE","event_type":"Drone Attack","city":"Biyyada","province":"South","country":"Lebanon","latitude":33.163037,"longitude":35.1802,"coord_type":"exact","source_1":"https://x.com/johnspectator/status/2066143983135347084?s=20","source_2":"https://x.com/franfran2424/status/2066453770624434581?s=20","sources":""}},{"type":"Feature","geometry":{"type":"Point","coordinates":[35.2260287,33.15032269999999,0]},"properties":{"event_id":3945,"data_org":"Green","event_date":"2026-06-14T00:00:00.000Z","post_date":"2026-06-14T00:00:00.000Z","pub_date":"2026-06-15T00:00:00.000Z","actor":"Hezbollah","claimed":"TRUE","event_type":"Drone Attack","city":"Majdal Zoun","province":"South","country":"Lebanon","latitude":33.1503227,"longitude":35.2260287,"coord_type":"general town","source_1":"https://t.me/mmirleb/17471","source_2":"","sources":""}},{"type":"Feature","geometry":{"type":"Point","coordinates":[35.2260287,33.15032269999999,0]},"properties":{"event_id":3946,"data_org":"Green","event_date":"2026-06-14T00:00:00.000Z","post_date":"2026-06-14T00:00:00.000Z","pub_date":"2026-06-15T00:00:00.000Z","actor":"Hezbollah","claimed":"TRUE","event_type":"Drone Attack","city":"Majdal Zoun","province":"South","country":"Lebanon","latitude":33.1503227,"longitude":35.2260287,"coord_type":"general town","source_1":"https://t.me/mmirleb/17472","source_2":"","sources":""}},{"type":"Feature","geometry":{"type":"Point","coordinates":[35.2260287,33.15032269999999,0]},"properties":{"event_id":3947,"data_org":"Green","event_date":"2026-06-14T00:00:00.000Z","post_date":"2026-06-14T00:00:00.000Z","pub_date":"2026-06-15T00:00:00.000Z","actor":"Hezbollah","claimed":"TRUE","event_type":"Drone Attack","city":"Majdal Zoun","province":"South","country":"Lebanon","latitude":33.1503227,"longitude":35.2260287,"coord_type":"general town","source_1":"https://t.me/mmirleb/17473","source_2":"","sources":""}},{"type":"Feature","geometry":{"type":"Point","coordinates":[35.2260287,33.15032269999999,0]},"properties":{"event_id":3948,"data_org":"Green","event_date":"2026-06-14T00:00:00.000Z","post_date":"2026-06-14T00:00:00.000Z","pub_date":"2026-06-15T00:00:00.000Z","actor":"Hezbollah","claimed":"TRUE","event_type":"Drone Attack","city":"Majdal Zoun","province":"South","country":"Lebanon","latitude":33.1503227,"longitude":35.2260287,"coord_type":"general town","source_1":"https://t.me/mmirleb/17474","source_2":"","sources":""}},{"type":"Feature","geometry":{"type":"Point","coordinates":[35.2260287,33.15032269999999,0]},"properties":{"event_id":3949,"data_org":"Green","event_date":"2026-06-14T00:00:00.000Z","post_date":"2026-06-14T00:00:00.000Z","pub_date":"2026-06-15T00:00:00.000Z","actor":"Hezbollah","claimed":"TRUE","event_type":"Drone Attack","city":"Majdal Zoun","province":"South","country":"Lebanon","latitude":33.1503227,"longitude":35.2260287,"coord_type":"general town","source_1":"https://t.me/mmirleb/17475","source_2":"","sources":""}},{"type":"Feature","geometry":{"type":"Point","coordinates":[35.2260287,33.15032269999999,0]},"properties":{"event_id":3951,"data_org":"Green","event_date":"2026-06-14T00:00:00.000Z","post_date":"2026-06-14T00:00:00.000Z","pub_date":"2026-06-15T00:00:00.000Z","actor":"Hezbollah","claimed":"TRUE","event_type":"Rocket Attack","city":"Majdal Zoun","province":"South","country":"Lebanon","latitude":33.1503227,"longitude":35.2260287,"coord_type":"general town","source_1":"https://t.me/mmirleb/17476","source_2":"","sources":""}},{"type":"Feature","geometry":{"type":"Point","coordinates":[35.6121148,33.32831384,0]},"properties":{"event_id":3952,"data_org":"Green","event_date":"2026-06-14T00:00:00.000Z","post_date":"2026-06-14T00:00:00.000Z","pub_date":"2026-06-15T00:00:00.000Z","actor":"Hezbollah","claimed":"TRUE","event_type":"Rocket Attack","city":"Khiam","province":"Nabatieh","country":"Lebanon","latitude":33.32831384,"longitude":35.6121148,"coord_type":"general town","source_1":"https://t.me/mmirleb/17476","source_2":"","sources":""}},{"type":"Feature","geometry":{"type":"Point","coordinates":[35.2186239,33.12670129,0]},"properties":{"event_id":3953,"data_org":"Green","event_date":"2026-06-14T00:00:00.000Z","post_date":"2026-06-14T00:00:00.000Z","pub_date":"2026-06-15T00:00:00.000Z","actor":"Hezbollah","claimed":"TRUE","event_type":"Rocket Attack","city":"Tayr Harfa","province":"South","country":"Lebanon","latitude":33.12670129,"longitude":35.2186239,"coord_type":"general town","source_1":"https://t.me/mmirleb/17476","source_2":"","sources":""}},{"type":"Feature","geometry":{"type":"Point","coordinates":[35.5320505,33.32408598999999,0]},"properties":{"event_id":3954,"data_org":"Green","event_date":"2026-06-14T00:00:00.000Z","post_date":"2026-06-14T00:00:00.000Z","pub_date":"2026-06-15T00:00:00.000Z","actor":"Hezbollah","claimed":"TRUE","event_type":"Rocket Attack","city":"Beaufort Castle","province":"Nabatieh","country":"Lebanon","latitude":33.32408599,"longitude":35.5320505,"coord_type":"exact","source_1":"https://t.me/mmirleb/17476","source_2":"","sources":""}},{"type":"Feature","geometry":{"type":"Point","coordinates":[35.1742689,33.16381480999999,0]},"properties":{"event_id":3965,"data_org":"Green","event_date":"2026-06-14T00:00:00.000Z","post_date":"2026-06-14T00:00:00.000Z","pub_date":"2026-06-15T00:00:00.000Z","actor":"Hezbollah","claimed":"TRUE","event_type":"Rocket Attack","city":"Ras al Bayyadah","province":"South","country":"Lebanon","latitude":33.16381481,"longitude":35.1742689,"coord_type":"general town","source_1":"https://t.me/mmirleb/17477","source_2":"","sources":""}},{"type":"Feature","geometry":{"type":"Point","coordinates":[35.5341988,33.25482349999999,0]},"properties":{"event_id":3955,"data_org":"Green","event_date":"2026-06-14T00:00:00.000Z","post_date":"2026-06-14T00:00:00.000Z","pub_date":"2026-06-15T00:00:00.000Z","actor":"Hezbollah","claimed":"TRUE","event_type":"Rocket Attack","city":"Aadaysit","province":"Nabatieh","country":"Lebanon","latitude":33.2548235,"longitude":35.5341988,"coord_type":"general town","source_1":"https://t.me/mmirleb/17477","source_2":"","sources":""}},{"type":"Feature","geometry":{"type":"Point","coordinates":[35.1742689,33.16381480999999,0]},"properties":{"event_id":3961,"data_org":"Green","event_date":"2026-06-15T00:00:00.000Z","post_date":"2026-06-15T00:00:00.000Z","pub_date":"2026-06-15T00:00:00.000Z","actor":"Hezbollah","claimed":"TRUE","event_type":"Rocket Attack","city":"Biyyada","province":"South","country":"Lebanon","latitude":33.16381481,"longitude":35.1742689,"coord_type":"general town","source_1":"https://t.me/MTVLebanoNews/74570","source_2":"","sources":""}},{"type":"Feature","geometry":{"type":"Point","coordinates":[35.51352760000001,33.353248400000005,0]},"properties":{"event_id":3963,"data_org":"Green","event_date":"2026-06-15T00:00:00.000Z","post_date":"2026-06-15T00:00:00.000Z","pub_date":"2026-06-15T00:00:00.000Z","actor":"Hezbollah","claimed":"TRUE","event_type":"Drone Attack","city":"Kfar Tebnit","province":"South","country":"Lebanon","latitude":33.3532484,"longitude":35.5135276,"coord_type":"general town","source_1":"https://t.me/mmirleb/17495","source_2":"https://x.com/TvAlmasirah/status/2066590473595289799?s=20","sources":""}},{"type":"Feature","geometry":{"type":"Point","coordinates":[35.4725,33.31971999999999,0]},"properties":{"event_id":3969,"data_org":"Green","event_date":"2026-06-03T00:00:00.000Z","post_date":"2026-06-15T00:00:00.000Z","pub_date":"2026-06-15T00:00:00.000Z","actor":"Hezbollah","claimed":"TRUE","event_type":"Drone Attack","city":"Zawtar El Charqiyeh","province":"Nabatieh","country":"Lebanon","latitude":33.31972,"longitude":35.4725,"coord_type":"general town","source_1":"https://t.me/mmirleb/17497","source_2":"","sources":""}},{"type":"Feature","geometry":{"type":"Point","coordinates":[35.51352760000001,33.353248400000005,0]},"properties":{"event_id":3970,"data_org":"Green","event_date":"2026-06-15T00:00:00.000Z","post_date":"2026-06-15T00:00:00.000Z","pub_date":"2026-06-16T00:00:00.000Z","actor":"Hezbollah","claimed":"TRUE","event_type":"Rocket and Mortar Attack","city":"Kfar Tebnit","province":"South","country":"Lebanon","latitude":33.3532484,"longitude":35.5135276,"coord_type":"general town","source_1":"https://t.me/mmirleb/17499","source_2":"https://t.me/mmirleb/17500","sources":""}},{"type":"Feature","geometry":{"type":"Point","coordinates":[35.5154361,33.33414517,0]},"properties":{"event_id":3985,"data_org":"Green","event_date":"2026-06-16T00:00:00.000Z","post_date":"2026-06-16T00:00:00.000Z","pub_date":"2026-06-16T00:00:00.000Z","actor":"Hezbollah","claimed":"FALSE","event_type":"drone attack","city":"Kfar Tebnit-Yohmor al Shaqif","province":"Nabatieh","country":"Lebanon","latitude":33.33414517,"longitude":35.5154361,"coord_type":"general town","source_1":"https://t.me/Electrohizbullah/183079","source_2":"","sources":""}},{"type":"Feature","geometry":{"type":"Point","coordinates":[35.5210996,33.31497598000001,0]},"properties":{"event_id":3986,"data_org":"Green","event_date":"2026-06-10T00:00:00.000Z","post_date":"2026-06-16T00:00:00.000Z","pub_date":"2026-06-16T00:00:00.000Z","actor":"Hezbollah","claimed":"TRUE","event_type":"Drone Attack","city":"Yohmor al Shaqif","province":"Nabatieh","country":"Lebanon","latitude":33.31497598,"longitude":35.5210996,"coord_type":"general town","source_1":"https://t.me/Electrohizbullah/183081","source_2":"https://t.me/mmirleb/17509","sources":""}},{"type":"Feature","geometry":{"type":"Point","coordinates":[35.4704016,33.320025089999994,0]},"properties":{"event_id":3987,"data_org":"Green","event_date":"2026-06-03T00:00:00.000Z","post_date":"2026-06-16T00:00:00.000Z","pub_date":"2026-06-16T00:00:00.000Z","actor":"Hezbollah","claimed":"TRUE","event_type":"Drone Attack","city":"Zawtar El Charqiyeh","province":"Nabatieh","country":"Lebanon","latitude":33.32002509,"longitude":35.4704016,"coord_type":"general town","source_1":"https://t.me/mmirleb/17515","source_2":"","sources":""}},{"type":"Feature","geometry":{"type":"Point","coordinates":[35.51352760000001,33.353248400000005,0]},"properties":{"event_id":4009,"data_org":"Green","event_date":"2026-06-17T00:00:00.000Z","post_date":"2026-06-17T00:00:00.000Z","pub_date":"2026-06-17T00:00:00.000Z","actor":"Hezbollah","claimed":"FALSE","event_type":"Rocket","city":"Kfar Tebnit","province":"South","country":"Lebanon","latitude":33.3532484,"longitude":35.5135276,"coord_type":"general town","source_1":"https://t.me/MTVLebanoNews/74862","source_2":"","sources":""}},{"type":"Feature","geometry":{"type":"Point","coordinates":[35.51352760000001,33.353248400000005,0]},"properties":{"event_id":4017,"data_org":"Green","event_date":"2026-06-17T00:00:00.000Z","post_date":"2026-06-18T00:00:00.000Z","pub_date":"2026-06-18T00:00:00.000Z","actor":"Hezbollah","claimed":"TRUE","event_type":"FPV Drone, rockets mortars","city":"Kfar Tebnit","province":"South","country":"Lebanon","latitude":33.3532484,"longitude":35.5135276,"coord_type":"general town","source_1":"https://t.me/mmirleb/17528","source_2":"","sources":""}},{"type":"Feature","geometry":{"type":"Point","coordinates":[35.51352760000001,33.353248400000005,0]},"properties":{"event_id":4018,"data_org":"Green","event_date":"2026-06-18T00:00:00.000Z","post_date":"2026-06-18T00:00:00.000Z","pub_date":"2026-06-18T00:00:00.000Z","actor":"Hezbollah","claimed":"TRUE","event_type":"ATGM","city":"Kfar Tebnit","province":"South","country":"Lebanon","latitude":33.3532484,"longitude":35.5135276,"coord_type":"general town","source_1":"https://t.me/mmirleb/17528","source_2":"","sources":""}},{"type":"Feature","geometry":{"type":"Point","coordinates":[35.51352760000001,33.353248400000005,0]},"properties":{"event_id":4020,"data_org":"Green","event_date":"2026-06-18T00:00:00.000Z","post_date":"2026-06-18T00:00:00.000Z","pub_date":"2026-06-18T00:00:00.000Z","actor":"Hezbollah","claimed":"TRUE","event_type":"ATGM","city":"Kfar Tebnit","province":"South","country":"Lebanon","latitude":33.3532484,"longitude":35.5135276,"coord_type":"general town","source_1":"https://t.me/mmirleb/17533","source_2":"","sources":""}},{"type":"Feature","geometry":{"type":"Point","coordinates":[35.5171953,33.36688574,0]},"properties":{"event_id":4023,"data_org":"Green","event_date":"2026-06-18T00:00:00.000Z","post_date":"2026-06-18T00:00:00.000Z","pub_date":"2026-06-19T00:00:00.000Z","actor":"Hezbollah","claimed":"TRUE","event_type":"ATGM","city":"Ali al Taher Hill","province":"Nabatieh","country":"Lebanon","latitude":33.36688574,"longitude":35.5171953,"coord_type":"general town","source_1":"https://t.me/mmirleb/17541","source_2":"https://t.me/MTVLebanoNews/75102","sources":""}},{"type":"Feature","geometry":{"type":"Point","coordinates":[35.5171953,33.36688574,0]},"properties":{"event_id":4025,"data_org":"Green","event_date":"2026-06-18T00:00:00.000Z","post_date":"2026-06-18T00:00:00.000Z","pub_date":"2026-06-19T00:00:00.000Z","actor":"Hezbollah","claimed":"TRUE","event_type":"ATGM","city":"Ali al Taher Hill","province":"Nabatieh","country":"Lebanon","latitude":33.36688574,"longitude":35.5171953,"coord_type":"general town","source_1":"https://t.me/mmirleb/17541","source_2":"","sources":""}},{"type":"Feature","geometry":{"type":"Point","coordinates":[35.5171953,33.36688574,0]},"properties":{"event_id":4036,"data_org":"Green","event_date":"2026-06-19T00:00:00.000Z","post_date":"2026-06-20T00:00:00.000Z","pub_date":"2026-06-20T00:00:00.000Z","actor":"Hezbollah","claimed":"TRUE","event_type":"Small Arms engagement","city":"Ali al Taher Hill","province":"Nabatieh","country":"Lebanon","latitude":33.36688574,"longitude":35.5171953,"coord_type":"general town","source_1":"https://t.me/mmirleb/17559","source_2":"","sources":""}},{"type":"Feature","geometry":{"type":"Point","coordinates":[35.4210994,33.15900482999999,0]},"properties":{"event_id":4071,"data_org":"Green","event_date":"2026-06-25T00:00:00.000Z","post_date":"2026-06-26T00:00:00.000Z","pub_date":"2026-06-26T00:00:00.000Z","actor":"Hezbollah","claimed":"FALSE","event_type":"Small Arms engagement","city":"Beit Yahoun","province":"South","country":"Lebanon","latitude":33.15900483,"longitude":35.4210994,"coord_type":"general town","source_1":"https://x.com/manniefabian/status/2070405029270327476","source_2":"https://x.com/manniefabian/status/2070405029270327476","sources":"https://t.me/moriahdoron/32037 ; https://x.com/ItayBlumental/status/2070383960417243213 ; https://x.com/MarioLeb79/status/2070273102424981677 ; https://x.com/LBCI_NEWS/status/2070390839159709768"}},{"type":"Feature","geometry":{"type":"Point","coordinates":[35.5245,33.27425559999999,0]},"properties":{"event_id":4313,"data_org":"Green","event_date":"2026-05-14T00:00:00.000Z","post_date":"2026-07-18T00:00:00.000Z","pub_date":"2026-07-19T00:00:00.000Z","actor":"Hezbollah","claimed":"TRUE","event_type":"Drone Attack","city":"Taybeh","province":"Nabatieh","country":"Lebanon","latitude":33.2742556,"longitude":35.5245,"coord_type":"exact","source_1":"https://www.itamarweiss.com/fpv/video/2026-05-14_merkava_tank_aytaroun/","source_2":"https://x.com/geo_lego/status/2078575898224468111?s=20","sources":""}},{"type":"Feature","geometry":{"type":"Point","coordinates":[35.2008306,33.12674719999998,0]},"properties":{"event_id":4315,"data_org":"Green","event_date":"2026-05-14T00:00:00.000Z","post_date":"2026-07-19T00:00:00.000Z","pub_date":"2026-07-19T00:00:00.000Z","actor":"Hezbollah","claimed":"TRUE","event_type":"Drone Attack","city":"Tayr Harfa","province":"South","country":"Lebanon","latitude":33.1267472,"longitude":35.2008306,"coord_type":"exact","source_1":"https://x.com/geo_lego/status/2078891697853923497?s=20","source_2":"https://www.itamarweiss.com/fpv/video/2026-05-14_humvee_tayr_harfa_mmirleb_16337/","sources":""}},{"type":"Feature","geometry":{"type":"Point","coordinates":[35.362375,33.14214439999999,0]},"properties":{"event_id":4316,"data_org":"Green","event_date":"2026-05-14T00:00:00.000Z","post_date":"2026-07-19T00:00:00.000Z","pub_date":"2026-07-19T00:00:00.000Z","actor":"Hezbollah","claimed":"TRUE","event_type":"Drone Attack","city":"Rchaf","province":"Nabatieh","country":"Lebanon","latitude":33.1421444,"longitude":35.362375,"coord_type":"exact","source_1":"https://x.com/geo_lego/status/2078885619585950160?s=20","source_2":"https://www.itamarweiss.com/fpv/video/2026-05-14_namer_vehicle_rashaf_mmirleb_16312/","sources":""}},{"type":"Feature","geometry":{"type":"Point","coordinates":[35.5280194,33.2114889,0]},"properties":{"event_id":4327,"data_org":"Green","event_date":"2026-05-12T00:00:00.000Z","post_date":"2026-07-20T00:00:00.000Z","pub_date":"2026-07-20T00:00:00.000Z","actor":"Hezbollah","claimed":"TRUE","event_type":"Drone Attack","city":"Houla","province":"Nabatieh","country":"Lebanon","latitude":33.2114889,"longitude":35.5280194,"coord_type":"exact","source_1":"https://x.com/geo_lego/status/2079131556640125073?s=20","source_2":"https://www.itamarweiss.com/fpv/video/2026-05-12_strike_on_namer_apc_near_houla/","sources":""}},{"type":"Feature","geometry":{"type":"Point","coordinates":[35.4353,33.1249139,0]},"properties":{"event_id":4330,"data_org":"Green","event_date":"2026-05-13T00:00:00.000Z","post_date":"2026-07-20T00:00:00.000Z","pub_date":"2026-07-20T00:00:00.000Z","actor":"Hezbollah","claimed":"TRUE","event_type":"Drone Attack","city":"Bint Jbeil","province":"Nabatieh","country":"Lebanon","latitude":33.1249139,"longitude":35.4353,"coord_type":"exact","source_1":"https://x.com/geo_lego/status/2079125803028144574?s=20","source_2":"https://www.itamarweiss.com/fpv/video/2026-05-13_strike_on_armored_personnel_carrier/","sources":""}},{"type":"Feature","geometry":{"type":"Point","coordinates":[35.4494389,33.13185,0]},"properties":{"event_id":4332,"data_org":"Green","event_date":"2026-05-13T00:00:00.000Z","post_date":"2026-07-20T00:00:00.000Z","pub_date":"2026-07-20T00:00:00.000Z","actor":"Hezbollah","claimed":"TRUE","event_type":"Drone Attack","city":"Aainata","province":"Nabatieh","country":"Lebanon","latitude":33.13185,"longitude":35.4494389,"coord_type":"exact","source_1":"https://x.com/geo_lego/status/2078967180859675114?s=20","source_2":"https://www.itamarweiss.com/fpv/video/2026-05-13_strike_on_merkava_tank_near_aita_al_shaab/","sources":""}},{"type":"Feature","geometry":{"type":"Point","coordinates":[35.1813278,33.1610722,0]},"properties":{"event_id":4341,"data_org":"Green","event_date":"2026-05-10T00:00:00.000Z","post_date":"2026-07-20T00:00:00.000Z","pub_date":"2026-07-20T00:00:00.000Z","actor":"Hezbollah","claimed":"TRUE","event_type":"Drone Attack","city":"Mazraat Byout El Saiyad","province":"South","country":"Lebanon","latitude":33.1610722,"longitude":35.1813278,"coord_type":"exact","source_1":"https://x.com/geo_lego/status/2079226426776047824","source_2":"https://www.itamarweiss.com/fpv/video/2026-05-10_strike_on_merkava_tank/","sources":""}},{"type":"Feature","geometry":{"type":"Point","coordinates":[35.214561,33.125603,0]},"properties":{"event_id":4342,"data_org":"Green","event_date":"2026-05-11T00:00:00.000Z","post_date":"2026-07-20T00:00:00.000Z","pub_date":"2026-07-20T00:00:00.000Z","actor":"Hezbollah","claimed":"TRUE","event_type":"Drone Attack","city":"Abu Chach","province":"South","country":"Lebanon","latitude":33.125603,"longitude":35.214561,"coord_type":"exact","source_1":"https://x.com/geo_lego/status/2079214734163812444","source_2":"https://www.itamarweiss.com/fpv/video/2026-05-11_strike_on_logistics_vehicle_near_tayr_harfa/","sources":""}},{"type":"Feature","geometry":{"type":"Point","coordinates":[35.1785667,33.1585194,0]},"properties":{"event_id":4343,"data_org":"Green","event_date":"2026-05-11T00:00:00.000Z","post_date":"2026-07-20T00:00:00.000Z","pub_date":"2026-07-20T00:00:00.000Z","actor":"Hezbollah","claimed":"TRUE","event_type":"Drone Attack","city":"Iskandarounah","province":"South","country":"Lebanon","latitude":33.1585194,"longitude":35.1785667,"coord_type":"exact","source_1":"https://x.com/geo_lego/status/2079218050944073817","source_2":"https://www.itamarweiss.com/fpv/video/2026-05-11_strike_on_engineering_vehicle_near_khiam/","sources":""}},{"type":"Feature","geometry":{"type":"Point","coordinates":[35.173519,33.163786,0]},"properties":{"event_id":4344,"data_org":"Green","event_date":"2026-05-11T00:00:00.000Z","post_date":"2026-07-20T00:00:00.000Z","pub_date":"2026-07-20T00:00:00.000Z","actor":"Hezbollah","claimed":"TRUE","event_type":"Drone Attack","city":"Iskandarounah","province":"South","country":"Lebanon","latitude":33.163786,"longitude":35.173519,"coord_type":"exact","source_1":"https://x.com/geo_lego/status/2079223934860525699","source_2":"https://www.itamarweiss.com/fpv/video/2026-05-11_strike_on_d9_engineering_vehicle_near_naqoura/","sources":""}},{"type":"Feature","geometry":{"type":"Point","coordinates":[35.4341333,33.12676389999999,0]},"properties":{"event_id":4379,"data_org":"Green","event_date":"2026-05-06T00:00:00.000Z","post_date":"2026-07-22T00:00:00.000Z","pub_date":"2026-07-22T00:00:00.000Z","actor":"Hezbollah","claimed":"TRUE","event_type":"Drone Attack","city":"Bint Jbeil","province":"Nabatieh","country":"Lebanon","latitude":33.1267639,"longitude":35.4341333,"coord_type":"exact","source_1":"https://x.com/geo_lego/status/2079910674512158928?s=20","source_2":"https://www.itamarweiss.com/fpv/video/2026-05-06_strike_on_namer_apc_in_bint_jbeil/","sources":""}},{"type":"Feature","geometry":{"type":"Point","coordinates":[35.5231641,33.27466179999998,0]},"properties":{"event_id":4380,"data_org":"Green","event_date":"2026-05-06T00:00:00.000Z","post_date":"2026-07-22T00:00:00.000Z","pub_date":"2026-07-22T00:00:00.000Z","actor":"Hezbollah","claimed":"TRUE","event_type":"Drone Attack","city":"Taybeh","province":"Nabatieh","country":"Lebanon","latitude":33.2746618,"longitude":35.5231641,"coord_type":"exact","source_1":"https://x.com/geo_lego/status/2079914535926849549?s=20","source_2":"https://www.itamarweiss.com/fpv/video/2026-05-06_strike_on_enemy_position/","sources":""}},{"type":"Feature","geometry":{"type":"Point","coordinates":[35.1818765,33.16039289999999,0]},"properties":{"event_id":4401,"data_org":"Green","event_date":"2026-05-03T00:00:00.000Z","post_date":"2026-07-23T00:00:00.000Z","pub_date":"2026-07-23T00:00:00.000Z","actor":"Hezbollah","claimed":"TRUE","event_type":"Drone Attack","city":"Al Bayyada","province":"South","country":"Lebanon","latitude":33.1603929,"longitude":35.1818765,"coord_type":"exact","source_1":"https://x.com/geo_lego/status/2080217364616921200?s=20","source_2":"https://www.itamarweiss.com/fpv/video/2026-05-03_company_commander_tank_bayyadah_mmirleb_16007/","sources":""}},{"type":"Feature","geometry":{"type":"Point","coordinates":[35.3402306,33.12405559999999,0]},"properties":{"event_id":4402,"data_org":"Green","event_date":"2026-05-05T00:00:00.000Z","post_date":"2026-07-23T00:00:00.000Z","pub_date":"2026-07-23T00:00:00.000Z","actor":"Hezbollah","claimed":"TRUE","event_type":"Drone Attack","city":"Qouzah","province":"Nabatieh","country":"Lebanon","latitude":33.1240556,"longitude":35.3402306,"coord_type":"exact","source_1":"https://x.com/geo_lego/status/2080213367772328141?s=20","source_2":"https://www.itamarweiss.com/fpv/video/2026-05-05_strike_on_merkava_tank/","sources":""}},{"type":"Feature","geometry":{"type":"Point","coordinates":[35.5171953,33.36688574,0]},"properties":{"event_id":4536,"data_org":"Green","event_date":"2026-07-29T00:00:00.000Z","post_date":"2026-07-29T00:00:00.000Z","pub_date":"2026-07-29T00:00:00.000Z","actor":"Hezbollah","claimed":"TRUE","event_type":"Drone Attack","city":"Ali al Taher Hill","province":"Nabatieh","country":"Lebanon","latitude":33.36688574,"longitude":35.5171953,"coord_type":"general neighborhood","source_1":"https://x.com/idfonline/status/2082424454647259400","source_2":"https://t.me/sameralhajali/9749","sources":"https://x.com/ItayBlumental/status/2082381580568326475; https://www.nytimes.com/2026/07/29/world/middleeast/israel-hezbollah-lebanon.html?smid=url-share"}}],"fileName":"Hezbollah Attacks in Lebanon Evening of September 08, 2026"}