{"type":"FeatureCollection","features":[{"type":"Feature","geometry":{"type":"Point","coordinates":[51.3987664,35.69198]},"properties":{"event_id":1,"data_org":"Green","post_date":"2026-02-28T00:00:00.000Z","pub_date":"2026-02-28T00:00:00.000Z","strikedate":"2026-02-28T00:00:00.000Z","event_type":"Confirmed Airstrike","actor":"UNK","site_type":"political","siteStype":"political : individual","city":"Tehran","province":"Tehran","country":"Iran","latitude":35.69198,"longitude":51.3987664,"coord_type":"exact","source_1":"https://x.com/chawshin_83/status/2027636480470913102","source_2":"https://x.com/chawshin_83/status/2027633340770136402","site_prpse":"","sources":"https://x.com/ariel_oseran/status/2027708995666895216; https://x.com/DanLinnaeus/status/2027640866320322948; https://x.com/DanLinnaeus/status/2027636781940650450?s=20; https://t.me/iribnews/317064; https://t.me/iribnews/317065"}},{"type":"Feature","geometry":{"type":"Point","coordinates":[51.41814320000001,35.68159]},"properties":{"event_id":2,"data_org":"Green","post_date":"2026-02-28T00:00:00.000Z","pub_date":"2026-02-28T00:00:00.000Z","strikedate":"2026-02-28T00:00:00.000Z","event_type":"Reported Airstrike","actor":"Israel","site_type":"political","siteStype":"political : administrative","city":"Tehran","province":"Tehran","country":"Iran","latitude":35.68159,"longitude":51.4181432,"coord_type":"exact","source_1":"https://x.com/chawshin_83/status/2027638699580702732","source_2":"","site_prpse":"","sources":""}},{"type":"Feature","geometry":{"type":"Point","coordinates":[51.291653,35.69073]},"properties":{"event_id":3,"data_org":"Green","post_date":"2026-02-28T00:00:00.000Z","pub_date":"2026-02-28T00:00:00.000Z","strikedate":"2026-02-28T00:00:00.000Z","event_type":"Report of Explosion with Footage","actor":"UNK","site_type":"military","siteStype":"military : airbase","city":"Tehran","province":"Tehran","country":"Iran","latitude":35.69073,"longitude":51.291653,"coord_type":"exact","source_1":"https://x.com/chawshin_83/status/2027638923095097405","source_2":"https://x.com/ariel_oseran/status/2027640244346994705","site_prpse":"","sources":"https://x.com/Mostafa_Najafii/status/2027629888899805371?s=20"}},{"type":"Feature","geometry":{"type":"Point","coordinates":[52.3317825,27.791719999999994]},"properties":{"event_id":4,"data_org":"Green","post_date":"2026-02-28T00:00:00.000Z","pub_date":"2026-02-28T00:00:00.000Z","strikedate":"2026-02-28T00:00:00.000Z","event_type":"Reported Airstrike","actor":"UNK","site_type":"military","siteStype":"military : unknown","city":"Jam","province":"Bushehr","country":"Iran","latitude":27.79172,"longitude":52.3317825,"coord_type":"general town","source_1":"https://x.com/JoeTruzman/status/2027656336687960344","source_2":"https://x.com/ariel_oseran/status/2027656346489721300","site_prpse":"IRGC : Aerospace : missile : operations","sources":"https://x.com/IranIntl/status/2027660054912995674?s=20"}},{"type":"Feature","geometry":{"type":"Point","coordinates":[48.288245,33.41665999999999]},"properties":{"event_id":5,"data_org":"Green","post_date":"2026-02-28T00:00:00.000Z","pub_date":"2026-02-28T00:00:00.000Z","strikedate":"2026-02-28T00:00:00.000Z","event_type":"Reported Airstrike","actor":"UNK","site_type":"military","siteStype":"military : base","city":"Khorramabad","province":"Lorestan","country":"Iran","latitude":33.41666,"longitude":48.288245,"coord_type":"exact","source_1":"https://x.com/DanLinnaeus/status/2027640866320322948?s=20","source_2":"https://x.com/IranIntl/status/2027714080266453390?s=20","site_prpse":"","sources":"https://x.com/SaeedAzimi1772/status/2027644295658786871?s=20"}},{"type":"Feature","geometry":{"type":"Point","coordinates":[46.127118,38.24849]},"properties":{"event_id":7,"data_org":"Green","post_date":"2026-02-28T00:00:00.000Z","pub_date":"2026-02-28T00:00:00.000Z","strikedate":"2026-02-28T00:00:00.000Z","event_type":"Reported Airstrike","actor":"UNK","site_type":"military","siteStype":"military : launch site (missile)","city":"Tabriz","province":"East Azerbaijan","country":"Iran","latitude":38.24849,"longitude":46.127118,"coord_type":"exact","source_1":"https://x.com/chawshin_83/status/2027640836159070508","source_2":"https://x.com/IranIntl/status/2027663326864392699?s=20","site_prpse":"IRGC : Aerospace : missile : operations","sources":""}},{"type":"Feature","geometry":{"type":"Point","coordinates":[47.1075762,34.345490000000005]},"properties":{"event_id":11,"data_org":"Green","post_date":"2026-02-28T00:00:00.000Z","pub_date":"2026-02-28T00:00:00.000Z","strikedate":"2026-02-28T00:00:00.000Z","event_type":"Report of Explosion with Footage","actor":"UNK","site_type":"internal security","siteStype":"internal security : IRGC","city":"Kermanshah","province":"Kermanshah","country":"Iran","latitude":34.34549,"longitude":47.1075762,"coord_type":"exact","source_1":"https://x.com/JoeTruzman/status/2027642141753938326","source_2":"https://x.com/Vahid/status/2027689825864667622?s=20","site_prpse":"","sources":"https://x.com/chawshin_83/status/2027639176447811733; https://x.com/IranIntl/status/2027729457092423817?s=20 ; https://x.com/IranIntl/status/2027694211433177155?s=20 ; https://x.com/SaeedAzimi1772/status/2027644295658786871?s=20"}},{"type":"Feature","geometry":{"type":"Point","coordinates":[51.372626,35.55014999999999]},"properties":{"event_id":13,"data_org":"Green","post_date":"2026-02-28T00:00:00.000Z","pub_date":"2026-02-28T00:00:00.000Z","strikedate":"2026-02-28T00:00:00.000Z","event_type":"Report of Explosion with Footage","actor":"UNK","site_type":"civilian","siteStype":"civilian : building","city":"Tehran","province":"Tehran","country":"Iran","latitude":35.55015,"longitude":51.372626,"coord_type":"general neighborhood","source_1":"https://x.com/Stinky915846091/status/2027645070275457398?s=20","source_2":"","site_prpse":"","sources":""}},{"type":"Feature","geometry":{"type":"Point","coordinates":[60.3968487,25.362270000000006]},"properties":{"event_id":15,"data_org":"Green","post_date":"2026-02-28T00:00:00.000Z","pub_date":"2026-02-28T00:00:00.000Z","strikedate":"2026-02-28T00:00:00.000Z","event_type":"Confirmed Airstrike","actor":"UNK","site_type":"military","siteStype":"military : base","city":"Konarak","province":"Sistan and Baluchistan","country":"Iran","latitude":25.36227,"longitude":60.3968487,"coord_type":"general town","source_1":"https://x.com/JoeTruzman/status/2027651442098770299","source_2":"https://x.com/vickybbennett/status/2027776226161537106?s=20","site_prpse":"IRGC : Aerospace : drone : operations","sources":"https://vantor.mediavalet.com/galleries/5b04a751-cff4-4564-ab61-839ab05944fd_39bb95db-f7b4-417a-9ff5-70e22ff2227e-ExternalUser;  ;  ;  ;  ;  ;  ;  ;  ;  ;  ;"}},{"type":"Feature","geometry":{"type":"Point","coordinates":[60.43205600000001,25.299369999999993]},"properties":{"event_id":16,"data_org":"Green","post_date":"2026-02-28T00:00:00.000Z","pub_date":"2026-02-28T00:00:00.000Z","strikedate":"2026-02-28T00:00:00.000Z","event_type":"Confirmed Airstrike","actor":"UNK","site_type":"military","siteStype":"military : surface combatant","city":"Konarak","province":"Sistan and Baluchistan","country":"Iran","latitude":25.29937,"longitude":60.432056,"coord_type":"exact","source_1":"https://vantor.mediavalet.com/galleries/5b04a751-cff4-4564-ab61-839ab05944fd_39bb95db-f7b4-417a-9ff5-70e22ff2227e-ExternalUser","source_2":"","site_prpse":"IRGC : Navy : Major Surface Combatant","sources":";  ;  ;  ;  ;"}},{"type":"Feature","geometry":{"type":"Point","coordinates":[51.39171650000001,35.69615999999999]},"properties":{"event_id":17,"data_org":"Green","post_date":"2026-02-28T00:00:00.000Z","pub_date":"2026-02-28T00:00:00.000Z","strikedate":"2026-02-28T00:00:00.000Z","event_type":"Reported Airstrike","actor":"UNK","site_type":"internal security","siteStype":"internal security : police","city":"Tehran","province":"Tehran","country":"Iran","latitude":35.69616,"longitude":51.3917165,"coord_type":"POV","source_1":"https://x.com/MiddleEastBuka/status/2027651757581402221?s=20","source_2":"https://x.com/Vahid/status/2027632693324767255?s=20","site_prpse":"","sources":""}},{"type":"Feature","geometry":{"type":"Point","coordinates":[56.2642566,26.96803]},"properties":{"event_id":19,"data_org":"Green","post_date":"2026-02-28T00:00:00.000Z","pub_date":"2026-02-28T00:00:00.000Z","strikedate":"2026-02-28T00:00:00.000Z","event_type":"Report of Explosion with Footage","actor":"UNK","site_type":"military","siteStype":"NA","city":"Gheshm Island","province":"Hormozgan","country":"Iran","latitude":26.96803,"longitude":56.2642566,"coord_type":"exact","source_1":"https://x.com/IranIntl/status/2027664454838599806?s=20","source_2":"","site_prpse":"IRGC : Aerospace : drone : operations","sources":""}},{"type":"Feature","geometry":{"type":"Point","coordinates":[51.3428487,35.72959]},"properties":{"event_id":20,"data_org":"Green","post_date":"2026-02-28T00:00:00.000Z","pub_date":"2026-02-28T00:00:00.000Z","strikedate":"2026-02-28T00:00:00.000Z","event_type":"Reported Airstrike","actor":"UNK","site_type":"military","siteStype":"military : base","city":"Tehran","province":"Tehran","country":"Iran","latitude":35.72959,"longitude":51.3428487,"coord_type":"general town","source_1":"https://x.com/ayatsubzero/status/2027665696134414569?s=20","source_2":"","site_prpse":"IRGC : Aerospace : missile : production","sources":""}},{"type":"Feature","geometry":{"type":"Point","coordinates":[56.20426500000001,27.151870000000006]},"properties":{"event_id":21,"data_org":"Green","post_date":"2026-02-28T00:00:00.000Z","pub_date":"2026-02-28T00:00:00.000Z","strikedate":"2026-02-28T00:00:00.000Z","event_type":"Reported Airstrike","actor":"UNK","site_type":"military","siteStype":"military : naval base","city":"Bandar Abbas","province":"Hormozgan","country":"Iran","latitude":27.15187,"longitude":56.204265,"coord_type":"general town","source_1":"https://x.com/TheIranWatcher/status/2027667405904752782","source_2":"https://x.com/hey_itsmyturn/status/2027695271447032277","site_prpse":"IRGC : Navy : Major Surface Combatant","sources":""}},{"type":"Feature","geometry":{"type":"Point","coordinates":[48.415861,32.37517]},"properties":{"event_id":22,"data_org":"Green","post_date":"2026-02-28T00:00:00.000Z","pub_date":"2026-02-28T00:00:00.000Z","strikedate":"2026-02-28T00:00:00.000Z","event_type":"Report of Explosion with Footage","actor":"UNK","site_type":"unknown","siteStype":"NA","city":"Dezful","province":"Khuzestan","country":"Iran","latitude":32.37517,"longitude":48.415861,"coord_type":"POV","source_1":"https://x.com/andynovy/status/2027668077941240301","source_2":"https://x.com/IranIntl/status/2027689968450015399?s=20","site_prpse":"","sources":"https://x.com/Vahid/status/2028594790137262087?s=20"}},{"type":"Feature","geometry":{"type":"Point","coordinates":[51.761581699999994,35.48878]},"properties":{"event_id":23,"data_org":"Green","post_date":"2026-02-28T00:00:00.000Z","pub_date":"2026-02-28T00:00:00.000Z","strikedate":"2026-02-28T00:00:00.000Z","event_type":"Reported Airstrike","actor":"UNK","site_type":"unknown","siteStype":"NA","city":"Parchin","province":"Tehran","country":"Iran","latitude":35.48878,"longitude":51.7615817,"coord_type":"exact","source_1":"https://x.com/Vahid/status/2027668967116976411?s=20","source_2":"","site_prpse":"IRGC : Aerospace : missile : production","sources":""}},{"type":"Feature","geometry":{"type":"Point","coordinates":[51.487128,35.72614]},"properties":{"event_id":24,"data_org":"Green","post_date":"2026-02-28T00:00:00.000Z","pub_date":"2026-02-28T00:00:00.000Z","strikedate":"2026-02-28T00:00:00.000Z","event_type":"Reported Airstrike","actor":"UNK","site_type":"political","siteStype":"political : individual","city":"Tehran","province":"Tehran","country":"Iran","latitude":35.72614,"longitude":51.487128,"coord_type":"exact","source_1":"https://x.com/leventkemaI/status/2027678614498521488; https://www.nytimes.com/2026/05/19/us/politics/iran-israel-us-leader-ahmadinejad.html?smid=nytcore-ios-share","source_2":"https://x.com/ayatsubzero/status/2027682727215173891?s=20","site_prpse":"","sources":"https://x.com/trbrtc/status/2027685517618229440; https://x.com/IranIntl/status/2027676789217296801?s=20; https://x.com/trbrtc/status/2027685517618229440?s=20; https://www.nytimes.com/live/2026/02/28/world/iran-strikes-trump#congress-iran-notification"}},{"type":"Feature","geometry":{"type":"Point","coordinates":[52.142979,35.68661999999999]},"properties":{"event_id":25,"data_org":"Green","post_date":"2026-02-28T00:00:00.000Z","pub_date":"2026-02-28T00:00:00.000Z","strikedate":"2026-02-28T00:00:00.000Z","event_type":"Confirmed Airstrike","actor":"UNK","site_type":"internal security","siteStype":"internal security : IRGC","city":"Damavand","province":"Tehran","country":"Iran","latitude":35.68662,"longitude":52.142979,"coord_type":"exact","source_1":"https://x.com/MarioLeb79/status/2027684282156601759","source_2":"https://x.com/Vahid/status/2027682276079780068?s=20","site_prpse":"IRGC : Aerospace : missile : operations","sources":"https://x.com/andynovy/status/2027686155815161858; https://x.com/IranIntl/status/2027679990003757196?s=20; https://x.com/andynovy/status/2027686155815161858?s=20; https://x.com/GeoConfirmed/status/2027705349717766591; https://t.me/BenTzionM/7524"}},{"type":"Feature","geometry":{"type":"Point","coordinates":[46.9867603,35.337869999999995]},"properties":{"event_id":29,"data_org":"Green","post_date":"2026-02-28T00:00:00.000Z","pub_date":"2026-02-28T00:00:00.000Z","strikedate":"2026-02-28T00:00:00.000Z","event_type":"Report of Explosion with Footage","actor":"UNK","site_type":"unknown","siteStype":"NA","city":"Sanandaj","province":"Kurdistan","country":"Iran","latitude":35.33787,"longitude":46.9867603,"coord_type":"general town","source_1":"https://x.com/IranIntl/status/2027681964594221432?s=20","source_2":"","site_prpse":"","sources":""}},{"type":"Feature","geometry":{"type":"Point","coordinates":[46.932742,34.80644999999999]},"properties":{"event_id":31,"data_org":"Green","post_date":"2026-02-28T00:00:00.000Z","pub_date":"2026-02-28T00:00:00.000Z","strikedate":"2026-02-28T00:00:00.000Z","event_type":"Reported Airstrike","actor":"UNK","site_type":"internal security","siteStype":"internal security : IRGC","city":"Kamyaran","province":"Kurdistan","country":"Iran","latitude":34.80645,"longitude":46.932742,"coord_type":"general town","source_1":"https://x.com/IranIntl/status/2027692336743125214?s=20","source_2":"https://x.com/PDKIfarsi/status/2027686968797073908?s=20","site_prpse":"","sources":"https://x.com/SamiraSula68273/status/2027680575817924768?s=20"}},{"type":"Feature","geometry":{"type":"Point","coordinates":[46.85600500000001,34.74399999999999]},"properties":{"event_id":32,"data_org":"Green","post_date":"2026-02-28T00:00:00.000Z","pub_date":"2026-02-28T00:00:00.000Z","strikedate":"2026-02-28T00:00:00.000Z","event_type":"Reported Airstrike","actor":"UNK","site_type":"internal security","siteStype":"internal security : IRGC","city":"Kermanshah","province":"Kermanshah","country":"Iran","latitude":34.744,"longitude":46.856005,"coord_type":"general town","source_1":"https://x.com/IranIntl/status/2027693536867414505?s=20","source_2":"","site_prpse":"","sources":""}},{"type":"Feature","geometry":{"type":"Point","coordinates":[51.496744400000004,35.69274]},"properties":{"event_id":34,"data_org":"Green","post_date":"2026-02-28T00:00:00.000Z","pub_date":"2026-02-28T00:00:00.000Z","strikedate":"2026-02-28T00:00:00.000Z","event_type":"Reported Airstrike","actor":"UNK","site_type":"military","siteStype":"military : hq","city":"Tehran","province":"Tehran","country":"Iran","latitude":35.69274,"longitude":51.4967444,"coord_type":"exact","source_1":"https://x.com/Osint613/status/2027701115668549992?s=20","source_2":"https://x.com/IranIntl/status/2027718120459129153?s=20","site_prpse":"","sources":"https://x.com/ManotoNews/status/2027679259691475056?s=20"}},{"type":"Feature","geometry":{"type":"Point","coordinates":[47.0272014,34.28972999999999]},"properties":{"event_id":35,"data_org":"Green","post_date":"2026-02-28T00:00:00.000Z","pub_date":"2026-02-28T00:00:00.000Z","strikedate":"2026-02-28T00:00:00.000Z","event_type":"Report of Explosion with Footage","actor":"UNK","site_type":"military","siteStype":"military : hq","city":"Kermanshah","province":"Kermanshah","country":"Iran","latitude":34.28973,"longitude":47.0272014,"coord_type":"general neighborhood","source_1":"https://x.com/Osint613/status/2027701753899094187?s=20","source_2":"","site_prpse":"","sources":""}},{"type":"Feature","geometry":{"type":"Point","coordinates":[50.13205860000001,33.55686]},"properties":{"event_id":39,"data_org":"Green","post_date":"2026-02-28T00:00:00.000Z","pub_date":"2026-02-28T00:00:00.000Z","strikedate":"2026-02-28T00:00:00.000Z","event_type":"Report of Explosion with Footage","actor":"UNK","site_type":"military","siteStype":"military : launch site (missile)","city":"Khomein","province":"Tehran","country":"Iran","latitude":33.55686,"longitude":50.1320586,"coord_type":"exact","source_1":"https://x.com/MeraMeraska/status/2027711470515970499?s=20","source_2":"https://x.com/DrEliDavid/status/2027707875984875904?s=20","site_prpse":"IRGC : Aerospace : missile : operations","sources":"https://x.com/WillUnderhill23/status/2027741351966642519?s=20; https://x.com/GeoConfirmed/status/2027744968316534800; https://t.me/BenTzionM/7527"}},{"type":"Feature","geometry":{"type":"Point","coordinates":[60.90118030000001,29.499049999999993]},"properties":{"event_id":40,"data_org":"Green","post_date":"2026-02-28T00:00:00.000Z","pub_date":"2026-02-28T00:00:00.000Z","strikedate":"2026-02-28T00:00:00.000Z","event_type":"Reported Airstrike","actor":"UNK","site_type":"unknown","siteStype":"NA","city":"Zahedan","province":"Sistan and Baluchistan","country":"Iran","latitude":29.49905,"longitude":60.9011803,"coord_type":"general town","source_1":"https://x.com/IranIntl/status/2027711625491583419?s=20","source_2":"https://x.com/FaytuksNetwork/status/2027703004548264078","site_prpse":"","sources":""}},{"type":"Feature","geometry":{"type":"Point","coordinates":[53.989779999999996,26.533559999999998]},"properties":{"event_id":42,"data_org":"Green","post_date":"2026-02-28T00:00:00.000Z","pub_date":"2026-02-28T00:00:00.000Z","strikedate":"2026-02-28T00:00:00.000Z","event_type":"Reported Airstrike","actor":"UNK","site_type":"military","siteStype":"military : air defense system","city":"Kish Island","province":"Hormozgan","country":"Iran","latitude":26.53356,"longitude":53.98978,"coord_type":"exact","source_1":"https://x.com/Vahid/status/2027714740949074080?s=20","source_2":"https://x.com/IranIntl/status/2027725288256254127?s=20","site_prpse":"","sources":"https://x.com/zarGEOINT/status/2027724624268509325?s=20; https://t.me/Aalijnab/525671"}},{"type":"Feature","geometry":{"type":"Point","coordinates":[46.145053562955006,37.9284972807671]},"properties":{"event_id":47,"data_org":"Green","post_date":"2026-02-28T00:00:00.000Z","pub_date":"2026-02-28T00:00:00.000Z","strikedate":"2026-02-28T00:00:00.000Z","event_type":"Report of Explosion with Footage","actor":"UNK","site_type":"military","siteStype":"military : launch site (missile)","city":"Tabriz","province":"East Azerbaijan","country":"Iran","latitude":37.9284972808,"longitude":46.145053563,"coord_type":"exact","source_1":"https://x.com/Vahid/status/2027726848608669961?s=20","source_2":"https://x.com/andynovy/status/2027731104413671872","site_prpse":"IRGC : Aerospace : missile : development","sources":"https://x.com/andynovy/status/2027731151985467770; https://x.com/IranIntl/status/2027739543919583562?s=20; https://x.com/MiddleEastBuka/status/2027740187523010745?s=20; https://t.me/BenTzionM/6895"}},{"type":"Feature","geometry":{"type":"Point","coordinates":[46.2079499,38.105669999999996]},"properties":{"event_id":48,"data_org":"Green","post_date":"2026-02-28T00:00:00.000Z","pub_date":"2026-02-28T00:00:00.000Z","strikedate":"2026-02-28T00:00:00.000Z","event_type":"Report of Explosion with Footage","actor":"UNK","site_type":"unknown","siteStype":"NA","city":"Tabriz","province":"East Azerbaijan","country":"Iran","latitude":38.10567,"longitude":46.2079499,"coord_type":"general town","source_1":"https://x.com/IranIntl/status/2027728102164455778?s=20","source_2":"","site_prpse":"IRGC : Aerospace : missile : operations","sources":""}},{"type":"Feature","geometry":{"type":"Point","coordinates":[51.410333,35.68605000000001]},"properties":{"event_id":51,"data_org":"Green","post_date":"2026-02-28T00:00:00.000Z","pub_date":"2026-02-28T00:00:00.000Z","strikedate":"2026-02-28T00:00:00.000Z","event_type":"Reported Airstrike","actor":"UNK","site_type":"unknown","siteStype":"NA","city":"Tehran","province":"Tehran","country":"Iran","latitude":35.68605,"longitude":51.410333,"coord_type":"POV","source_1":"https://x.com/Shayan86/status/2027728520042934563?s=20","source_2":"https://x.com/MiddleEastBuka/status/2027642717962961051?s=20","site_prpse":"","sources":"https://x.com/Vahid/status/2027632693324767255?s=20; https://x.com/GeoConfirmed/status/2027753193019445273"}},{"type":"Feature","geometry":{"type":"Point","coordinates":[49.96406,34.1522]},"properties":{"event_id":52,"data_org":"Green","post_date":"2026-02-28T00:00:00.000Z","pub_date":"2026-02-28T00:00:00.000Z","strikedate":"2026-02-28T00:00:00.000Z","event_type":"Confirmed Airstrike","actor":"UNK","site_type":"civilian","siteStype":"civilian : industrial","city":"Arak","province":"Markazi","country":"Iran","latitude":34.1522,"longitude":49.96406,"coord_type":"exact","source_1":"https://x.com/Vahid/status/2027729455146221681?s=20","source_2":"https://x.com/IranIntl/status/2027738532823933318?s=20","site_prpse":"","sources":"https://x.com/zarGEOINT/status/2027749529424924910?s=20; https://x.com/GeoConfirmed/status/2027781645164552328; https://x.com/Vahid/status/2027729455146221681?s=20;  ;  ;  ;  ;  ;  ;  ;  ;"}},{"type":"Feature","geometry":{"type":"Point","coordinates":[47.201204,34.3493]},"properties":{"event_id":54,"data_org":"Green","post_date":"2026-02-28T00:00:00.000Z","pub_date":"2026-02-28T00:00:00.000Z","strikedate":"2026-02-28T00:00:00.000Z","event_type":"Confirmed Airstrike","actor":"Israel","site_type":"military","siteStype":"military : air defense system","city":"Kermanshah City","province":"Kermanshah","country":"Iran","latitude":34.3493,"longitude":47.201204,"coord_type":"exact","source_1":"DNGTS: www dot idf.il/331898","source_2":"https://x.com/Stinky915846091/status/2027751588127707137?s=20","site_prpse":"","sources":"https://www.youtube.com/watch?v=72ggdmOmnKg; https://x.com/manniefabian/status/2027748021484584963"}},{"type":"Feature","geometry":{"type":"Point","coordinates":[52.5346788,29.498010000000004]},"properties":{"event_id":55,"data_org":"Green","post_date":"2026-02-28T00:00:00.000Z","pub_date":"2026-02-28T00:00:00.000Z","strikedate":"2026-02-28T00:00:00.000Z","event_type":"Reported Airstrike","actor":"UNK","site_type":"civilian","siteStype":"civilian : industrial","city":"Shiraz","province":"Fars","country":"Iran","latitude":29.49801,"longitude":52.5346788,"coord_type":"general town","source_1":"https://t.me/farsna/413765","source_2":"https://x.com/ManotoNews/status/2027781991349772765?s=20","site_prpse":"","sources":"https://x.com/RadioFarda_/status/2027781077712973923?s=20; https://x.com/Vahid/status/2027776909564645780?s=20; https://x.com/ManotoNews/status/2027745105285644535?s=20; https://x.com/hey_itsmyturn/status/2027713096995799040?s=20; https://x.com/Vahid/sta"}},{"type":"Feature","geometry":{"type":"Point","coordinates":[60.607061,25.338688000000005]},"properties":{"event_id":56,"data_org":"Green","post_date":"2026-02-28T00:00:00.000Z","pub_date":"2026-02-28T00:00:00.000Z","strikedate":"2026-02-28T00:00:00.000Z","event_type":"Reported Airstrike","actor":"UNK","site_type":"military","siteStype":"military : base","city":"Chabahar","province":"Sistan and Baluchistan","country":"Iran","latitude":25.338688,"longitude":60.607061,"coord_type":"exact","source_1":"https://x.com/boringosint/status/2027754830677131440?s=20","source_2":"https://t.me/jda_jonbesh/6232","site_prpse":"","sources":"https://x.com/IranIntl/status/2027751910476804463"}},{"type":"Feature","geometry":{"type":"Point","coordinates":[47.028441,34.29943]},"properties":{"event_id":57,"data_org":"Green","post_date":"2026-02-28T00:00:00.000Z","pub_date":"2026-02-28T00:00:00.000Z","strikedate":"2026-02-28T00:00:00.000Z","event_type":"Report of Explosion with Footage","actor":"UNK","site_type":"military","siteStype":"military : launch site (missile)","city":"Pardis","province":"Kermanshah","country":"Iran","latitude":34.29943,"longitude":47.028441,"coord_type":"POV","source_1":"https://x.com/WillUnderhill23/status/2027774605910237219?s=20","source_2":"https://x.com/DrEliDavid/status/2027757131345043565?s=20","site_prpse":"IRGC : Aerospace : missile : operations","sources":";  ;  ;  ;  ;  ;  ;  ;  ;  ;  ;"}},{"type":"Feature","geometry":{"type":"Point","coordinates":[51.09343299999999,35.75953999999999]},"properties":{"event_id":58,"data_org":"Green","post_date":"2026-02-28T00:00:00.000Z","pub_date":"2026-02-28T00:00:00.000Z","strikedate":"2026-02-28T00:00:00.000Z","event_type":"Report of Explosion with Footage","actor":"UNK","site_type":"military","siteStype":"military : base","city":"Garmdareh","province":"Alborz","country":"Iran","latitude":35.75954,"longitude":51.093433,"coord_type":"exact","source_1":"https://x.com/IranIntl/status/2027764221153292734","source_2":"https://x.com/ManotoNews/status/2027662343748956206?s=20","site_prpse":"","sources":"https://t.me/iribnews/317272"}},{"type":"Feature","geometry":{"type":"Point","coordinates":[50.82111030000001,28.916119999999985]},"properties":{"event_id":61,"data_org":"Green","post_date":"2026-02-28T00:00:00.000Z","pub_date":"2026-02-28T00:00:00.000Z","strikedate":"2026-02-28T00:00:00.000Z","event_type":"Report of Explosion with Footage","actor":"UNK","site_type":"military","siteStype":"military : base","city":"Bushehr","province":"Bushehr","country":"Iran","latitude":28.91612,"longitude":50.8211103,"coord_type":"","source_1":"https://t.me/iribnews/317272","source_2":"https://x.com/Osint613/status/2027802100944515552?s=20","site_prpse":"","sources":""}},{"type":"Feature","geometry":{"type":"Point","coordinates":[48.5093593,36.680189999999996]},"properties":{"event_id":63,"data_org":"Green","post_date":"2026-02-28T00:00:00.000Z","pub_date":"2026-02-28T00:00:00.000Z","strikedate":"2026-02-28T00:00:00.000Z","event_type":"Report of Explosion with Footage","actor":"UNK","site_type":"unknown","siteStype":"NA","city":"Zanjan","province":"Zanjan","country":"Iran","latitude":36.68019,"longitude":48.5093593,"coord_type":"","source_1":"https://x.com/hey_itsmyturn/status/2027788596342563197?s=20","source_2":"https://x.com/JoeTruzman/status/2027791915899625860","site_prpse":"","sources":"https://x.com/Vahid/status/2027785259132006857?s=20; https://x.com/ariel_oseran/status/2027795060876619805"}},{"type":"Feature","geometry":{"type":"Point","coordinates":[51.291653,35.69073]},"properties":{"event_id":66,"data_org":"Green","post_date":"2026-02-28T00:00:00.000Z","pub_date":"2026-02-28T00:00:00.000Z","strikedate":"2026-02-28T00:00:00.000Z","event_type":"Report of Explosion with Footage","actor":"UNK","site_type":"military","siteStype":"military : launch site (missile)","city":"Tehran","province":"Tehran","country":"Iran","latitude":35.69073,"longitude":51.291653,"coord_type":"","source_1":"https://x.com/ariel_oseran/status/2027820890675724435","source_2":"","site_prpse":"IRGC : Aerospace : missile : operations","sources":""}},{"type":"Feature","geometry":{"type":"Point","coordinates":[57.090516,27.098359999999996]},"properties":{"event_id":68,"data_org":"Green","post_date":"2026-02-28T00:00:00.000Z","pub_date":"2026-02-28T00:00:00.000Z","strikedate":"2026-02-28T00:00:00.000Z","event_type":"Reported Airstrike","actor":"UNK","site_type":"military","siteStype":"military : naval base","city":"Minab","province":"Hormozgan","country":"Iran","latitude":27.09836,"longitude":57.090516,"coord_type":"","source_1":"https://www.nytimes.com/2026/02/28/world/middleeast/iran-school-strike-us-israel.html?smid=url-share","source_2":"","site_prpse":"IRGC : Navy : Missile Stockpiles","sources":""}},{"type":"Feature","geometry":{"type":"Point","coordinates":[56.19575,27.170580000000005]},"properties":{"event_id":69,"data_org":"Green","post_date":"2026-02-28T00:00:00.000Z","pub_date":"2026-02-28T00:00:00.000Z","strikedate":"2026-02-28T00:00:00.000Z","event_type":"Report of Explosion with Footage","actor":"UNK","site_type":"military","siteStype":"military : radar","city":"Bandar Abbas","province":"Hormozgan","country":"Iran","latitude":27.17058,"longitude":56.19575,"coord_type":"","source_1":"https://x.com/WillUnderhill23/status/2027849816496013706?s=20","source_2":"https://x.com/COUPSURE/status/2027836974728405195?s=20","site_prpse":"","sources":"https://x.com/Philipp27960841/status/2027807425294663995?s=20; https://x.com/FaytuksNetwork/status/2027834914322690064"}},{"type":"Feature","geometry":{"type":"Point","coordinates":[53.182328,27.3294]},"properties":{"event_id":70,"data_org":"Green","post_date":"2026-02-28T00:00:00.000Z","pub_date":"2026-02-28T00:00:00.000Z","strikedate":"2026-02-28T00:00:00.000Z","event_type":"Reported Airstrike","actor":"UNK","site_type":"civilian","siteStype":"civilian : building","city":"Lamerd","province":"Fars","country":"Iran","latitude":27.3294,"longitude":53.182328,"coord_type":"","source_1":"https://www.nytimes.com/2026/02/28/world/middleeast/us-israel-iran-attack-maps.html","source_2":"https://x.com/ChrisOsieck/status/2028215824272486902?s=20","site_prpse":"","sources":";  ;  ;  ;  ;  ;  ;  ;  ;  ;  ;"}},{"type":"Feature","geometry":{"type":"Point","coordinates":[50.09630000000001,33.60345000000001]},"properties":{"event_id":72,"data_org":"Green","post_date":"2026-02-28T00:00:00.000Z","pub_date":"2026-02-28T00:00:00.000Z","strikedate":"2026-02-28T00:00:00.000Z","event_type":"Confirmed Airstrike","actor":"Israel","site_type":"military","siteStype":"military : launch site (missile)","city":"Khomeyn","province":"Markazi","country":"Iran","latitude":33.60345,"longitude":50.0963,"coord_type":"","source_1":"https://x.com/obretix/status/2027896389921918999?s=20","source_2":"https://x.com/idfonline/status/2027876614139240731?s=20","site_prpse":"IRGC : Aerospace : missile : operations","sources":"https://t.me/BenTzionM/6908; https://t.me/BenTzionM/7527"}},{"type":"Feature","geometry":{"type":"Point","coordinates":[51.3322,35.74129]},"properties":{"event_id":73,"data_org":"Green","post_date":"2026-02-28T00:00:00.000Z","pub_date":"2026-02-28T00:00:00.000Z","strikedate":"2026-03-01T00:00:00.000Z","event_type":"Report of Explosion with Footage","actor":"UNK","site_type":"unknown","siteStype":"NA","city":"Tehran","province":"Tehran","country":"Iran","latitude":35.74129,"longitude":51.3322,"coord_type":"","source_1":"https://x.com/hey_itsmyturn/status/2027910638190662059?s=20","source_2":"","site_prpse":"","sources":""}},{"type":"Feature","geometry":{"type":"Point","coordinates":[51.39560800000001,35.77838]},"properties":{"event_id":74,"data_org":"Green","post_date":"2026-03-01T00:00:00.000Z","pub_date":"2026-03-01T00:00:00.000Z","strikedate":"2026-02-28T00:00:00.000Z","event_type":"Confirmed Airstrike","actor":"Israel","site_type":"internal security","siteStype":"internal security : IRGC","city":"Tehran","province":"Tehran","country":"Iran","latitude":35.77838,"longitude":51.395608,"coord_type":"","source_1":"https://x.com/ChrisOsieck/status/2028035927327514949?s=20","source_2":"https://x.com/IDFFarsi/status/2028034760778428539?s=20","site_prpse":"","sources":"https://x.com/AmitSegal/status/2028033479154245634?s=20; https://x.com/GeoConfirmed/status/2028069044566311218?s=20; https://x.com/RT_com/status/2028022534810001615?s=20; https://x.com/MarioLeb79/status/2028072909479063887?s=20; https://x.com/MarioLeb79/"}},{"type":"Feature","geometry":{"type":"Point","coordinates":[47.2363793,34.35570439999999]},"properties":{"event_id":75,"data_org":"Green","post_date":"2026-03-01T00:00:00.000Z","pub_date":"2026-03-01T00:00:00.000Z","strikedate":"2026-03-01T00:00:00.000Z","event_type":"Report of Explosion with Footage","actor":"UNK","site_type":"military","siteStype":"military : missile base","city":"Kermanshah","province":"Kermanshah","country":"Iran","latitude":34.3557044,"longitude":47.2363793,"coord_type":"exact","source_1":"https://x.com/FIammen1543/status/2027988038169542969?s=20","source_2":"https://x.com/MohamadAhwaze/status/2027981231988650006?s=20","site_prpse":"IRGC : Aerospace : missile : operations","sources":"https://t.me/BenTzionM/7515"}},{"type":"Feature","geometry":{"type":"Point","coordinates":[47.157778,34.36416]},"properties":{"event_id":76,"data_org":"Green","post_date":"2026-03-01T00:00:00.000Z","pub_date":"2026-03-01T00:00:00.000Z","strikedate":"2026-03-01T00:00:00.000Z","event_type":"Confirmed Airstrike","actor":"UNK","site_type":"internal security","siteStype":"internal security : Basij","city":"Kermanshah","province":"Kermanshah","country":"Iran","latitude":34.36416,"longitude":47.157778,"coord_type":"","source_1":"https://x.com/hey_itsmyturn/status/2028061426233884890?s=20","source_2":"https://x.com/Osint613/status/2028061781629845776?s=20","site_prpse":"","sources":"Planet Imagery"}},{"type":"Feature","geometry":{"type":"Point","coordinates":[46.2455386,38.124449999999996]},"properties":{"event_id":77,"data_org":"Green","post_date":"2026-03-01T00:00:00.000Z","pub_date":"2026-03-01T00:00:00.000Z","strikedate":"2026-03-01T00:00:00.000Z","event_type":"Reported Airstrike","actor":"Israel","site_type":"military","siteStype":"military : airbase","city":"Tabriz","province":"East Azerbaijan","country":"Iran","latitude":38.12445,"longitude":46.2455386,"coord_type":"","source_1":"https://x.com/idfonline/status/2028066470731686236?s=20","source_2":"https://x.com/AmitSegal/status/2028065692310700299?s=20","site_prpse":"","sources":"https://x.com/IAFsite/status/2028070698715844919?s=20 ; https://x.com/sentdefender/status/2028077630235222176?s=20; https://x.com/andynovy/status/2028067470888575435?s=20; https://x.com/Osint613/status/2028056580382445993?s=20; https://x.com/andynovy/sta"}},{"type":"Feature","geometry":{"type":"Point","coordinates":[51.4391543,35.711]},"properties":{"event_id":78,"data_org":"Green","post_date":"2026-03-01T00:00:00.000Z","pub_date":"2026-03-01T00:00:00.000Z","strikedate":"2026-03-01T00:00:00.000Z","event_type":"Report of Explosion with Footage","actor":"UNK","site_type":"internal security","siteStype":"internal security : IRGC","city":"Tehran","province":"Tehran","country":"Iran","latitude":35.711,"longitude":51.4391543,"coord_type":"","source_1":"https://x.com/IranIntl/status/2028076367716250083?s=20","source_2":"https://x.com/Rppress0/status/2028081107590136167?s=20","site_prpse":"","sources":"https://x.com/Rppress0/status/2028078523995275733?s=20; https://x.com/ZTV_fa/status/2028084832731820526?s=20; https://x.com/IranIntl/status/2029209276510605784?s=20"}},{"type":"Feature","geometry":{"type":"Point","coordinates":[51.356307300000005,35.700900000000004]},"properties":{"event_id":79,"data_org":"Green","post_date":"2026-03-01T00:00:00.000Z","pub_date":"2026-03-01T00:00:00.000Z","strikedate":"2026-03-01T00:00:00.000Z","event_type":"Report of Explosion with Footage","actor":"UNK","site_type":"internal security","siteStype":"internal security : Basij","city":"Tehran","province":"Tehran","country":"Iran","latitude":35.7009,"longitude":51.3563073,"coord_type":"","source_1":"https://x.com/Osint613/status/2028076017194078639?s=20","source_2":"https://x.com/Osint613/status/2028062620054388983?s=20","site_prpse":"","sources":"https://x.com/Osint613/status/2028059344739123241?s=20"}},{"type":"Feature","geometry":{"type":"Point","coordinates":[51.446674,35.72741]},"properties":{"event_id":80,"data_org":"Green","post_date":"2026-03-01T00:00:00.000Z","pub_date":"2026-03-01T00:00:00.000Z","strikedate":"2026-03-01T00:00:00.000Z","event_type":"Reported Airstrike","actor":"UNK","site_type":"political","siteStype":"political : administrative","city":"Tehran","province":"Tehran","country":"Iran","latitude":35.72741,"longitude":51.446674,"coord_type":"","source_1":"https://x.com/IranIntl/status/2028035495473631683?s=20","source_2":"https://x.com/haalvsh/status/2028096132941742315?s=20","site_prpse":"","sources":"https://x.com/abdolah_abdi/status/2028090376242778253?s=20"}},{"type":"Feature","geometry":{"type":"Point","coordinates":[51.4086193,35.78706999999999]},"properties":{"event_id":81,"data_org":"Green","post_date":"2026-03-01T00:00:00.000Z","pub_date":"2026-03-01T00:00:00.000Z","strikedate":"2026-03-01T00:00:00.000Z","event_type":"Reported Airstrike","actor":"UNK","site_type":"political","siteStype":"political : news","city":"Tehran","province":"Tehran","country":"Iran","latitude":35.78707,"longitude":51.4086193,"coord_type":"","source_1":"https://x.com/IranIntl/status/2028045634985484533?s=20","source_2":"","site_prpse":"","sources":""}},{"type":"Feature","geometry":{"type":"Point","coordinates":[51.199778300000006,35.73228000000001]},"properties":{"event_id":82,"data_org":"Green","post_date":"2026-03-01T00:00:00.000Z","pub_date":"2026-03-01T00:00:00.000Z","strikedate":"2026-03-01T00:00:00.000Z","event_type":"Reported Airstrike","actor":"UNK","site_type":"unknown","siteStype":"NA","city":"Tehran","province":"Tehran","country":"Iran","latitude":35.73228,"longitude":51.1997783,"coord_type":"","source_1":"https://x.com/IranIntl/status/2028047344466321672?s=20","source_2":"","site_prpse":"","sources":""}},{"type":"Feature","geometry":{"type":"Point","coordinates":[51.351156,35.66440999999999]},"properties":{"event_id":84,"data_org":"Green","post_date":"2026-03-01T00:00:00.000Z","pub_date":"2026-03-01T00:00:00.000Z","strikedate":"2026-03-01T00:00:00.000Z","event_type":"Reported Airstrike","actor":"UNK","site_type":"internal security","siteStype":"internal security : Basij","city":"Tehran","province":"Tehran","country":"Iran","latitude":35.66441,"longitude":51.351156,"coord_type":"","source_1":"https://x.com/michaelh992/status/2028066952535543909?s=20","source_2":"","site_prpse":"","sources":""}},{"type":"Feature","geometry":{"type":"Point","coordinates":[46.774515,37.84628]},"properties":{"event_id":87,"data_org":"Green","post_date":"2026-03-01T00:00:00.000Z","pub_date":"2026-03-01T00:00:00.000Z","strikedate":"2026-03-01T00:00:00.000Z","event_type":"Report of Explosion with Footage","actor":"UNK","site_type":"unknown","siteStype":"NA","city":"Hajj Aqa","province":"East Azerbaijan","country":"Iran","latitude":37.84628,"longitude":46.774515,"coord_type":"","source_1":"https://x.com/MiddleEastBuka/status/2028140296656044196","source_2":"","site_prpse":"","sources":""}},{"type":"Feature","geometry":{"type":"Point","coordinates":[51.2753,35.7127]},"properties":{"event_id":89,"data_org":"Green","post_date":"2026-03-01T00:00:00.000Z","pub_date":"2026-03-01T00:00:00.000Z","strikedate":"2026-03-01T00:00:00.000Z","event_type":"Report of Explosion with Footage","actor":"UNK","site_type":"political","siteStype":"political : individual","city":"Tehran","province":"Tehran","country":"Iran","latitude":35.7127,"longitude":51.2753,"coord_type":"","source_1":"https://x.com/hey_itsmyturn/status/2028110771003998366?s=20","source_2":"https://x.com/hey_itsmyturn/status/2028101496093524469?s=20","site_prpse":"","sources":""}},{"type":"Feature","geometry":{"type":"Point","coordinates":[51.4051658,35.76725999999999]},"properties":{"event_id":90,"data_org":"Green","post_date":"2026-03-01T00:00:00.000Z","pub_date":"2026-03-01T00:00:00.000Z","strikedate":"2026-03-01T00:00:00.000Z","event_type":"Confirmed Airstrike","actor":"Israel","site_type":"internal security","siteStype":"internal security : police","city":"Tehran","province":"Tehran","country":"Iran","latitude":35.76726,"longitude":51.4051658,"coord_type":"","source_1":"https://x.com/IDFFarsi/status/2028120147693572128?s=20","source_2":"","site_prpse":"","sources":""}},{"type":"Feature","geometry":{"type":"Point","coordinates":[48.467622999999996,36.67687000000001]},"properties":{"event_id":91,"data_org":"Green","post_date":"2026-03-01T00:00:00.000Z","pub_date":"2026-03-01T00:00:00.000Z","strikedate":"2026-03-01T00:00:00.000Z","event_type":"Report of Explosion with Footage","actor":"UNK","site_type":"internal security","siteStype":"internal security : IRGC","city":"Zanjan","province":"Zanjan","country":"Iran","latitude":36.67687,"longitude":48.467623,"coord_type":"","source_1":"https://x.com/Vahid/status/2028132878949679527","source_2":"https://x.com/FaytuksNetwork/status/2028135945539670357","site_prpse":"","sources":""}},{"type":"Feature","geometry":{"type":"Point","coordinates":[60.4305438,25.299469999999996]},"properties":{"event_id":95,"data_org":"Green","post_date":"2026-03-01T00:00:00.000Z","pub_date":"2026-03-01T00:00:00.000Z","strikedate":"2026-03-01T00:00:00.000Z","event_type":"Confirmed Airstrike","actor":"UNK","site_type":"military","siteStype":"military : surface combatant","city":"Konarak","province":"Sistan and Baluchistan","country":"Iran","latitude":25.29947,"longitude":60.4305438,"coord_type":"","source_1":"Imagery","source_2":"https://t.me/BenTzionM/6916","site_prpse":"IRGC : Navy : Major Surface Combatant","sources":""}},{"type":"Feature","geometry":{"type":"Point","coordinates":[60.3563874,25.332629999999995]},"properties":{"event_id":96,"data_org":"Green","post_date":"2026-03-01T00:00:00.000Z","pub_date":"2026-03-01T00:00:00.000Z","strikedate":"2026-03-01T00:00:00.000Z","event_type":"Confirmed Airstrike","actor":"UNK","site_type":"military","siteStype":"military : launch site (drone)","city":"Konarak","province":"Sistan and Baluchistan","country":"Iran","latitude":25.33263,"longitude":60.3563874,"coord_type":"","source_1":"Imagery","source_2":"https://t.me/BenTzionM/6912","site_prpse":"IRGC : Aerospace : drone : operations","sources":""}},{"type":"Feature","geometry":{"type":"Point","coordinates":[60.36699999999999,25.335]},"properties":{"event_id":97,"data_org":"Green","post_date":"2026-03-01T00:00:00.000Z","pub_date":"2026-03-01T00:00:00.000Z","strikedate":"2026-03-01T00:00:00.000Z","event_type":"Confirmed Airstrike","actor":"UNK","site_type":"military","siteStype":"military : launch site (drone)","city":"Konarak","province":"Sistan and Baluchistan","country":"Iran","latitude":25.335,"longitude":60.367,"coord_type":"","source_1":"Imagery","source_2":"https://t.me/BenTzionM/6913","site_prpse":"IRGC : Aerospace : drone : operations","sources":""}},{"type":"Feature","geometry":{"type":"Point","coordinates":[60.364000000000004,25.436000000000007]},"properties":{"event_id":98,"data_org":"Green","post_date":"2026-03-01T00:00:00.000Z","pub_date":"2026-03-01T00:00:00.000Z","strikedate":"2026-03-01T00:00:00.000Z","event_type":"Confirmed Airstrike","actor":"UNK","site_type":"military","siteStype":"military : airbase","city":"Konarak","province":"Sistan and Baluchistan","country":"Iran","latitude":25.436,"longitude":60.364,"coord_type":"","source_1":"Imagery","source_2":"https://www.businessinsider.com/satellite-images-show-iranian-warship-burning-after-us-israel-strikes-2026-2","site_prpse":"","sources":"https://t.me/BenTzionM/6914"}},{"type":"Feature","geometry":{"type":"Point","coordinates":[60.8988,29.461899999999993]},"properties":{"event_id":101,"data_org":"Green","post_date":"2026-03-01T00:00:00.000Z","pub_date":"2026-03-01T00:00:00.000Z","strikedate":"2026-03-01T00:00:00.000Z","event_type":"Report of Explosion with Footage","actor":"UNK","site_type":"internal security","siteStype":"internal security : IRGC","city":"Zahedan","province":"Sistan and Baluchistan","country":"Iran","latitude":29.4619,"longitude":60.8988,"coord_type":"","source_1":"https://x.com/byjepstein/status/2028142894494740858?s=20","source_2":"https://x.com/tom_bike/status/2028161394185515228?s=20","site_prpse":"","sources":"https://x.com/trbrtc/status/2028150580439285864"}},{"type":"Feature","geometry":{"type":"Point","coordinates":[49.2211068,36.147529999999996]},"properties":{"event_id":102,"data_org":"Green","post_date":"2026-03-01T00:00:00.000Z","pub_date":"2026-03-01T00:00:00.000Z","strikedate":"2026-03-01T00:00:00.000Z","event_type":"Reported Airstrike","actor":"US","site_type":"military","siteStype":"military : base","city":"Abhar","province":"Zanjan","country":"Iran","latitude":36.14753,"longitude":49.2211068,"coord_type":"","source_1":"https://t.me/sepah_pasdaran/181514","source_2":"","site_prpse":"","sources":""}},{"type":"Feature","geometry":{"type":"Point","coordinates":[51.486494,35.73441]},"properties":{"event_id":103,"data_org":"Green","post_date":"2026-03-01T00:00:00.000Z","pub_date":"2026-03-01T00:00:00.000Z","strikedate":"2026-03-01T00:00:00.000Z","event_type":"Reported Airstrike","actor":"UNK","site_type":"unknown","siteStype":"NA","city":"Tehran","province":"Tehran","country":"Iran","latitude":35.73441,"longitude":51.486494,"coord_type":"","source_1":"https://x.com/IranIntl/status/2028154609714254223?s=20","source_2":"","site_prpse":"","sources":""}},{"type":"Feature","geometry":{"type":"Point","coordinates":[51.41232359999999,35.74537999999999]},"properties":{"event_id":105,"data_org":"Green","post_date":"2026-03-01T00:00:00.000Z","pub_date":"2026-03-01T00:00:00.000Z","strikedate":"2026-03-01T00:00:00.000Z","event_type":"Reported Airstrike","actor":"UNK","site_type":"political","siteStype":"political : news","city":"Tehran","province":"Tehran","country":"Iran","latitude":35.74538,"longitude":51.4123236,"coord_type":"","source_1":"https://x.com/Shayan86/status/2028187632044568803?s=20","source_2":"https://x.com/IranIntl/status/2028207350419448301","site_prpse":"","sources":""}},{"type":"Feature","geometry":{"type":"Point","coordinates":[51.556848,35.742459999999994]},"properties":{"event_id":106,"data_org":"Green","post_date":"2026-03-01T00:00:00.000Z","pub_date":"2026-03-01T00:00:00.000Z","strikedate":"2026-03-01T00:00:00.000Z","event_type":"Report of Explosion with Footage","actor":"UNK","site_type":"unknown","siteStype":"NA","city":"Tehran","province":"Tehran","country":"Iran","latitude":35.74246,"longitude":51.556848,"coord_type":"","source_1":"https://x.com/Vahid/status/2028162635900887494","source_2":"","site_prpse":"","sources":""}},{"type":"Feature","geometry":{"type":"Point","coordinates":[51.43729100000001,35.60781999999999]},"properties":{"event_id":108,"data_org":"Green","post_date":"2026-03-01T00:00:00.000Z","pub_date":"2026-03-01T00:00:00.000Z","strikedate":"2026-03-01T00:00:00.000Z","event_type":"Report of Explosion with Footage","actor":"UNK","site_type":"unknown","siteStype":"NA","city":"Rey","province":"Tehran","country":"Iran","latitude":35.60782,"longitude":51.437291,"coord_type":"","source_1":"https://x.com/Vahid/status/2028165014830432763","source_2":"","site_prpse":"","sources":""}},{"type":"Feature","geometry":{"type":"Point","coordinates":[51.304421999999995,35.75841]},"properties":{"event_id":109,"data_org":"Green","post_date":"2026-03-01T00:00:00.000Z","pub_date":"2026-03-01T00:00:00.000Z","strikedate":"2026-03-01T00:00:00.000Z","event_type":"Report of Explosion with Footage","actor":"UNK","site_type":"unknown","siteStype":"NA","city":"Tehran","province":"Tehran","country":"Iran","latitude":35.75841,"longitude":51.304422,"coord_type":"","source_1":"https://x.com/Vahid/status/2028165489264902325","source_2":"","site_prpse":"","sources":""}},{"type":"Feature","geometry":{"type":"Point","coordinates":[51.404345000000006,35.73053]},"properties":{"event_id":115,"data_org":"Green","post_date":"2026-03-01T00:00:00.000Z","pub_date":"2026-03-01T00:00:00.000Z","strikedate":"2026-03-01T00:00:00.000Z","event_type":"Report of Explosion with Footage","actor":"UNK","site_type":"unknown","siteStype":"NA","city":"Tehran","province":"Tehran","country":"Iran","latitude":35.73053,"longitude":51.404345,"coord_type":"","source_1":"https://x.com/Vahid/status/2028174715538301221","source_2":"","site_prpse":"","sources":""}},{"type":"Feature","geometry":{"type":"Point","coordinates":[51.3742631,35.78237000000001]},"properties":{"event_id":116,"data_org":"Green","post_date":"2026-03-01T00:00:00.000Z","pub_date":"2026-03-01T00:00:00.000Z","strikedate":"2026-03-01T00:00:00.000Z","event_type":"Reported Airstrike","actor":"UNK","site_type":"unknown","siteStype":"NA","city":"Tehran","province":"Tehran","country":"Iran","latitude":35.78237,"longitude":51.3742631,"coord_type":"","source_1":"POV 35.7862856910664, 51.366203030163184","source_2":"https://x.com/IranIntl/status/2028145332136067421?s=20","site_prpse":"","sources":""}},{"type":"Feature","geometry":{"type":"Point","coordinates":[51.458488,35.75381]},"properties":{"event_id":117,"data_org":"Green","post_date":"2026-03-01T00:00:00.000Z","pub_date":"2026-03-01T00:00:00.000Z","strikedate":"2026-03-01T00:00:00.000Z","event_type":"Reported Airstrike","actor":"UNK","site_type":"military","siteStype":"military : intelligence","city":"Tehran","province":"Tehran","country":"Iran","latitude":35.75381,"longitude":51.458488,"coord_type":"","source_1":"https://x.com/IranIntl/status/2028178637157957931?s=20","source_2":"https://x.com/Vahid/status/2028171508774834674","site_prpse":"","sources":"https://x.com/hey_itsmyturn/status/2028195718008058143?s=20; https://x.com/IranIntl_En/status/2028188306974900689"}},{"type":"Feature","geometry":{"type":"Point","coordinates":[51.371562999999995,35.72864]},"properties":{"event_id":120,"data_org":"Green","post_date":"2026-03-01T00:00:00.000Z","pub_date":"2026-03-01T00:00:00.000Z","strikedate":"2026-03-01T00:00:00.000Z","event_type":"Confirmed Airstrike","actor":"UNK","site_type":"internal security","siteStype":"internal security : police","city":"Tehran","province":"Tehran","country":"Iran","latitude":35.72864,"longitude":51.371563,"coord_type":"exact","source_1":"https://x.com/Vahid/status/2028182446177497379","source_2":"https://www.bellingcat.com/news/middle-east/2026/03/04/satellite-imagery-reveals-strikes-on-iranian-police-stations/","site_prpse":"","sources":"https://www.openstreetmap.org/node/4742624626"}},{"type":"Feature","geometry":{"type":"Point","coordinates":[51.421533000000004,35.68564]},"properties":{"event_id":121,"data_org":"Green","post_date":"2026-03-01T00:00:00.000Z","pub_date":"2026-03-01T00:00:00.000Z","strikedate":"2026-03-01T00:00:00.000Z","event_type":"Report of Explosion with Footage","actor":"UNK","site_type":"unknown","siteStype":"NA","city":"Tehran","province":"Tehran","country":"Iran","latitude":35.68564,"longitude":51.421533,"coord_type":"","source_1":"https://x.com/Vahid/status/2028183351157240059","source_2":"","site_prpse":"","sources":""}},{"type":"Feature","geometry":{"type":"Point","coordinates":[51.4265375,35.58862]},"properties":{"event_id":122,"data_org":"Green","post_date":"2026-03-01T00:00:00.000Z","pub_date":"2026-03-01T00:00:00.000Z","strikedate":"2026-03-01T00:00:00.000Z","event_type":"Reported Airstrike","actor":"UNK","site_type":"internal security","siteStype":"internal security : police","city":"Tehran","province":"Tehran","country":"Iran","latitude":35.58862,"longitude":51.4265375,"coord_type":"","source_1":"https://x.com/IranIntl/status/2028183905375752556?s=20","source_2":"https://x.com/IranIntl/status/2028177063979389328?s=20","site_prpse":"","sources":""}},{"type":"Feature","geometry":{"type":"Point","coordinates":[52.575843,29.550919999999994]},"properties":{"event_id":123,"data_org":"Green","post_date":"2026-03-01T00:00:00.000Z","pub_date":"2026-03-01T00:00:00.000Z","strikedate":"2026-03-01T00:00:00.000Z","event_type":"Confirmed Airstrike","actor":"UNK","site_type":"military","siteStype":"military : airbase","city":"Shiraz","province":"Fars","country":"Iran","latitude":29.55092,"longitude":52.575843,"coord_type":"","source_1":"https://x.com/Vahid/status/2028184640276574299","source_2":"","site_prpse":"","sources":""}},{"type":"Feature","geometry":{"type":"Point","coordinates":[51.7625238,35.48851]},"properties":{"event_id":124,"data_org":"Green","post_date":"2026-03-01T00:00:00.000Z","pub_date":"2026-03-01T00:00:00.000Z","strikedate":"2026-03-01T00:00:00.000Z","event_type":"Reported Airstrike","actor":"UNK","site_type":"military","siteStype":"military : base","city":"Tehran","province":"Tehran","country":"Iran","latitude":35.48851,"longitude":51.7625238,"coord_type":"general neighborhood","source_1":"https://x.com/IranIntl/status/2028187425642594340?s=20","source_2":"","site_prpse":"IRGC : Aerospace : missile : production","sources":""}},{"type":"Feature","geometry":{"type":"Point","coordinates":[51.432997,35.73826]},"properties":{"event_id":125,"data_org":"Green","post_date":"2026-03-01T00:00:00.000Z","pub_date":"2026-03-01T00:00:00.000Z","strikedate":"2026-03-01T00:00:00.000Z","event_type":"Confirmed Airstrike","actor":"UNK","site_type":"internal security","siteStype":"internal security : police","city":"Tehran","province":"Tehran","country":"Iran","latitude":35.73826,"longitude":51.432997,"coord_type":"","source_1":"https://x.com/Vahid/status/2028187761971269846","source_2":"Planet","site_prpse":"","sources":"https://x.com/IranIntl_En/status/2028309947356688764?s=20 ; https://x.com/etelaf10/status/2028346952698446322?s=20; https://x.com/Shayan86/status/2028282382894207193?s=20; https://www.bellingcat.com/news/middle-east/2026/03/04/satellite-imagery-reveals-s"}},{"type":"Feature","geometry":{"type":"Point","coordinates":[46.1636919209506,33.1216343416946]},"properties":{"event_id":127,"data_org":"Green","post_date":"2026-03-01T00:00:00.000Z","pub_date":"2026-03-01T00:00:00.000Z","strikedate":"2026-03-01T00:00:00.000Z","event_type":"Reported Airstrike","actor":"UNK","site_type":"internal security","siteStype":"internal security: border guard","city":"Mehran","province":"Ilam","country":"","latitude":33.1216343417,"longitude":46.163691921,"coord_type":"","source_1":"https://t.me/farsna/414157","source_2":"DNGTS: https://www.fardanews.com/%D8%A8%D8%AE%D8%B4-%D8%B3%DB%8C%D8%A7%D8%B3%D8%AA-73/1391956-%D8%AD%D9%85%D9%84%D9%87-%D8%A7%D8%B3%D8%B1%D8%A7%D8%A6%DB%8C%D9%84-%D8%A8%D9%87-%D9%85%D9%82%D8%B1-%D9%85%D8%B1%D8%B2%DB%8C-%D8%AF%D8%B1-%D9%85%D9%87%D8%B1%D8%","site_prpse":"","sources":"https://t.me/farsna/414157"}},{"type":"Feature","geometry":{"type":"Point","coordinates":[56.215104,27.154339999999987]},"properties":{"event_id":129,"data_org":"Green","post_date":"2026-03-01T00:00:00.000Z","pub_date":"2026-03-01T00:00:00.000Z","strikedate":"2026-03-01T00:00:00.000Z","event_type":"Reported Airstrike","actor":"UNK","site_type":"military","siteStype":"military : naval base","city":"Bandar Abbas","province":"Hormozgan","country":"Iran","latitude":27.15434,"longitude":56.215104,"coord_type":"","source_1":"https://x.com/IranIntl/status/2028204572078907429","source_2":"","site_prpse":"IRGC : Navy : Other Operations","sources":""}},{"type":"Feature","geometry":{"type":"Point","coordinates":[51.4499498,35.72786]},"properties":{"event_id":134,"data_org":"Green","post_date":"2026-03-01T00:00:00.000Z","pub_date":"2026-03-01T00:00:00.000Z","strikedate":"2026-03-01T00:00:00.000Z","event_type":"Reported Airstrike","actor":"UNK","site_type":"NA","siteStype":"NA","city":"Tehran","province":"Tehran","country":"Iran","latitude":35.72786,"longitude":51.4499498,"coord_type":"","source_1":"https://x.com/Vahid/status/2028208372135379325","source_2":"","site_prpse":"","sources":""}},{"type":"Feature","geometry":{"type":"Point","coordinates":[51.45210900000001,35.778679999999994]},"properties":{"event_id":136,"data_org":"Green","post_date":"2026-03-11T00:00:00.000Z","pub_date":"2026-03-01T00:00:00.000Z","strikedate":"2026-03-11T00:00:00.000Z","event_type":"Report of Explosion with Footage","actor":"UNK","site_type":"unknown","siteStype":"NA","city":"Tehran","province":"Tehran","country":"Iran","latitude":35.77868,"longitude":51.452109,"coord_type":"","source_1":"https://x.com/IranIntl/status/2031731050435473650","source_2":"","site_prpse":"","sources":""}},{"type":"Feature","geometry":{"type":"Point","coordinates":[54.2975191,31.803599999999992]},"properties":{"event_id":140,"data_org":"Green","post_date":"2026-03-01T00:00:00.000Z","pub_date":"2026-03-02T00:00:00.000Z","strikedate":"2026-03-01T00:00:00.000Z","event_type":"Confirmed Airstrike","actor":"UNK","site_type":"military","siteStype":"military : launch site (missile)","city":"Yazd","province":"Yazd","country":"Iran","latitude":31.8036,"longitude":54.2975191,"coord_type":"exact","source_1":"https://t.me/BenTzionM/6917","source_2":"https://x.com/Vahid/status/2028295174904852605?s=20","site_prpse":"IRGC : Aerospace : missile : operations","sources":""}},{"type":"Feature","geometry":{"type":"Point","coordinates":[51.41794110000001,35.68164999999999]},"properties":{"event_id":141,"data_org":"Green","post_date":"2026-03-01T00:00:00.000Z","pub_date":"2026-03-02T00:00:00.000Z","strikedate":"2026-03-01T00:00:00.000Z","event_type":"Reported Airstrike","actor":"UNK","site_type":"political","siteStype":"political : administrative","city":"Tehran","province":"Tehran","country":"Iran","latitude":35.68165,"longitude":51.4179411,"coord_type":"general neighborhood","source_1":"https://x.com/Vahid/status/2028222491550712290?s=20","source_2":"","site_prpse":"","sources":""}},{"type":"Feature","geometry":{"type":"Point","coordinates":[56.4538616,27.52906999999999]},"properties":{"event_id":142,"data_org":"Green","post_date":"2026-03-01T00:00:00.000Z","pub_date":"2026-03-02T00:00:00.000Z","strikedate":"2026-03-01T00:00:00.000Z","event_type":"Confirmed Airstrike","actor":"UNK","site_type":"military","siteStype":"military : launch site (missile)","city":"Demshar-e Khurgu","province":"Hormozgan","country":"Iran","latitude":27.52907,"longitude":56.4538616,"coord_type":"exact","source_1":"https://x.com/sam_lair/status/2028230881132134534","source_2":"https://t.me/BenTzionM/7544","site_prpse":"IRGC : Aerospace : missile : operations","sources":""}},{"type":"Feature","geometry":{"type":"Point","coordinates":[51.44165600000001,35.69243999999999]},"properties":{"event_id":144,"data_org":"Green","post_date":"2026-03-01T00:00:00.000Z","pub_date":"2026-03-02T00:00:00.000Z","strikedate":"2026-03-01T00:00:00.000Z","event_type":"Confirmed Airstrike","actor":"UNK","site_type":"political","siteStype":"political : administrative","city":"Tehran","province":"Tehran","country":"Iran","latitude":35.69244,"longitude":51.441656,"coord_type":"exact","source_1":"https://x.com/Vahid/status/2028273599346344103?s=20","source_2":"https://www.openstreetmap.org/node/4861433822#map=19/35.692032/51.440400","site_prpse":"","sources":"https://x.com/hey_itsmyturn/status/2028385843325304889; https://www.openstreetmap.org/node/7682186127#map=19/35.692074/51.441542"}},{"type":"Feature","geometry":{"type":"Point","coordinates":[51.3715397231481,35.72871564631429]},"properties":{"event_id":145,"data_org":"Green","post_date":"2026-03-01T00:00:00.000Z","pub_date":"2026-03-02T00:00:00.000Z","strikedate":"2026-03-01T00:00:00.000Z","event_type":"Confirmed Airstrike","actor":"UNK","site_type":"internal security","siteStype":"internal security : police","city":"Tehran","province":"Tehran","country":"Iran","latitude":35.7287156463,"longitude":51.3715397231,"coord_type":"exact","source_1":"https://x.com/Vahid/status/2028257047037260064?s=20","source_2":"","site_prpse":"","sources":"Planet imagery"}},{"type":"Feature","geometry":{"type":"Point","coordinates":[51.4330852,35.824299999999994]},"properties":{"event_id":146,"data_org":"Green","post_date":"2026-03-01T00:00:00.000Z","pub_date":"2026-03-02T00:00:00.000Z","strikedate":"2026-03-01T00:00:00.000Z","event_type":"Report of Explosion with Footage","actor":"UNK","site_type":"unknown","siteStype":"NA","city":"Tehran","province":"Tehran","country":"Iran","latitude":35.8243,"longitude":51.4330852,"coord_type":"general neighborhood","source_1":"https://x.com/Vahid/status/2028277193390882981?s=20","source_2":"","site_prpse":"","sources":""}},{"type":"Feature","geometry":{"type":"Point","coordinates":[45.006881,37.560109999999995]},"properties":{"event_id":147,"data_org":"Green","post_date":"2026-03-01T00:00:00.000Z","pub_date":"2026-03-02T00:00:00.000Z","strikedate":"2026-03-01T00:00:00.000Z","event_type":"Reported Airstrike","actor":"UNK","site_type":"unknown","siteStype":"NA","city":"Urmia","province":"West Azerbaijan","country":"Iran","latitude":37.56011,"longitude":45.006881,"coord_type":"general town","source_1":"https://x.com/IranIntl/status/2028282432630181994?s=20","source_2":"","site_prpse":"","sources":""}},{"type":"Feature","geometry":{"type":"Point","coordinates":[48.660915,31.338010000000004]},"properties":{"event_id":148,"data_org":"Green","post_date":"2026-03-01T00:00:00.000Z","pub_date":"2026-03-02T00:00:00.000Z","strikedate":"2026-03-01T00:00:00.000Z","event_type":"Reported Airstrike","actor":"UNK","site_type":"unknown","siteStype":"NA","city":"Ahvaz","province":"Khuzestan","country":"Iran","latitude":31.33801,"longitude":48.660915,"coord_type":"general town","source_1":"https://x.com/IranIntl/status/2028296184113050036?s=20","source_2":"https://x.com/IranIntl/status/2028296065355538630?s=20","site_prpse":"","sources":"https://x.com/Vahid/status/2028276395881742704?s=20; https://x.com/IranIntl/status/2028290232685133863?s=20"}},{"type":"Feature","geometry":{"type":"Point","coordinates":[51.514,35.785]},"properties":{"event_id":149,"data_org":"Green","post_date":"2026-03-01T00:00:00.000Z","pub_date":"2026-03-02T00:00:00.000Z","strikedate":"2026-03-01T00:00:00.000Z","event_type":"Report of Explosion with Footage","actor":"UNK","site_type":"internal security","siteStype":"internal security: Artesh","city":"Tehran","province":"Tehran","country":"Iran","latitude":35.785,"longitude":51.514,"coord_type":"exact","source_1":"https://x.com/Vahid/status/2028296912957288533?s=20","source_2":"https://x.com/Vahid/status/2028296912957288533?s=20","site_prpse":"","sources":""}},{"type":"Feature","geometry":{"type":"Point","coordinates":[51.18245399999999,35.71648999999999]},"properties":{"event_id":150,"data_org":"Green","post_date":"2026-03-01T00:00:00.000Z","pub_date":"2026-03-02T00:00:00.000Z","strikedate":"2026-03-01T00:00:00.000Z","event_type":"Report of Explosion with Footage","actor":"UNK","site_type":"unknown","siteStype":"NA","city":"Tehran","province":"Tehran","country":"Iran","latitude":35.71649,"longitude":51.182454,"coord_type":"general neighborhood","source_1":"https://x.com/Vahid/status/2028293755267170577?s=20","source_2":"https://x.com/Vahid/status/2028269083615953228?s=20","site_prpse":"","sources":"https://x.com/Vahid/status/2028266924551942358?s=20; https://x.com/Vahid/status/2028265091527852369?s=20"}},{"type":"Feature","geometry":{"type":"Point","coordinates":[51.074166,35.7647]},"properties":{"event_id":151,"data_org":"Green","post_date":"2026-03-01T00:00:00.000Z","pub_date":"2026-03-02T00:00:00.000Z","strikedate":"2026-03-01T00:00:00.000Z","event_type":"Reported Airstrike","actor":"UNK","site_type":"unknown","siteStype":"NA","city":"Alborz","province":"Alborz","country":"Iran","latitude":35.7647,"longitude":51.074166,"coord_type":"general neighborhood","source_1":"https://x.com/IranIntl/status/2028303277868097575?s=20","source_2":"","site_prpse":"","sources":""}},{"type":"Feature","geometry":{"type":"Point","coordinates":[51.592259,35.73382999999998]},"properties":{"event_id":152,"data_org":"Green","post_date":"2026-03-01T00:00:00.000Z","pub_date":"2026-03-02T00:00:00.000Z","strikedate":"2026-03-01T00:00:00.000Z","event_type":"Reported Airstrike","actor":"UNK","site_type":"unknown","siteStype":"","city":"Tehran","province":"Tehran","country":"Iran","latitude":35.73383,"longitude":51.592259,"coord_type":"general neighborhood","source_1":"https://x.com/IranIntl/status/2028326033645072811?s=20","source_2":"","site_prpse":"","sources":""}},{"type":"Feature","geometry":{"type":"Point","coordinates":[56.958734,30.303129999999996]},"properties":{"event_id":153,"data_org":"Green","post_date":"2026-03-01T00:00:00.000Z","pub_date":"2026-03-02T00:00:00.000Z","strikedate":"2026-03-01T00:00:00.000Z","event_type":"Report of Explosion with Footage","actor":"UNK","site_type":"military","siteStype":"military : airbase","city":"Kerman","province":"Kerman","country":"Iran","latitude":30.30313,"longitude":56.958734,"coord_type":"exact","source_1":"https://x.com/Vahid/status/2028320206892699675?s=20","source_2":"","site_prpse":"","sources":""}},{"type":"Feature","geometry":{"type":"Point","coordinates":[46.1675029534742,35.523551637190494]},"properties":{"event_id":0,"data_org":"Green","post_date":"2026-03-02T00:00:00.000Z","pub_date":"2026-03-02T00:00:00.000Z","strikedate":"2026-03-01T00:00:00.000Z","event_type":"Reported Airstrike","actor":"UNK","site_type":"internal security","siteStype":"internal security : police","city":"Marivan","province":"Kurdistan","country":"Iran","latitude":35.5235516372,"longitude":46.1675029535,"coord_type":"exact","source_1":"https://x.com/Vahid/status/2028817770712793524?s=20","source_2":"35.52355163719057, 46.167502953474255","site_prpse":"","sources":""}},{"type":"Feature","geometry":{"type":"Point","coordinates":[46.177490000000006,35.523119999999984]},"properties":{"event_id":155,"data_org":"Green","post_date":"2026-03-02T00:00:00.000Z","pub_date":"2026-03-02T00:00:00.000Z","strikedate":"2026-03-01T00:00:00.000Z","event_type":"Reported Airstrike","actor":"UNK","site_type":"internal security","siteStype":"internal security : IRGC","city":"Marivan","province":"Kurdistan","country":"Iran","latitude":35.52312,"longitude":46.17749,"coord_type":"general town","source_1":"https://x.com/Vahid/status/2028477632267042848?s=20","source_2":"","site_prpse":"","sources":""}},{"type":"Feature","geometry":{"type":"Point","coordinates":[51.2950228,35.75344999999999]},"properties":{"event_id":156,"data_org":"Green","post_date":"2026-03-02T00:00:00.000Z","pub_date":"2026-03-02T00:00:00.000Z","strikedate":"2026-03-01T00:00:00.000Z","event_type":"Report of Explosion with Footage","actor":"UNK","site_type":"internal security","siteStype":"internal security : IRGC","city":"Tehran","province":"Tehran","country":"Iran","latitude":35.75345,"longitude":51.2950228,"coord_type":"general neighborhood","source_1":"https://x.com/Vahid/status/2028462508260946174?s=20","source_2":"","site_prpse":"","sources":""}},{"type":"Feature","geometry":{"type":"Point","coordinates":[51.2898385,35.765089999999994]},"properties":{"event_id":157,"data_org":"Green","post_date":"2026-03-02T00:00:00.000Z","pub_date":"2026-03-02T00:00:00.000Z","strikedate":"2026-03-01T00:00:00.000Z","event_type":"Report of Explosion with Footage","actor":"UNK","site_type":"unknown","siteStype":"NA","city":"Tehran","province":"Tehran","country":"Iran","latitude":35.76509,"longitude":51.2898385,"coord_type":"general neighborhood","source_1":"https://x.com/Vahid/status/2028460460408782904?s=20","source_2":"https://x.com/Vahid/status/2028459149638467597?s=20","site_prpse":"","sources":""}},{"type":"Feature","geometry":{"type":"Point","coordinates":[57.1355429,30.285349999999998]},"properties":{"event_id":158,"data_org":"Green","post_date":"2026-03-02T00:00:00.000Z","pub_date":"2026-03-02T00:00:00.000Z","strikedate":"2026-03-02T00:00:00.000Z","event_type":"Reported Airstrike","actor":"UNK","site_type":"unknown","siteStype":"military : unknown","city":"Kerman","province":"Kerman","country":"Iran","latitude":30.28535,"longitude":57.1355429,"coord_type":"","source_1":"https://x.com/IranIntl/status/2028336291222319237?s=20","source_2":"","site_prpse":"","sources":""}},{"type":"Feature","geometry":{"type":"Point","coordinates":[46.20134,38.15601999999999]},"properties":{"event_id":159,"data_org":"Green","post_date":"2026-03-02T00:00:00.000Z","pub_date":"2026-03-02T00:00:00.000Z","strikedate":"2026-03-02T00:00:00.000Z","event_type":"Confirmed Airstrike","actor":"UNK","site_type":"military","siteStype":"military : industrial","city":"Tabriz","province":"West Azerbaijan","country":"Iran","latitude":38.15602,"longitude":46.20134,"coord_type":"","source_1":"https://t.me/BenTzionM/6921","source_2":"https://x.com/Vahid/status/2028375074777030733?s=20","site_prpse":"","sources":"Planet imagery"}},{"type":"Feature","geometry":{"type":"Point","coordinates":[48.188050700000005,33.54998]},"properties":{"event_id":160,"data_org":"Green","post_date":"2026-03-02T00:00:00.000Z","pub_date":"2026-03-02T00:00:00.000Z","strikedate":"2026-03-02T00:00:00.000Z","event_type":"Confirmed Airstrike","actor":"US","site_type":"military","siteStype":"military : launch site (missile)","city":"Khorramabad","province":"Lorestan","country":"Iran","latitude":33.54998,"longitude":48.1880507,"coord_type":"","source_1":"https://x.com/sam_lair/status/2028169130202013968?s=20","source_2":"","site_prpse":"IRGC : Aerospace : missile : operations","sources":""}},{"type":"Feature","geometry":{"type":"Point","coordinates":[48.45602259999999,36.682100000000005]},"properties":{"event_id":161,"data_org":"Green","post_date":"2026-03-02T00:00:00.000Z","pub_date":"2026-03-02T00:00:00.000Z","strikedate":"2026-03-01T00:00:00.000Z","event_type":"Confirmed Airstrike","actor":"UNK","site_type":"internal security","siteStype":"internal security : IRGC","city":"Zanjan","province":"Zanjan","country":"Iran","latitude":36.6821,"longitude":48.4560226,"coord_type":"exact","source_1":"https://x.com/MiddleEastBuka/status/2028374548593119570?s=20","source_2":"https://t.me/GhahremananZanjan/142","site_prpse":"","sources":"https://x.com/mamlekate/status/2028202059674050968?s=20; https://x.com/IranIntl/status/2028421873227165744?s=20"}},{"type":"Feature","geometry":{"type":"Point","coordinates":[51.49710259999999,35.64795999999999]},"properties":{"event_id":162,"data_org":"Green","post_date":"2026-03-02T00:00:00.000Z","pub_date":"2026-03-02T00:00:00.000Z","strikedate":"2026-03-02T00:00:00.000Z","event_type":"Reported Airstrike","actor":"UNK","site_type":"unknown","siteStype":"NA","city":"Tehran","province":"Tehran","country":"Iran","latitude":35.64796,"longitude":51.4971026,"coord_type":"","source_1":"https://x.com/IranIntl/status/2028377054014574614?s=20","source_2":"","site_prpse":"","sources":""}},{"type":"Feature","geometry":{"type":"Point","coordinates":[47.006860999999994,35.311609999999995]},"properties":{"event_id":163,"data_org":"Green","post_date":"2026-03-02T00:00:00.000Z","pub_date":"2026-03-02T00:00:00.000Z","strikedate":"2026-03-02T00:00:00.000Z","event_type":"Reported Airstrike","actor":"UNK","site_type":"military","siteStype":"military : base","city":"Sanandaj","province":"Kurdistan","country":"Iran","latitude":35.31161,"longitude":47.006861,"coord_type":"POV","source_1":"https://x.com/JohnSmithRoman/status/2028382506488373365?s=20","source_2":"https://x.com/hey_itsmyturn/status/2028394451408744656","site_prpse":"","sources":"https://x.com/IranIntl/status/2028334633885020513?s=20; https://x.com/IranIntl/status/2028321010643009552?s=20"}},{"type":"Feature","geometry":{"type":"Point","coordinates":[51.4412813485835,35.7098506774999]},"properties":{"event_id":165,"data_org":"Green","post_date":"2026-03-02T00:00:00.000Z","pub_date":"2026-03-02T00:00:00.000Z","strikedate":"2026-03-02T00:00:00.000Z","event_type":"Reported Airstrike","actor":"UNK","site_type":"internal security","siteStype":"internal security : IRGC","city":"Tehran","province":"Tehran","country":"Iran","latitude":35.7098506775,"longitude":51.4412813486,"coord_type":"exact","source_1":"https://x.com/IranIntl/status/2028396078178124088?s=20","source_2":"","site_prpse":"","sources":""}},{"type":"Feature","geometry":{"type":"Point","coordinates":[51.419444,35.67833000000001]},"properties":{"event_id":166,"data_org":"Green","post_date":"2026-03-02T00:00:00.000Z","pub_date":"2026-03-02T00:00:00.000Z","strikedate":"2026-03-02T00:00:00.000Z","event_type":"Confirmed Airstrike","actor":"UNK","site_type":"internal security","siteStype":"internal security : police","city":"Tehran","province":"Tehran","country":"Iran","latitude":35.67833,"longitude":51.419444,"coord_type":"","source_1":"https://x.com/IranIntl/status/2028400678788358209?s=20","source_2":"https://x.com/zarGEOINT/status/2028409598370025700","site_prpse":"","sources":"https://www.bellingcat.com/news/middle-east/2026/03/04/satellite-imagery-reveals-strikes-on-iranian-police-stations/; https://wikimapia.org/#lang=en&lat=35.678488&lon=51.419674&z=19&m=w&show=/31470282/Police&search=35.745063%2C%2051.470393"}},{"type":"Feature","geometry":{"type":"Point","coordinates":[51.419469116636705,35.6789786891267]},"properties":{"event_id":0,"data_org":"Green","post_date":"2026-03-02T00:00:00.000Z","pub_date":"2026-03-02T00:00:00.000Z","strikedate":"2026-03-02T00:00:00.000Z","event_type":"Reported Airstrike","actor":"UNK","site_type":"internal security","siteStype":"internal security: unknown","city":"Tehran","province":"Tehran","country":"Iran","latitude":35.6789786891,"longitude":51.4194691166,"coord_type":"","source_1":"https://x.com/zarGEOINT/status/2028409598370025700","source_2":"","site_prpse":"","sources":""}},{"type":"Feature","geometry":{"type":"Point","coordinates":[51.2092998,35.77237999999999]},"properties":{"event_id":168,"data_org":"Green","post_date":"2026-03-02T00:00:00.000Z","pub_date":"2026-03-02T00:00:00.000Z","strikedate":"2026-03-02T00:00:00.000Z","event_type":"Confirmed Airstrike","actor":"Israel","site_type":"internal security","siteStype":"internal security: unknown","city":"Tehran","province":"Tehran","country":"Iran","latitude":35.77238,"longitude":51.2092998,"coord_type":"exact","source_1":"https://x.com/IDFFarsi/status/2028408381157920850?s=20","source_2":"","site_prpse":"","sources":""}},{"type":"Feature","geometry":{"type":"Point","coordinates":[51.06012,35.63299]},"properties":{"event_id":169,"data_org":"Green","post_date":"2026-03-02T00:00:00.000Z","pub_date":"2026-03-02T00:00:00.000Z","strikedate":"2026-03-02T00:00:00.000Z","event_type":"Confirmed Airstrike","actor":"UNK","site_type":"internal security","siteStype":"internal security : police","city":"Tehran","province":"Tehran","country":"Iran","latitude":35.63299,"longitude":51.06012,"coord_type":"exact","source_1":"https://x.com/IranIntl/status/2028421098916725106?s=20","source_2":"https://www.bellingcat.com/news/middle-east/2026/03/04/satellite-imagery-reveals-strikes-on-iranian-police-stations/","site_prpse":"","sources":"https://x.com/zarGEOINT/status/2028568117606015115?s=20; https://www.openstreetmap.org/way/509324526#map=18/35.632799/51.060588"}},{"type":"Feature","geometry":{"type":"Point","coordinates":[50.99155,35.83266]},"properties":{"event_id":173,"data_org":"Green","post_date":"2026-03-02T00:00:00.000Z","pub_date":"2026-03-02T00:00:00.000Z","strikedate":"2026-03-02T00:00:00.000Z","event_type":"Report of Explosion with Footage","actor":"UNK","site_type":"internal security","siteStype":"internal security : IRGC","city":"Karaj","province":"Alborz","country":"Iran","latitude":35.83266,"longitude":50.99155,"coord_type":"","source_1":"https://x.com/Osint613/status/2028429747454112118","source_2":"","site_prpse":"","sources":""}},{"type":"Feature","geometry":{"type":"Point","coordinates":[51.5552219645729,32.9112559395974]},"properties":{"event_id":174,"data_org":"Green","post_date":"2026-03-02T00:00:00.000Z","pub_date":"2026-03-02T00:00:00.000Z","strikedate":"2026-03-02T00:00:00.000Z","event_type":"Confirmed Airstrike","actor":"UNK","site_type":"military","siteStype":"military : industrial","city":"Shahin Shahr","province":"Esfahan","country":"Iran","latitude":32.9112559396,"longitude":51.5552219646,"coord_type":"exact","source_1":"https://x.com/IranIntl/status/2028430287806349508?s=20","source_2":"https://x.com/Vahid/status/2028842036346880396?s=20","site_prpse":"IRGC : Aerospace : drone : production","sources":"Plant imagery"}},{"type":"Feature","geometry":{"type":"Point","coordinates":[47.00757,35.288959999999996]},"properties":{"event_id":175,"data_org":"Green","post_date":"2026-03-02T00:00:00.000Z","pub_date":"2026-03-02T00:00:00.000Z","strikedate":"2026-03-02T00:00:00.000Z","event_type":"Confirmed Airstrike","actor":"UNK","site_type":"internal security","siteStype":"internal security : police","city":"Sanandaj","province":"Kurdistan","country":"Iran","latitude":35.28896,"longitude":47.00757,"coord_type":"","source_1":"https://x.com/zarGEOINT/status/2028430378793304473","source_2":"https://t.me/sepehrazadi/204001","site_prpse":"","sources":"https://x.com/Vahid/status/2028439857672970457?s=20; https://x.com/Vahid/status/2028482181740278232?s=20; https://x.com/IranIntl/status/2028493650259280061?s=20"}},{"type":"Feature","geometry":{"type":"Point","coordinates":[56.2080856,27.147509999999993]},"properties":{"event_id":176,"data_org":"Green","post_date":"2026-03-02T00:00:00.000Z","pub_date":"2026-03-02T00:00:00.000Z","strikedate":"2026-03-02T00:00:00.000Z","event_type":"Confirmed Airstrike","actor":"UNK","site_type":"military","siteStype":"military : airbase","city":"Bandar Abbas","province":"Hormozgan","country":"Iran","latitude":27.14751,"longitude":56.2080856,"coord_type":"","source_1":"https://x.com/IranIntl/status/2028431046727918000?s=20","source_2":"https://x.com/IranIntl/status/2028384080312864882?s=20","site_prpse":"IRGC : Navy : Other Operations","sources":"https://x.com/Vahid/status/2028358412715659625?s=20"}},{"type":"Feature","geometry":{"type":"Point","coordinates":[51.4651687,35.74802999999999]},"properties":{"event_id":177,"data_org":"Green","post_date":"2026-03-02T00:00:00.000Z","pub_date":"2026-03-02T00:00:00.000Z","strikedate":"2026-03-02T00:00:00.000Z","event_type":"Report of Explosion with Footage","actor":"UNK","site_type":"unknown","siteStype":"NA","city":"Tehran","province":"Tehran","country":"Iran","latitude":35.74803,"longitude":51.4651687,"coord_type":"","source_1":"https://x.com/Vahid/status/2028431645720613254?s=20","source_2":"https://x.com/arenapersian/status/2028435868248068310?s=20","site_prpse":"","sources":"https://x.com/hey_itsmyturn/status/2028434773719347687?s=20"}},{"type":"Feature","geometry":{"type":"Point","coordinates":[51.48565099999999,35.784839999999996]},"properties":{"event_id":179,"data_org":"Green","post_date":"2026-03-02T00:00:00.000Z","pub_date":"2026-03-02T00:00:00.000Z","strikedate":"2026-03-02T00:00:00.000Z","event_type":"Report of Explosion with Footage","actor":"UNK","site_type":"unknown","siteStype":"NA","city":"Tehran","province":"Tehran","country":"Iran","latitude":35.78484,"longitude":51.485651,"coord_type":"","source_1":"https://x.com/andynovy/status/2028435119581569034","source_2":"https://t.me/kianmeli1/81587","site_prpse":"","sources":"https://x.com/Vahid/status/2028581449037693045?s=20"}},{"type":"Feature","geometry":{"type":"Point","coordinates":[46.174865700000005,35.51955]},"properties":{"event_id":181,"data_org":"Green","post_date":"2026-03-02T00:00:00.000Z","pub_date":"2026-03-02T00:00:00.000Z","strikedate":"2026-03-02T00:00:00.000Z","event_type":"Report of Explosion with Footage","actor":"UNK","site_type":"internal security","siteStype":"internal security : IRGC","city":"Marivan","province":"Kurdistan","country":"Iran","latitude":35.51955,"longitude":46.1748657,"coord_type":"","source_1":"https://x.com/IranIntl/status/2028438495279095834?s=20","source_2":"https://x.com/nictv24/status/2028500965687492759?s=20","site_prpse":"","sources":"https://x.com/Soranmansournia/status/2028498030094168443?s=20"}},{"type":"Feature","geometry":{"type":"Point","coordinates":[51.4259037,35.72429000000001]},"properties":{"event_id":182,"data_org":"Green","post_date":"2026-03-02T00:00:00.000Z","pub_date":"2026-03-02T00:00:00.000Z","strikedate":"2026-03-02T00:00:00.000Z","event_type":"Report of Explosion with Footage","actor":"UNK","site_type":"unknown","siteStype":"NA","city":"Tehran","province":"Tehran","country":"Iran","latitude":35.72429,"longitude":51.4259037,"coord_type":"","source_1":"https://x.com/IranIntl/status/2028441664893644890?s=20","source_2":"https://x.com/theninewish/status/2028498388082102549?s=20","site_prpse":"","sources":"https://x.com/EghtesadOnline/status/2028485887730868251?s=20"}},{"type":"Feature","geometry":{"type":"Point","coordinates":[51.3387166,35.725300000000004]},"properties":{"event_id":183,"data_org":"Green","post_date":"2026-03-02T00:00:00.000Z","pub_date":"2026-03-02T00:00:00.000Z","strikedate":"2026-03-02T00:00:00.000Z","event_type":"Report of Explosion with Footage","actor":"UNK","site_type":"unknown","siteStype":"NA","city":"Tehran","province":"Tehran","country":"Iran","latitude":35.7253,"longitude":51.3387166,"coord_type":"","source_1":"https://x.com/Vahid/status/2028445823714173347?s=20","source_2":"","site_prpse":"","sources":""}},{"type":"Feature","geometry":{"type":"Point","coordinates":[51.3479579,35.734629999999996]},"properties":{"event_id":185,"data_org":"Green","post_date":"2026-03-02T00:00:00.000Z","pub_date":"2026-03-02T00:00:00.000Z","strikedate":"2026-03-02T00:00:00.000Z","event_type":"Reported Airstrike","actor":"UNK","site_type":"unknown","siteStype":"internal security : Basij","city":"Tehran","province":"Tehran","country":"Iran","latitude":35.73463,"longitude":51.3479579,"coord_type":"","source_1":"https://x.com/IranIntl/status/2028446964723876008?s=20","source_2":"https://x.com/Vahid/status/2028454688811590093?s=20","site_prpse":"","sources":"https://x.com/Vahid/status/2028444442101764101?s=20; https://x.com/Vahid/status/2028832983868756143"}},{"type":"Feature","geometry":{"type":"Point","coordinates":[51.3396139,35.72190999999999]},"properties":{"event_id":187,"data_org":"Green","post_date":"2026-03-02T00:00:00.000Z","pub_date":"2026-03-02T00:00:00.000Z","strikedate":"2026-03-02T00:00:00.000Z","event_type":"Reported Airstrike","actor":"UNK","site_type":"unknown","siteStype":"NA","city":"Tehran","province":"Tehran","country":"Iran","latitude":35.72191,"longitude":51.3396139,"coord_type":"","source_1":"https://x.com/IranIntl/status/2028448195966063019?s=20","source_2":"","site_prpse":"","sources":""}},{"type":"Feature","geometry":{"type":"Point","coordinates":[51.9315629,27.835580000000014]},"properties":{"event_id":188,"data_org":"Green","post_date":"2026-03-02T00:00:00.000Z","pub_date":"2026-03-02T00:00:00.000Z","strikedate":"2026-03-02T00:00:00.000Z","event_type":"Reported Airstrike","actor":"UNK","site_type":"unknown","siteStype":"military : naval base","city":"Dayyer Port","province":"Bushehr","country":"Iran","latitude":27.83558,"longitude":51.9315629,"coord_type":"","source_1":"https://x.com/IranIntl/status/2028449355787633078?s=20","source_2":"https://x.com/IranIntl/status/2028427226455109855?s=20","site_prpse":"IRGC : Navy : Other Operations","sources":""}},{"type":"Feature","geometry":{"type":"Point","coordinates":[51.329822,35.73053999999999]},"properties":{"event_id":189,"data_org":"Green","post_date":"2026-03-02T00:00:00.000Z","pub_date":"2026-03-02T00:00:00.000Z","strikedate":"2026-03-02T00:00:00.000Z","event_type":"Report of Explosion with Footage","actor":"UNK","site_type":"unknown","siteStype":"NA","city":"Tehran","province":"Tehran","country":"Iran","latitude":35.73054,"longitude":51.329822,"coord_type":"POV","source_1":"https://x.com/hey_itsmyturn/status/2028452678519452112","source_2":"","site_prpse":"","sources":""}},{"type":"Feature","geometry":{"type":"Point","coordinates":[51.475783790538806,35.7949885103127]},"properties":{"event_id":190,"data_org":"Green","post_date":"2026-03-02T00:00:00.000Z","pub_date":"2026-03-02T00:00:00.000Z","strikedate":"2026-03-02T00:00:00.000Z","event_type":"Report of Explosion with Footage","actor":"UNK","site_type":"nuclear","siteStype":"nuclear : research","city":"Tehran","province":"Tehran","country":"Iran","latitude":35.7949885103,"longitude":51.4757837905,"coord_type":"NA","source_1":"https://x.com/Vahid/status/2028452892684783816?s=20","source_2":"","site_prpse":"Nuclear : R&D","sources":""}},{"type":"Feature","geometry":{"type":"Point","coordinates":[51.499506,35.773390000000006]},"properties":{"event_id":192,"data_org":"Green","post_date":"2026-03-02T00:00:00.000Z","pub_date":"2026-03-02T00:00:00.000Z","strikedate":"2026-03-02T00:00:00.000Z","event_type":"Report of Explosion with Footage","actor":"UNK","site_type":"unknown","siteStype":"NA","city":"Tehran","province":"Tehran","country":"Iran","latitude":35.77339,"longitude":51.499506,"coord_type":"","source_1":"https://x.com/hey_itsmyturn/status/2028456965064499704","source_2":"https://x.com/Vahid/status/2028447712874504309?s=20","site_prpse":"","sources":";  ;  ;  ;  ;  ;  ;  ;  ;  ;  ;  ;  ;  ;  ;  ;"}},{"type":"Feature","geometry":{"type":"Point","coordinates":[50.98816000000001,35.69160000000001]},"properties":{"event_id":194,"data_org":"Green","post_date":"2026-03-02T00:00:00.000Z","pub_date":"2026-03-02T00:00:00.000Z","strikedate":"2026-03-02T00:00:00.000Z","event_type":"Report of Explosion with Footage","actor":"UNK","site_type":"unknown","siteStype":"NA","city":"Tehran","province":"Tehran","country":"Iran","latitude":35.6916,"longitude":50.98816,"coord_type":"general neighborhood","source_1":"https://x.com/Vahid/status/2028471383546597762?s=20","source_2":"https://x.com/Vahid/status/2028495566821323078?s=20","site_prpse":"","sources":"https://x.com/hey_itsmyturn/status/2028475632775049325"}},{"type":"Feature","geometry":{"type":"Point","coordinates":[50.99420821573201,28.972152176177897]},"properties":{"event_id":195,"data_org":"Green","post_date":"2026-03-02T00:00:00.000Z","pub_date":"2026-03-02T00:00:00.000Z","strikedate":"2026-03-02T00:00:00.000Z","event_type":"Report of Explosion with Footage","actor":"UNK","site_type":"military","siteStype":"military : launch site (missile)","city":"Choghadak","province":"Bushehr","country":"Iran","latitude":28.9721521762,"longitude":50.9942082157,"coord_type":"exact","source_1":"https://x.com/IranIntl/status/2028473750107173009?s=20","source_2":"https://wikimapia.org/#lang=en&lat=28.963168&lon=50.983043&z=15&m=w&show=/17135637/Anti-Aircraft-Missile-Base-(Iran-Nuke-Site-Bushir-Sector)&search=28.963465%C2%B0%20N%2C%2050.982997%C2%B0%20E","site_prpse":"Air Defense : Battery","sources":""}},{"type":"Feature","geometry":{"type":"Point","coordinates":[46.56124700000001,33.76868]},"properties":{"event_id":196,"data_org":"Green","post_date":"2026-03-02T00:00:00.000Z","pub_date":"2026-03-02T00:00:00.000Z","strikedate":"2026-03-02T00:00:00.000Z","event_type":"Reported Airstrike","actor":"UNK","site_type":"internal security","siteStype":"internal security : police","city":"Sarableh","province":"Ilam","country":"Iran","latitude":33.76868,"longitude":46.561247,"coord_type":"exact","source_1":"https://x.com/EndlessWint_r/status/2028477273637081205","source_2":"https://x.com/TheCradleMedia/status/2028467141389734133","site_prpse":"","sources":"https://t.me/Nournews_ir/333367"}},{"type":"Feature","geometry":{"type":"Point","coordinates":[51.50350000000001,35.731399999999994]},"properties":{"event_id":197,"data_org":"Green","post_date":"2026-03-02T00:00:00.000Z","pub_date":"2026-03-02T00:00:00.000Z","strikedate":"2026-03-02T00:00:00.000Z","event_type":"Reported Airstrike","actor":"UNK","site_type":"internal security","siteStype":"internal security : IRGC","city":"Tehran","province":"Tehran","country":"Iran","latitude":35.7314,"longitude":51.5035,"coord_type":"","source_1":"https://x.com/Vahid/status/2028473528232644832?s=20","source_2":"https://x.com/Vahid/status/2028501191995412673?s=20","site_prpse":"","sources":"https://x.com/Wolltigerhueter/status/2028521601528926377; https://x.com/mamlekate/status/2028488328639549510"}},{"type":"Feature","geometry":{"type":"Point","coordinates":[51.4008903,35.643899999999995]},"properties":{"event_id":199,"data_org":"Green","post_date":"2026-03-02T00:00:00.000Z","pub_date":"2026-03-02T00:00:00.000Z","strikedate":"2026-03-02T00:00:00.000Z","event_type":"Reported Airstrike","actor":"UNK","site_type":"internal security","siteStype":"internal security : Basij","city":"Tehran","province":"Tehran","country":"Iran","latitude":35.6439,"longitude":51.4008903,"coord_type":"general town","source_1":"https://x.com/IranIntl/status/2028481754785317223?s=20","source_2":"https://x.com/Vahid/status/2028520736457957737","site_prpse":"","sources":"https://x.com/IranIntl/status/2036036201090625637?s=20"}},{"type":"Feature","geometry":{"type":"Point","coordinates":[51.3145,35.65308]},"properties":{"event_id":202,"data_org":"Green","post_date":"2026-03-02T00:00:00.000Z","pub_date":"2026-03-02T00:00:00.000Z","strikedate":"2026-03-02T00:00:00.000Z","event_type":"Confirmed Airstrike","actor":"UNK","site_type":"internal security","siteStype":"internal security : police","city":"Tehran","province":"Tehran","country":"Iran","latitude":35.65308,"longitude":51.3145,"coord_type":"POV","source_1":"https://x.com/Vahid/status/2028486302719459603?s=20","source_2":"https://www.bellingcat.com/news/middle-east/2026/03/04/satellite-imagery-reveals-strikes-on-iranian-police-stations/","site_prpse":"","sources":"https://wikimapia.org/#lang=en&lat=35.653264&lon=51.314647&z=19&m=w&show=/10506801/fa/%D8%A7%D8%AF%D8%A7%D8%B1%D9%87-%DA%AF%D8%B0%D8%B1%D9%86%D8%A7%D9%85%D9%87-%D8%B4%D8%B1%D9%82-%D8%AA%D9%87%D8%B1%D8%A7%D9%86; https://x.com/zarGEOINT/status/202826853708"}},{"type":"Feature","geometry":{"type":"Point","coordinates":[51.294414100000004,35.754129999999996]},"properties":{"event_id":203,"data_org":"Green","post_date":"2026-03-02T00:00:00.000Z","pub_date":"2026-03-02T00:00:00.000Z","strikedate":"2026-03-01T00:00:00.000Z","event_type":"Reported Airstrike","actor":"UNK","site_type":"internal security","siteStype":"internal security : Basij","city":"Tehran","province":"Tehran","country":"Iran","latitude":35.75413,"longitude":51.2944141,"coord_type":"exact","source_1":"https://x.com/IranIntl/status/2028489582329614633?s=20","source_2":"","site_prpse":"","sources":""}},{"type":"Feature","geometry":{"type":"Point","coordinates":[51.72718220000001,33.72619999999999]},"properties":{"event_id":204,"data_org":"Green","post_date":"2026-03-02T00:00:00.000Z","pub_date":"2026-03-02T00:00:00.000Z","strikedate":"2026-03-02T00:00:00.000Z","event_type":"Confirmed Airstrike","actor":"UNK","site_type":"nuclear","siteStype":"nuclear : research","city":"Deh Zireh","province":"Esfahan","country":"Iran","latitude":33.7262,"longitude":51.7271822,"coord_type":"general neighborhood","source_1":"https://t.me/BenTzionM/6923","source_2":"https://www.reuters.com/world/china/iaea-confirms-entrances-irans-natanz-enrichment-plant-were-bombed-2026-03-03/","site_prpse":"Nuclear : Centrifuges","sources":""}},{"type":"Feature","geometry":{"type":"Point","coordinates":[51.489707,35.80160999999999]},"properties":{"event_id":205,"data_org":"Green","post_date":"2026-03-02T00:00:00.000Z","pub_date":"2026-03-02T00:00:00.000Z","strikedate":"2026-03-02T00:00:00.000Z","event_type":"Reported Airstrike","actor":"UNK","site_type":"unknown","siteStype":"NA","city":"Tehran","province":"Tehran","country":"Iran","latitude":35.80161,"longitude":51.489707,"coord_type":"","source_1":"https://x.com/IranIntl/status/2028498555862646811?s=20","source_2":"","site_prpse":"","sources":""}},{"type":"Feature","geometry":{"type":"Point","coordinates":[51.489208,35.78298]},"properties":{"event_id":207,"data_org":"Green","post_date":"2026-03-02T00:00:00.000Z","pub_date":"2026-03-02T00:00:00.000Z","strikedate":"2026-03-02T00:00:00.000Z","event_type":"Reported Airstrike","actor":"UNK","site_type":"nuclear","siteStype":"nuclear : research","city":"Tehran","province":"Tehran","country":"Iran","latitude":35.78298,"longitude":51.489208,"coord_type":"general neighborhood","source_1":"https://x.com/ayatsubzero/status/2028507479093526971","source_2":"","site_prpse":"IRGC : Aerospace : missile : development","sources":""}},{"type":"Feature","geometry":{"type":"Point","coordinates":[51.477379899999995,35.79282]},"properties":{"event_id":209,"data_org":"Green","post_date":"2026-03-02T00:00:00.000Z","pub_date":"2026-03-02T00:00:00.000Z","strikedate":"2026-03-02T00:00:00.000Z","event_type":"Reported Airstrike","actor":"UNK","site_type":"unknown","siteStype":"NA","city":"Tehran","province":"Tehran","country":"Iran","latitude":35.79282,"longitude":51.4773799,"coord_type":"","source_1":"https://x.com/IranIntl/status/2028513254276735218?s=20","source_2":"","site_prpse":"","sources":""}},{"type":"Feature","geometry":{"type":"Point","coordinates":[51.288841,35.73241999999999]},"properties":{"event_id":213,"data_org":"Green","post_date":"2026-03-02T00:00:00.000Z","pub_date":"2026-03-02T00:00:00.000Z","strikedate":"2026-03-02T00:00:00.000Z","event_type":"Confirmed Airstrike","actor":"UNK","site_type":"internal security","siteStype":"internal security : police","city":"Tehran","province":"Tehran","country":"Iran","latitude":35.73242,"longitude":51.288841,"coord_type":"POV","source_1":"https://x.com/Vahid/status/2028531551399477374","source_2":"Planet Imagery","site_prpse":"","sources":"https://www.bellingcat.com/news/middle-east/2026/03/04/satellite-imagery-reveals-strikes-on-iranian-police-stations/; https://x.com/mostly_zakhim/status/2028535296317366491?s=20"}},{"type":"Feature","geometry":{"type":"Point","coordinates":[50.902770000000004,35.623874]},"properties":{"event_id":215,"data_org":"Green","post_date":"2026-03-02T00:00:00.000Z","pub_date":"2026-03-02T00:00:00.000Z","strikedate":"2026-03-02T00:00:00.000Z","event_type":"Confirmed Airstrike","actor":"UNK","site_type":"military","siteStype":"military : launch site (missile)","city":"Tehran","province":"Tehran","country":"Iran","latitude":35.623874,"longitude":50.90277,"coord_type":"exact","source_1":"https://x.com/IranIntl/status/2028533301724557433?s=20","source_2":"","site_prpse":"IRGC : Aerospace : missile : operations","sources":""}},{"type":"Feature","geometry":{"type":"Point","coordinates":[51.331834,35.75096]},"properties":{"event_id":216,"data_org":"Green","post_date":"2026-03-02T00:00:00.000Z","pub_date":"2026-03-02T00:00:00.000Z","strikedate":"2026-03-02T00:00:00.000Z","event_type":"Report of Explosion with Footage","actor":"UNK","site_type":"unknown","siteStype":"NA","city":"Tehran","province":"Tehran","country":"Iran","latitude":35.75096,"longitude":51.331834,"coord_type":"","source_1":"https://x.com/Vahid/status/2028535191761743975","source_2":"","site_prpse":"","sources":""}},{"type":"Feature","geometry":{"type":"Point","coordinates":[50.9704741,35.84817]},"properties":{"event_id":332,"data_org":"Green","post_date":"2026-03-03T00:00:00.000Z","pub_date":"2026-03-04T00:00:00.000Z","strikedate":"2026-03-03T00:00:00.000Z","event_type":"Report of Explosion with Footage","actor":"UNK","site_type":"unknown","siteStype":"NA","city":"Karaj","province":"Alborz","country":"Iran","latitude":35.84817,"longitude":50.9704741,"coord_type":"exact","source_1":"https://x.com/Vahid/status/2029025767103799688","source_2":"","site_prpse":"","sources":""}},{"type":"Feature","geometry":{"type":"Point","coordinates":[47.1034829,34.351519999999994]},"properties":{"event_id":333,"data_org":"Green","post_date":"2026-03-03T00:00:00.000Z","pub_date":"2026-03-04T00:00:00.000Z","strikedate":"2026-03-03T00:00:00.000Z","event_type":"Report of Explosion with Footage","actor":"UNK","site_type":"unknown","siteStype":"civilian : industrial","city":"Kermanshah","province":"Kermanshah","country":"Iran","latitude":34.35152,"longitude":47.1034829,"coord_type":"general town","source_1":"https://x.com/Vahid/status/2029041590023426239","source_2":"","site_prpse":"","sources":""}},{"type":"Feature","geometry":{"type":"Point","coordinates":[51.6450073,32.5975]},"properties":{"event_id":335,"data_org":"Green","post_date":"2026-03-03T00:00:00.000Z","pub_date":"2026-03-04T00:00:00.000Z","strikedate":"2026-03-03T00:00:00.000Z","event_type":"Reported Airstrike","actor":"UNK","site_type":"unknown","siteStype":"NA","city":"Esfahan","province":"Esfahan","country":"Iran","latitude":32.5975,"longitude":51.6450073,"coord_type":"general neighborhood","source_1":"https://x.com/Vahid/status/2029046187106484541","source_2":"","site_prpse":"","sources":""}},{"type":"Feature","geometry":{"type":"Point","coordinates":[51.6450073,32.5975]},"properties":{"event_id":336,"data_org":"Green","post_date":"2026-03-03T00:00:00.000Z","pub_date":"2026-03-04T00:00:00.000Z","strikedate":"2026-03-03T00:00:00.000Z","event_type":"Confirmed Airstrike","actor":"UNK","site_type":"military","siteStype":"military : unknown","city":"Esfahan","province":"Esfahan","country":"Iran","latitude":32.5975,"longitude":51.6450073,"coord_type":"POV","source_1":"https://x.com/Vahid/status/2029046187106484541","source_2":"","site_prpse":"","sources":""}},{"type":"Feature","geometry":{"type":"Point","coordinates":[51.66855,32.55361]},"properties":{"event_id":337,"data_org":"Green","post_date":"2026-03-03T00:00:00.000Z","pub_date":"2026-03-04T00:00:00.000Z","strikedate":"2026-03-03T00:00:00.000Z","event_type":"Reported Airstrike","actor":"UNK","site_type":"military","siteStype":"internal security : IRGC","city":"Esfahan","province":"Esfahan","country":"Iran","latitude":32.55361,"longitude":51.66855,"coord_type":"exact","source_1":"https://x.com/Mitch_Ulrich/status/2029052736285597884?s=20","source_2":"https://x.com/Mitch_Ulrich/status/2029052738663759935?s=20","site_prpse":"","sources":""}},{"type":"Feature","geometry":{"type":"Point","coordinates":[51.1453385,35.73964]},"properties":{"event_id":338,"data_org":"Green","post_date":"2026-03-04T00:00:00.000Z","pub_date":"2026-03-04T00:00:00.000Z","strikedate":"2026-03-03T00:00:00.000Z","event_type":"Confirmed Airstrike","actor":"Israel","site_type":"internal security","siteStype":"internal security : police","city":"Tehran","province":"Tehran","country":"Iran","latitude":35.73964,"longitude":51.1453385,"coord_type":"exact","source_1":"https://t.me/BenTzionM/6968","source_2":"","site_prpse":"","sources":""}},{"type":"Feature","geometry":{"type":"Point","coordinates":[51.24496979999999,35.76203]},"properties":{"event_id":339,"data_org":"Green","post_date":"2026-03-04T00:00:00.000Z","pub_date":"2026-03-04T00:00:00.000Z","strikedate":"2026-03-03T00:00:00.000Z","event_type":"Confirmed Airstrike","actor":"Israel","site_type":"internal security","siteStype":"internal security : police","city":"Tehran","province":"Tehran","country":"Iran","latitude":35.76203,"longitude":51.2449698,"coord_type":"exact","source_1":"https://x.com/manniefabian/status/2029075883487637949/photo/1","source_2":"","site_prpse":"","sources":""}},{"type":"Feature","geometry":{"type":"Point","coordinates":[51.450107800000005,35.68665]},"properties":{"event_id":340,"data_org":"Green","post_date":"2026-03-04T00:00:00.000Z","pub_date":"2026-03-04T00:00:00.000Z","strikedate":"2026-03-03T00:00:00.000Z","event_type":"Confirmed Airstrike","actor":"Israel","site_type":"internal security","siteStype":"internal security : police","city":"Tehran","province":"Tehran","country":"Iran","latitude":35.68665,"longitude":51.4501078,"coord_type":"exact","source_1":"https://x.com/manniefabian/status/2029075883487637949/photo/1","source_2":"","site_prpse":"","sources":""}},{"type":"Feature","geometry":{"type":"Point","coordinates":[51.4823064,35.7305]},"properties":{"event_id":341,"data_org":"Green","post_date":"2026-03-04T00:00:00.000Z","pub_date":"2026-03-04T00:00:00.000Z","strikedate":"2026-03-03T00:00:00.000Z","event_type":"Confirmed Airstrike","actor":"Israel","site_type":"internal security","siteStype":"internal security : police","city":"Tehran","province":"Tehran","country":"Iran","latitude":35.7305,"longitude":51.4823064,"coord_type":"","source_1":"https://x.com/manniefabian/status/2029075883487637949/photo/1","source_2":"","site_prpse":"","sources":""}},{"type":"Feature","geometry":{"type":"Point","coordinates":[51.22711,35.691950000000006]},"properties":{"event_id":342,"data_org":"Green","post_date":"2026-03-04T00:00:00.000Z","pub_date":"2026-03-04T00:00:00.000Z","strikedate":"2026-03-03T00:00:00.000Z","event_type":"Report of Explosion with Footage","actor":"UNK","site_type":"military","siteStype":"military : unknown","city":"Tehran","province":"Tehran","country":"Iran","latitude":35.69195,"longitude":51.22711,"coord_type":"","source_1":"https://t.me/BenTzionM/6973","source_2":"","site_prpse":"","sources":""}},{"type":"Feature","geometry":{"type":"Point","coordinates":[50.9376328,35.72382]},"properties":{"event_id":346,"data_org":"Green","post_date":"2026-03-04T00:00:00.000Z","pub_date":"2026-03-04T00:00:00.000Z","strikedate":"2026-03-03T00:00:00.000Z","event_type":"Confirmed Airstrike","actor":"UNK","site_type":"military","siteStype":"military : airbase","city":"Karaj","province":"Alborz","country":"Iran","latitude":35.72382,"longitude":50.9376328,"coord_type":"exact","source_1":"Commercial Planet Imagery","source_2":"https://x.com/ja31ck/status/2030721096073322610","site_prpse":"","sources":"https://t.me/Mellig/109700"}},{"type":"Feature","geometry":{"type":"Point","coordinates":[50.873716200000004,35.649779999999986]},"properties":{"event_id":347,"data_org":"Green","post_date":"2026-03-04T00:00:00.000Z","pub_date":"2026-03-04T00:00:00.000Z","strikedate":"2026-03-03T00:00:00.000Z","event_type":"Confirmed Airstrike","actor":"UNK","site_type":"military","siteStype":"military : industrial","city":"Tehran","province":"Tehran","country":"Iran","latitude":35.64978,"longitude":50.8737162,"coord_type":"exact","source_1":"Commercial Planet Imagery","source_2":"https://wikimapia.org/#lang=en&lat=35.650060&lon=50.872149&z=15&m=w&show=/13042437/%D8%B4%D9%87%D8%B1%DA%A9-%D8%B5%D9%86%D8%B9%D8%AA%DB%8C-%D8%A8%D9%87%D8%A7%D8%B1%D8%B3%D8%AA%D8%A7%D9%86&search=50.8735555%C2%B0E%2035.6499377%C2%B0N%20","site_prpse":"IRGC : Aerospace : missile : fuel production","sources":"https://t.me/BenTzionM/7552"}},{"type":"Feature","geometry":{"type":"Point","coordinates":[51.234189400000005,35.69622]},"properties":{"event_id":348,"data_org":"Green","post_date":"2026-03-04T00:00:00.000Z","pub_date":"2026-03-04T00:00:00.000Z","strikedate":"2026-03-03T00:00:00.000Z","event_type":"Confirmed Airstrike","actor":"UNK","site_type":"military","siteStype":"military : base","city":"Tehran","province":"Tehran","country":"Iran","latitude":35.69622,"longitude":51.2341894,"coord_type":"exact","source_1":"Commercial Planet Imagery","source_2":"https://fa.wikipedia.org/wiki/%D9%BE%D8%A7%D8%AF%DA%AF%D8%A7%D9%86_%D9%85%D8%B1%DA%A9%D8%B2_%D9%85%D9%87%D9%86%D8%AF%D8%B3%DB%8C_%D8%A8%D8%B1%D9%88%D8%AC%D8%B1%D8%AF","site_prpse":"","sources":""}},{"type":"Feature","geometry":{"type":"Point","coordinates":[51.231089,35.69396]},"properties":{"event_id":349,"data_org":"Green","post_date":"2026-03-04T00:00:00.000Z","pub_date":"2026-03-04T00:00:00.000Z","strikedate":"2026-03-03T00:00:00.000Z","event_type":"Confirmed Airstrike","actor":"UNK","site_type":"military","siteStype":"military : base","city":"Tehran","province":"Tehran","country":"Iran","latitude":35.69396,"longitude":51.231089,"coord_type":"exact","source_1":"Commercial Planet Imagery","source_2":"https://fa.wikipedia.org/wiki/%D9%BE%D8%A7%D8%AF%DA%AF%D8%A7%D9%86_%D9%85%D8%B1%DA%A9%D8%B2_%D9%85%D9%87%D9%86%D8%AF%D8%B3%DB%8C_%D8%A8%D8%B1%D9%88%D8%AC%D8%B1%D8%AF","site_prpse":"","sources":""}},{"type":"Feature","geometry":{"type":"Point","coordinates":[51.2298152,35.69268999999999]},"properties":{"event_id":350,"data_org":"Green","post_date":"2026-03-04T00:00:00.000Z","pub_date":"2026-03-04T00:00:00.000Z","strikedate":"2026-03-03T00:00:00.000Z","event_type":"Confirmed Airstrike","actor":"UNK","site_type":"military","siteStype":"military : base","city":"Tehran","province":"Tehran","country":"Iran","latitude":35.69269,"longitude":51.2298152,"coord_type":"exact","source_1":"Commercial Planet Imagery","source_2":"https://fa.wikipedia.org/wiki/%D9%BE%D8%A7%D8%AF%DA%AF%D8%A7%D9%86_%D9%85%D8%B1%DA%A9%D8%B2_%D9%85%D9%87%D9%86%D8%AF%D8%B3%DB%8C_%D8%A8%D8%B1%D9%88%D8%AC%D8%B1%D8%AF","site_prpse":"","sources":""}},{"type":"Feature","geometry":{"type":"Point","coordinates":[51.235943899999995,35.69827]},"properties":{"event_id":351,"data_org":"Green","post_date":"2026-03-04T00:00:00.000Z","pub_date":"2026-03-04T00:00:00.000Z","strikedate":"2026-03-03T00:00:00.000Z","event_type":"Confirmed Airstrike","actor":"UNK","site_type":"military","siteStype":"military : base","city":"Tehran","province":"Tehran","country":"Iran","latitude":35.69827,"longitude":51.2359439,"coord_type":"exact","source_1":"Commercial Planet Imagery","source_2":"https://fa.wikipedia.org/wiki/%D9%BE%D8%A7%D8%AF%DA%AF%D8%A7%D9%86_%D9%85%D8%B1%DA%A9%D8%B2_%D9%85%D9%87%D9%86%D8%AF%D8%B3%DB%8C_%D8%A8%D8%B1%D9%88%D8%AC%D8%B1%D8%AF","site_prpse":"","sources":""}},{"type":"Feature","geometry":{"type":"Point","coordinates":[51.2368812,35.694169999999986]},"properties":{"event_id":352,"data_org":"Green","post_date":"2026-03-04T00:00:00.000Z","pub_date":"2026-03-04T00:00:00.000Z","strikedate":"2026-03-03T00:00:00.000Z","event_type":"Confirmed Airstrike","actor":"UNK","site_type":"military","siteStype":"military : base","city":"Tehran","province":"Tehran","country":"Iran","latitude":35.69417,"longitude":51.2368812,"coord_type":"exact","source_1":"Commercial Planet Imagery","source_2":"https://fa.wikipedia.org/wiki/%D9%BE%D8%A7%D8%AF%DA%AF%D8%A7%D9%86_%D9%85%D8%B1%DA%A9%D8%B2_%D9%85%D9%87%D9%86%D8%AF%D8%B3%DB%8C_%D8%A8%D8%B1%D9%88%D8%AC%D8%B1%D8%AF","site_prpse":"","sources":""}},{"type":"Feature","geometry":{"type":"Point","coordinates":[51.471593,35.63826]},"properties":{"event_id":353,"data_org":"Green","post_date":"2026-03-04T00:00:00.000Z","pub_date":"2026-03-04T00:00:00.000Z","strikedate":"2026-03-04T00:00:00.000Z","event_type":"Reported Airstrike","actor":"UNK","site_type":"civilian","siteStype":"civilian : building","city":"Tehran","province":"Tehran","country":"Iran","latitude":35.63826,"longitude":51.471593,"coord_type":"exact","source_1":"https://x.com/EndlessWint_r/status/2029184701454237979?s=20","source_2":"","site_prpse":"","sources":""}},{"type":"Feature","geometry":{"type":"Point","coordinates":[51.244695,35.70351]},"properties":{"event_id":354,"data_org":"Green","post_date":"2026-03-04T00:00:00.000Z","pub_date":"2026-03-04T00:00:00.000Z","strikedate":"2026-03-04T00:00:00.000Z","event_type":"Confirmed Airstrike","actor":"UNK","site_type":"civilian","siteStype":"civilian : industrial","city":"Tehran","province":"Tehran","country":"Iran","latitude":35.70351,"longitude":51.244695,"coord_type":"exact","source_1":"Commercial Planet Imagery","source_2":"https://wikimapia.org/#lang=en&lat=35.704513&lon=51.246060&z=17&m=w&show=/18792041/fa/%D8%B4%D8%B1%DA%A9%D8%AA-%D9%86%D9%88%DB%8C%D9%86-%D8%B3%D8%A7%D8%B2%D8%A7%D9%86-%D8%B3%D8%AA%D8%A7%D8%B1%D9%87-%D8%B5%D9%86%D8%B9%D8%AA&search=35.7035401%0951.2448938","site_prpse":"","sources":""}},{"type":"Feature","geometry":{"type":"Point","coordinates":[51.2108824,35.698599999999985]},"properties":{"event_id":355,"data_org":"Green","post_date":"2026-03-04T00:00:00.000Z","pub_date":"2026-03-04T00:00:00.000Z","strikedate":"2026-03-04T00:00:00.000Z","event_type":"Confirmed Airstrike","actor":"UNK","site_type":"civilian","siteStype":"military : industrial","city":"Tehran","province":"Tehran","country":"Iran","latitude":35.6986,"longitude":51.2108824,"coord_type":"exact","source_1":"Commercial Planet Imagery","source_2":"https://wikimapia.org/#lang=en&lat=35.698048&lon=51.211181&z=16&m=w&show=/27834582/fa/%D8%A8%D8%A7%D8%AA%D8%B1%DB%8C-%D8%B3%D8%A7%D8%B2%DB%8C-%D9%86%DB%8C%D8%B1%D9%88-%D8%B5%D8%A8%D8%A7-%D8%A8%D8%A7%D8%AA%D8%B1%DB%8C&search=51.2109140%C2%B0E%2035.6983456","site_prpse":"IRGC : Aerospace : drone : engines","sources":"https://israel-alma.org/wp-content/uploads/2023/01/Irans-UAV-Army-%E2%80%93-A-Global-Threat-January-2023-update.pdf https://wikimapia.org/#lang=en&lat=35.700732&lon=51.216202&z=16&search=29.587271127757248%2C%2052.59720753312848"}},{"type":"Feature","geometry":{"type":"Point","coordinates":[50.8984104,35.894839999999995]},"properties":{"event_id":356,"data_org":"Green","post_date":"2026-03-04T00:00:00.000Z","pub_date":"2026-03-04T00:00:00.000Z","strikedate":"2026-03-04T00:00:00.000Z","event_type":"Confirmed Airstrike","actor":"UNK","site_type":"civilian","siteStype":"civilian : industrial","city":"Tehran","province":"Tehran","country":"Iran","latitude":35.89484,"longitude":50.8984104,"coord_type":"general town","source_1":"Commercial Planet Imagery","source_2":"https://wikimapia.org/#lang=en&lat=35.894178&lon=50.897856&z=15&m=w&show=/13042437/%D8%B4%D9%87%D8%B1%DA%A9-%D8%B5%D9%86%D8%B9%D8%AA%DB%8C-%D8%A8%D9%87%D8%A7%D8%B1%D8%B3%D8%AA%D8%A7%D9%86&search=50.8981652%C2%B0E%2035.8947684%C2%B0N%20","site_prpse":"unknown","sources":""}},{"type":"Feature","geometry":{"type":"Point","coordinates":[56.81925,30.20509999999999]},"properties":{"event_id":359,"data_org":"Green","post_date":"2026-03-04T00:00:00.000Z","pub_date":"2026-03-04T00:00:00.000Z","strikedate":"2026-03-04T00:00:00.000Z","event_type":"Reported Airstrike","actor":"UNK","site_type":"unknown","siteStype":"NA","city":"Baghin","province":"Kerman","country":"Iran","latitude":30.2051,"longitude":56.81925,"coord_type":"","source_1":"https://x.com/IranIntl/status/2029116684179571063","source_2":"","site_prpse":"","sources":""}},{"type":"Feature","geometry":{"type":"Point","coordinates":[51.449594,35.77992]},"properties":{"event_id":363,"data_org":"Green","post_date":"2026-03-04T00:00:00.000Z","pub_date":"2026-03-04T00:00:00.000Z","strikedate":"2026-03-04T00:00:00.000Z","event_type":"Reported Airstrike","actor":"UNK","site_type":"military","siteStype":"military : base","city":"Tehran","province":"Tehran","country":"Iran","latitude":35.77992,"longitude":51.449594,"coord_type":"general neighborhood","source_1":"https://x.com/hey_itsmyturn/status/2029125604109381904","source_2":"","site_prpse":"","sources":""}},{"type":"Feature","geometry":{"type":"Point","coordinates":[51.563918,35.76813]},"properties":{"event_id":364,"data_org":"Green","post_date":"2026-03-04T00:00:00.000Z","pub_date":"2026-03-04T00:00:00.000Z","strikedate":"2026-03-04T00:00:00.000Z","event_type":"Reported Airstrike","actor":"UNK","site_type":"military","siteStype":"military : unknown","city":"Tehran","province":"Tehran","country":"Iran","latitude":35.76813,"longitude":51.563918,"coord_type":"general town","source_1":"https://x.com/hey_itsmyturn/status/2029126435734970559","source_2":"","site_prpse":"","sources":"https://x.com/Vahid/status/2029238538730876941"}},{"type":"Feature","geometry":{"type":"Point","coordinates":[51.347381,35.73524999999999]},"properties":{"event_id":366,"data_org":"Green","post_date":"2026-03-04T00:00:00.000Z","pub_date":"2026-03-04T00:00:00.000Z","strikedate":"2026-03-03T00:00:00.000Z","event_type":"Reported Airstrike","actor":"UNK","site_type":"military","siteStype":"military : hq","city":"Tehran","province":"Tehran","country":"Iran","latitude":35.73525,"longitude":51.347381,"coord_type":"general neighborhood","source_1":"https://x.com/andynovy/status/2029131483189739862?s=20","source_2":"https://x.com/IranIntl/status/2029128632363368793?s=20","site_prpse":"","sources":""}},{"type":"Feature","geometry":{"type":"Point","coordinates":[51.53407,35.743159999999996]},"properties":{"event_id":367,"data_org":"Green","post_date":"2026-03-04T00:00:00.000Z","pub_date":"2026-03-04T00:00:00.000Z","strikedate":"2026-03-04T00:00:00.000Z","event_type":"Confirmed Airstrike","actor":"UNK","site_type":"military","siteStype":"internal security : IRGC","city":"Tehran","province":"Tehran","country":"Iran","latitude":35.74316,"longitude":51.53407,"coord_type":"exact","source_1":"https://x.com/hey_itsmyturn/status/2029139594596307186","source_2":"https://x.com/IranIntl/status/2029185670078451890?s=20","site_prpse":"","sources":"https://x.com/Vahid/status/2029216197334458651"}},{"type":"Feature","geometry":{"type":"Point","coordinates":[46.301295,38.06371]},"properties":{"event_id":368,"data_org":"Green","post_date":"2026-03-04T00:00:00.000Z","pub_date":"2026-03-04T00:00:00.000Z","strikedate":"2026-03-04T00:00:00.000Z","event_type":"Reported Airstrike","actor":"UNK","site_type":"internal security","siteStype":"internal security : police","city":"Tabriz","province":"East Azerbaijan","country":"Iran","latitude":38.06371,"longitude":46.301295,"coord_type":"general neighborhood","source_1":"https://x.com/hey_itsmyturn/status/2029151526795559016","source_2":"https://x.com/IranIntl/status/2029194794853859432?s=20","site_prpse":"","sources":""}},{"type":"Feature","geometry":{"type":"Point","coordinates":[51.44129000000001,35.72363]},"properties":{"event_id":371,"data_org":"Green","post_date":"2026-03-04T00:00:00.000Z","pub_date":"2026-03-04T00:00:00.000Z","strikedate":"2026-03-02T00:00:00.000Z","event_type":"Confirmed Airstrike","actor":"UNK","site_type":"internal security","siteStype":"internal security : police","city":"Tehran","province":"Tehran","country":"Iran","latitude":35.72363,"longitude":51.44129,"coord_type":"exact","source_1":"https://x.com/zarGEOINT/status/2029171441195721184?s=20","source_2":"https://x.com/zarGEOINT/status/2029178741218283637?s=20","site_prpse":"","sources":"https://x.com/IRIMFA_SPOX/status/2029146251459969493?s=20; https://www.bellingcat.com/news/middle-east/2026/03/04/satellite-imagery-reveals-strikes-on-iranian-police-stations/; https://wikimapia.org/#lang=en&lat=35.723743&lon=51.441226&z=19&m=w&show=/149"}},{"type":"Feature","geometry":{"type":"Point","coordinates":[45.88649499999999,35.993579999999994]},"properties":{"event_id":372,"data_org":"Green","post_date":"2026-03-04T00:00:00.000Z","pub_date":"2026-03-04T00:00:00.000Z","strikedate":"2026-03-04T00:00:00.000Z","event_type":"Report of Explosion with Footage","actor":"UNK","site_type":"internal security","siteStype":"internal security : IRGC","city":"Baneh","province":"Kurdistan","country":"Iran","latitude":35.99358,"longitude":45.886495,"coord_type":"POV","source_1":"https://x.com/andynovy/status/2029171846633975894?s=20","source_2":"https://x.com/andynovy/status/2029171904662139309?s=20","site_prpse":"","sources":"https://t.me/iliaen/3127; https://x.com/andynovy/status/2029119365929443526?s=20; https://x.com/MohamadAhwaze/status/2029115635028934677?s=20; https://x.com/Osint613/status/2029195898304037250?s=20; https://x.com/hey_itsmyturn/status/2029133353652285743;"}},{"type":"Feature","geometry":{"type":"Point","coordinates":[56.257347,26.96703]},"properties":{"event_id":373,"data_org":"Green","post_date":"2026-03-04T00:00:00.000Z","pub_date":"2026-03-04T00:00:00.000Z","strikedate":"2026-03-04T00:00:00.000Z","event_type":"Report of Explosion with Footage","actor":"UNK","site_type":"military","siteStype":"military : surface combatant","city":"Qeshm Island","province":"Hormozgan","country":"Iran","latitude":26.96703,"longitude":56.257347,"coord_type":"exact","source_1":"https://x.com/andynovy/status/2029176046906396675?s=20","source_2":"https://x.com/andynovy/status/2029176113235189876?s=20","site_prpse":"IRGC : Navy : Major Surface Combatant","sources":"https://t.me/mamlekate/100302; https://x.com/hey_itsmyturn/status/2029174172258021379?s=20; https://x.com/ariel_oseran/status/2028979971612352861?s=20; https://x.com/Osinttechnical/status/2029223517644874161?s=20; https://x.com/hey_itsmyturn/status/20291"}},{"type":"Feature","geometry":{"type":"Point","coordinates":[51.3277106,35.69031]},"properties":{"event_id":374,"data_org":"Green","post_date":"2026-03-04T00:00:00.000Z","pub_date":"2026-03-04T00:00:00.000Z","strikedate":"2026-03-04T00:00:00.000Z","event_type":"Confirmed Airstrike","actor":"Israel","site_type":"military","siteStype":"military : air defense system","city":"Tehran","province":"Tehran","country":"Iran","latitude":35.69031,"longitude":51.3277106,"coord_type":"exact","source_1":"https://x.com/manniefabian/status/2029177812872020353","source_2":"https://x.com/IAFsite/status/2029177483791073607?s=20","site_prpse":"","sources":";  ;  ;  ;  ;  ;  ;  ;  ;  ;  ;"}},{"type":"Feature","geometry":{"type":"Point","coordinates":[51.471593,35.63826]},"properties":{"event_id":375,"data_org":"Green","post_date":"2026-03-04T00:00:00.000Z","pub_date":"2026-03-04T00:00:00.000Z","strikedate":"2026-03-04T00:00:00.000Z","event_type":"Reported Airstrike","actor":"UNK","site_type":"civilian","siteStype":"civilian : unknown","city":"Tehran","province":"Tehran","country":"Iran","latitude":35.63826,"longitude":51.471593,"coord_type":"exact","source_1":"https://x.com/EndlessWint_r/status/2029184701454237979","source_2":"","site_prpse":"","sources":""}},{"type":"Feature","geometry":{"type":"Point","coordinates":[51.521795000000004,35.79557]},"properties":{"event_id":376,"data_org":"Green","post_date":"2026-03-04T00:00:00.000Z","pub_date":"2026-03-04T00:00:00.000Z","strikedate":"2026-03-04T00:00:00.000Z","event_type":"Report of Explosion with Footage","actor":"UNK","site_type":"unknown","siteStype":"NA","city":"Tehran","province":"Tehran","country":"Iran","latitude":35.79557,"longitude":51.521795,"coord_type":"exact","source_1":"https://x.com/andynovy/status/2029192030019084411?s=20","source_2":"https://x.com/hey_itsmyturn/status/2029190449601093983?s=20","site_prpse":"","sources":"https://x.com/IranIntl/status/2029165590196203647?s=20"}},{"type":"Feature","geometry":{"type":"Point","coordinates":[45.480126600000006,36.15127]},"properties":{"event_id":379,"data_org":"Green","post_date":"2026-03-04T00:00:00.000Z","pub_date":"2026-03-04T00:00:00.000Z","strikedate":"2026-03-04T00:00:00.000Z","event_type":"Reported Airstrike","actor":"UNK","site_type":"unknown","siteStype":"NA","city":"Sardasht","province":"West Azerbaijan","country":"Iran","latitude":36.15127,"longitude":45.4801266,"coord_type":"POV","source_1":"https://x.com/IranIntl/status/2029197731395260543?s=20","source_2":"https://x.com/IranIntl/status/2029189838533009810?s=20","site_prpse":"","sources":""}},{"type":"Feature","geometry":{"type":"Point","coordinates":[56.257347,26.96703]},"properties":{"event_id":380,"data_org":"Green","post_date":"2026-03-04T00:00:00.000Z","pub_date":"2026-03-04T00:00:00.000Z","strikedate":"2026-03-04T00:00:00.000Z","event_type":"Reported Airstrike","actor":"UNK","site_type":"military","siteStype":"military : unknown","city":"Qeshm Island","province":"","country":"Iran","latitude":26.96703,"longitude":56.257347,"coord_type":"general neighborhood","source_1":"https://x.com/ariel_oseran/status/2029205523795435733","source_2":"https://x.com/andynovy/status/2029176046906396675","site_prpse":"","sources":""}},{"type":"Feature","geometry":{"type":"Point","coordinates":[51.3421505,35.64641999999999]},"properties":{"event_id":381,"data_org":"Green","post_date":"2026-03-04T00:00:00.000Z","pub_date":"2026-03-04T00:00:00.000Z","strikedate":"2026-03-04T00:00:00.000Z","event_type":"Reported Airstrike","actor":"UNK","site_type":"unknown","siteStype":"NA","city":"Tehran","province":"Tehran","country":"Iran","latitude":35.64642,"longitude":51.3421505,"coord_type":"general town","source_1":"https://x.com/IranIntl/status/2029205761318961389?s=20","source_2":"","site_prpse":"","sources":""}},{"type":"Feature","geometry":{"type":"Point","coordinates":[51.603952500000005,35.719739999999994]},"properties":{"event_id":383,"data_org":"Green","post_date":"2026-03-04T00:00:00.000Z","pub_date":"2026-03-04T00:00:00.000Z","strikedate":"2026-03-04T00:00:00.000Z","event_type":"Report of Explosion with Footage","actor":"UNK","site_type":"military","siteStype":"military : unknown","city":"Sorkhehesar","province":"Tehran","country":"Iran","latitude":35.71974,"longitude":51.6039525,"coord_type":"","source_1":"https://x.com/Vahid/status/2029209310408978877","source_2":"","site_prpse":"","sources":""}},{"type":"Feature","geometry":{"type":"Point","coordinates":[51.3801281,28.653369999999992]},"properties":{"event_id":385,"data_org":"Green","post_date":"2026-03-04T00:00:00.000Z","pub_date":"2026-03-04T00:00:00.000Z","strikedate":"2026-03-04T00:00:00.000Z","event_type":"Reported Airstrike","actor":"UNK","site_type":"military","siteStype":"military : launch site (missile)","city":"Khormoj","province":"Bushehr","country":"Iran","latitude":28.65337,"longitude":51.3801281,"coord_type":"general neighborhood","source_1":"https://x.com/Vahid/status/2029212356539039815","source_2":"","site_prpse":"IRGC : Aerospace : missile : operations","sources":""}},{"type":"Feature","geometry":{"type":"Point","coordinates":[51.5252721,35.72691999999999]},"properties":{"event_id":386,"data_org":"Green","post_date":"2026-03-04T00:00:00.000Z","pub_date":"2026-03-04T00:00:00.000Z","strikedate":"2026-03-04T00:00:00.000Z","event_type":"Confirmed Airstrike","actor":"UNK","site_type":"unknown","siteStype":"NA","city":"Tehran","province":"Tehran","country":"Iran","latitude":35.72692,"longitude":51.5252721,"coord_type":"","source_1":"https://x.com/Vahid/status/2029216197334458651","source_2":"","site_prpse":"","sources":""}},{"type":"Feature","geometry":{"type":"Point","coordinates":[47.038269,34.258269999999996]},"properties":{"event_id":388,"data_org":"Green","post_date":"2026-03-04T00:00:00.000Z","pub_date":"2026-03-04T00:00:00.000Z","strikedate":"2026-03-04T00:00:00.000Z","event_type":"Confirmed Airstrike","actor":"Israel","site_type":"military","siteStype":"military : launch site (missile)","city":"Kermanshah","province":"Kermanshah","country":"Iran","latitude":34.25827,"longitude":47.038269,"coord_type":"general neighborhood","source_1":"https://x.com/manniefabian/status/2029218657608298804","source_2":"https://t.me/BenTzionM/6977","site_prpse":"IRGC : Aerospace : missile : operations","sources":""}},{"type":"Feature","geometry":{"type":"Point","coordinates":[51.5400657729938,35.7260031098009]},"properties":{"event_id":389,"data_org":"Green","post_date":"2026-03-04T00:00:00.000Z","pub_date":"2026-03-04T00:00:00.000Z","strikedate":"2026-03-03T00:00:00.000Z","event_type":"Confirmed Airstrike","actor":"UNK","site_type":"military","siteStype":"military : industrial","city":"Tehran","province":"Tehran","country":"Iran","latitude":35.7260031098,"longitude":51.540065773,"coord_type":"exact","source_1":"https://x.com/Vahid/status/2029225753494045091","source_2":"","site_prpse":"unknown","sources":""}},{"type":"Feature","geometry":{"type":"Point","coordinates":[46.3000832,33.659040000000005]},"properties":{"event_id":390,"data_org":"Green","post_date":"2026-03-03T00:00:00.000Z","pub_date":"2026-03-04T00:00:00.000Z","strikedate":"2026-03-03T00:00:00.000Z","event_type":"Confirmed Airstrike","actor":"UNK","site_type":"internal security","siteStype":"internal security : IRGC","city":"Soltanabad","province":"Ilam","country":"Iran","latitude":33.65904,"longitude":46.3000832,"coord_type":"exact","source_1":"Commercial Planet Imagery","source_2":"","site_prpse":"","sources":""}},{"type":"Feature","geometry":{"type":"Point","coordinates":[51.55595,32.91774]},"properties":{"event_id":391,"data_org":"Green","post_date":"2026-03-03T00:00:00.000Z","pub_date":"2026-03-04T00:00:00.000Z","strikedate":"2026-03-02T00:00:00.000Z","event_type":"Confirmed Airstrike","actor":"UNK","site_type":"military","siteStype":"military : industrial","city":"Shahin Shahr","province":"Esfahan","country":"Iran","latitude":32.91774,"longitude":51.55595,"coord_type":"exact","source_1":"https://wikimapia.org/#lang=en&lat=32.906434&lon=51.554503&z=15&m=w&show=/19166529/Iran-Aircraft-Manufacturing-Industrial-Company&search=32.9177400%0951.5559500","source_2":"HESA Mar 4","site_prpse":"IRGC : Aerospace : drone : production","sources":"HESA Mar 4.jpg"}},{"type":"Feature","geometry":{"type":"Point","coordinates":[51.263489,35.74876]},"properties":{"event_id":392,"data_org":"Green","post_date":"2026-03-03T00:00:00.000Z","pub_date":"2026-03-04T00:00:00.000Z","strikedate":"2026-03-03T00:00:00.000Z","event_type":"Confirmed Airstrike","actor":"UNK","site_type":"internal security","siteStype":"internal security : Basij","city":"Tehran","province":"Tehran","country":"Iran","latitude":35.74876,"longitude":51.263489,"coord_type":"exact","source_1":"Commercial Planet Imagery","source_2":"","site_prpse":"","sources":""}},{"type":"Feature","geometry":{"type":"Point","coordinates":[51.521904,35.795669999999994]},"properties":{"event_id":393,"data_org":"Green","post_date":"2026-03-03T00:00:00.000Z","pub_date":"2026-03-04T00:00:00.000Z","strikedate":"2026-03-03T00:00:00.000Z","event_type":"Confirmed Airstrike","actor":"UNK","site_type":"unknown","siteStype":"civilian : building","city":"Tehran","province":"Tehran","country":"Iran","latitude":35.79567,"longitude":51.521904,"coord_type":"exact","source_1":"https://t.me/BenTzionM/6980","source_2":"","site_prpse":"","sources":""}},{"type":"Feature","geometry":{"type":"Point","coordinates":[54.00161700000001,26.567650000000008]},"properties":{"event_id":394,"data_org":"Green","post_date":"2026-03-04T00:00:00.000Z","pub_date":"2026-03-04T00:00:00.000Z","strikedate":"2026-03-03T00:00:00.000Z","event_type":"Confirmed Airstrike","actor":"UNK","site_type":"military","siteStype":"military : naval base","city":"Kish","province":"Hormozgan","country":"Iran","latitude":26.56765,"longitude":54.001617,"coord_type":"exact","source_1":"https://x.com/andynovy/status/2029250904541516239","source_2":"","site_prpse":"","sources":""}},{"type":"Feature","geometry":{"type":"Point","coordinates":[51.545066,35.66904999999999]},"properties":{"event_id":395,"data_org":"Green","post_date":"2026-03-03T00:00:00.000Z","pub_date":"2026-03-04T00:00:00.000Z","strikedate":"2026-03-03T00:00:00.000Z","event_type":"Confirmed Airstrike","actor":"UNK","site_type":"military","siteStype":"military : hq","city":"Tehran","province":"Tehran","country":"Iran","latitude":35.66905,"longitude":51.545066,"coord_type":"exact","source_1":"https://x.com/IAFsite/status/2029254458064912476","source_2":"https://x.com/IAFsite/status/2029226919724568650","site_prpse":"","sources":""}},{"type":"Feature","geometry":{"type":"Point","coordinates":[51.565649,35.663339999999984]},"properties":{"event_id":396,"data_org":"Green","post_date":"2026-03-03T00:00:00.000Z","pub_date":"2026-03-04T00:00:00.000Z","strikedate":"2026-03-03T00:00:00.000Z","event_type":"Confirmed Airstrike","actor":"UNK","site_type":"internal security","siteStype":"internal security : IRGC","city":"Tehran","province":"Tehran","country":"Iran","latitude":35.66334,"longitude":51.565649,"coord_type":"exact","source_1":"https://x.com/IAFsite/status/2029254458064912476","source_2":"https://x.com/IAFsite/status/2029226919724568650","site_prpse":"","sources":""}},{"type":"Feature","geometry":{"type":"Point","coordinates":[51.555928,35.656749999999995]},"properties":{"event_id":397,"data_org":"Green","post_date":"2026-03-03T00:00:00.000Z","pub_date":"2026-03-04T00:00:00.000Z","strikedate":"2026-03-03T00:00:00.000Z","event_type":"Confirmed Airstrike","actor":"UNK","site_type":"military","siteStype":"military : hq","city":"Tehran","province":"Tehran","country":"Iran","latitude":35.65675,"longitude":51.555928,"coord_type":"exact","source_1":"https://x.com/IAFsite/status/2029254458064912476","source_2":"https://x.com/IAFsite/status/2029226919724568650","site_prpse":"","sources":""}},{"type":"Feature","geometry":{"type":"Point","coordinates":[51.51428800000001,35.67685]},"properties":{"event_id":398,"data_org":"Green","post_date":"2026-03-03T00:00:00.000Z","pub_date":"2026-03-04T00:00:00.000Z","strikedate":"2026-03-03T00:00:00.000Z","event_type":"Confirmed Airstrike","actor":"UNK","site_type":"military","siteStype":"military : hq","city":"Tehran","province":"Tehran","country":"Iran","latitude":35.67685,"longitude":51.514288,"coord_type":"exact","source_1":"https://x.com/IAFsite/status/2029254458064912476","source_2":"https://x.com/IAFsite/status/2029226919724568650","site_prpse":"","sources":""}},{"type":"Feature","geometry":{"type":"Point","coordinates":[51.516081,35.66089999999999]},"properties":{"event_id":399,"data_org":"Green","post_date":"2026-03-03T00:00:00.000Z","pub_date":"2026-03-04T00:00:00.000Z","strikedate":"2026-03-03T00:00:00.000Z","event_type":"Confirmed Airstrike","actor":"UNK","site_type":"internal security","siteStype":"internal security : police","city":"Tehran","province":"Tehran","country":"Iran","latitude":35.6609,"longitude":51.516081,"coord_type":"exact","source_1":"https://x.com/IAFsite/status/2029254458064912476","source_2":"https://x.com/IAFsite/status/2029226919724568650","site_prpse":"","sources":""}},{"type":"Feature","geometry":{"type":"Point","coordinates":[51.52105699999999,35.68681]},"properties":{"event_id":400,"data_org":"Green","post_date":"2026-03-03T00:00:00.000Z","pub_date":"2026-03-04T00:00:00.000Z","strikedate":"2026-03-03T00:00:00.000Z","event_type":"Confirmed Airstrike","actor":"UNK","site_type":"internal security","siteStype":"internal security : police","city":"Tehran","province":"Tehran","country":"Iran","latitude":35.68681,"longitude":51.521057,"coord_type":"exact","source_1":"https://x.com/IAFsite/status/2029254458064912476","source_2":"https://x.com/IAFsite/status/2029226919724568650","site_prpse":"","sources":""}},{"type":"Feature","geometry":{"type":"Point","coordinates":[51.53522799999999,35.708099999999995]},"properties":{"event_id":401,"data_org":"Green","post_date":"2026-03-03T00:00:00.000Z","pub_date":"2026-03-04T00:00:00.000Z","strikedate":"2026-03-03T00:00:00.000Z","event_type":"Confirmed Airstrike","actor":"UNK","site_type":"military","siteStype":"military : hq","city":"Tehran","province":"Tehran","country":"Iran","latitude":35.7081,"longitude":51.535228,"coord_type":"exact","source_1":"https://x.com/IAFsite/status/2029254458064912476","source_2":"https://x.com/IAFsite/status/2029226919724568650","site_prpse":"","sources":""}},{"type":"Feature","geometry":{"type":"Point","coordinates":[51.516698999999996,35.70450999999999]},"properties":{"event_id":402,"data_org":"Green","post_date":"2026-03-03T00:00:00.000Z","pub_date":"2026-03-04T00:00:00.000Z","strikedate":"2026-03-03T00:00:00.000Z","event_type":"Confirmed Airstrike","actor":"UNK","site_type":"military","siteStype":"military : hq","city":"Tehran","province":"Tehran","country":"Iran","latitude":35.70451,"longitude":51.516699,"coord_type":"exact","source_1":"https://x.com/IAFsite/status/2029254458064912476","source_2":"https://x.com/IAFsite/status/2029226919724568650","site_prpse":"","sources":""}},{"type":"Feature","geometry":{"type":"Point","coordinates":[51.503227,35.701759999999986]},"properties":{"event_id":403,"data_org":"Green","post_date":"2026-03-03T00:00:00.000Z","pub_date":"2026-03-04T00:00:00.000Z","strikedate":"2026-03-03T00:00:00.000Z","event_type":"Confirmed Airstrike","actor":"UNK","site_type":"military","siteStype":"military : hq","city":"Tehran","province":"Tehran","country":"Iran","latitude":35.70176,"longitude":51.503227,"coord_type":"exact","source_1":"https://x.com/IAFsite/status/2029254458064912476","source_2":"https://x.com/IAFsite/status/2029226919724568650","site_prpse":"","sources":""}},{"type":"Feature","geometry":{"type":"Point","coordinates":[51.495455,35.66475]},"properties":{"event_id":404,"data_org":"Green","post_date":"2026-03-03T00:00:00.000Z","pub_date":"2026-03-04T00:00:00.000Z","strikedate":"2026-03-03T00:00:00.000Z","event_type":"Confirmed Airstrike","actor":"UNK","site_type":"internal security","siteStype":"internal security : Basij","city":"Tehran","province":"Tehran","country":"Iran","latitude":35.66475,"longitude":51.495455,"coord_type":"exact","source_1":"https://x.com/IAFsite/status/2029254458064912476","source_2":"https://x.com/IAFsite/status/2029226919724568650","site_prpse":"","sources":""}},{"type":"Feature","geometry":{"type":"Point","coordinates":[51.544253,35.66065]},"properties":{"event_id":405,"data_org":"Green","post_date":"2026-03-03T00:00:00.000Z","pub_date":"2026-03-04T00:00:00.000Z","strikedate":"2026-03-03T00:00:00.000Z","event_type":"Confirmed Airstrike","actor":"UNK","site_type":"military","siteStype":"military : hq","city":"Tehran","province":"Tehran","country":"Iran","latitude":35.66065,"longitude":51.544253,"coord_type":"exact","source_1":"https://x.com/IAFsite/status/2029254458064912476","source_2":"https://x.com/IAFsite/status/2029226919724568650","site_prpse":"","sources":""}},{"type":"Feature","geometry":{"type":"Point","coordinates":[51.499089,35.68323]},"properties":{"event_id":406,"data_org":"Green","post_date":"2026-03-03T00:00:00.000Z","pub_date":"2026-03-04T00:00:00.000Z","strikedate":"2026-03-03T00:00:00.000Z","event_type":"Confirmed Airstrike","actor":"UNK","site_type":"internal security","siteStype":"internal security : police","city":"Tehran","province":"Tehran","country":"Iran","latitude":35.68323,"longitude":51.499089,"coord_type":"general town","source_1":"https://x.com/IAFsite/status/2029254458064912476","source_2":"https://x.com/IAFsite/status/2029226919724568650","site_prpse":"","sources":""}},{"type":"Feature","geometry":{"type":"Point","coordinates":[51.24519999999999,35.763]},"properties":{"event_id":410,"data_org":"Green","post_date":"2026-03-04T00:00:00.000Z","pub_date":"2026-03-04T00:00:00.000Z","strikedate":"2026-03-04T00:00:00.000Z","event_type":"Reported Airstrike","actor":"UNK","site_type":"internal security","siteStype":"internal security: border guard","city":"Tehran","province":"Tehran","country":"Iran","latitude":35.763,"longitude":51.2452,"coord_type":"general town","source_1":"https://x.com/Vahid/status/2029267449204330581","source_2":"","site_prpse":"","sources":""}},{"type":"Feature","geometry":{"type":"Point","coordinates":[47.0249411,34.340579999999996]},"properties":{"event_id":411,"data_org":"Green","post_date":"2026-03-04T00:00:00.000Z","pub_date":"2026-03-04T00:00:00.000Z","strikedate":"2026-03-04T00:00:00.000Z","event_type":"Report of Explosion with Footage","actor":"UNK","site_type":"unknown","siteStype":"NA","city":"Dareh Deraz","province":"Kermanshah","country":"Iran","latitude":34.34058,"longitude":47.0249411,"coord_type":"exact","source_1":"https://x.com/Vahid/status/2029269365778948109","source_2":"","site_prpse":"","sources":""}},{"type":"Feature","geometry":{"type":"Point","coordinates":[51.34416,35.64976]},"properties":{"event_id":412,"data_org":"Green","post_date":"2026-03-04T00:00:00.000Z","pub_date":"2026-03-04T00:00:00.000Z","strikedate":"2026-03-03T00:00:00.000Z","event_type":"Confirmed Airstrike","actor":"UNK","site_type":"internal security","siteStype":"internal security : police","city":"Tehran","province":"Tehran","country":"Iran","latitude":35.64976,"longitude":51.34416,"coord_type":"POV","source_1":"https://x.com/FaytuksNetwork/status/2029269785431711828","source_2":"https://x.com/zarGEOINT/status/2029269043790700605?s=20","site_prpse":"","sources":"https://x.com/zarGEOINT/status/2029271403619389935?s=20; https://x.com/Vahid/status/2029219376856010859; https://www.bellingcat.com/news/middle-east/2026/03/04/satellite-imagery-reveals-strikes-on-iranian-police-stations/; https://wikimapia.org/#lang=en&"}},{"type":"Feature","geometry":{"type":"Point","coordinates":[51.316733,35.72449999999999]},"properties":{"event_id":413,"data_org":"Green","post_date":"2026-03-04T00:00:00.000Z","pub_date":"2026-03-04T00:00:00.000Z","strikedate":"2026-03-04T00:00:00.000Z","event_type":"Report of Explosion with Footage","actor":"UNK","site_type":"unknown","siteStype":"NA","city":"Tehran","province":"Tehran","country":"Iran","latitude":35.7245,"longitude":51.316733,"coord_type":"general town","source_1":"https://x.com/hey_itsmyturn/status/2029276889840320616","source_2":"","site_prpse":"","sources":""}},{"type":"Feature","geometry":{"type":"Point","coordinates":[46.1689611,35.52012999999998]},"properties":{"event_id":417,"data_org":"Green","post_date":"2026-03-04T00:00:00.000Z","pub_date":"2026-03-04T00:00:00.000Z","strikedate":"2026-03-04T00:00:00.000Z","event_type":"Reported Airstrike","actor":"UNK","site_type":"internal security","siteStype":"internal security : IRGC","city":"Marivan","province":"Kurdistan","country":"Iran","latitude":35.52013,"longitude":46.1689611,"coord_type":"exact","source_1":"https://x.com/ariel_oseran/status/2029290803118424308","source_2":"https://x.com/Vahid/status/2029282141268296155","site_prpse":"","sources":"https://x.com/IranIntl/status/2029267743157932106?s=20; https://x.com/zarGEOINT/status/2034775937393308000?s=20"}},{"type":"Feature","geometry":{"type":"Point","coordinates":[54.297858,31.80366999999999]},"properties":{"event_id":418,"data_org":"Green","post_date":"2026-03-04T00:00:00.000Z","pub_date":"2026-03-04T00:00:00.000Z","strikedate":"2026-03-04T00:00:00.000Z","event_type":"Confirmed Airstrike","actor":"UNK","site_type":"military","siteStype":"military : missile base","city":"Yazd","province":"Yazd","country":"Iran","latitude":31.80367,"longitude":54.297858,"coord_type":"exact","source_1":"https://x.com/hey_itsmyturn/status/2029295436901556330","source_2":"","site_prpse":"IRGC : Aerospace : missile : operations","sources":"https://x.com/Vahid/status/2029294008258703490?s=20; https://x.com/IranIntl/status/2029302777663406091?s=20; https://x.com/ariel_oseran/status/2029312365313831122; Satellogic Imagery"}},{"type":"Feature","geometry":{"type":"Point","coordinates":[51.820578000000005,32.76415999999999]},"properties":{"event_id":419,"data_org":"Green","post_date":"2026-03-04T00:00:00.000Z","pub_date":"2026-03-04T00:00:00.000Z","strikedate":"2026-03-02T00:00:00.000Z","event_type":"Confirmed Airstrike","actor":"UNK","site_type":"military","siteStype":"military : air defense system","city":"Esfahan","province":"Esfahan","country":"Iran","latitude":32.76416,"longitude":51.820578,"coord_type":"exact","source_1":"https://t.me/BenTzionM/6987","source_2":"https://x.com/IranIntl/status/2029299457276194831?s=20","site_prpse":"Air Defense : Battery","sources":"https://x.com/sam_lair/status/2029990677040484709/photo/2"}},{"type":"Feature","geometry":{"type":"Point","coordinates":[46.990391,35.3289]},"properties":{"event_id":421,"data_org":"Green","post_date":"2026-03-02T00:00:00.000Z","pub_date":"2026-03-05T00:00:00.000Z","strikedate":"2026-03-02T00:00:00.000Z","event_type":"Confirmed Airstrike","actor":"UNK","site_type":"internal security","siteStype":"internal security : police","city":"Sanandaj","province":"Kurdistan","country":"Iran","latitude":35.3289,"longitude":46.990391,"coord_type":"exact","source_1":"https://x.com/mhmiranusa/status/2028347845955232166?s=20","source_2":"https://x.com/trbrtc/status/2029401542369964505?s=20","site_prpse":"","sources":"Planet Imagery; https://x.com/zarGEOINT/status/2031807859411796010?s=20;  ;  ;  ;  ;  ;  ;  ;  ;  ;  ;  ;  ;  ;  ;"}},{"type":"Feature","geometry":{"type":"Point","coordinates":[46.9903999,35.30123999999999]},"properties":{"event_id":422,"data_org":"Green","post_date":"2026-03-02T00:00:00.000Z","pub_date":"2026-03-05T00:00:00.000Z","strikedate":"2026-03-02T00:00:00.000Z","event_type":"Reported Airstrike","actor":"UNK","site_type":"internal security","siteStype":"internal security : police","city":"Sanandaj","province":"Kurdistan","country":"Iran","latitude":35.30124,"longitude":46.9903999,"coord_type":"exact","source_1":"https://x.com/Vahid/status/2029477147778129923","source_2":"","site_prpse":"","sources":""}},{"type":"Feature","geometry":{"type":"Point","coordinates":[46.998722300000004,35.26465999999999]},"properties":{"event_id":423,"data_org":"Green","post_date":"2026-03-02T00:00:00.000Z","pub_date":"2026-03-05T00:00:00.000Z","strikedate":"2026-03-02T00:00:00.000Z","event_type":"Reported Airstrike","actor":"UNK","site_type":"internal security","siteStype":"internal security : police","city":"Sanandaj","province":"Kurdistan","country":"Iran","latitude":35.26466,"longitude":46.9987223,"coord_type":"general neighborhood","source_1":"https://x.com/trbrtc/status/2029406685123756354?s=20","source_2":"https://x.com/Zeldamices/status/2029416335713706382?s=20","site_prpse":"","sources":""}},{"type":"Feature","geometry":{"type":"Point","coordinates":[51.64628319999999,32.6043]},"properties":{"event_id":424,"data_org":"Green","post_date":"2026-03-04T00:00:00.000Z","pub_date":"2026-03-05T00:00:00.000Z","strikedate":"2026-03-03T00:00:00.000Z","event_type":"Report of Explosion with Footage","actor":"UNK","site_type":"military","siteStype":"military : intelligence","city":"Esfahan","province":"Esfahan","country":"Iran","latitude":32.6043,"longitude":51.6462832,"coord_type":"exact","source_1":"https://x.com/UnSansVisage/status/2029065556498792860?s=20","source_2":"https://x.com/Vahid/status/2029046187106484541?s=20","site_prpse":"","sources":""}},{"type":"Feature","geometry":{"type":"Point","coordinates":[46.998998,35.29684]},"properties":{"event_id":425,"data_org":"Green","post_date":"2026-03-04T00:00:00.000Z","pub_date":"2026-03-05T00:00:00.000Z","strikedate":"2026-03-04T00:00:00.000Z","event_type":"Report of Explosion with Footage","actor":"UNK","site_type":"political","siteStype":"political : news","city":"Sanandaj","province":"Kurdistan","country":"Iran","latitude":35.29684,"longitude":46.998998,"coord_type":"general town","source_1":"https://x.com/AZ_Intel_/status/2029355956648239413","source_2":"","site_prpse":"","sources":""}},{"type":"Feature","geometry":{"type":"Point","coordinates":[46.20869,36.51463]},"properties":{"event_id":426,"data_org":"Green","post_date":"2026-03-04T00:00:00.000Z","pub_date":"2026-03-05T00:00:00.000Z","strikedate":"2026-03-04T00:00:00.000Z","event_type":"Report of Explosion with Footage","actor":"UNK","site_type":"political","siteStype":"political : administrative","city":"Bukan","province":"West Azerbaijan","country":"Iran","latitude":36.51463,"longitude":46.20869,"coord_type":"general town","source_1":"https://x.com/zarGEOINT/status/2029356095982940528?s=20","source_2":"https://x.com/zarGEOINT/status/2029359290696257730?s=20","site_prpse":"","sources":"https://t.me/kianmeli1/82429"}},{"type":"Feature","geometry":{"type":"Point","coordinates":[50.8715045,34.659870000000005]},"properties":{"event_id":427,"data_org":"Green","post_date":"2026-03-04T00:00:00.000Z","pub_date":"2026-03-05T00:00:00.000Z","strikedate":"2026-03-04T00:00:00.000Z","event_type":"Confirmed Airstrike","actor":"Israel","site_type":"military","siteStype":"military : launch site (missile)","city":"UNK","province":"Qom","country":"Iran","latitude":34.65987,"longitude":50.8715045,"coord_type":"general town","source_1":"https://x.com/idfonline/status/2029415003355251122","source_2":"","site_prpse":"IRGC : Aerospace : missile : operations","sources":""}},{"type":"Feature","geometry":{"type":"Point","coordinates":[51.68359960000001,32.64186000000001]},"properties":{"event_id":428,"data_org":"Green","post_date":"2026-03-04T00:00:00.000Z","pub_date":"2026-03-05T00:00:00.000Z","strikedate":"2026-03-04T00:00:00.000Z","event_type":"Confirmed Airstrike","actor":"Israel","site_type":"military","siteStype":"military : air defense system","city":"Esfahan","province":"Esfahan","country":"Iran","latitude":32.64186,"longitude":51.6835996,"coord_type":"","source_1":"https://x.com/idfonline/status/2029415003355251122?sort_replies=likes","source_2":"","site_prpse":"","sources":""}},{"type":"Feature","geometry":{"type":"Point","coordinates":[48.352715,33.49646]},"properties":{"event_id":431,"data_org":"Green","post_date":"2026-03-05T00:00:00.000Z","pub_date":"2026-03-05T00:00:00.000Z","strikedate":"2026-03-05T00:00:00.000Z","event_type":"Reported Airstrike","actor":"UNK","site_type":"internal security","siteStype":"internal security : police","city":"Khorramabad","province":"Lorestan","country":"Iran","latitude":33.49646,"longitude":48.352715,"coord_type":"exact","source_1":"https://x.com/hey_itsmyturn/status/2029445616347074937","source_2":"https://x.com/IranIntl/status/2029491236965380373?s=20","site_prpse":"","sources":"https://x.com/zarGEOINT/status/2031807859411796010?s=20"}},{"type":"Feature","geometry":{"type":"Point","coordinates":[50.8001749,34.90559999999999]},"properties":{"event_id":432,"data_org":"Green","post_date":"2026-03-05T00:00:00.000Z","pub_date":"2026-03-05T00:00:00.000Z","strikedate":"2026-03-05T00:00:00.000Z","event_type":"Confirmed Airstrike","actor":"UNK","site_type":"military","siteStype":"military : missile base","city":"Manzariyeh","province":"Qom","country":"Iran","latitude":34.9056,"longitude":50.8001749,"coord_type":"exact","source_1":"https://t.me/BenTzionM/7001","source_2":"Planet Imagery","site_prpse":"IRGC : Aerospace : missile : operations","sources":""}},{"type":"Feature","geometry":{"type":"Point","coordinates":[47.10096010000001,34.34756]},"properties":{"event_id":434,"data_org":"Green","post_date":"2026-03-05T00:00:00.000Z","pub_date":"2026-03-05T00:00:00.000Z","strikedate":"2026-03-05T00:00:00.000Z","event_type":"Confirmed Airstrike","actor":"UNK","site_type":"internal security","siteStype":"internal security : IRGC","city":"Kermanshah","province":"Kermanshah","country":"Iran","latitude":34.34756,"longitude":47.1009601,"coord_type":"exact","source_1":"https://x.com/hey_itsmyturn/status/2029448066214834365","source_2":"Planet Imagery","site_prpse":"","sources":""}},{"type":"Feature","geometry":{"type":"Point","coordinates":[45.00835,37.50438]},"properties":{"event_id":435,"data_org":"Green","post_date":"2026-03-05T00:00:00.000Z","pub_date":"2026-03-05T00:00:00.000Z","strikedate":"2026-03-05T00:00:00.000Z","event_type":"Report of Explosion with Footage","actor":"UNK","site_type":"internal security","siteStype":"internal security : IRGC","city":"Urmia","province":"West Azerbaijan","country":"Iran","latitude":37.50438,"longitude":45.00835,"coord_type":"exact","source_1":"https://x.com/zarGEOINT/status/2029452719333716052?s=20","source_2":"https://x.com/zarGEOINT/status/2029454117932875969?s=20","site_prpse":"","sources":"https://t.me/VahidOnline/71668"}},{"type":"Feature","geometry":{"type":"Point","coordinates":[51.385697,35.690979999999996]},"properties":{"event_id":519,"data_org":"Green","post_date":"2026-03-05T00:00:00.000Z","pub_date":"2026-03-06T00:00:00.000Z","strikedate":"2026-03-05T00:00:00.000Z","event_type":"Reported Airstrike","actor":"UNK","site_type":"military","siteStype":"military : unknown","city":"Tehran","province":"Tehran","country":"Iran","latitude":35.69098,"longitude":51.385697,"coord_type":"exact","source_1":"https://t.me/defapress_ir/50380","source_2":"","site_prpse":"","sources":""}},{"type":"Feature","geometry":{"type":"Point","coordinates":[48.415109,36.60735999999999]},"properties":{"event_id":520,"data_org":"Green","post_date":"2026-03-05T00:00:00.000Z","pub_date":"2026-03-06T00:00:00.000Z","strikedate":"2026-03-02T00:00:00.000Z","event_type":"Confirmed Airstrike","actor":"UNK","site_type":"military","siteStype":"military : launch site (missile)","city":"Zanjan","province":"Zanjan","country":"Iran","latitude":36.60736,"longitude":48.415109,"coord_type":"exact","source_1":"https://t.me/BenTzionM/7018","source_2":"","site_prpse":"IRGC : Aerospace : missile : operations","sources":""}},{"type":"Feature","geometry":{"type":"Point","coordinates":[46.292673,38.084289999999996]},"properties":{"event_id":521,"data_org":"Green","post_date":"2026-03-05T00:00:00.000Z","pub_date":"2026-03-06T00:00:00.000Z","strikedate":"2026-03-05T00:00:00.000Z","event_type":"Reported Airstrike","actor":"UNK","site_type":"unknown","siteStype":"NA","city":"Tabriz","province":"East Azerbaijan","country":"Iran","latitude":38.08429,"longitude":46.292673,"coord_type":"NA","source_1":"https://x.com/IranIntl/status/2029685015387271231?s=20","source_2":"","site_prpse":"","sources":""}},{"type":"Feature","geometry":{"type":"Point","coordinates":[47.095836999999996,34.367369999999994]},"properties":{"event_id":522,"data_org":"Green","post_date":"2026-03-05T00:00:00.000Z","pub_date":"2026-03-06T00:00:00.000Z","strikedate":"2026-03-05T00:00:00.000Z","event_type":"Reported Airstrike","actor":"UNK","site_type":"unknown","siteStype":"NA","city":"Kermanshah","province":"Kermanshah","country":"Iran","latitude":34.36737,"longitude":47.095837,"coord_type":"general town","source_1":"https://x.com/IranIntl/status/2029690060010877230?s=20","source_2":"","site_prpse":"","sources":""}},{"type":"Feature","geometry":{"type":"Point","coordinates":[51.504093,32.70762999999999]},"properties":{"event_id":523,"data_org":"Green","post_date":"2026-03-05T00:00:00.000Z","pub_date":"2026-03-06T00:00:00.000Z","strikedate":"2026-03-05T00:00:00.000Z","event_type":"Reported Airstrike","actor":"UNK","site_type":"unknown","siteStype":"NA","city":"Khomeini Shahr","province":"Esfahan","country":"Iran","latitude":32.70763,"longitude":51.504093,"coord_type":"NA","source_1":"https://x.com/IranIntl/status/2029700862222766247?s=20","source_2":"https://x.com/Vahid/status/2029738794262442007","site_prpse":"","sources":""}},{"type":"Feature","geometry":{"type":"Point","coordinates":[48.76275,31.335629999999995]},"properties":{"event_id":524,"data_org":"Green","post_date":"2026-03-05T00:00:00.000Z","pub_date":"2026-03-06T00:00:00.000Z","strikedate":"2026-03-05T00:00:00.000Z","event_type":"Confirmed Airstrike","actor":"US","site_type":"military","siteStype":"military : airbase","city":"Ahvaz","province":"Khuzestan","country":"Iran","latitude":31.33563,"longitude":48.76275,"coord_type":"exact","source_1":"https://x.com/vcdgf555/status/2029714841251017150","source_2":"","site_prpse":"","sources":""}},{"type":"Feature","geometry":{"type":"Point","coordinates":[52.146242,35.67802]},"properties":{"event_id":525,"data_org":"Green","post_date":"2026-03-06T00:00:00.000Z","pub_date":"2026-03-06T00:00:00.000Z","strikedate":"2026-03-05T00:00:00.000Z","event_type":"Reported Airstrike","actor":"UNK","site_type":"military","siteStype":"military : base","city":"Ashnedar","province":"Tehran","country":"Iran","latitude":35.67802,"longitude":52.146242,"coord_type":"POV","source_1":"https://x.com/Shayan86/status/2029807175405637804?s=20","source_2":"","site_prpse":"IRGC : Aerospace : missile : operations","sources":""}},{"type":"Feature","geometry":{"type":"Point","coordinates":[52.560815000000005,29.661999999999995]},"properties":{"event_id":527,"data_org":"Green","post_date":"2026-03-06T00:00:00.000Z","pub_date":"2026-03-06T00:00:00.000Z","strikedate":"2026-03-06T00:00:00.000Z","event_type":"Reported Airstrike","actor":"UNK","site_type":"unknown","siteStype":"NA","city":"Shiraz","province":"Fars","country":"Iran","latitude":29.662,"longitude":52.560815,"coord_type":"general town","source_1":"https://t.me/Tasnimnews/393224","source_2":"","site_prpse":"","sources":""}},{"type":"Feature","geometry":{"type":"Point","coordinates":[51.3452,35.734]},"properties":{"event_id":529,"data_org":"Green","post_date":"2026-03-06T00:00:00.000Z","pub_date":"2026-03-06T00:00:00.000Z","strikedate":"2026-03-06T00:00:00.000Z","event_type":"Reported Airstrike","actor":"UNK","site_type":"unknown","siteStype":"NA","city":"Tehran","province":"Tehran","country":"Iran","latitude":35.734,"longitude":51.3452,"coord_type":"general town","source_1":"https://x.com/Shayan86/status/2029812025879044319","source_2":"","site_prpse":"","sources":""}},{"type":"Feature","geometry":{"type":"Point","coordinates":[50.844742000000004,28.920710000000003]},"properties":{"event_id":530,"data_org":"Green","post_date":"2026-03-06T00:00:00.000Z","pub_date":"2026-03-06T00:00:00.000Z","strikedate":"2026-03-05T00:00:00.000Z","event_type":"Report of Explosion with Footage","actor":"UNK","site_type":"military","siteStype":"military : airbase","city":"Bushehr","province":"Bushehr","country":"Iran","latitude":28.92071,"longitude":50.844742,"coord_type":"exact","source_1":"https://x.com/ResindScientist/status/2029682262703210970?s=20","source_2":"https://x.com/ResindScientist/status/2029682788677333038?s=20","site_prpse":"","sources":""}},{"type":"Feature","geometry":{"type":"Point","coordinates":[51.241013,35.69186]},"properties":{"event_id":531,"data_org":"Green","post_date":"2026-03-06T00:00:00.000Z","pub_date":"2026-03-06T00:00:00.000Z","strikedate":"2026-03-06T00:00:00.000Z","event_type":"Report of Explosion with Footage","actor":"UNK","site_type":"military","siteStype":"civilian : industrial","city":"Tehran","province":"Tehran","country":"Iran","latitude":35.69186,"longitude":51.241013,"coord_type":"NA","source_1":"https://x.com/MiddleEastBuka/status/2029816513054507495?s=20","source_2":"https://x.com/mamlekate/status/2029757935409078646?s=20","site_prpse":"IRGC : Aerospace : missile : production","sources":"https://x.com/MiddleEastBuka/status/2029816513054507495?s=20"}},{"type":"Feature","geometry":{"type":"Point","coordinates":[51.353621,32.640010000000004]},"properties":{"event_id":532,"data_org":"Green","post_date":"2026-03-06T00:00:00.000Z","pub_date":"2026-03-06T00:00:00.000Z","strikedate":"2026-03-06T00:00:00.000Z","event_type":"Reported Airstrike","actor":"UNK","site_type":"unknown","siteStype":"NA","city":"Najafabad","province":"Esfahan","country":"Iran","latitude":32.64001,"longitude":51.353621,"coord_type":"exact","source_1":"https://t.me/Tasnimnews/393255","source_2":"","site_prpse":"","sources":""}},{"type":"Feature","geometry":{"type":"Point","coordinates":[51.242712,32.39448]},"properties":{"event_id":533,"data_org":"Green","post_date":"2026-03-06T00:00:00.000Z","pub_date":"2026-03-06T00:00:00.000Z","strikedate":"2026-03-06T00:00:00.000Z","event_type":"Reported Airstrike","actor":"UNK","site_type":"unknown","siteStype":"NA","city":"Lenjan","province":"Esfahan","country":"Iran","latitude":32.39448,"longitude":51.242712,"coord_type":"POV","source_1":"https://t.me/Tasnimnews/393255","source_2":"","site_prpse":"","sources":""}},{"type":"Feature","geometry":{"type":"Point","coordinates":[51.71558,32.87643]},"properties":{"event_id":534,"data_org":"Green","post_date":"2026-03-06T00:00:00.000Z","pub_date":"2026-03-06T00:00:00.000Z","strikedate":"2026-03-06T00:00:00.000Z","event_type":"Reported Airstrike","actor":"UNK","site_type":"unknown","siteStype":"NA","city":"Borkhar","province":"Esfahan","country":"Iran","latitude":32.87643,"longitude":51.71558,"coord_type":"general town","source_1":"https://t.me/Tasnimnews/393255","source_2":"","site_prpse":"","sources":""}},{"type":"Feature","geometry":{"type":"Point","coordinates":[45.725153,36.765409999999996]},"properties":{"event_id":535,"data_org":"Green","post_date":"2026-03-06T00:00:00.000Z","pub_date":"2026-03-06T00:00:00.000Z","strikedate":"2026-03-06T00:00:00.000Z","event_type":"Report of Explosion with Footage","actor":"UNK","site_type":"internal security","siteStype":"internal security : police","city":"Mahabad","province":"West Azerbaijan","country":"Iran","latitude":36.76541,"longitude":45.725153,"coord_type":"general town","source_1":"https://x.com/Behnamzarei21/status/2029833622425866691?s=20","source_2":"https://x.com/zese_z/status/2029869659965772239?s=20","site_prpse":"","sources":"https://x.com/zese_z/status/2029868917972500828?s=20; https://t.me/Nournews_ir/334869"}},{"type":"Feature","geometry":{"type":"Point","coordinates":[56.157669999999996,27.0388]},"properties":{"event_id":536,"data_org":"Green","post_date":"2026-03-06T00:00:00.000Z","pub_date":"2026-03-06T00:00:00.000Z","strikedate":"2026-03-06T00:00:00.000Z","event_type":"Confirmed Airstrike","actor":"US","site_type":"military","siteStype":"military : surface combatant","city":"Bandar Abbas","province":"Hormozgan","country":"Iran","latitude":27.0388,"longitude":56.15767,"coord_type":"general neighborhood","source_1":"https://x.com/sentdefender/status/2029728963711357385?s=20","source_2":"https://x.com/CENTCOM/status/2029725370371424476","site_prpse":"","sources":""}},{"type":"Feature","geometry":{"type":"Point","coordinates":[48.67273670000001,35.20472]},"properties":{"event_id":537,"data_org":"Green","post_date":"2026-03-05T00:00:00.000Z","pub_date":"2026-03-06T00:00:00.000Z","strikedate":"2026-03-05T00:00:00.000Z","event_type":"Confirmed Airstrike","actor":"UNK","site_type":"military","siteStype":"military : airbase","city":"Amirabad","province":"Hamedan","country":"Iran","latitude":35.20472,"longitude":48.6727367,"coord_type":"general town","source_1":"https://x.com/DuitsmanMS/status/2029749942529806625?s=20","source_2":"Planet Imagery","site_prpse":"","sources":""}},{"type":"Feature","geometry":{"type":"Point","coordinates":[47.7082439,33.15314]},"properties":{"event_id":539,"data_org":"Green","post_date":"2026-03-06T00:00:00.000Z","pub_date":"2026-03-06T00:00:00.000Z","strikedate":"2026-03-06T00:00:00.000Z","event_type":"Reported Airstrike","actor":"UNK","site_type":"internal security","siteStype":"internal security : IRGC","city":"Poldokhtar","province":"Lorestan","country":"Iran","latitude":33.15314,"longitude":47.7082439,"coord_type":"exact","source_1":"https://x.com/IranIntl/status/2029833191972888996?s=20","source_2":"","site_prpse":"","sources":""}},{"type":"Feature","geometry":{"type":"Point","coordinates":[46.2971461,36.22137000000001]},"properties":{"event_id":540,"data_org":"Green","post_date":"2026-03-06T00:00:00.000Z","pub_date":"2026-03-06T00:00:00.000Z","strikedate":"2026-03-06T00:00:00.000Z","event_type":"Reported Airstrike","actor":"UNK","site_type":"unknown","siteStype":"NA","city":"Saghez","province":"Kurdistan","country":"Iran","latitude":36.22137,"longitude":46.2971461,"coord_type":"general town","source_1":"https://x.com/IranIntl/status/2029835312625529106?s=20","source_2":"https://x.com/SowarAbdi/status/2029912813196484732?s=20","site_prpse":"","sources":""}},{"type":"Feature","geometry":{"type":"Point","coordinates":[51.37509,35.64800999999999]},"properties":{"event_id":541,"data_org":"Green","post_date":"2026-03-06T00:00:00.000Z","pub_date":"2026-03-06T00:00:00.000Z","strikedate":"2026-03-06T00:00:00.000Z","event_type":"Reported Airstrike","actor":"UNK","site_type":"unknown","siteStype":"NA","city":"Tehran","province":"Tehran","country":"Iran","latitude":35.64801,"longitude":51.37509,"coord_type":"exact","source_1":"https://x.com/IranIntl/status/2029846587153719742?s=20","source_2":"https://x.com/etelaf10/status/2029794687750385884?s=20","site_prpse":"","sources":"https://x.com/Vahid/status/2029768781346623929?s=20"}},{"type":"Feature","geometry":{"type":"Point","coordinates":[50.0806964,33.643519999999995]},"properties":{"event_id":542,"data_org":"Green","post_date":"2026-03-06T00:00:00.000Z","pub_date":"2026-03-06T00:00:00.000Z","strikedate":"2026-03-06T00:00:00.000Z","event_type":"Reported Airstrike","actor":"UNK","site_type":"unknown","siteStype":"NA","city":"Khomein","province":"Markazi","country":"Iran","latitude":33.64352,"longitude":50.0806964,"coord_type":"exact","source_1":"https://x.com/IranIntl/status/2029847682546630765?s=20","source_2":"","site_prpse":"","sources":""}},{"type":"Feature","geometry":{"type":"Point","coordinates":[51.4929786,35.650379999999984]},"properties":{"event_id":543,"data_org":"Green","post_date":"2026-03-06T00:00:00.000Z","pub_date":"2026-03-06T00:00:00.000Z","strikedate":"2026-03-06T00:00:00.000Z","event_type":"Reported Airstrike","actor":"UNK","site_type":"unknown","siteStype":"NA","city":"Tehran","province":"Tehran","country":"Iran","latitude":35.65038,"longitude":51.4929786,"coord_type":"general neighborhood","source_1":"https://x.com/IranIntl/status/2029852527504564457?s=20","source_2":"","site_prpse":"","sources":""}},{"type":"Feature","geometry":{"type":"Point","coordinates":[50.975860499999996,35.67209999999999]},"properties":{"event_id":545,"data_org":"Green","post_date":"2026-03-06T00:00:00.000Z","pub_date":"2026-03-06T00:00:00.000Z","strikedate":"2026-03-06T00:00:00.000Z","event_type":"Reported Airstrike","actor":"UNK","site_type":"unknown","siteStype":"NA","city":"Malard","province":"Tehran","country":"Iran","latitude":35.6721,"longitude":50.9758605,"coord_type":"","source_1":"https://x.com/IranIntl/status/2029854047432310806?s=20","source_2":"https://x.com/indypersian/status/2029891801847308782?s=20","site_prpse":"","sources":"https://x.com/ManotoNews/status/2029910382249202137?s=20; https://x.com/hey_itsmyturn/status/2029879245225263574?s=20"}},{"type":"Feature","geometry":{"type":"Point","coordinates":[48.216979,33.57063]},"properties":{"event_id":546,"data_org":"Green","post_date":"2026-03-06T00:00:00.000Z","pub_date":"2026-03-06T00:00:00.000Z","strikedate":"2026-03-05T00:00:00.000Z","event_type":"Confirmed Airstrike","actor":"UNK","site_type":"military","siteStype":"military : missile base","city":"Khorramabad","province":"Lorestan","country":"Iran","latitude":33.57063,"longitude":48.216979,"coord_type":"POV","source_1":"https://t.me/BenTzionM/7027","source_2":"","site_prpse":"IRGC : Aerospace : missile : operations","sources":""}},{"type":"Feature","geometry":{"type":"Point","coordinates":[51.357225,35.70161999999999]},"properties":{"event_id":547,"data_org":"Green","post_date":"2026-03-06T00:00:00.000Z","pub_date":"2026-03-06T00:00:00.000Z","strikedate":"2026-03-06T00:00:00.000Z","event_type":"Report of Explosion with Footage","actor":"UNK","site_type":"internal security","siteStype":"internal security : Basij","city":"Tehran","province":"Tehran","country":"Iran","latitude":35.70162,"longitude":51.357225,"coord_type":"exact","source_1":"https://x.com/indypersian/status/2029860785623556128","source_2":"https://x.com/ayatsubzero/status/2029873596038824065","site_prpse":"","sources":"https://x.com/Vahid__k/status/2029882479461486740?s=20; https://x.com/ariel_oseran/status/2029898108079857763"}},{"type":"Feature","geometry":{"type":"Point","coordinates":[51.20109800000001,35.74263]},"properties":{"event_id":548,"data_org":"Green","post_date":"2026-03-06T00:00:00.000Z","pub_date":"2026-03-06T00:00:00.000Z","strikedate":"2026-03-06T00:00:00.000Z","event_type":"Reported Airstrike","actor":"UNK","site_type":"unknown","siteStype":"NA","city":"Chitgar","province":"Tehran","country":"Iran","latitude":35.74263,"longitude":51.201098,"coord_type":"general town","source_1":"https://x.com/IranIntl/status/2029860741164011862?s=20","source_2":"","site_prpse":"","sources":""}},{"type":"Feature","geometry":{"type":"Point","coordinates":[46.935652,34.799]},"properties":{"event_id":549,"data_org":"Green","post_date":"2026-03-06T00:00:00.000Z","pub_date":"2026-03-06T00:00:00.000Z","strikedate":"2026-03-06T00:00:00.000Z","event_type":"Reported Airstrike","actor":"UNK","site_type":"military","siteStype":"","city":"Kamyaran","province":"Kurdistan","country":"Iran","latitude":34.799,"longitude":46.935652,"coord_type":"general town","source_1":"https://x.com/IranIntl/status/2029864471653401060?s=20","source_2":"","site_prpse":"","sources":""}},{"type":"Feature","geometry":{"type":"Point","coordinates":[51.169728000000006,35.72418]},"properties":{"event_id":550,"data_org":"Green","post_date":"2026-03-06T00:00:00.000Z","pub_date":"2026-03-06T00:00:00.000Z","strikedate":"2026-03-06T00:00:00.000Z","event_type":"Reported Airstrike","actor":"UNK","site_type":"unknown","siteStype":"NA","city":"Tehran","province":"Tehran","country":"Iran","latitude":35.72418,"longitude":51.169728,"coord_type":"exact","source_1":"https://x.com/IranIntl/status/2029865746432491672?s=20","source_2":"","site_prpse":"","sources":""}},{"type":"Feature","geometry":{"type":"Point","coordinates":[60.609599,25.33999]},"properties":{"event_id":552,"data_org":"Green","post_date":"2026-03-06T00:00:00.000Z","pub_date":"2026-03-06T00:00:00.000Z","strikedate":"2026-03-06T00:00:00.000Z","event_type":"Reported Airstrike","actor":"UNK","site_type":"military","siteStype":"military : naval base","city":"Chabahar","province":"Sistan and Baluchistan","country":"Iran","latitude":25.33999,"longitude":60.609599,"coord_type":"","source_1":"https://x.com/IranIntl/status/2029869650696175693?s=20","source_2":"","site_prpse":"","sources":""}},{"type":"Feature","geometry":{"type":"Point","coordinates":[46.10505799999999,36.96924999999999]},"properties":{"event_id":553,"data_org":"Green","post_date":"2026-03-06T00:00:00.000Z","pub_date":"2026-03-06T00:00:00.000Z","strikedate":"2026-03-06T00:00:00.000Z","event_type":"Reported Airstrike","actor":"UNK","site_type":"internal security","siteStype":"internal security : police","city":"Miandoab","province":"West Azerbaijan","country":"Iran","latitude":36.96925,"longitude":46.105058,"coord_type":"general town","source_1":"https://x.com/IranIntl/status/2029872315555623369?s=20","source_2":"","site_prpse":"","sources":""}},{"type":"Feature","geometry":{"type":"Point","coordinates":[50.9980693,35.78257]},"properties":{"event_id":554,"data_org":"Green","post_date":"2026-03-06T00:00:00.000Z","pub_date":"2026-03-06T00:00:00.000Z","strikedate":"2026-03-06T00:00:00.000Z","event_type":"Reported Airstrike","actor":"UNK","site_type":"unknown","siteStype":"NA","city":"Karaj","province":"Alborz","country":"Iran","latitude":35.78257,"longitude":50.9980693,"coord_type":"general neighborhood","source_1":"https://x.com/IranIntl/status/2029875030415294696?s=20","source_2":"","site_prpse":"","sources":""}},{"type":"Feature","geometry":{"type":"Point","coordinates":[50.96135979999999,35.46291999999999]},"properties":{"event_id":555,"data_org":"Green","post_date":"2026-03-06T00:00:00.000Z","pub_date":"2026-03-06T00:00:00.000Z","strikedate":"2026-03-06T00:00:00.000Z","event_type":"Reported Airstrike","actor":"UNK","site_type":"internal security","siteStype":"internal security : IRGC","city":"Parand","province":"Tehran","country":"Iran","latitude":35.46292,"longitude":50.9613598,"coord_type":"exact","source_1":"https://x.com/IranIntl/status/2029876215138378181?s=20","source_2":"https://x.com/IranIntl/status/2029857745206211018?s=20","site_prpse":"","sources":"https://x.com/IranIntl/status/2029851955418300594?s=20; https://x.com/AmirMiresmaeili/status/2029859149278757095?s=20; https://x.com/WillUnderhill23/status/2029920110161379497?s=20"}},{"type":"Feature","geometry":{"type":"Point","coordinates":[46.3772,35.01745]},"properties":{"event_id":556,"data_org":"Green","post_date":"2026-03-06T00:00:00.000Z","pub_date":"2026-03-06T00:00:00.000Z","strikedate":"2026-03-06T00:00:00.000Z","event_type":"Reported Airstrike","actor":"UNK","site_type":"internal security","siteStype":"internal security : IRGC","city":"Paveh","province":"Kermanshah","country":"Iran","latitude":35.01745,"longitude":46.3772,"coord_type":"exact","source_1":"https://x.com/zarGEOINT/status/2029876771764523138?s=20","source_2":"https://x.com/zarGEOINT/status/2029878755720605795?s=20","site_prpse":"","sources":"https://t.me/sepehrazadi/204694; https://x.com/Vahid/status/2029691933677728114; https://x.com/IranIntl/status/2029931069487579295"}},{"type":"Feature","geometry":{"type":"Point","coordinates":[51.3988719,35.69193]},"properties":{"event_id":557,"data_org":"Green","post_date":"2026-03-06T00:00:00.000Z","pub_date":"2026-03-06T00:00:00.000Z","strikedate":"2026-03-06T00:00:00.000Z","event_type":"Report of Explosion with Footage","actor":"Israel","site_type":"political","siteStype":"political : administrative","city":"Tehran","province":"Tehran","country":"Iran","latitude":35.69193,"longitude":51.3988719,"coord_type":"exact","source_1":"https://x.com/idfonline/status/2029878689907835294?s=20","source_2":"https://x.com/IAFsite/status/2029890829662163237?s=20","site_prpse":"","sources":"https://x.com/IAFsite/status/2029879571193975240?s=20; https://x.com/IDFFarsi/status/2029885209840160802?s=20; https://x.com/IntelliTimes/status/2029887906496581927?s=20; https://x.com/manniefabian/status/2029878280984186917; https://x.com/IranIntl/statu"}},{"type":"Feature","geometry":{"type":"Point","coordinates":[51.6757256,32.62076]},"properties":{"event_id":558,"data_org":"Green","post_date":"2026-03-06T00:00:00.000Z","pub_date":"2026-03-06T00:00:00.000Z","strikedate":"2026-03-06T00:00:00.000Z","event_type":"Report of Explosion with Footage","actor":"UNK","site_type":"unknown","siteStype":"NA","city":"Esfahan","province":"Esfahan","country":"Iran","latitude":32.62076,"longitude":51.6757256,"coord_type":"general town","source_1":"https://x.com/IranIntl/status/2029879351487889585?s=20","source_2":"","site_prpse":"","sources":""}},{"type":"Feature","geometry":{"type":"Point","coordinates":[51.6254143,32.77899]},"properties":{"event_id":559,"data_org":"Green","post_date":"2026-03-06T00:00:00.000Z","pub_date":"2026-03-06T00:00:00.000Z","strikedate":"2026-03-06T00:00:00.000Z","event_type":"Report of Explosion with Footage","actor":"UNK","site_type":"unknown","siteStype":"NA","city":"Simorgh","province":"Esfahan","country":"Iran","latitude":32.77899,"longitude":51.6254143,"coord_type":"exact","source_1":"https://x.com/IranIntl/status/2029879351487889585?s=20","source_2":"","site_prpse":"","sources":""}},{"type":"Feature","geometry":{"type":"Point","coordinates":[50.8321334,34.80148]},"properties":{"event_id":560,"data_org":"Green","post_date":"2026-03-06T00:00:00.000Z","pub_date":"2026-03-06T00:00:00.000Z","strikedate":"2026-03-06T00:00:00.000Z","event_type":"Confirmed Airstrike","actor":"Israel","site_type":"military","siteStype":"military : industrial","city":"Qom","province":"Qom","country":"Iran","latitude":34.80148,"longitude":50.8321334,"coord_type":"general town","source_1":"https://x.com/IDFFarsi/status/2029889605491691731?s=20","source_2":"https://x.com/IranIntl/status/2029927326813733048?s=20","site_prpse":"","sources":"https://x.com/ariel_oseran/status/2029877322065621432; https://x.com/hey_itsmyturn/status/2031245067269103944"}},{"type":"Feature","geometry":{"type":"Point","coordinates":[56.10500600000001,26.993919999999992]},"properties":{"event_id":561,"data_org":"Green","post_date":"2026-03-06T00:00:00.000Z","pub_date":"2026-03-06T00:00:00.000Z","strikedate":"2026-03-06T00:00:00.000Z","event_type":"Confirmed Airstrike","actor":"US","site_type":"military","siteStype":"military : surface combatant","city":"Bandar-e Dargaham","province":"Hormozgan","country":"Iran","latitude":26.99392,"longitude":56.105006,"coord_type":"general town","source_1":"https://x.com/Archer83Able/status/2029890706492313984?s=20","source_2":"https://x.com/Archer83Able/status/2029897782773895479?s=20","site_prpse":"","sources":"https://t.me/BenTzionM/7112"}},{"type":"Feature","geometry":{"type":"Point","coordinates":[46.394212,33.63210000000001]},"properties":{"event_id":562,"data_org":"Green","post_date":"2026-03-06T00:00:00.000Z","pub_date":"2026-03-06T00:00:00.000Z","strikedate":"2026-03-06T00:00:00.000Z","event_type":"Report of Explosion with Footage","actor":"UNK","site_type":"internal security","siteStype":"internal security : police","city":"Ilam","province":"Ilam","country":"Iran","latitude":33.6321,"longitude":46.394212,"coord_type":"exact","source_1":"https://x.com/Vahid/status/2029904515114102789","source_2":"https://x.com/FaytuksNetwork/status/2029905224123478282","site_prpse":"","sources":"https://x.com/andynovy/status/2029962882377453912;  ;  ;  ;  ;  ;  ;  ;  ;  ;  ;"}},{"type":"Feature","geometry":{"type":"Point","coordinates":[54.298005,31.803629999999995]},"properties":{"event_id":564,"data_org":"Green","post_date":"2026-03-06T00:00:00.000Z","pub_date":"2026-03-06T00:00:00.000Z","strikedate":"2026-03-03T00:00:00.000Z","event_type":"Confirmed Airstrike","actor":"UNK","site_type":"military","siteStype":"military : missile base","city":"Yazd","province":"Yazd","country":"Iran","latitude":31.80363,"longitude":54.298005,"coord_type":"exact","source_1":"https://t.me/BenTzionM/7036","source_2":"https://t.me/BenTzionM/7037","site_prpse":"IRGC : Aerospace : missile : operations","sources":""}},{"type":"Feature","geometry":{"type":"Point","coordinates":[51.2073511,35.76143999999999]},"properties":{"event_id":566,"data_org":"Green","post_date":"2026-03-06T00:00:00.000Z","pub_date":"2026-03-06T00:00:00.000Z","strikedate":"2026-03-06T00:00:00.000Z","event_type":"Report of Explosion with Footage","actor":"UNK","site_type":"unknown","siteStype":"NA","city":"Bagheri Town","province":"Tehran","country":"Iran","latitude":35.76144,"longitude":51.2073511,"coord_type":"general town","source_1":"https://x.com/IranIntl/status/2029911513545244998","source_2":"","site_prpse":"","sources":""}},{"type":"Feature","geometry":{"type":"Point","coordinates":[45.05808,37.55045]},"properties":{"event_id":567,"data_org":"Green","post_date":"2026-03-06T00:00:00.000Z","pub_date":"2026-03-06T00:00:00.000Z","strikedate":"2026-03-06T00:00:00.000Z","event_type":"Report of Explosion with Footage","actor":"UNK","site_type":"internal security","siteStype":"internal security : police","city":"Urmia","province":"West Azerbaijan","country":"Iran","latitude":37.55045,"longitude":45.05808,"coord_type":"exact","source_1":"https://x.com/zarGEOINT/status/2029918340223836658?s=20","source_2":"https://x.com/FaytuksNetwork/status/2029923426350026955","site_prpse":"","sources":""}},{"type":"Feature","geometry":{"type":"Point","coordinates":[47.09300000000001,34.34539999999999]},"properties":{"event_id":569,"data_org":"Green","post_date":"2026-03-05T00:00:00.000Z","pub_date":"2026-03-06T00:00:00.000Z","strikedate":"2026-03-06T00:00:00.000Z","event_type":"Report of Explosion with Footage","actor":"UNK","site_type":"internal security","siteStype":"internal security : police","city":"Kermanshah","province":"Kermanshah","country":"Iran","latitude":34.3454,"longitude":47.093,"coord_type":"general neighborhood","source_1":"https://x.com/hey_itsmyturn/status/2029585076128731535?s=20","source_2":"https://x.com/hey_itsmyturn/status/2029585076128731535?s=20","site_prpse":"","sources":"https://x.com/hey_itsmyturn/status/2029920027390902422?s=20"}},{"type":"Feature","geometry":{"type":"Point","coordinates":[48.3851292,32.44315999999999]},"properties":{"event_id":570,"data_org":"Green","post_date":"2026-03-06T00:00:00.000Z","pub_date":"2026-03-06T00:00:00.000Z","strikedate":"2026-03-06T00:00:00.000Z","event_type":"Report of Explosion with Footage","actor":"UNK","site_type":"military","siteStype":"military : airbase","city":"Andimeshk","province":"Khuzestan","country":"Iran","latitude":32.44316,"longitude":48.3851292,"coord_type":"NA","source_1":"https://x.com/hey_itsmyturn/status/2029921628725874852?s=20","source_2":"https://x.com/IranIntl/status/2029924899515490657?s=20","site_prpse":"","sources":""}},{"type":"Feature","geometry":{"type":"Point","coordinates":[51.3387166,35.725300000000004]},"properties":{"event_id":571,"data_org":"Green","post_date":"2026-03-06T00:00:00.000Z","pub_date":"2026-03-06T00:00:00.000Z","strikedate":"2026-03-02T00:00:00.000Z","event_type":"Report of Explosion with Footage","actor":"UNK","site_type":"military","siteStype":"military : industrial","city":"Tehran","province":"Tehran","country":"Iran","latitude":35.7253,"longitude":51.3387166,"coord_type":"general neighborhood","source_1":"https://x.com/Vahid/status/2029924071484334220","source_2":"","site_prpse":"","sources":""}},{"type":"Feature","geometry":{"type":"Point","coordinates":[48.39218029999999,32.44239]},"properties":{"event_id":572,"data_org":"Green","post_date":"2026-03-06T00:00:00.000Z","pub_date":"2026-03-06T00:00:00.000Z","strikedate":"2026-03-06T00:00:00.000Z","event_type":"Report of Explosion with Footage","actor":"UNK","site_type":"military","siteStype":"military : airbase","city":"Dezful","province":"Khuzestan","country":"Iran","latitude":32.44239,"longitude":48.3921803,"coord_type":"general town","source_1":"https://x.com/Vahid/status/2029926977939947799","source_2":"https://x.com/Israel_Alma_org/status/2030918654867513600?s=20","site_prpse":"","sources":""}},{"type":"Feature","geometry":{"type":"Point","coordinates":[51.4389106,35.68643]},"properties":{"event_id":573,"data_org":"Green","post_date":"2026-03-06T00:00:00.000Z","pub_date":"2026-03-06T00:00:00.000Z","strikedate":"2026-03-06T00:00:00.000Z","event_type":"Reported Airstrike","actor":"UNK","site_type":"political","siteStype":"political : individual","city":"Tehran","province":"Tehran","country":"Iran","latitude":35.68643,"longitude":51.4389106,"coord_type":"exact","source_1":"https://x.com/JasonMBrodsky/status/2029927268915495317","source_2":"https://x.com/FattahiFarzad/status/2029909176894329100","site_prpse":"","sources":""}},{"type":"Feature","geometry":{"type":"Point","coordinates":[51.41574,35.68937999999999]},"properties":{"event_id":574,"data_org":"Green","post_date":"2026-03-06T00:00:00.000Z","pub_date":"2026-03-06T00:00:00.000Z","strikedate":"2026-03-06T00:00:00.000Z","event_type":"Reported Airstrike","actor":"UNK","site_type":"political","siteStype":"political : administrative","city":"Tehran","province":"Tehran","country":"Iran","latitude":35.68938,"longitude":51.41574,"coord_type":"general town","source_1":"https://x.com/Osint613/status/2029931255223963966","source_2":"","site_prpse":"","sources":""}},{"type":"Feature","geometry":{"type":"Point","coordinates":[48.742148,31.315989999999996]},"properties":{"event_id":575,"data_org":"Green","post_date":"2026-03-06T00:00:00.000Z","pub_date":"2026-03-06T00:00:00.000Z","strikedate":"2026-03-06T00:00:00.000Z","event_type":"Report of Explosion with Footage","actor":"UNK","site_type":"military","siteStype":"military : missile base","city":"Ahvaz","province":"Khuzestan","country":"Iran","latitude":31.31599,"longitude":48.742148,"coord_type":"general neighborhood","source_1":"https://x.com/hey_itsmyturn/status/2029936710235103581?s=20","source_2":"","site_prpse":"","sources":""}},{"type":"Feature","geometry":{"type":"Point","coordinates":[51.42982589999999,35.794709999999995]},"properties":{"event_id":576,"data_org":"Green","post_date":"2026-03-06T00:00:00.000Z","pub_date":"2026-03-06T00:00:00.000Z","strikedate":"2026-03-06T00:00:00.000Z","event_type":"Reported Airstrike","actor":"UNK","site_type":"unknown","siteStype":"NA","city":"Tehran","province":"Tehran","country":"Iran","latitude":35.79471,"longitude":51.4298259,"coord_type":"general neighborhood","source_1":"https://x.com/IranIntl/status/2029938082628215238","source_2":"","site_prpse":"","sources":""}},{"type":"Feature","geometry":{"type":"Point","coordinates":[51.8153758,35.74211999999999]},"properties":{"event_id":577,"data_org":"Green","post_date":"2026-03-06T00:00:00.000Z","pub_date":"2026-03-06T00:00:00.000Z","strikedate":"2026-03-06T00:00:00.000Z","event_type":"Reported Airstrike","actor":"UNK","site_type":"unknown","siteStype":"NA","city":"Pardis","province":"Tehran","country":"Iran","latitude":35.74212,"longitude":51.8153758,"coord_type":"exact","source_1":"https://x.com/IranIntl/status/2029941064300159263","source_2":"","site_prpse":"","sources":""}},{"type":"Feature","geometry":{"type":"Point","coordinates":[51.692603,32.62116]},"properties":{"event_id":578,"data_org":"Green","post_date":"2026-03-06T00:00:00.000Z","pub_date":"2026-03-06T00:00:00.000Z","strikedate":"2026-03-06T00:00:00.000Z","event_type":"Confirmed Airstrike","actor":"UNK","site_type":"military","siteStype":"military : base","city":"Esfahan","province":"Esfahan","country":"Iran","latitude":32.62116,"longitude":51.692603,"coord_type":"NA","source_1":"https://x.com/vcdgf555/status/2029941747409932514?s=20","source_2":"https://x.com/hey_itsmyturn/status/2029934155673268478?s=20","site_prpse":"","sources":"https://x.com/zarGEOINT/status/2030954033603576311?s=20"}},{"type":"Feature","geometry":{"type":"Point","coordinates":[51.4512051,35.61666]},"properties":{"event_id":579,"data_org":"Green","post_date":"2026-03-06T00:00:00.000Z","pub_date":"2026-03-06T00:00:00.000Z","strikedate":"2026-03-06T00:00:00.000Z","event_type":"Report of Explosion with Footage","actor":"UNK","site_type":"unknown","siteStype":"NA","city":"Tehran","province":"Tehran","country":"Iran","latitude":35.61666,"longitude":51.4512051,"coord_type":"general town","source_1":"https://x.com/IranIntl/status/2029942694735224966","source_2":"","site_prpse":"","sources":""}},{"type":"Feature","geometry":{"type":"Point","coordinates":[51.4416691,35.779699999999984]},"properties":{"event_id":580,"data_org":"Green","post_date":"2026-03-06T00:00:00.000Z","pub_date":"2026-03-06T00:00:00.000Z","strikedate":"2026-03-06T00:00:00.000Z","event_type":"Report of Explosion with Footage","actor":"UNK","site_type":"unknown","siteStype":"NA","city":"Tehran","province":"Tehran","country":"Iran","latitude":35.7797,"longitude":51.4416691,"coord_type":"exact","source_1":"https://x.com/IranIntl/status/2029944061826605223","source_2":"","site_prpse":"","sources":""}},{"type":"Feature","geometry":{"type":"Point","coordinates":[51.4174202,35.77111999999999]},"properties":{"event_id":581,"data_org":"Green","post_date":"2026-03-06T00:00:00.000Z","pub_date":"2026-03-06T00:00:00.000Z","strikedate":"2026-03-06T00:00:00.000Z","event_type":"Reported Airstrike","actor":"UNK","site_type":"internal security","siteStype":"internal security : Basij","city":"Tehran","province":"Tehran","country":"Iran","latitude":35.77112,"longitude":51.4174202,"coord_type":"general neighborhood","source_1":"https://x.com/IranIntl/status/2029947775220081150","source_2":"","site_prpse":"","sources":""}},{"type":"Feature","geometry":{"type":"Point","coordinates":[51.32588169999999,35.680839999999996]},"properties":{"event_id":582,"data_org":"Green","post_date":"2026-03-06T00:00:00.000Z","pub_date":"2026-03-06T00:00:00.000Z","strikedate":"2026-03-06T00:00:00.000Z","event_type":"Report of Explosion with Footage","actor":"UNK","site_type":"military","siteStype":"military : airbase","city":"Tehran","province":"Tehran","country":"Iran","latitude":35.68084,"longitude":51.3258817,"coord_type":"general neighborhood","source_1":"https://x.com/IranIntl/status/2029950062470516979","source_2":"","site_prpse":"","sources":""}},{"type":"Feature","geometry":{"type":"Point","coordinates":[52.576578700000006,29.55032]},"properties":{"event_id":583,"data_org":"Green","post_date":"2026-03-06T00:00:00.000Z","pub_date":"2026-03-06T00:00:00.000Z","strikedate":"2026-03-06T00:00:00.000Z","event_type":"Report of Explosion with Footage","actor":"UNK","site_type":"military","siteStype":"military : airbase","city":"Shiraz","province":"Fars","country":"Iran","latitude":29.55032,"longitude":52.5765787,"coord_type":"exact","source_1":"https://x.com/hey_itsmyturn/status/2029951465263947785?s=20","source_2":"","site_prpse":"","sources":""}},{"type":"Feature","geometry":{"type":"Point","coordinates":[51.4797999,35.79124]},"properties":{"event_id":584,"data_org":"Green","post_date":"2026-03-06T00:00:00.000Z","pub_date":"2026-03-06T00:00:00.000Z","strikedate":"2026-03-06T00:00:00.000Z","event_type":"Report of Explosion with Footage","actor":"UNK","site_type":"unknown","siteStype":"NA","city":"Tehran","province":"Tehran","country":"Iran","latitude":35.79124,"longitude":51.4797999,"coord_type":"exact","source_1":"https://x.com/IranIntl/status/2029951751810335001","source_2":"","site_prpse":"","sources":""}},{"type":"Feature","geometry":{"type":"Point","coordinates":[51.521194,35.727759999999996]},"properties":{"event_id":586,"data_org":"Green","post_date":"2026-03-06T00:00:00.000Z","pub_date":"2026-03-06T00:00:00.000Z","strikedate":"2026-03-06T00:00:00.000Z","event_type":"Report of Explosion with Footage","actor":"UNK","site_type":"unknown","siteStype":"NA","city":"Tehran","province":"Tehran","country":"Iran","latitude":35.72776,"longitude":51.521194,"coord_type":"general town","source_1":"https://x.com/IranIntl/status/2029964358277534146","source_2":"","site_prpse":"","sources":""}},{"type":"Feature","geometry":{"type":"Point","coordinates":[51.1831024,35.71319999999999]},"properties":{"event_id":587,"data_org":"Green","post_date":"2026-03-06T00:00:00.000Z","pub_date":"2026-03-06T00:00:00.000Z","strikedate":"2026-03-06T00:00:00.000Z","event_type":"Report of Explosion with Footage","actor":"UNK","site_type":"unknown","siteStype":"NA","city":"Tehran","province":"Tehran","country":"Iran","latitude":35.7132,"longitude":51.1831024,"coord_type":"exact","source_1":"https://x.com/IranIntl/status/2029967144771826017","source_2":"https://x.com/IranIntl/status/2029957804384002319","site_prpse":"","sources":""}},{"type":"Feature","geometry":{"type":"Point","coordinates":[51.369072,35.73687999999999]},"properties":{"event_id":589,"data_org":"Green","post_date":"2026-03-06T00:00:00.000Z","pub_date":"2026-03-06T00:00:00.000Z","strikedate":"2026-03-06T00:00:00.000Z","event_type":"Confirmed Airstrike","actor":"UNK","site_type":"political","siteStype":"political : administrative","city":"Tehran","province":"Tehran","country":"Iran","latitude":35.73688,"longitude":51.369072,"coord_type":"general neighborhood","source_1":"https://x.com/hey_itsmyturn/status/2029968526224544068?s=20","source_2":"","site_prpse":"","sources":""}},{"type":"Feature","geometry":{"type":"Point","coordinates":[51.564034899999996,35.703599999999994]},"properties":{"event_id":590,"data_org":"Green","post_date":"2026-03-06T00:00:00.000Z","pub_date":"2026-03-06T00:00:00.000Z","strikedate":"2026-03-06T00:00:00.000Z","event_type":"Report of Explosion with Footage","actor":"UNK","site_type":"unknown","siteStype":"NA","city":"Tehran","province":"Tehran","country":"Iran","latitude":35.7036,"longitude":51.5640349,"coord_type":"general neighborhood","source_1":"https://x.com/IranIntl/status/2029969007638352302","source_2":"","site_prpse":"","sources":""}},{"type":"Feature","geometry":{"type":"Point","coordinates":[49.2200646,36.14962]},"properties":{"event_id":591,"data_org":"Green","post_date":"2026-03-06T00:00:00.000Z","pub_date":"2026-03-06T00:00:00.000Z","strikedate":"2026-03-06T00:00:00.000Z","event_type":"Reported Airstrike","actor":"UNK","site_type":"military","siteStype":"military : base","city":"Abhar","province":"Zanjan","country":"Iran","latitude":36.14962,"longitude":49.2200646,"coord_type":"general neighborhood","source_1":"https://x.com/IranIntl/status/2029970728544514334","source_2":"","site_prpse":"","sources":""}},{"type":"Feature","geometry":{"type":"Point","coordinates":[51.7811421,35.56224999999999]},"properties":{"event_id":592,"data_org":"Green","post_date":"2026-03-06T00:00:00.000Z","pub_date":"2026-03-06T00:00:00.000Z","strikedate":"2026-03-06T00:00:00.000Z","event_type":"Report of Explosion with Footage","actor":"UNK","site_type":"military","siteStype":"military : base","city":"Parchin","province":"Tehran","country":"Iran","latitude":35.56225,"longitude":51.7811421,"coord_type":"exact","source_1":"https://x.com/IranIntl/status/2029972477464527241","source_2":"","site_prpse":"IRGC : Aerospace : missile : fuel production","sources":""}},{"type":"Feature","geometry":{"type":"Point","coordinates":[52.56979640000001,29.584720000000004]},"properties":{"event_id":593,"data_org":"Green","post_date":"2026-03-06T00:00:00.000Z","pub_date":"2026-03-06T00:00:00.000Z","strikedate":"2026-03-06T00:00:00.000Z","event_type":"Report of Explosion with Footage","actor":"UNK","site_type":"military","siteStype":"military : industrial","city":"Shiraz","province":"Fars","country":"Iran","latitude":29.58472,"longitude":52.5697964,"coord_type":"POV","source_1":"https://x.com/IranIntl/status/2029977725922853006","source_2":"","site_prpse":"","sources":""}},{"type":"Feature","geometry":{"type":"Point","coordinates":[49.6481,31.187999999999985]},"properties":{"event_id":594,"data_org":"Green","post_date":"2026-03-06T00:00:00.000Z","pub_date":"2026-03-06T00:00:00.000Z","strikedate":"2026-03-06T00:00:00.000Z","event_type":"Reported Airstrike","actor":"UNK","site_type":"unknown","siteStype":"NA","city":"Ramhormoz","province":"Khuzestan","country":"Iran","latitude":31.188,"longitude":49.6481,"coord_type":"general neighborhood","source_1":"https://x.com/Vahid/status/2029982107922043234?s=20","source_2":"https://x.com/MiddleEastBuka/status/2029993050991157674","site_prpse":"","sources":""}},{"type":"Feature","geometry":{"type":"Point","coordinates":[52.5827429,29.55958]},"properties":{"event_id":595,"data_org":"Green","post_date":"2026-03-06T00:00:00.000Z","pub_date":"2026-03-06T00:00:00.000Z","strikedate":"2026-03-06T00:00:00.000Z","event_type":"Report of Explosion with Footage","actor":"UNK","site_type":"military","siteStype":"military : air defense system","city":"Shiraz","province":"Fars","country":"Iran","latitude":29.55958,"longitude":52.5827429,"coord_type":"exact","source_1":"https://x.com/JoeTruzman/status/2029953076552159374","source_2":"https://x.com/IranIntl/status/2029982388583821719","site_prpse":"","sources":""}},{"type":"Feature","geometry":{"type":"Point","coordinates":[48.665517,31.331389999999985]},"properties":{"event_id":596,"data_org":"Green","post_date":"2026-03-06T00:00:00.000Z","pub_date":"2026-03-06T00:00:00.000Z","strikedate":"2026-03-06T00:00:00.000Z","event_type":"Report of Explosion with Footage","actor":"UNK","site_type":"military","siteStype":"military : hq","city":"Ahvaz","province":"Khuzestan","country":"Iran","latitude":31.33139,"longitude":48.665517,"coord_type":"exact","source_1":"https://x.com/Vahid/status/2029983329974468826","source_2":"https://x.com/IranIntl/status/2029945348412633427","site_prpse":"","sources":"https://x.com/hey_itsmyturn/status/2030002421544423517?s=20"}},{"type":"Feature","geometry":{"type":"Point","coordinates":[47.0427,35.26]},"properties":{"event_id":597,"data_org":"Green","post_date":"2026-03-06T00:00:00.000Z","pub_date":"2026-03-06T00:00:00.000Z","strikedate":"2026-03-06T00:00:00.000Z","event_type":"Reported Airstrike","actor":"UNK","site_type":"internal security","siteStype":"internal security : IRGC","city":"Sanandaj","province":"Kurdistan","country":"Iran","latitude":35.26,"longitude":47.0427,"coord_type":"exact","source_1":"https://x.com/Shayan86/status/2029986053923225740?s=20","source_2":"","site_prpse":"","sources":""}},{"type":"Feature","geometry":{"type":"Point","coordinates":[46.38567,33.63874]},"properties":{"event_id":598,"data_org":"Green","post_date":"2026-03-06T00:00:00.000Z","pub_date":"2026-03-06T00:00:00.000Z","strikedate":"2026-03-06T00:00:00.000Z","event_type":"Report of Explosion with Footage","actor":"UNK","site_type":"internal security","siteStype":"internal security : IRGC","city":"Ilam","province":"Ilam","country":"Iran","latitude":33.63874,"longitude":46.38567,"coord_type":"exact","source_1":"https://x.com/Vahid/status/2029972896072810541","source_2":"https://x.com/WillUnderhill23/status/2029941672134492561?s=20","site_prpse":"","sources":"https://x.com/clashreport/status/2029911618872623561?s=20"}},{"type":"Feature","geometry":{"type":"Point","coordinates":[51.4242016,35.67374]},"properties":{"event_id":599,"data_org":"Green","post_date":"2026-03-06T00:00:00.000Z","pub_date":"2026-03-06T00:00:00.000Z","strikedate":"2026-03-06T00:00:00.000Z","event_type":"Reported Airstrike","actor":"UNK","site_type":"internal security","siteStype":"internal security : police","city":"Tehran","province":"Tehran","country":"Iran","latitude":35.67374,"longitude":51.4242016,"coord_type":"exact","source_1":"https://x.com/Vahid/status/2029952173950263446","source_2":"","site_prpse":"","sources":""}},{"type":"Feature","geometry":{"type":"Point","coordinates":[52.45747699999999,29.70234999999999]},"properties":{"event_id":605,"data_org":"Green","post_date":"2026-03-06T00:00:00.000Z","pub_date":"2026-03-07T00:00:00.000Z","strikedate":"2026-03-04T00:00:00.000Z","event_type":"Confirmed Airstrike","actor":"UNK","site_type":"military","siteStype":"military : industrial","city":"Shiraz","province":"Fars","country":"Iran","latitude":29.70235,"longitude":52.457477,"coord_type":"exact","source_1":"https://x.com/geo27752/status/2029994375728546141?s=20","source_2":"https://x.com/EpicFuryMap/status/2030040495695536584?s=20","site_prpse":"IRGC : Aerospace : missile : guidance systems","sources":""}},{"type":"Feature","geometry":{"type":"Point","coordinates":[51.544714,35.56727999999998]},"properties":{"event_id":606,"data_org":"Green","post_date":"2026-03-06T00:00:00.000Z","pub_date":"2026-03-07T00:00:00.000Z","strikedate":"2026-03-06T00:00:00.000Z","event_type":"Confirmed Airstrike","actor":"UNK","site_type":"military","siteStype":"military : air defense system","city":"Demshar-e Khurgu","province":"Hormozgan","country":"Iran","latitude":35.56728,"longitude":51.544714,"coord_type":"exact","source_1":"https://x.com/sam_lair/status/2029997924638421229","source_2":"","site_prpse":"","sources":""}},{"type":"Feature","geometry":{"type":"Point","coordinates":[56.454875,27.529260000000004]},"properties":{"event_id":607,"data_org":"Green","post_date":"2026-03-06T00:00:00.000Z","pub_date":"2026-03-07T00:00:00.000Z","strikedate":"2026-03-04T00:00:00.000Z","event_type":"Confirmed Airstrike","actor":"UNK","site_type":"military","siteStype":"military : missile base","city":"Khavar Shahr","province":"Tehran","country":"Iran","latitude":27.52926,"longitude":56.454875,"coord_type":"exact","source_1":"https://x.com/sam_lair/status/2029982626778657180","source_2":"https://t.me/BenTzionM/7544","site_prpse":"IRGC : Aerospace : missile : operations","sources":""}},{"type":"Feature","geometry":{"type":"Point","coordinates":[51.6213264,35.703688500000005]},"properties":{"event_id":608,"data_org":"Green","post_date":"2026-03-06T00:00:00.000Z","pub_date":"2026-03-07T00:00:00.000Z","strikedate":"2026-03-06T00:00:00.000Z","event_type":"Reported Airstrike","actor":"UNK","site_type":"military","siteStype":"military : unknown","city":"Tehran","province":"Tehran","country":"Iran","latitude":35.7036885,"longitude":51.6213264,"coord_type":"general neighborhood","source_1":"https://x.com/gharbill/status/2030013201707065734","source_2":"","site_prpse":"","sources":""}},{"type":"Feature","geometry":{"type":"Point","coordinates":[51.0969136,35.48638]},"properties":{"event_id":609,"data_org":"Green","post_date":"2026-03-06T00:00:00.000Z","pub_date":"2026-03-07T00:00:00.000Z","strikedate":"2026-03-06T00:00:00.000Z","event_type":"Confirmed Airstrike","actor":"UNK","site_type":"internal security","siteStype":"internal security : Basij","city":"Robat Karim","province":"Tehran","country":"Iran","latitude":35.48638,"longitude":51.0969136,"coord_type":"general town","source_1":"https://x.com/IranIntl/status/2030016440804258003?s=20","source_2":"https://x.com/zarGEOINT/status/2033986897345675592","site_prpse":"","sources":""}},{"type":"Feature","geometry":{"type":"Point","coordinates":[53.645596,28.5092847]},"properties":{"event_id":611,"data_org":"Green","post_date":"2026-03-06T00:00:00.000Z","pub_date":"2026-03-07T00:00:00.000Z","strikedate":"2026-03-06T00:00:00.000Z","event_type":"Confirmed Airstrike","actor":"UNK","site_type":"military","siteStype":"internal security : IRGC","city":"Jahrom","province":"Fars","country":"Iran","latitude":28.5092847,"longitude":53.645596,"coord_type":"exact","source_1":"https://x.com/hey_itsmyturn/status/2030027173277352088?s=20","source_2":"https://t.me/BenTzionM/7540","site_prpse":"","sources":""}},{"type":"Feature","geometry":{"type":"Point","coordinates":[51.703862,33.70907]},"properties":{"event_id":612,"data_org":"Green","post_date":"2026-03-06T00:00:00.000Z","pub_date":"2026-03-07T00:00:00.000Z","strikedate":"2026-03-06T00:00:00.000Z","event_type":"Confirmed Airstrike","actor":"UNK","site_type":"nuclear","siteStype":"military : unknown","city":"Ahmadabad","province":"Esfahan","country":"Iran","latitude":33.70907,"longitude":51.703862,"coord_type":"POV","source_1":"https://x.com/TheGoodISIS/status/2030029904021200983?s=20","source_2":"","site_prpse":"Nuclear : Other","sources":""}},{"type":"Feature","geometry":{"type":"Point","coordinates":[52.313257,27.79894000000001]},"properties":{"event_id":613,"data_org":"Green","post_date":"2026-03-06T00:00:00.000Z","pub_date":"2026-03-07T00:00:00.000Z","strikedate":"2026-03-05T00:00:00.000Z","event_type":"Confirmed Airstrike","actor":"UNK","site_type":"military","siteStype":"military : missile base","city":"Jam","province":"Bushehr","country":"Iran","latitude":27.79894,"longitude":52.313257,"coord_type":"exact","source_1":"https://x.com/sam_lair/status/2030038542899200133","source_2":"https://t.me/BenTzionM/7061","site_prpse":"IRGC : Aerospace : missile : operations","sources":"https://t.me/BenTzionM/7539"}},{"type":"Feature","geometry":{"type":"Point","coordinates":[46.309881,33.82868]},"properties":{"event_id":614,"data_org":"Green","post_date":"2026-03-06T00:00:00.000Z","pub_date":"2026-03-07T00:00:00.000Z","strikedate":"2026-03-06T00:00:00.000Z","event_type":"Report of Explosion with Footage","actor":"UNK","site_type":"military","siteStype":"internal security : IRGC","city":"Eyvan","province":"Ilam","country":"Iran","latitude":33.82868,"longitude":46.309881,"coord_type":"exact","source_1":"https://x.com/Vahid/status/2030040907169362252","source_2":"","site_prpse":"","sources":""}},{"type":"Feature","geometry":{"type":"Point","coordinates":[51.40309200000001,35.64312999999999]},"properties":{"event_id":615,"data_org":"Green","post_date":"2026-03-06T00:00:00.000Z","pub_date":"2026-03-07T00:00:00.000Z","strikedate":"2026-03-06T00:00:00.000Z","event_type":"Report of Explosion with Footage","actor":"UNK","site_type":"unknown","siteStype":"NA","city":"Tehran","province":"Tehran","country":"Iran","latitude":35.64313,"longitude":51.403092,"coord_type":"","source_1":"https://x.com/Vahid/status/2030074710201970997","source_2":"","site_prpse":"","sources":""}},{"type":"Feature","geometry":{"type":"Point","coordinates":[54.25652500000001,27.64317]},"properties":{"event_id":616,"data_org":"Green","post_date":"2026-03-06T00:00:00.000Z","pub_date":"2026-03-07T00:00:00.000Z","strikedate":"2026-03-05T00:00:00.000Z","event_type":"Confirmed Airstrike","actor":"UNK","site_type":"military","siteStype":"military : missile base","city":"Lar","province":"Fars","country":"Iran","latitude":27.64317,"longitude":54.256525,"coord_type":"exact","source_1":"https://x.com/sam_lair/status/2030048287265562902","source_2":"https://t.me/BenTzionM/7540","site_prpse":"IRGC : Aerospace : missile : operations","sources":"https://x.com/sam_lair/status/2030048287265562902"}},{"type":"Feature","geometry":{"type":"Point","coordinates":[51.30192550000001,35.70262]},"properties":{"event_id":617,"data_org":"Green","post_date":"2026-03-06T00:00:00.000Z","pub_date":"2026-03-07T00:00:00.000Z","strikedate":"2026-03-06T00:00:00.000Z","event_type":"Reported Airstrike","actor":"UNK","site_type":"military","siteStype":"military : airbase","city":"Tehran","province":"Tehran","country":"Iran","latitude":35.70262,"longitude":51.3019255,"coord_type":"exact","source_1":"","source_2":"","site_prpse":"","sources":"https://x.com/JoeTruzman/status/2030138327068987686; https://x.com/sentdefender/status/2030116144636375442?s=20; https://x.com/sentdefender/status/2030123149879054730?s=20; https://x.com/Vahid/status/2030063457505083504?s=20; https://x.com/zarGEOINT/stat"}},{"type":"Feature","geometry":{"type":"Point","coordinates":[52.371973,29.572700000000008]},"properties":{"event_id":619,"data_org":"Green","post_date":"2026-03-06T00:00:00.000Z","pub_date":"2026-03-07T00:00:00.000Z","strikedate":"2026-03-05T00:00:00.000Z","event_type":"Confirmed Airstrike","actor":"UNK","site_type":"military","siteStype":"military : missile base","city":"Najm Abad","province":"Fars","country":"Iran","latitude":29.5727,"longitude":52.371973,"coord_type":"POV","source_1":"https://x.com/sam_lair/status/2030061048750108912","source_2":"","site_prpse":"IRGC : Aerospace : missile : operations","sources":""}},{"type":"Feature","geometry":{"type":"Point","coordinates":[52.578816,29.54901]},"properties":{"event_id":620,"data_org":"Green","post_date":"2026-03-06T00:00:00.000Z","pub_date":"2026-03-07T00:00:00.000Z","strikedate":"2026-03-06T00:00:00.000Z","event_type":"Confirmed Airstrike","actor":"UNK","site_type":"military","siteStype":"military : airbase","city":"Shiraz","province":"Fars","country":"Iran","latitude":29.54901,"longitude":52.578816,"coord_type":"exact","source_1":"https://x.com/trbrtc/status/2030064080933826850?s=20","source_2":"https://x.com/EpicFuryMap/status/2030078601563890151?s=20","site_prpse":"unknown","sources":""}},{"type":"Feature","geometry":{"type":"Point","coordinates":[51.092842,35.758779999999994]},"properties":{"event_id":621,"data_org":"Green","post_date":"2026-03-06T00:00:00.000Z","pub_date":"2026-03-07T00:00:00.000Z","strikedate":"2026-03-05T00:00:00.000Z","event_type":"Confirmed Airstrike","actor":"UNK","site_type":"military","siteStype":"military : missile base","city":"Garmdareh","province":"Alborz","country":"Iran","latitude":35.75878,"longitude":51.092842,"coord_type":"exact","source_1":"https://x.com/sam_lair/status/2030070395542680010","source_2":"","site_prpse":"IRGC : Aerospace : missile : operations","sources":""}},{"type":"Feature","geometry":{"type":"Point","coordinates":[50.871166,35.650369999999995]},"properties":{"event_id":622,"data_org":"Green","post_date":"2026-03-06T00:00:00.000Z","pub_date":"2026-03-07T00:00:00.000Z","strikedate":"2026-03-05T00:00:00.000Z","event_type":"Confirmed Airstrike","actor":"UNK","site_type":"military","siteStype":"military : industrial","city":"Safadasht","province":"Tehran","country":"Iran","latitude":35.65037,"longitude":50.871166,"coord_type":"exact","source_1":"https://x.com/DuitsmanMS/status/2030073790391275774","source_2":"https://t.me/BenTzionM/7552","site_prpse":"IRGC : Aerospace : missile : production","sources":""}},{"type":"Feature","geometry":{"type":"Point","coordinates":[51.241013,35.69186]},"properties":{"event_id":623,"data_org":"Green","post_date":"2026-03-06T00:00:00.000Z","pub_date":"2026-03-07T00:00:00.000Z","strikedate":"2026-03-06T00:00:00.000Z","event_type":"Reported Airstrike","actor":"UNK","site_type":"military","siteStype":"military : industrial","city":"Tehran","province":"Tehran","country":"Iran","latitude":35.69186,"longitude":51.241013,"coord_type":"","source_1":"https://x.com/Vahid/status/2030107995011522907","source_2":"https://home.treasury.gov/news/press-releases/sm1200","site_prpse":"Chemical : Production","sources":"https://wikimapia.org/#lang=en&lat=35.694981&lon=51.233969&z=15&m=w&search=32.9177400%0951.5559500 https://understandingwar.sharepoint.com/:i:/s/MiddleEast/IQDC-iIAog8ASbPqAIJT4SmqAV8-4SCfSCqtZ7gFkTpCyLk?e=i5wOpE"}},{"type":"Feature","geometry":{"type":"Point","coordinates":[51.3566,35.701]},"properties":{"event_id":624,"data_org":"Green","post_date":"2026-03-06T00:00:00.000Z","pub_date":"2026-03-07T00:00:00.000Z","strikedate":"2026-03-06T00:00:00.000Z","event_type":"Reported Airstrike","actor":"UNK","site_type":"internal security","siteStype":"internal security : Basij","city":"Tehran","province":"Tehran","country":"Iran","latitude":35.701,"longitude":51.3566,"coord_type":"","source_1":"https://x.com/Shayan86/status/2030116297615274025","source_2":"","site_prpse":"","sources":""}},{"type":"Feature","geometry":{"type":"Point","coordinates":[51.403110000000005,35.76776999999999]},"properties":{"event_id":625,"data_org":"Green","post_date":"2026-03-06T00:00:00.000Z","pub_date":"2026-03-07T00:00:00.000Z","strikedate":"2026-03-03T00:00:00.000Z","event_type":"Confirmed Airstrike","actor":"UNK","site_type":"internal security","siteStype":"internal security : police","city":"Tehran","province":"Tehran","country":"Iran","latitude":35.76777,"longitude":51.40311,"coord_type":"exact","source_1":"https://x.com/EndlessWint_r/status/2030231120764080465?s=20","source_2":"https://x.com/Vahid/status/2030154760498651189","site_prpse":"","sources":"https://www.bellingcat.com/news/middle-east/2026/03/04/satellite-imagery-reveals-strikes-on-iranian-police-stations/"}},{"type":"Feature","geometry":{"type":"Point","coordinates":[51.58792700000001,35.75415000000001]},"properties":{"event_id":627,"data_org":"Green","post_date":"2026-03-06T00:00:00.000Z","pub_date":"2026-03-07T00:00:00.000Z","strikedate":"2026-03-07T00:00:00.000Z","event_type":"Confirmed Airstrike","actor":"Israel","site_type":"military","siteStype":"military : unknown","city":"Tehran","province":"Tehran","country":"Iran","latitude":35.75415,"longitude":51.587927,"coord_type":"POV","source_1":"https://x.com/idfonline/status/2030162727763628440?s=20","source_2":"https://x.com/JoeTruzman/status/2030163654532870344","site_prpse":"IRGC : Aerospace : missile : development","sources":"https://x.com/IDF/status/2030165877358735407 https://wikimapia.org/#lang=en&lat=35.752046&lon=51.591207&z=17 https://understandingwar.sharepoint.com/:i:/s/MiddleEast/IQB9TpvCpSKATZ-b2lzhAueJAQj0Uy70RpOx7ajhPJAbv0Y?e=p36POV https://understandingwar.sharep"}},{"type":"Feature","geometry":{"type":"Point","coordinates":[47.013208000000006,35.30953999999999]},"properties":{"event_id":631,"data_org":"Green","post_date":"2026-03-07T00:00:00.000Z","pub_date":"2026-03-07T00:00:00.000Z","strikedate":"2026-03-04T00:00:00.000Z","event_type":"Confirmed Airstrike","actor":"UNK","site_type":"internal security","siteStype":"internal security : police","city":"Sanandaj","province":"Kurdistan","country":"Iran","latitude":35.30954,"longitude":47.013208,"coord_type":"general town","source_1":"https://x.com/Vahid/status/2030178710809190679","source_2":"Planet Imagery captured on MAR 4","site_prpse":"","sources":""}},{"type":"Feature","geometry":{"type":"Point","coordinates":[51.47883,35.788709999999995]},"properties":{"event_id":632,"data_org":"Green","post_date":"2026-03-07T00:00:00.000Z","pub_date":"2026-03-07T00:00:00.000Z","strikedate":"2026-03-06T00:00:00.000Z","event_type":"Report of Explosion with Footage","actor":"UNK","site_type":"military","siteStype":"military : industrial","city":"Tehran","province":"Tehran","country":"Iran","latitude":35.78871,"longitude":51.47883,"coord_type":"general town","source_1":"https://x.com/MiddleEastBuka/status/2030186185260245154?s=20","source_2":"https://x.com/MohamadAhwaze/status/2029933517589659885?s=20","site_prpse":"","sources":"https://x.com/MohamadAhwaze/status/2029935921403933088?s=20"}},{"type":"Feature","geometry":{"type":"Point","coordinates":[52.5216049,29.60054999999999]},"properties":{"event_id":633,"data_org":"Green","post_date":"2026-03-07T00:00:00.000Z","pub_date":"2026-03-07T00:00:00.000Z","strikedate":"2026-03-06T00:00:00.000Z","event_type":"Reported Airstrike","actor":"UNK","site_type":"unknown","siteStype":"NA","city":"Shiraz","province":"Fars","country":"Iran","latitude":29.60055,"longitude":52.5216049,"coord_type":"general neighborhood","source_1":"https://x.com/IranIntl/status/2030194585406705819?s=20","source_2":"","site_prpse":"","sources":""}},{"type":"Feature","geometry":{"type":"Point","coordinates":[45.07132800000001,37.54641999999999]},"properties":{"event_id":635,"data_org":"Green","post_date":"2026-03-07T00:00:00.000Z","pub_date":"2026-03-07T00:00:00.000Z","strikedate":"2026-03-07T00:00:00.000Z","event_type":"Reported Airstrike","actor":"UNK","site_type":"unknown","siteStype":"NA","city":"Urmia","province":"West Azerbaijan","country":"Iran","latitude":37.54642,"longitude":45.071328,"coord_type":"general town","source_1":"https://x.com/IranIntl/status/2030203901689868695?s=20","source_2":"https://x.com/SoroushRabiei/status/2030005596951302283?s=20","site_prpse":"","sources":""}},{"type":"Feature","geometry":{"type":"Point","coordinates":[56.2948402,27.214110000000005]},"properties":{"event_id":636,"data_org":"Green","post_date":"2026-03-07T00:00:00.000Z","pub_date":"2026-03-07T00:00:00.000Z","strikedate":"2026-03-07T00:00:00.000Z","event_type":"Reported Airstrike","actor":"UNK","site_type":"internal security","siteStype":"internal security : IRGC","city":"Bandar Abbas","province":"Hormozgan","country":"Iran","latitude":27.21411,"longitude":56.2948402,"coord_type":"general neighborhood","source_1":"https://x.com/IranIntl/status/2030207855953854754?s=20","source_2":"","site_prpse":"","sources":""}},{"type":"Feature","geometry":{"type":"Point","coordinates":[51.673376000000005,32.55172999999999]},"properties":{"event_id":637,"data_org":"Green","post_date":"2026-03-07T00:00:00.000Z","pub_date":"2026-03-07T00:00:00.000Z","strikedate":"2026-03-07T00:00:00.000Z","event_type":"Report of Explosion with Footage","actor":"UNK","site_type":"unknown","siteStype":"NA","city":"Sepahan Shahr","province":"Esfahan","country":"Iran","latitude":32.55173,"longitude":51.673376,"coord_type":"exact","source_1":"https://x.com/Vahid/status/2030211026172420383","source_2":"","site_prpse":"","sources":""}},{"type":"Feature","geometry":{"type":"Point","coordinates":[51.8758448,32.76644]},"properties":{"event_id":638,"data_org":"Green","post_date":"2026-03-07T00:00:00.000Z","pub_date":"2026-03-07T00:00:00.000Z","strikedate":"2026-03-07T00:00:00.000Z","event_type":"Reported Airstrike","actor":"UNK","site_type":"military","siteStype":"military : airbase","city":"Esfahan","province":"Esfahan","country":"Iran","latitude":32.76644,"longitude":51.8758448,"coord_type":"POV","source_1":"https://x.com/IranIntl/status/2030211434093703582?s=20","source_2":"https://x.com/IranIntl/status/2030212487400878229?s=20","site_prpse":"","sources":"https://x.com/IranIntl/status/2030218871324459257?s=20; https://x.com/IranIntl/status/2030221284135567757?s=20; https://x.com/ariel_oseran/status/2030252462540501445"}},{"type":"Feature","geometry":{"type":"Point","coordinates":[45.91885,34.1411]},"properties":{"event_id":639,"data_org":"Green","post_date":"2026-03-07T00:00:00.000Z","pub_date":"2026-03-07T00:00:00.000Z","strikedate":"2026-03-07T00:00:00.000Z","event_type":"Report of Explosion with Footage","actor":"UNK","site_type":"internal security","siteStype":"internal security: unknown","city":"Gilanegharb","province":"Kermanshah","country":"Iran","latitude":34.1411,"longitude":45.91885,"coord_type":"exact","source_1":"https://x.com/Vahid/status/2030211979462287785","source_2":"","site_prpse":"","sources":""}},{"type":"Feature","geometry":{"type":"Point","coordinates":[48.51047200000001,34.797819999999994]},"properties":{"event_id":640,"data_org":"Green","post_date":"2026-03-07T00:00:00.000Z","pub_date":"2026-03-07T00:00:00.000Z","strikedate":"2026-03-07T00:00:00.000Z","event_type":"Report of Explosion with Footage","actor":"UNK","site_type":"internal security","siteStype":"internal security : police","city":"Hamedan","province":"Hamedan","country":"Iran","latitude":34.79782,"longitude":48.510472,"coord_type":"general neighborhood","source_1":"https://x.com/Vahid/status/2030212352302551173","source_2":"https://x.com/Vahid/status/2030216450007318970","site_prpse":"","sources":""}},{"type":"Feature","geometry":{"type":"Point","coordinates":[51.685356,32.629360000000005]},"properties":{"event_id":641,"data_org":"Green","post_date":"2026-03-07T00:00:00.000Z","pub_date":"2026-03-07T00:00:00.000Z","strikedate":"2026-03-07T00:00:00.000Z","event_type":"Report of Explosion with Footage","actor":"UNK","site_type":"internal security","siteStype":"internal security : police","city":"Esfahan","province":"Esfahan","country":"Iran","latitude":32.62936,"longitude":51.685356,"coord_type":"general neighborhood","source_1":"https://x.com/Vahid/status/2030214936840847478","source_2":"https://x.com/Vahid/status/2030221124567470488","site_prpse":"","sources":""}},{"type":"Feature","geometry":{"type":"Point","coordinates":[54.09727600000001,32.19602999999999]},"properties":{"event_id":644,"data_org":"Green","post_date":"2026-03-07T00:00:00.000Z","pub_date":"2026-03-07T00:00:00.000Z","strikedate":"2026-03-07T00:00:00.000Z","event_type":"Reported Airstrike","actor":"UNK","site_type":"military","siteStype":"military : industrial","city":"Meybad","province":"Yazd","country":"Iran","latitude":32.19603,"longitude":54.097276,"coord_type":"general neighborhood","source_1":"https://x.com/Vahid/status/2030221964598538639","source_2":"","site_prpse":"unknown","sources":""}},{"type":"Feature","geometry":{"type":"Point","coordinates":[51.6711461,32.64593000000001]},"properties":{"event_id":751,"data_org":"Green","post_date":"2026-03-08T00:00:00.000Z","pub_date":"2026-03-09T00:00:00.000Z","strikedate":"2026-03-08T00:00:00.000Z","event_type":"Confirmed Airstrike","actor":"Israel","site_type":"internal security","siteStype":"internal security : Basij","city":"Esfahan","province":"Esfahan","country":"Iran","latitude":32.64593,"longitude":51.6711461,"coord_type":"exact","source_1":"https://x.com/JoeTruzman/status/2030881087917056464","source_2":"https://x.com/idfonline/status/2030881626897461438","site_prpse":"","sources":""}},{"type":"Feature","geometry":{"type":"Point","coordinates":[51.6488704,32.607409999999994]},"properties":{"event_id":752,"data_org":"Green","post_date":"2026-03-08T00:00:00.000Z","pub_date":"2026-03-09T00:00:00.000Z","strikedate":"2026-03-08T00:00:00.000Z","event_type":"Confirmed Airstrike","actor":"Israel","site_type":"internal security","siteStype":"internal security : IRGC","city":"Esfahan","province":"Esfahan","country":"Iran","latitude":32.60741,"longitude":51.6488704,"coord_type":"exact","source_1":"https://x.com/JoeTruzman/status/2030881087917056464","source_2":"https://x.com/idfonline/status/2030881626897461438","site_prpse":"","sources":""}},{"type":"Feature","geometry":{"type":"Point","coordinates":[51.659188,32.62688]},"properties":{"event_id":753,"data_org":"Green","post_date":"2026-03-08T00:00:00.000Z","pub_date":"2026-03-09T00:00:00.000Z","strikedate":"2026-03-08T00:00:00.000Z","event_type":"Confirmed Airstrike","actor":"Israel","site_type":"internal security","siteStype":"internal security : police","city":"Esfahan","province":"Esfahan","country":"Iran","latitude":32.62688,"longitude":51.659188,"coord_type":"general neighborhood","source_1":"https://x.com/JoeTruzman/status/2030881087917056464","source_2":"https://x.com/idfonline/status/2030881626897461438","site_prpse":"","sources":""}},{"type":"Feature","geometry":{"type":"Point","coordinates":[51.3142494973084,32.34087518447699]},"properties":{"event_id":754,"data_org":"Green","post_date":"2026-03-09T00:00:00.000Z","pub_date":"2026-03-09T00:00:00.000Z","strikedate":"2026-03-09T00:00:00.000Z","event_type":"Confirmed Airstrike","actor":"UNK","site_type":"military","siteStype":"military : industrial","city":"Sedeh Lenjan","province":"Esfahan","country":"Iran","latitude":32.3408751845,"longitude":51.3142494973,"coord_type":"exact","source_1":"https://x.com/IranIntl_En/status/2030901934048063734?s=20","source_2":"Lanjan Chemical Plant 09 MAR.jpg","site_prpse":"IRGC : Aerospace : missile : explosives & warheads","sources":"https://x.com/manniefabian/status/2036502126994792485"}},{"type":"Feature","geometry":{"type":"Point","coordinates":[51.844829080000004,32.77593]},"properties":{"event_id":755,"data_org":"Green","post_date":"2026-03-09T00:00:00.000Z","pub_date":"2026-03-09T00:00:00.000Z","strikedate":"2026-03-08T00:00:00.000Z","event_type":"Confirmed Airstrike","actor":"UNK","site_type":"military","siteStype":"military : airbase","city":"Esfahan","province":"Esfahan","country":"Iran","latitude":32.77593,"longitude":51.84482908,"coord_type":"exact","source_1":"https://x.com/Israel_Alma_org/status/2030918654867513600?s=20","source_2":"","site_prpse":"","sources":""}},{"type":"Feature","geometry":{"type":"Point","coordinates":[48.26674,33.86269]},"properties":{"event_id":756,"data_org":"Green","post_date":"2026-03-08T00:00:00.000Z","pub_date":"2026-03-09T00:00:00.000Z","strikedate":"2026-03-04T00:00:00.000Z","event_type":"Report of Explosion with Footage","actor":"UNK","site_type":"internal security","siteStype":"internal security : police","city":"Aleshtar","province":"Lorestan","country":"Iran","latitude":33.86269,"longitude":48.26674,"coord_type":"exact","source_1":"https://x.com/zarGEOINT/status/2030750724565381201?s=20","source_2":"https://x.com/zarGEOINT/status/2030751358580629721?s=20","site_prpse":"","sources":"https://t.me/sepehrazadi/204943"}},{"type":"Feature","geometry":{"type":"Point","coordinates":[56.20364430000001,27.152059999999995]},"properties":{"event_id":758,"data_org":"Green","post_date":"2026-03-09T00:00:00.000Z","pub_date":"2026-03-09T00:00:00.000Z","strikedate":"2026-03-09T00:00:00.000Z","event_type":"Report of Explosion with Footage","actor":"UNK","site_type":"civilian","siteStype":"civilian : industrial","city":"Bandar Abbas","province":"Hormozgan","country":"Iran","latitude":27.15206,"longitude":56.2036443,"coord_type":"general neighborhood","source_1":"https://x.com/hey_itsmyturn/status/2030956208119541965?s=20","source_2":"https://x.com/hey_itsmyturn/status/2030954923542647220?s=20","site_prpse":"","sources":""}},{"type":"Feature","geometry":{"type":"Point","coordinates":[51.7066946,32.75263999999999]},"properties":{"event_id":762,"data_org":"Green","post_date":"2026-03-09T00:00:00.000Z","pub_date":"2026-03-09T00:00:00.000Z","strikedate":"2026-03-09T00:00:00.000Z","event_type":"Report of Explosion with Footage","actor":"UNK","site_type":"unknown","siteStype":"civilian : industrial","city":"Dowlatabad","province":"Esfahan","country":"Iran","latitude":32.75264,"longitude":51.7066946,"coord_type":"exact","source_1":"https://x.com/Vahid/status/2030968464395927630?s=20","source_2":"","site_prpse":"","sources":""}},{"type":"Feature","geometry":{"type":"Point","coordinates":[54.8871492,26.550729999999987]},"properties":{"event_id":763,"data_org":"Green","post_date":"2026-03-09T00:00:00.000Z","pub_date":"2026-03-09T00:00:00.000Z","strikedate":"2026-03-09T00:00:00.000Z","event_type":"Report of Explosion with Footage","actor":"UNK","site_type":"military","siteStype":"military : naval base","city":"Bandar Lengeh","province":"Hormozgan","country":"Iran","latitude":26.55073,"longitude":54.8871492,"coord_type":"general neighborhood","source_1":"https://x.com/IranIntl/status/2030969143797612737?s=20","source_2":"https://x.com/IranIntl/status/2030966593522631001?s=20","site_prpse":"","sources":"https://x.com/IranIntl/status/2030969143797612737; https://x.com/Osint613/status/2030970550856655046; https://x.com/ariel_oseran/status/2030989680406081627?s=20; https://x.com/FaytuksNetwork/status/2031003449605624014"}},{"type":"Feature","geometry":{"type":"Point","coordinates":[51.2279633,35.73709]},"properties":{"event_id":764,"data_org":"Green","post_date":"2026-03-09T00:00:00.000Z","pub_date":"2026-03-09T00:00:00.000Z","strikedate":"2026-03-09T00:00:00.000Z","event_type":"Report of Explosion with Footage","actor":"UNK","site_type":"military","siteStype":"military : airbase","city":"Tehran","province":"Tehran","country":"Iran","latitude":35.73709,"longitude":51.2279633,"coord_type":"general town","source_1":"https://x.com/Vahid/status/2030971225762144287?s=20","source_2":"","site_prpse":"","sources":""}},{"type":"Feature","geometry":{"type":"Point","coordinates":[51.3302274,35.71035]},"properties":{"event_id":768,"data_org":"Green","post_date":"2026-03-09T00:00:00.000Z","pub_date":"2026-03-09T00:00:00.000Z","strikedate":"2026-03-09T00:00:00.000Z","event_type":"Report of Explosion with Footage","actor":"UNK","site_type":"unknown","siteStype":"NA","city":"Tehran","province":"Tehran","country":"Iran","latitude":35.71035,"longitude":51.3302274,"coord_type":"","source_1":"https://x.com/Vahid/status/2030979004849660148?s=20","source_2":"","site_prpse":"","sources":""}},{"type":"Feature","geometry":{"type":"Point","coordinates":[50.92400270000001,35.76187999999999]},"properties":{"event_id":769,"data_org":"Green","post_date":"2026-03-09T00:00:00.000Z","pub_date":"2026-03-09T00:00:00.000Z","strikedate":"2026-03-09T00:00:00.000Z","event_type":"Report of Explosion with Footage","actor":"UNK","site_type":"unknown","siteStype":"NA","city":"Mohammadshahr","province":"Alborz","country":"Iran","latitude":35.76188,"longitude":50.9240027,"coord_type":"exact","source_1":"https://x.com/IranIntl/status/2030981563203117405?s=20","source_2":"","site_prpse":"","sources":""}},{"type":"Feature","geometry":{"type":"Point","coordinates":[51.4388,35.7359]},"properties":{"event_id":771,"data_org":"Green","post_date":"2026-03-09T00:00:00.000Z","pub_date":"2026-03-09T00:00:00.000Z","strikedate":"2026-03-09T00:00:00.000Z","event_type":"Report of Explosion with Footage","actor":"UNK","site_type":"military","siteStype":"internal security: unknown","city":"Tehran","province":"Tehran","country":"Iran","latitude":35.7359,"longitude":51.4388,"coord_type":"general town","source_1":"https://x.com/hey_itsmyturn/status/2030983902446125547?s=20","source_2":"https://x.com/hey_itsmyturn/status/2030983330791932350?s=20","site_prpse":"","sources":"https://x.com/hey_itsmyturn/status/2030988328971972997?s=20; https://x.com/NarimanGharib/status/2030986128073937025?s=20; https://x.com/DanLinnaeus/status/2030992378832507022; https://t.me/sepah_pasdaran/185053; https://home.treasury.gov/news/press-relea"}},{"type":"Feature","geometry":{"type":"Point","coordinates":[51.047744,35.681429999999985]},"properties":{"event_id":774,"data_org":"Green","post_date":"2026-03-09T00:00:00.000Z","pub_date":"2026-03-09T00:00:00.000Z","strikedate":"2026-03-09T00:00:00.000Z","event_type":"Reported Airstrike","actor":"UNK","site_type":"unknown","siteStype":"NA","city":"Tehran","province":"Tehran","country":"Iran","latitude":35.68143,"longitude":51.047744,"coord_type":"exact","source_1":"https://x.com/ariel_oseran/status/2030986834440851466","source_2":"https://x.com/Osint613/status/2030989543801823281","site_prpse":"","sources":""}},{"type":"Feature","geometry":{"type":"Point","coordinates":[47.0798874,34.32659999999999]},"properties":{"event_id":775,"data_org":"Green","post_date":"2026-03-09T00:00:00.000Z","pub_date":"2026-03-09T00:00:00.000Z","strikedate":"2026-03-09T00:00:00.000Z","event_type":"Reported Airstrike","actor":"UNK","site_type":"internal security","siteStype":"internal security : police","city":"Kermanshah","province":"Kermanshah","country":"Iran","latitude":34.3266,"longitude":47.0798874,"coord_type":"exact","source_1":"https://x.com/IranIntl/status/2030989473069076589?s=20","source_2":"https://x.com/Osint613/status/2030989543801823281","site_prpse":"","sources":""}},{"type":"Feature","geometry":{"type":"Point","coordinates":[51.6771767257174,32.7031007235749]},"properties":{"event_id":779,"data_org":"Green","post_date":"2026-03-09T00:00:00.000Z","pub_date":"2026-03-09T00:00:00.000Z","strikedate":"2026-03-09T00:00:00.000Z","event_type":"Report of Explosion with Footage","actor":"UNK","site_type":"military","siteStype":"military : industrial","city":"Esfahan","province":"Esfahan","country":"Iran","latitude":32.7031007236,"longitude":51.6771767257,"coord_type":"general town","source_1":"https://x.com/Vahid/status/2031005754690351140","source_2":"https://x.com/EndlessWint_r/status/2031012942481641865?s=20","site_prpse":"IRGC : Aerospace : drone : guidance systems","sources":"https://www.iranwatch.org/iranian-entities/isfahan-optics-industries-ioi  https://home.treasury.gov/news/press-releases/jy2510"}},{"type":"Feature","geometry":{"type":"Point","coordinates":[48.3742452,33.495999999999995]},"properties":{"event_id":780,"data_org":"Green","post_date":"2026-03-09T00:00:00.000Z","pub_date":"2026-03-09T00:00:00.000Z","strikedate":"2026-03-09T00:00:00.000Z","event_type":"Reported Airstrike","actor":"UNK","site_type":"internal security","siteStype":"internal security : police","city":"Khorramabad","province":"Lorestan","country":"Iran","latitude":33.496,"longitude":48.3742452,"coord_type":"exact","source_1":"https://x.com/Vahid/status/2031013029341499482","source_2":"https://www.google.com/maps/place/%D9%BE%D8%A7%D8%B3%DA%AF%D8%A7%D9%87+%D8%A7%D9%86%D8%AA%D8%B8%D8%A7%D9%85%DB%8C+14%E2%80%AD/@33.495997,48.3736001,164m/data=!3m1!1e3!4m12!1m5!3m4!2zMzPCsDI5JzQ1LjYiTiA0OMKwMjInMjcuMyJF!8m2!3d33.495997!4d48.3742452!3m5!1s","site_prpse":"","sources":""}},{"type":"Feature","geometry":{"type":"Point","coordinates":[48.34091829999999,33.468579999999996]},"properties":{"event_id":781,"data_org":"Green","post_date":"2026-03-09T00:00:00.000Z","pub_date":"2026-03-09T00:00:00.000Z","strikedate":"2026-03-09T00:00:00.000Z","event_type":"Reported Airstrike","actor":"UNK","site_type":"military","siteStype":"NA","city":"Khorramabad","province":"Lorestan","country":"Iran","latitude":33.46858,"longitude":48.3409183,"coord_type":"general town","source_1":"https://x.com/Vahid/status/2031013029341499482","source_2":"","site_prpse":"","sources":""}},{"type":"Feature","geometry":{"type":"Point","coordinates":[48.331845900000005,33.45806]},"properties":{"event_id":782,"data_org":"Green","post_date":"2026-03-09T00:00:00.000Z","pub_date":"2026-03-09T00:00:00.000Z","strikedate":"2026-03-09T00:00:00.000Z","event_type":"Reported Airstrike","actor":"UNK","site_type":"military","siteStype":"NA","city":"Khorramabad","province":"Lorestan","country":"Iran","latitude":33.45806,"longitude":48.3318459,"coord_type":"general neighborhood","source_1":"https://x.com/Vahid/status/2031013029341499482","source_2":"","site_prpse":"","sources":""}},{"type":"Feature","geometry":{"type":"Point","coordinates":[48.35418,33.48172999999999]},"properties":{"event_id":783,"data_org":"Green","post_date":"2026-03-09T00:00:00.000Z","pub_date":"2026-03-09T00:00:00.000Z","strikedate":"2026-03-08T00:00:00.000Z","event_type":"Reported Airstrike","actor":"UNK","site_type":"military","siteStype":"internal security : Basij","city":"Khorramabad","province":"Lorestan","country":"Iran","latitude":33.48173,"longitude":48.35418,"coord_type":"exact","source_1":"https://x.com/hey_itsmyturn/status/2031014055868346445","source_2":"https://x.com/Vahid/status/2031013029341499482","site_prpse":"","sources":"https://wikimapia.org/#lang=en&lat=33.483196&lon=48.354928&z=16&m=w&search=33.4817300%0948.3541800"}},{"type":"Feature","geometry":{"type":"Point","coordinates":[56.2900966,27.191690000000005]},"properties":{"event_id":784,"data_org":"Green","post_date":"2026-03-09T00:00:00.000Z","pub_date":"2026-03-09T00:00:00.000Z","strikedate":"2026-03-09T00:00:00.000Z","event_type":"Report of Explosion with Footage","actor":"UNK","site_type":"military","siteStype":"military : naval base","city":"Bandar Abbas","province":"Hormozgan","country":"Iran","latitude":27.19169,"longitude":56.2900966,"coord_type":"exact","source_1":"https://x.com/Osint613/status/2031015214192222231","source_2":"https://x.com/Osint613/status/2031015214192222231","site_prpse":"","sources":"Ph.Gritti on X: \"US forces destroy an Iranian naval vessel https://t.co/mNwRIfnWWW\" / X; https://x.com/DanLinnaeus/status/2030981111182958658; https://x.com/IranIntl_En/status/2030941367334043722?s=20"}},{"type":"Feature","geometry":{"type":"Point","coordinates":[51.471000000000004,31.319809999999997]},"properties":{"event_id":785,"data_org":"Green","post_date":"2026-03-09T00:00:00.000Z","pub_date":"2026-03-09T00:00:00.000Z","strikedate":"2026-03-09T00:00:00.000Z","event_type":"Reported Airstrike","actor":"UNK","site_type":"military","siteStype":"NA","city":"Tehran","province":"Tehran","country":"Iran","latitude":31.31981,"longitude":51.471,"coord_type":"exact","source_1":"https://x.com/Vahid/status/2031016016612823171","source_2":"","site_prpse":"","sources":""}},{"type":"Feature","geometry":{"type":"Point","coordinates":[51.4865399,35.739689999999996]},"properties":{"event_id":788,"data_org":"Green","post_date":"2026-03-09T00:00:00.000Z","pub_date":"2026-03-09T00:00:00.000Z","strikedate":"2026-03-09T00:00:00.000Z","event_type":"Reported Airstrike","actor":"UNK","site_type":"internal security","siteStype":"internal security : Basij","city":"Tehran","province":"Tehran","country":"Iran","latitude":35.73969,"longitude":51.4865399,"coord_type":"exact","source_1":"https://x.com/Vahid/status/2031025963283169624","source_2":"","site_prpse":"","sources":""}},{"type":"Feature","geometry":{"type":"Point","coordinates":[51.7065366,32.64556]},"properties":{"event_id":789,"data_org":"Green","post_date":"2026-03-09T00:00:00.000Z","pub_date":"2026-03-09T00:00:00.000Z","strikedate":"2026-03-09T00:00:00.000Z","event_type":"Reported Airstrike","actor":"UNK","site_type":"military","siteStype":"military : intelligence","city":"Esfahan","province":"Esfahan","country":"Iran","latitude":32.64556,"longitude":51.7065366,"coord_type":"","source_1":"https://x.com/Vahid/status/2031028458529136944","source_2":"https://www.google.com/maps/place/%D8%A7%D8%AF%D8%A7%D8%B1%D9%87+%DA%A9%D9%84+%D8%A7%D8%B7%D9%84%D8%A7%D8%B9%D8%A7%D8%AA+%D8%A7%D8%B3%D8%AA%D8%A7%D9%86+%D8%A7%D8%B5%D9%81%D9%87%D8%A7%D9%86%E2%80%AD/@32.6454176,51.70591,102m/data=!3m1!1e3!4m10!1m2!2m1!1z2","site_prpse":"","sources":""}},{"type":"Feature","geometry":{"type":"Point","coordinates":[51.3252918,35.70026]},"properties":{"event_id":790,"data_org":"Green","post_date":"2026-03-09T00:00:00.000Z","pub_date":"2026-03-09T00:00:00.000Z","strikedate":"2026-03-09T00:00:00.000Z","event_type":"Reported Airstrike","actor":"UNK","site_type":"internal security","siteStype":"internal security : police","city":"Tehran","province":"Tehran","country":"Iran","latitude":35.70026,"longitude":51.3252918,"coord_type":"exact","source_1":"https://x.com/Vahid/status/2031034404127101417","source_2":"https://www.google.com/maps/place/Faraja+Police+Aid+Unit+(West+Tehran+Police+Patrol+Station)/@35.6999242,51.3250626,102m/data=!3m1!1e3!4m14!1m7!3m6!1s0x3f8dff003c67f4eb:0xa8bb9804b336fc84!2z2YXYrNiq2YXYuSDYr9mG2K_Yp9mG2b7Ysti02qnYp9mGINio2KfZhdiv2KfYryDZ","site_prpse":"","sources":""}},{"type":"Feature","geometry":{"type":"Point","coordinates":[50.6160997,35.988]},"properties":{"event_id":793,"data_org":"Green","post_date":"2026-03-09T00:00:00.000Z","pub_date":"2026-03-09T00:00:00.000Z","strikedate":"2026-03-09T00:00:00.000Z","event_type":"Reported Airstrike","actor":"UNK","site_type":"military","siteStype":"military : base","city":"Nazarabad","province":"Alborz","country":"Iran","latitude":35.988,"longitude":50.6160997,"coord_type":"exact","source_1":"https://x.com/Vahid/status/2031043867693228347","source_2":"https://www.google.com/maps/place/%D8%B3%D9%BE%D8%A7%D9%87+%D9%86%D8%B8%D8%B1%D8%A2%D8%A8%D8%A7%D8%AF%E2%80%AD/data=!4m2!3m1!1s0x0:0x69019cc5a7985fc7?sa=X&ved=1t:2428&ictx=111","site_prpse":"","sources":"https://x.com/WillUnderhill23/status/2031105434849833221"}},{"type":"Feature","geometry":{"type":"Point","coordinates":[51.6944895,32.62277000000002]},"properties":{"event_id":797,"data_org":"Green","post_date":"2026-03-09T00:00:00.000Z","pub_date":"2026-03-09T00:00:00.000Z","strikedate":"2026-03-08T00:00:00.000Z","event_type":"Confirmed Airstrike","actor":"UNK","site_type":"military","siteStype":"military : industrial","city":"Esfahan","province":"Esfahan","country":"Iran","latitude":32.62277,"longitude":51.6944895,"coord_type":"exact","source_1":"https://x.com/ayatsubzero/status/2031049810799681906?s=20","source_2":"https://wikimapia.org/#lang=en&lat=32.622677&lon=51.693710&z=17&m=w&search=32.62311912731025%2C%2051.69336987044817","site_prpse":"IRGC : Aerospace : drone : production","sources":""}},{"type":"Feature","geometry":{"type":"Point","coordinates":[48.35435,33.48179]},"properties":{"event_id":802,"data_org":"Green","post_date":"2026-03-09T00:00:00.000Z","pub_date":"2026-03-09T00:00:00.000Z","strikedate":"2026-03-09T00:00:00.000Z","event_type":"Report of Explosion with Footage","actor":"UNK","site_type":"military","siteStype":"military : base","city":"Khorramabad","province":"Lorestan","country":"Iran","latitude":33.48179,"longitude":48.35435,"coord_type":"exact","source_1":"https://x.com/IranIntl/status/2031059529828388945","source_2":"https://x.com/zarGEOINT/status/2031807859411796010?s=20","site_prpse":"","sources":""}},{"type":"Feature","geometry":{"type":"Point","coordinates":[52.45747699999999,29.70234999999999]},"properties":{"event_id":803,"data_org":"Green","post_date":"2026-03-09T00:00:00.000Z","pub_date":"2026-03-09T00:00:00.000Z","strikedate":"2026-03-08T00:00:00.000Z","event_type":"Reported Airstrike","actor":"UNK","site_type":"military","siteStype":"military : industrial","city":"Shiraz","province":"Fars","country":"Iran","latitude":29.70235,"longitude":52.457477,"coord_type":"general town","source_1":"https://x.com/IranIntl/status/2031069387696877758","source_2":"","site_prpse":"IRGC : Aerospace : missile : guidance systems","sources":""}},{"type":"Feature","geometry":{"type":"Point","coordinates":[51.023184,35.70886]},"properties":{"event_id":804,"data_org":"Green","post_date":"2026-03-09T00:00:00.000Z","pub_date":"2026-03-09T00:00:00.000Z","strikedate":"2026-03-09T00:00:00.000Z","event_type":"Report of Explosion with Footage","actor":"UNK","site_type":"unknown","siteStype":"NA","city":"Andisheh New Town","province":"Tehran","country":"Iran","latitude":35.70886,"longitude":51.023184,"coord_type":"exact","source_1":"https://x.com/IranIntl/status/2031071489726795956","source_2":"","site_prpse":"","sources":""}},{"type":"Feature","geometry":{"type":"Point","coordinates":[50.968928,35.84705]},"properties":{"event_id":805,"data_org":"Green","post_date":"2026-03-09T00:00:00.000Z","pub_date":"2026-03-09T00:00:00.000Z","strikedate":"2026-03-09T00:00:00.000Z","event_type":"Report of Explosion with Footage","actor":"UNK","site_type":"internal security","siteStype":"internal security : Basij","city":"Karaj","province":"Alborz","country":"Iran","latitude":35.84705,"longitude":50.968928,"coord_type":"exact","source_1":"https://x.com/IranIntl/status/2031077324846727637","source_2":"","site_prpse":"","sources":";  ;  ;  ;  ;  ;  ;  ;  ;  ;  ;  ;"}},{"type":"Feature","geometry":{"type":"Point","coordinates":[51.417479,35.81887]},"properties":{"event_id":807,"data_org":"Green","post_date":"2026-03-09T00:00:00.000Z","pub_date":"2026-03-10T00:00:00.000Z","strikedate":"2026-03-10T00:00:00.000Z","event_type":"Confirmed Airstrike","actor":"Israel","site_type":"military","siteStype":"military : hq","city":"Tehran","province":"Tehran","country":"Iran","latitude":35.81887,"longitude":51.417479,"coord_type":"general town","source_1":"https://x.com/idfonline/status/2031086087607660975?s=20","source_2":"","site_prpse":"","sources":""}},{"type":"Feature","geometry":{"type":"Point","coordinates":[52.583653000000005,29.59528999999999]},"properties":{"event_id":808,"data_org":"Green","post_date":"2026-03-09T00:00:00.000Z","pub_date":"2026-03-10T00:00:00.000Z","strikedate":"2026-03-10T00:00:00.000Z","event_type":"Confirmed Airstrike","actor":"Israel","site_type":"military","siteStype":"military : unknown","city":"Shiraz","province":"Fars","country":"Iran","latitude":29.59529,"longitude":52.583653,"coord_type":"general town","source_1":"https://x.com/idfonline/status/2031086087607660975?s=20","source_2":"","site_prpse":"","sources":""}},{"type":"Feature","geometry":{"type":"Point","coordinates":[51.87633700000001,32.749309999999994]},"properties":{"event_id":809,"data_org":"Green","post_date":"2026-03-09T00:00:00.000Z","pub_date":"2026-03-10T00:00:00.000Z","strikedate":"2026-03-09T00:00:00.000Z","event_type":"Confirmed Airstrike","actor":"Israel","site_type":"military","siteStype":"military : airbase","city":"Esfahan","province":"Esfahan","country":"Iran","latitude":32.74931,"longitude":51.876337,"coord_type":"general neighborhood","source_1":"https://x.com/JoeTruzman/status/2031094587503382641/video/2","source_2":"","site_prpse":"Air Defense : Stockpiles","sources":""}},{"type":"Feature","geometry":{"type":"Point","coordinates":[48.387898,32.44114]},"properties":{"event_id":810,"data_org":"Green","post_date":"2026-03-09T00:00:00.000Z","pub_date":"2026-03-10T00:00:00.000Z","strikedate":"2026-03-09T00:00:00.000Z","event_type":"Confirmed Airstrike","actor":"Israel","site_type":"military","siteStype":"military : airbase","city":"Dezful","province":"Khuzestan","country":"Iran","latitude":32.44114,"longitude":48.387898,"coord_type":"general neighborhood","source_1":"https://x.com/JoeTruzman/status/2031094587503382641/video/2","source_2":"","site_prpse":"","sources":""}},{"type":"Feature","geometry":{"type":"Point","coordinates":[51.005344,35.7318]},"properties":{"event_id":815,"data_org":"Green","post_date":"2026-03-09T00:00:00.000Z","pub_date":"2026-03-10T00:00:00.000Z","strikedate":"2026-03-09T00:00:00.000Z","event_type":"Reported Airstrike","actor":"UNK","site_type":"unknown","siteStype":"NA","city":"Fadis","province":"Alborz","country":"Iran","latitude":35.7318,"longitude":51.005344,"coord_type":"general neighborhood","source_1":"https://x.com/ThetiMapping/status/2031136083245936888","source_2":"https://x.com/Vahid/status/2031137965947093468?s=20","site_prpse":"","sources":""}},{"type":"Feature","geometry":{"type":"Point","coordinates":[51.311987,35.74556]},"properties":{"event_id":816,"data_org":"Green","post_date":"2026-03-09T00:00:00.000Z","pub_date":"2026-03-10T00:00:00.000Z","strikedate":"2026-03-09T00:00:00.000Z","event_type":"Reported Airstrike","actor":"UNK","site_type":"unknown","siteStype":"NA","city":"Tehran","province":"Tehran","country":"Iran","latitude":35.74556,"longitude":51.311987,"coord_type":"general neighborhood","source_1":"https://x.com/ThetiMapping/status/2031136083245936888","source_2":"","site_prpse":"","sources":""}},{"type":"Feature","geometry":{"type":"Point","coordinates":[51.328035,35.68969000000001]},"properties":{"event_id":817,"data_org":"Green","post_date":"2026-03-09T00:00:00.000Z","pub_date":"2026-03-10T00:00:00.000Z","strikedate":"2026-03-09T00:00:00.000Z","event_type":"Reported Airstrike","actor":"UNK","site_type":"military","siteStype":"military : airbase","city":"Tehran","province":"Tehran","country":"Iran","latitude":35.68969,"longitude":51.328035,"coord_type":"general neighborhood","source_1":"https://x.com/ThetiMapping/status/2031136083245936888","source_2":"https://x.com/Vahid/status/2031175487901270423?s=20","site_prpse":"","sources":"https://x.com/Vahid/status/2031129725435805920?s=20"}},{"type":"Feature","geometry":{"type":"Point","coordinates":[51.367543000000005,35.68389]},"properties":{"event_id":818,"data_org":"Green","post_date":"2026-03-09T00:00:00.000Z","pub_date":"2026-03-10T00:00:00.000Z","strikedate":"2026-03-09T00:00:00.000Z","event_type":"Reported Airstrike","actor":"UNK","site_type":"unknown","siteStype":"NA","city":"Tehran","province":"Tehran","country":"Iran","latitude":35.68389,"longitude":51.367543,"coord_type":"general town","source_1":"https://x.com/ThetiMapping/status/2031136083245936888","source_2":"","site_prpse":"","sources":""}},{"type":"Feature","geometry":{"type":"Point","coordinates":[51.489345,35.708949999999994]},"properties":{"event_id":819,"data_org":"Green","post_date":"2026-03-09T00:00:00.000Z","pub_date":"2026-03-10T00:00:00.000Z","strikedate":"2026-03-09T00:00:00.000Z","event_type":"Reported Airstrike","actor":"UNK","site_type":"unknown","siteStype":"NA","city":"Tehran","province":"Tehran","country":"Iran","latitude":35.70895,"longitude":51.489345,"coord_type":"general town","source_1":"https://x.com/ThetiMapping/status/2031136083245936888","source_2":"","site_prpse":"","sources":""}},{"type":"Feature","geometry":{"type":"Point","coordinates":[51.584101,35.73899000000001]},"properties":{"event_id":820,"data_org":"Green","post_date":"2026-03-09T00:00:00.000Z","pub_date":"2026-03-10T00:00:00.000Z","strikedate":"2026-03-09T00:00:00.000Z","event_type":"Reported Airstrike","actor":"UNK","site_type":"unknown","siteStype":"NA","city":"Tehran","province":"Tehran","country":"Iran","latitude":35.73899,"longitude":51.584101,"coord_type":"general neighborhood","source_1":"https://x.com/ThetiMapping/status/2031136083245936888","source_2":"","site_prpse":"","sources":""}},{"type":"Feature","geometry":{"type":"Point","coordinates":[51.182544,35.716]},"properties":{"event_id":821,"data_org":"Green","post_date":"2026-03-09T00:00:00.000Z","pub_date":"2026-03-10T00:00:00.000Z","strikedate":"2026-03-09T00:00:00.000Z","event_type":"Reported Airstrike","actor":"UNK","site_type":"unknown","siteStype":"NA","city":"Tehran","province":"Tehran","country":"Iran","latitude":35.716,"longitude":51.182544,"coord_type":"NA","source_1":"https://x.com/ThetiMapping/status/2031136083245936888","source_2":"","site_prpse":"","sources":""}},{"type":"Feature","geometry":{"type":"Point","coordinates":[51.49363,35.654439999999994]},"properties":{"event_id":822,"data_org":"Green","post_date":"2026-03-09T00:00:00.000Z","pub_date":"2026-03-10T00:00:00.000Z","strikedate":"2026-03-09T00:00:00.000Z","event_type":"Reported Airstrike","actor":"UNK","site_type":"unknown","siteStype":"NA","city":"Tehran","province":"Tehran","country":"Iran","latitude":35.65444,"longitude":51.49363,"coord_type":"exact","source_1":"https://x.com/ThetiMapping/status/2031136083245936888","source_2":"","site_prpse":"","sources":""}},{"type":"Feature","geometry":{"type":"Point","coordinates":[51.071323,35.748599999999996]},"properties":{"event_id":823,"data_org":"Green","post_date":"2026-03-09T00:00:00.000Z","pub_date":"2026-03-10T00:00:00.000Z","strikedate":"2026-03-09T00:00:00.000Z","event_type":"Reported Airstrike","actor":"UNK","site_type":"unknown","siteStype":"NA","city":"Garmdareh","province":"Alborz","country":"Iran","latitude":35.7486,"longitude":51.071323,"coord_type":"exact","source_1":"https://x.com/ThetiMapping/status/2031136083245936888","source_2":"","site_prpse":"","sources":""}},{"type":"Feature","geometry":{"type":"Point","coordinates":[49.72321,34.10532]},"properties":{"event_id":824,"data_org":"Green","post_date":"2026-03-09T00:00:00.000Z","pub_date":"2026-03-10T00:00:00.000Z","strikedate":"2026-03-09T00:00:00.000Z","event_type":"Reported Airstrike","actor":"UNK","site_type":"unknown","siteStype":"NA","city":"Arak","province":"Markazi","country":"Iran","latitude":34.10532,"longitude":49.72321,"coord_type":"exact","source_1":"https://x.com/Vahid/status/2031136737917882618?s=20","source_2":"","site_prpse":"","sources":""}},{"type":"Feature","geometry":{"type":"Point","coordinates":[51.06338,28.93133]},"properties":{"event_id":825,"data_org":"Green","post_date":"2026-03-09T00:00:00.000Z","pub_date":"2026-03-10T00:00:00.000Z","strikedate":"2026-03-09T00:00:00.000Z","event_type":"Reported Airstrike","actor":"UNK","site_type":"unknown","siteStype":"NA","city":"Aali Shahr","province":"Bushehr","country":"Iran","latitude":28.93133,"longitude":51.06338,"coord_type":"exact","source_1":"https://x.com/Vahid/status/2031142333924679996?s=20","source_2":"","site_prpse":"","sources":""}},{"type":"Feature","geometry":{"type":"Point","coordinates":[51.447748,28.674799999999994]},"properties":{"event_id":827,"data_org":"Green","post_date":"2026-03-10T00:00:00.000Z","pub_date":"2026-03-10T00:00:00.000Z","strikedate":"2026-03-07T00:00:00.000Z","event_type":"Confirmed Airstrike","actor":"UNK","site_type":"military","siteStype":"military : missile base","city":"Khormoj","province":"Bushehr","country":"Iran","latitude":28.6748,"longitude":51.447748,"coord_type":"exact","source_1":"https://t.me/BenTzionM/7074","source_2":"https://t.me/BenTzionM/7073","site_prpse":"IRGC : Aerospace : missile : operations","sources":""}},{"type":"Feature","geometry":{"type":"Point","coordinates":[50.83223,34.7988]},"properties":{"event_id":828,"data_org":"Green","post_date":"2026-03-10T00:00:00.000Z","pub_date":"2026-03-10T00:00:00.000Z","strikedate":"2026-03-06T00:00:00.000Z","event_type":"Confirmed Airstrike","actor":"Israel","site_type":"internal security","siteStype":"civilian : industrial","city":"Shokuhiyeh Industrial Town","province":"Qom","country":"Iran","latitude":34.7988,"longitude":50.83223,"coord_type":"exact","source_1":"https://x.com/hey_itsmyturn/status/2031245067269103944","source_2":"https://x.com/fab_hinz/status/2031292807395082464","site_prpse":"Chemical : Production","sources":""}},{"type":"Feature","geometry":{"type":"Point","coordinates":[50.905120000000004,35.797149999999995]},"properties":{"event_id":829,"data_org":"Green","post_date":"2026-03-10T00:00:00.000Z","pub_date":"2026-03-10T00:00:00.000Z","strikedate":"2026-03-10T00:00:00.000Z","event_type":"Report of Explosion with Footage","actor":"UNK","site_type":"unknown","siteStype":"NA","city":"Karaj","province":"Alborz","country":"Iran","latitude":35.79715,"longitude":50.90512,"coord_type":"general neighborhood","source_1":"https://x.com/zarGEOINT/status/2031274916264255817?s=20","source_2":"https://x.com/zarGEOINT/status/2031277411015233557?s=20","site_prpse":"","sources":"https://t.me/VahidOnline/72309; https://x.com/IranIntl/status/2031275580713230629?s=20; https://x.com/EndlessWint_r/status/2031283762764648882; https://x.com/Vahid/status/2031271098239549519; https://x.com/ThetiMapping/status/2031136083245936888; https:/"}},{"type":"Feature","geometry":{"type":"Point","coordinates":[50.89816,28.94609999999999]},"properties":{"event_id":830,"data_org":"Green","post_date":"2026-03-10T00:00:00.000Z","pub_date":"2026-03-10T00:00:00.000Z","strikedate":"2026-03-10T00:00:00.000Z","event_type":"Report of Explosion with Footage","actor":"UNK","site_type":"unknown","siteStype":"NA","city":"Karaj","province":"Alborz","country":"Iran","latitude":28.9461,"longitude":50.89816,"coord_type":"exact","source_1":"https://x.com/zarGEOINT/status/2031274916264255817?s=20","source_2":"https://x.com/zarGEOINT/status/2031277411015233557?s=20","site_prpse":"","sources":"https://t.me/VahidOnline/72309; https://x.com/ThetiMapping/status/2031136083245936888"}},{"type":"Feature","geometry":{"type":"Point","coordinates":[50.844597,28.935469999999995]},"properties":{"event_id":831,"data_org":"Green","post_date":"2026-03-10T00:00:00.000Z","pub_date":"2026-03-10T00:00:00.000Z","strikedate":"2026-03-10T00:00:00.000Z","event_type":"Reported Airstrike","actor":"UNK","site_type":"military","siteStype":"military : base","city":"Bushehr","province":"Bushehr","country":"Iran","latitude":28.93547,"longitude":50.844597,"coord_type":"exact","source_1":"https://x.com/IranIntl/status/2031279306660258273?s=20","source_2":"https://t.me/BenTzionM/7075","site_prpse":"","sources":""}},{"type":"Feature","geometry":{"type":"Point","coordinates":[51.448203799999995,35.78449]},"properties":{"event_id":832,"data_org":"Green","post_date":"2026-03-10T00:00:00.000Z","pub_date":"2026-03-10T00:00:00.000Z","strikedate":"2026-03-10T00:00:00.000Z","event_type":"Reported Airstrike","actor":"UNK","site_type":"unknown","siteStype":"NA","city":"Tehran","province":"Tehran","country":"Iran","latitude":35.78449,"longitude":51.4482038,"coord_type":"exact","source_1":"https://x.com/Vahid/status/2031280440477180145?s=20","source_2":"https://x.com/Vahid/status/2031156214621520196?s=20","site_prpse":"","sources":"https://x.com/Vahid/status/2031280573122064811?s=20"}},{"type":"Feature","geometry":{"type":"Point","coordinates":[50.85467800000001,34.61645999999999]},"properties":{"event_id":833,"data_org":"Green","post_date":"2026-03-10T00:00:00.000Z","pub_date":"2026-03-10T00:00:00.000Z","strikedate":"2026-03-10T00:00:00.000Z","event_type":"Report of Explosion with Footage","actor":"UNK","site_type":"military","siteStype":"military : intelligence","city":"Qom","province":"Qom","country":"Iran","latitude":34.61646,"longitude":50.854678,"coord_type":"","source_1":"https://x.com/acceladealer/status/2031290129042588131","source_2":"https://x.com/freedommesenger/status/2031287988303364246","site_prpse":"","sources":""}},{"type":"Feature","geometry":{"type":"Point","coordinates":[51.658058,32.62783]},"properties":{"event_id":834,"data_org":"Green","post_date":"2026-03-10T00:00:00.000Z","pub_date":"2026-03-10T00:00:00.000Z","strikedate":"2026-03-10T00:00:00.000Z","event_type":"Reported Airstrike","actor":"UNK","site_type":"unknown","siteStype":"NA","city":"Jolfa","province":"Esfahan","country":"Iran","latitude":32.62783,"longitude":51.658058,"coord_type":"general neighborhood","source_1":"https://x.com/IranIntl/status/2031288545537565052?s=20","source_2":"","site_prpse":"","sources":""}},{"type":"Feature","geometry":{"type":"Point","coordinates":[48.35553000000001,33.48376]},"properties":{"event_id":836,"data_org":"Green","post_date":"2026-03-10T00:00:00.000Z","pub_date":"2026-03-10T00:00:00.000Z","strikedate":"2026-03-10T00:00:00.000Z","event_type":"Report of Explosion with Footage","actor":"UNK","site_type":"internal security","siteStype":"internal security : IRGC","city":"Khorramabad","province":"Lorestan","country":"Iran","latitude":33.48376,"longitude":48.35553,"coord_type":"general town","source_1":"https://x.com/zarGEOINT/status/2031295577841864871?s=20","source_2":"https://x.com/zarGEOINT/status/2031300625472856071?s=20","site_prpse":"","sources":"https://t.me/IranintlTV/325213"}},{"type":"Feature","geometry":{"type":"Point","coordinates":[56.967687000000005,30.268159999999988]},"properties":{"event_id":837,"data_org":"Green","post_date":"2026-03-10T00:00:00.000Z","pub_date":"2026-03-10T00:00:00.000Z","strikedate":"2026-03-10T00:00:00.000Z","event_type":"Report of Explosion with Footage","actor":"UNK","site_type":"military","siteStype":"military : airbase","city":"Kerman","province":"Kerman","country":"Iran","latitude":30.26816,"longitude":56.967687,"coord_type":"general neighborhood","source_1":"https://x.com/acceladealer/status/2031316476871753732?s=20","source_2":"https://x.com/Grimm_Intel/status/2031308997769167319?s=20","site_prpse":"","sources":"https://x.com/mamlekate/status/2031297745063989472?s=20; https://x.com/IranIntl/status/2031314839113552239?s=20; https://t.me/Tasnimnews/395099; https://x.com/IranIntl/status/2031310150078705822?s=20; https://x.com/EndlessWint_r/status/203130353967953515"}},{"type":"Feature","geometry":{"type":"Point","coordinates":[56.2911613,27.180229999999995]},"properties":{"event_id":838,"data_org":"Green","post_date":"2026-03-10T00:00:00.000Z","pub_date":"2026-03-10T00:00:00.000Z","strikedate":"2026-03-10T00:00:00.000Z","event_type":"Reported Airstrike","actor":"UNK","site_type":"unknown","siteStype":"NA","city":"Bandar Abbas","province":"Hormozgan","country":"Iran","latitude":27.18023,"longitude":56.2911613,"coord_type":"general town","source_1":"https://x.com/IranIntl/status/2031310960237986086?s=20","source_2":"https://x.com/IranIntl/status/2031295261792759854?s=20","site_prpse":"","sources":"https://x.com/hey_itsmyturn/status/2031249379458167079; https://x.com/IranIntl/status/2031310960237986086?s=20"}},{"type":"Feature","geometry":{"type":"Point","coordinates":[54.89111940000001,26.5521]},"properties":{"event_id":843,"data_org":"Green","post_date":"2026-03-10T00:00:00.000Z","pub_date":"2026-03-10T00:00:00.000Z","strikedate":"2026-03-10T00:00:00.000Z","event_type":"Reported Airstrike","actor":"UNK","site_type":"military","siteStype":"military : unknown","city":"Bandar Lengeh","province":"Hormozgan","country":"Iran","latitude":26.5521,"longitude":54.8911194,"coord_type":"general town","source_1":"https://x.com/IranIntl/status/2031321439299678459?s=20","source_2":"","site_prpse":"","sources":""}},{"type":"Feature","geometry":{"type":"Point","coordinates":[51.5929114,35.75181]},"properties":{"event_id":844,"data_org":"Green","post_date":"2026-03-10T00:00:00.000Z","pub_date":"2026-03-10T00:00:00.000Z","strikedate":"2026-03-10T00:00:00.000Z","event_type":"Confirmed Airstrike","actor":"Israel","site_type":"military","siteStype":"military : industrial","city":"Tehran","province":"Tehran","country":"Iran","latitude":35.75181,"longitude":51.5929114,"coord_type":"general neighborhood","source_1":"https://x.com/idfonline/status/2031340910932349132?s=20","source_2":"https://x.com/IDFFarsi/status/2031320850184442099?s=20","site_prpse":"IRGC : Aerospace : development","sources":"https://isis-online.org/isis-reports/comprehensive-analysis-of-nuclear-facilities-targeted-during-the-second-phase-of-the-iran-war"}},{"type":"Feature","geometry":{"type":"Point","coordinates":[60.62168410000001,25.300710000000013]},"properties":{"event_id":845,"data_org":"Green","post_date":"2026-03-10T00:00:00.000Z","pub_date":"2026-03-10T00:00:00.000Z","strikedate":"2026-03-10T00:00:00.000Z","event_type":"Reported Airstrike","actor":"UNK","site_type":"unknown","siteStype":"NA","city":"Chabahar","province":"Sistan and Baluchistan","country":"Iran","latitude":25.30071,"longitude":60.6216841,"coord_type":"","source_1":"https://x.com/IranIntl/status/2031323600326623280?s=20","source_2":"","site_prpse":"","sources":""}},{"type":"Feature","geometry":{"type":"Point","coordinates":[50.2341461,30.595289999999995]},"properties":{"event_id":847,"data_org":"Green","post_date":"2026-03-10T00:00:00.000Z","pub_date":"2026-03-10T00:00:00.000Z","strikedate":"2026-03-10T00:00:00.000Z","event_type":"Report of Explosion with Footage","actor":"UNK","site_type":"unknown","siteStype":"NA","city":"Behbahan","province":"Khuzestan","country":"Iran","latitude":30.59529,"longitude":50.2341461,"coord_type":"exact","source_1":"https://x.com/IranIntl/status/2031331775805321354?s=20","source_2":"","site_prpse":"","sources":""}},{"type":"Feature","geometry":{"type":"Point","coordinates":[51.59987550000001,35.72104]},"properties":{"event_id":849,"data_org":"Green","post_date":"2026-03-10T00:00:00.000Z","pub_date":"2026-03-10T00:00:00.000Z","strikedate":"2026-03-10T00:00:00.000Z","event_type":"Reported Airstrike","actor":"UNK","site_type":"military","siteStype":"military : unknown","city":"Tehran","province":"Tehran","country":"Iran","latitude":35.72104,"longitude":51.5998755,"coord_type":"exact","source_1":"https://x.com/IranIntl/status/2031337781335605434?s=20","source_2":"","site_prpse":"","sources":";  ;  ;  ;  ;  ;  ;  ;  ;  ;  ;  ;"}},{"type":"Feature","geometry":{"type":"Point","coordinates":[51.11782,35.73268]},"properties":{"event_id":852,"data_org":"Green","post_date":"2026-03-10T00:00:00.000Z","pub_date":"2026-03-10T00:00:00.000Z","strikedate":"2026-03-10T00:00:00.000Z","event_type":"Report of Explosion with Footage","actor":"UNK","site_type":"unknown","siteStype":"NA","city":"Tehran","province":"Tehran","country":"Iran","latitude":35.73268,"longitude":51.11782,"coord_type":"exact","source_1":"https://x.com/IranIntl/status/2031343250376667644?s=20","source_2":"https://x.com/hey_itsmyturn/status/2031347011694244146","site_prpse":"","sources":"https://x.com/MiddleEastBuka/status/2031353198103953783?s=20"}},{"type":"Feature","geometry":{"type":"Point","coordinates":[52.5656877,29.63472]},"properties":{"event_id":853,"data_org":"Green","post_date":"2026-03-10T00:00:00.000Z","pub_date":"2026-03-10T00:00:00.000Z","strikedate":"2026-03-10T00:00:00.000Z","event_type":"Reported Airstrike","actor":"UNK","site_type":"military","siteStype":"military : launch site (missile)","city":"Shiraz","province":"Fars","country":"Iran","latitude":29.63472,"longitude":52.5656877,"coord_type":"exact","source_1":"https://x.com/IranIntl/status/2031349528280932581?s=20","source_2":"","site_prpse":"","sources":""}},{"type":"Feature","geometry":{"type":"Point","coordinates":[51.394225,35.68869000000001]},"properties":{"event_id":856,"data_org":"Green","post_date":"2026-03-04T00:00:00.000Z","pub_date":"2026-03-10T00:00:00.000Z","strikedate":"2026-03-03T00:00:00.000Z","event_type":"Confirmed Airstrike","actor":"UNK","site_type":"internal security","siteStype":"internal security : police","city":"Tehran","province":"Tehran","country":"Iran","latitude":35.68869,"longitude":51.394225,"coord_type":"general town","source_1":"https://www.bellingcat.com/news/middle-east/2026/03/04/satellite-imagery-reveals-strikes-on-iranian-police-stations/","source_2":"https://www.openstreetmap.org/way/1153715548#map=19/35.688750/51.394331","site_prpse":"","sources":""}},{"type":"Feature","geometry":{"type":"Point","coordinates":[55.0476708,25.874459999999996]},"properties":{"event_id":948,"data_org":"Green","post_date":"2026-03-02T00:00:00.000Z","pub_date":"2026-03-11T00:00:00.000Z","strikedate":"2026-03-02T00:00:00.000Z","event_type":"Confirmed Airstrike","actor":"UNK","site_type":"military","siteStype":"military : naval base","city":"Abu Musa","province":"Hormozgan","country":"Iran","latitude":25.87446,"longitude":55.0476708,"coord_type":"general neighborhood","source_1":"Planet Imagery","source_2":"","site_prpse":"","sources":""}},{"type":"Feature","geometry":{"type":"Point","coordinates":[55.29928129999999,26.270190000000007]},"properties":{"event_id":949,"data_org":"Green","post_date":"2026-03-05T00:00:00.000Z","pub_date":"2026-03-11T00:00:00.000Z","strikedate":"2026-03-05T00:00:00.000Z","event_type":"Confirmed Airstrike","actor":"UNK","site_type":"civilian","siteStype":"civilian : building","city":"Greater Tunb","province":"Hormozgan","country":"Iran","latitude":26.27019,"longitude":55.2992813,"coord_type":"general town","source_1":"Planet Imagery","source_2":"","site_prpse":"","sources":""}},{"type":"Feature","geometry":{"type":"Point","coordinates":[57.1097309385681,26.628488536520695]},"properties":{"event_id":953,"data_org":"Green","post_date":"2026-03-11T00:00:00.000Z","pub_date":"2026-03-11T00:00:00.000Z","strikedate":"2026-03-11T00:00:00.000Z","event_type":"Report of Explosion with Footage","actor":"UNK","site_type":"military","siteStype":"military : base","city":"Sirik","province":"Hormozgn","country":"Iran","latitude":26.6284885365,"longitude":57.1097309386,"coord_type":"exact","source_1":"https://x.com/IranIntl/status/2031767664599699729?s=20","source_2":"","site_prpse":"","sources":""}},{"type":"Feature","geometry":{"type":"Point","coordinates":[51.4967443647913,35.69274461465341]},"properties":{"event_id":955,"data_org":"Green","post_date":"2026-03-11T00:00:00.000Z","pub_date":"2026-03-11T00:00:00.000Z","strikedate":"2026-03-11T00:00:00.000Z","event_type":"Confirmed Airstrike","actor":"Israel","site_type":"internal security","siteStype":"internal security : IRGC","city":"Tehran","province":"Tehran","country":"Iran","latitude":35.6927446147,"longitude":51.4967443648,"coord_type":"","source_1":"https://x.com/AvichayAdraee/status/2031782486682816958","source_2":"https://x.com/manniefabian/status/2031782056884105317","site_prpse":"","sources":""}},{"type":"Feature","geometry":{"type":"Point","coordinates":[51.5819,35.7511]},"properties":{"event_id":957,"data_org":"Green","post_date":"2026-03-11T00:00:00.000Z","pub_date":"2026-03-11T00:00:00.000Z","strikedate":"2026-03-11T00:00:00.000Z","event_type":"Confirmed Airstrike","actor":"Israel","site_type":"military","siteStype":"military : base","city":"Tehran","province":"Tehran","country":"Iran","latitude":35.7511,"longitude":51.5819,"coord_type":"","source_1":"https://x.com/AvichayAdraee/status/2031782486682816958","source_2":"https://x.com/manniefabian/status/2031782056884105317","site_prpse":"","sources":"https://x.com/hey_itsmyturn/status/2031733236859044094"}},{"type":"Feature","geometry":{"type":"Point","coordinates":[51.4153049674296,35.7037063972333]},"properties":{"event_id":960,"data_org":"Green","post_date":"2026-03-11T00:00:00.000Z","pub_date":"2026-03-11T00:00:00.000Z","strikedate":"2026-03-11T00:00:00.000Z","event_type":"Confirmed Airstrike","actor":"Israel","site_type":"military","siteStype":"military : intelligence","city":"Tehran","province":"Tehran","country":"Iran","latitude":35.7037063972,"longitude":51.4153049674,"coord_type":"exact","source_1":"https://x.com/AvichayAdraee/status/2031782486682816958","source_2":"https://x.com/manniefabian/status/2031782056884105317","site_prpse":"","sources":"https://x.com/idfonline/status/2031780859724890285?s=20"}},{"type":"Feature","geometry":{"type":"Point","coordinates":[48.36389,33.49769]},"properties":{"event_id":962,"data_org":"Green","post_date":"2026-03-11T00:00:00.000Z","pub_date":"2026-03-12T00:00:00.000Z","strikedate":"2026-03-10T00:00:00.000Z","event_type":"Confirmed Airstrike","actor":"UNK","site_type":"political","siteStype":"political : administrative","city":"Khorramabad","province":"Lorestan","country":"Iran","latitude":33.49769,"longitude":48.36389,"coord_type":"exact","source_1":"https://x.com/zarGEOINT/status/2031807859411796010?s=20","source_2":"","site_prpse":"","sources":""}},{"type":"Feature","geometry":{"type":"Point","coordinates":[48.36517,33.51575]},"properties":{"event_id":963,"data_org":"Green","post_date":"2026-03-11T00:00:00.000Z","pub_date":"2026-03-12T00:00:00.000Z","strikedate":"2026-03-10T00:00:00.000Z","event_type":"Confirmed Airstrike","actor":"UNK","site_type":"internal security","siteStype":"internal security : police","city":"Khorramabad","province":"Lorestan","country":"Iran","latitude":33.51575,"longitude":48.36517,"coord_type":"exact","source_1":"https://x.com/zarGEOINT/status/2031807859411796010?s=20","source_2":"Sentinel-2 Sattelite Imagery","site_prpse":"","sources":""}},{"type":"Feature","geometry":{"type":"Point","coordinates":[54.318239999999996,31.846529999999998]},"properties":{"event_id":965,"data_org":"Green","post_date":"2026-03-11T00:00:00.000Z","pub_date":"2026-03-12T00:00:00.000Z","strikedate":"2026-03-06T00:00:00.000Z","event_type":"Confirmed Airstrike","actor":"UNK","site_type":"military","siteStype":"military : industrial","city":"Yazd","province":"Yazd","country":"Iran","latitude":31.84653,"longitude":54.31824,"coord_type":"exact","source_1":"https://x.com/zarGEOINT/status/2031814110841602407?s=20","source_2":"","site_prpse":"","sources":""}},{"type":"Feature","geometry":{"type":"Point","coordinates":[47.66828,34.48347999999999]},"properties":{"event_id":966,"data_org":"Green","post_date":"2026-03-11T00:00:00.000Z","pub_date":"2026-03-12T00:00:00.000Z","strikedate":"2026-03-08T00:00:00.000Z","event_type":"Confirmed Airstrike","actor":"UNK","site_type":"internal security","siteStype":"internal security : Basij","city":"Sahneh","province":"Kermanshah","country":"Iran","latitude":34.48348,"longitude":47.66828,"coord_type":"general town","source_1":"https://x.com/zarGEOINT/status/2031866491771949462?s=20","source_2":"","site_prpse":"","sources":""}},{"type":"Feature","geometry":{"type":"Point","coordinates":[47.67421,34.48217999999999]},"properties":{"event_id":967,"data_org":"Green","post_date":"2026-03-11T00:00:00.000Z","pub_date":"2026-03-12T00:00:00.000Z","strikedate":"2026-03-08T00:00:00.000Z","event_type":"Confirmed Airstrike","actor":"UNK","site_type":"internal security","siteStype":"internal security : police","city":"Sahneh","province":"Kermanshah","country":"Iran","latitude":34.48218,"longitude":47.67421,"coord_type":"exact","source_1":"https://x.com/zarGEOINT/status/2031866491771949462?s=20","source_2":"","site_prpse":"","sources":""}},{"type":"Feature","geometry":{"type":"Point","coordinates":[51.003597848607406,35.8645212907819]},"properties":{"event_id":968,"data_org":"Green","post_date":"2025-03-11T00:00:00.000Z","pub_date":"2026-03-12T00:00:00.000Z","strikedate":"2026-03-11T00:00:00.000Z","event_type":"Report of Explosion with Footage","actor":"UNK","site_type":"unknown","siteStype":"NA","city":"Karaj","province":"Alborz","country":"Iran","latitude":35.8645212908,"longitude":51.0035978486,"coord_type":"general neighborhood","source_1":"https://x.com/Vahid/status/2031876627886719344","source_2":"","site_prpse":"","sources":""}},{"type":"Feature","geometry":{"type":"Point","coordinates":[56.1613781651117,27.15839400487729]},"properties":{"event_id":971,"data_org":"Green","post_date":"2026-03-11T00:00:00.000Z","pub_date":"2026-03-12T00:00:00.000Z","strikedate":"2026-03-11T00:00:00.000Z","event_type":"Confirmed Airstrike","actor":"UNK","site_type":"military","siteStype":"military : airbase","city":"Bandar Abbas","province":"Hormozgan","country":"Iran","latitude":27.1583940049,"longitude":56.1613781651,"coord_type":"general neighborhood","source_1":"https://x.com/SoarAtlas/status/2031904611427369116","source_2":"","site_prpse":"","sources":""}},{"type":"Feature","geometry":{"type":"Point","coordinates":[51.3861566682055,35.75061302349149]},"properties":{"event_id":972,"data_org":"Green","post_date":"2026-03-11T00:00:00.000Z","pub_date":"2026-03-12T00:00:00.000Z","strikedate":"2026-03-11T00:00:00.000Z","event_type":"Reported Airstrike","actor":"UNK","site_type":"unknown","siteStype":"internal security: unknown","city":"Tehran","province":"Tehran","country":"Iran","latitude":35.7506130235,"longitude":51.3861566682,"coord_type":"general town","source_1":"https://x.com/JoeTruzman/status/2031935551830704180","source_2":"https://x.com/VOAfarsi/status/2031846734159102367?s=20","site_prpse":"","sources":""}},{"type":"Feature","geometry":{"type":"Point","coordinates":[51.671142,32.623892000000005]},"properties":{"event_id":1059,"data_org":"Green","post_date":"2026-03-13T00:00:00.000Z","pub_date":"2026-03-13T00:00:00.000Z","strikedate":"2026-03-13T00:00:00.000Z","event_type":"Report of Explosion with Footage","actor":"UNK","site_type":"unknown","siteStype":"NA","city":"Esfahan","province":"Esfahan","country":"Iran","latitude":32.623892,"longitude":51.671142,"coord_type":"","source_1":"https://x.com/EndlessWint_r/status/2032499319731876010?s=20","source_2":"https://x.com/mamlekate/status/2032492186747519057?s=20","site_prpse":"","sources":""}},{"type":"Feature","geometry":{"type":"Point","coordinates":[50.9284511576093,35.8438395694004]},"properties":{"event_id":1060,"data_org":"Green","post_date":"2026-03-13T00:00:00.000Z","pub_date":"2026-03-13T00:00:00.000Z","strikedate":"2026-03-13T00:00:00.000Z","event_type":"Reported Airstrike","actor":"UNK","site_type":"unknown","siteStype":"","city":"Karaj","province":"Alborz","country":"Iran","latitude":35.8438395694,"longitude":50.9284511576,"coord_type":"","source_1":"https://x.com/Vahid/status/2032499697441534470","source_2":"https://x.com/Vahid/status/2032504135719780654","site_prpse":"","sources":""}},{"type":"Feature","geometry":{"type":"Point","coordinates":[51.477876539371,35.7918692366925]},"properties":{"event_id":1068,"data_org":"Green","post_date":"2026-03-13T00:00:00.000Z","pub_date":"2026-03-13T00:00:00.000Z","strikedate":"2026-03-13T00:00:00.000Z","event_type":"Reported Airstrike","actor":"UNK","site_type":"unknown","siteStype":"","city":"Tehran","province":"Tehran","country":"Iran","latitude":35.7918692367,"longitude":51.4778765394,"coord_type":"exact","source_1":"https://x.com/Vahid/status/2032528312560660760","source_2":"","site_prpse":"","sources":""}},{"type":"Feature","geometry":{"type":"Point","coordinates":[51.5133444648328,35.781375334254506]},"properties":{"event_id":1069,"data_org":"Green","post_date":"2026-03-13T00:00:00.000Z","pub_date":"2026-03-14T00:00:00.000Z","strikedate":"2026-03-13T00:00:00.000Z","event_type":"Report of Explosion with Footage","actor":"UNK","site_type":"military","siteStype":"military : unknown","city":"Tehran","province":"Tehran","country":"Iran","latitude":35.7813753343,"longitude":51.5133444648,"coord_type":"exact","source_1":"https://x.com/Vahid/status/2032579460268962027?s=20","source_2":"https://x.com/ManotoNews/status/2032740823574409435?s=20","site_prpse":"","sources":"https://x.com/iranwire/status/2032692915013623809?s=20"}},{"type":"Feature","geometry":{"type":"Point","coordinates":[52.56681692184011,29.536827607796294]},"properties":{"event_id":1070,"data_org":"Green","post_date":"2026-03-13T00:00:00.000Z","pub_date":"2026-03-14T00:00:00.000Z","strikedate":"2026-03-13T00:00:00.000Z","event_type":"Report of Explosion with Footage","actor":"UNK","site_type":"military","siteStype":"military : airbase","city":"Shiraz","province":"Fars","country":"Iran","latitude":29.5368276078,"longitude":52.5668169218,"coord_type":"exact","source_1":"https://x.com/Vahid/status/2032623293224615953?s=20","source_2":"https://x.com/bbcpersian/status/2032664677528822005?s=20","site_prpse":"","sources":""}},{"type":"Feature","geometry":{"type":"Point","coordinates":[50.3247314,29.255394100000004]},"properties":{"event_id":1071,"data_org":"Green","post_date":"2026-03-13T00:00:00.000Z","pub_date":"2026-03-14T00:00:00.000Z","strikedate":"2026-03-13T00:00:00.000Z","event_type":"Confirmed Airstrike","actor":"US","site_type":"civilian","siteStype":"civilian : transit","city":"Kharg Island","province":"Bushehr","country":"Iran","latitude":29.2553941,"longitude":50.3247314,"coord_type":"general town","source_1":"https://x.com/ayatsubzero/status/2032634874490765680?s=20","source_2":"https://x.com/ayatsubzero/status/2032634051446652962?s=20","site_prpse":"","sources":"https://x.com/ayatsubzero/status/2032635918947865020?s=20; https://x.com/CENTCOM/status/2032777791247155482?s=20; https://x.com/Stinky915846091/status/2032648914805858670?s=20; https://x.com/Varsevan/status/2034409434881937810"}},{"type":"Feature","geometry":{"type":"Point","coordinates":[50.30597,29.252348999999988]},"properties":{"event_id":1072,"data_org":"Green","post_date":"2026-03-13T00:00:00.000Z","pub_date":"2026-03-14T00:00:00.000Z","strikedate":"2026-03-13T00:00:00.000Z","event_type":"Confirmed Airstrike","actor":"US","site_type":"military","siteStype":"military : air defense system","city":"Kharg Island","province":"Bushehr","country":"Iran","latitude":29.252349,"longitude":50.30597,"coord_type":"general town","source_1":"https://x.com/ayatsubzero/status/2032636733448204615?s=20","source_2":"https://x.com/ayatsubzero/status/2032634051446652962?s=20","site_prpse":"Air Defense : Battery","sources":"https://x.com/CENTCOM/status/2032777791247155482?s=20"}},{"type":"Feature","geometry":{"type":"Point","coordinates":[51.5231734,35.74077619999999]},"properties":{"event_id":1129,"data_org":"Green","post_date":"2026-03-16T00:00:00.000Z","pub_date":"2026-03-16T00:00:00.000Z","strikedate":"2026-03-16T00:00:00.000Z","event_type":"Report of Explosion with Footage","actor":"UNK","site_type":"unknown","siteStype":"","city":"Tehran","province":"Tehran","country":"Iran","latitude":35.7407762,"longitude":51.5231734,"coord_type":"exact","source_1":"https://x.com/hey_itsmyturn/status/2033520773269524519?s=20","source_2":"","site_prpse":"","sources":""}},{"type":"Feature","geometry":{"type":"Point","coordinates":[51.4478958820754,35.69019956245161]},"properties":{"event_id":1130,"data_org":"Green","post_date":"2026-03-16T00:00:00.000Z","pub_date":"2026-03-16T00:00:00.000Z","strikedate":"2026-03-16T00:00:00.000Z","event_type":"Reported Airstrike","actor":"UNK","site_type":"military","siteStype":"military : intelligence","city":"Tehran","province":"Tehran","country":"Iran","latitude":35.6901995625,"longitude":51.4478958821,"coord_type":"general neighborhood","source_1":"https://t.me/Tasnimnews/397460","source_2":"https://x.com/JoeTruzman/status/2033585799955198415?s=20","site_prpse":"","sources":"https://x.com/idfonline/status/2033585946931638688?s=20; https://x.com/acceladealer/status/2033580726981984676"}},{"type":"Feature","geometry":{"type":"Point","coordinates":[51.427575,35.707971]},"properties":{"event_id":1133,"data_org":"Green","post_date":"2026-03-16T00:00:00.000Z","pub_date":"2026-03-16T00:00:00.000Z","strikedate":"2026-03-16T00:00:00.000Z","event_type":"Report of Explosion with Footage","actor":"UNK","site_type":"political","siteStype":"political : administrative","city":"Tehran","province":"Tehran","country":"Iran","latitude":35.707971,"longitude":51.427575,"coord_type":"general neighborhood","source_1":"https://x.com/acceladealer/status/2033586530321629644","source_2":"https://x.com/hey_itsmyturn/status/2033516206234234900","site_prpse":"","sources":"https://x.com/Vahid/status/2033572671225544918"}},{"type":"Feature","geometry":{"type":"Point","coordinates":[51.4692819144549,35.73615796575061]},"properties":{"event_id":1134,"data_org":"Green","post_date":"2026-03-16T00:00:00.000Z","pub_date":"2026-03-16T00:00:00.000Z","strikedate":"2026-03-16T00:00:00.000Z","event_type":"Reported Airstrike","actor":"UNK","site_type":"internal security","siteStype":"internal security : Basij","city":"Tehran","province":"Tehran","country":"Iran","latitude":35.7361579658,"longitude":51.4692819145,"coord_type":"general neighborhood","source_1":"https://x.com/IranIntl/status/2033548814770966723?s=20","source_2":"","site_prpse":"","sources":""}},{"type":"Feature","geometry":{"type":"Point","coordinates":[54.31840308180049,31.846598820050797]},"properties":{"event_id":1136,"data_org":"Green","post_date":"2026-03-16T00:00:00.000Z","pub_date":"2026-03-16T00:00:00.000Z","strikedate":"2026-03-11T00:00:00.000Z","event_type":"Confirmed Airstrike","actor":"US","site_type":"military","siteStype":"military : industrial","city":"Yazd","province":"Yazd","country":"Iran","latitude":31.8465988201,"longitude":54.3184030818,"coord_type":"general neighborhood","source_1":"https://x.com/FSeifikaran/status/2033557076035661988?s=20","source_2":"","site_prpse":"","sources":""}},{"type":"Feature","geometry":{"type":"Point","coordinates":[51.3911620714012,35.7009352608722]},"properties":{"event_id":1137,"data_org":"Green","post_date":"2026-03-16T00:00:00.000Z","pub_date":"2026-03-16T00:00:00.000Z","strikedate":"2026-03-16T00:00:00.000Z","event_type":"Reported Airstrike","actor":"UNK","site_type":"internal security","siteStype":"internal security: unknown","city":"Tehran","province":"Tehran","country":"Iran","latitude":35.7009352609,"longitude":51.3911620714,"coord_type":"general neighborhood","source_1":"https://x.com/IranIntl/status/2033454740130976129?s=20","source_2":"","site_prpse":"","sources":""}},{"type":"Feature","geometry":{"type":"Point","coordinates":[51.3959569208544,35.667083374559304]},"properties":{"event_id":1138,"data_org":"Green","post_date":"2026-03-16T00:00:00.000Z","pub_date":"2026-03-16T00:00:00.000Z","strikedate":"2026-03-16T00:00:00.000Z","event_type":"Reported Airstrike","actor":"UNK","site_type":"internal security","siteStype":"internal security: unknown","city":"Tehran","province":"Tehran","country":"Iran","latitude":35.6670833746,"longitude":51.3959569209,"coord_type":"general neighborhood","source_1":"https://x.com/IranIntl/status/2033454740130976129?s=20","source_2":"","site_prpse":"","sources":""}},{"type":"Feature","geometry":{"type":"Point","coordinates":[51.337243556703,35.69937141120809]},"properties":{"event_id":1139,"data_org":"Green","post_date":"2026-03-16T00:00:00.000Z","pub_date":"2026-03-16T00:00:00.000Z","strikedate":"2026-03-16T00:00:00.000Z","event_type":"Reported Airstrike","actor":"UNK","site_type":"internal security","siteStype":"internal security: unknown","city":"Tehran","province":"Tehran","country":"Iran","latitude":35.6993714112,"longitude":51.3372435567,"coord_type":"exact","source_1":"https://x.com/IranIntl/status/2033454740130976129?s=20","source_2":"","site_prpse":"","sources":""}},{"type":"Feature","geometry":{"type":"Point","coordinates":[51.3514313711245,35.607547227569015]},"properties":{"event_id":1140,"data_org":"Green","post_date":"2026-03-16T00:00:00.000Z","pub_date":"2026-03-16T00:00:00.000Z","strikedate":"2026-03-16T00:00:00.000Z","event_type":"Reported Airstrike","actor":"UNK","site_type":"internal security","siteStype":"internal security: unknown","city":"Tehran","province":"Tehran","country":"Iran","latitude":35.6075472276,"longitude":51.3514313711,"coord_type":"exact","source_1":"https://x.com/IranIntl/status/2033454740130976129?s=20","source_2":"","site_prpse":"","sources":""}},{"type":"Feature","geometry":{"type":"Point","coordinates":[51.3362599539402,35.7122978347904]},"properties":{"event_id":1141,"data_org":"Green","post_date":"2026-03-16T00:00:00.000Z","pub_date":"2026-03-16T00:00:00.000Z","strikedate":"2026-03-16T00:00:00.000Z","event_type":"Reported Airstrike","actor":"UNK","site_type":"internal security","siteStype":"internal security: unknown","city":"Tehran","province":"Tehran","country":"Iran","latitude":35.7122978348,"longitude":51.3362599539,"coord_type":"","source_1":"https://x.com/IranIntl/status/2033454740130976129?s=20","source_2":"","site_prpse":"","sources":""}},{"type":"Feature","geometry":{"type":"Point","coordinates":[51.34854326255451,35.60229323959572]},"properties":{"event_id":1142,"data_org":"Green","post_date":"2026-03-16T00:00:00.000Z","pub_date":"2026-03-16T00:00:00.000Z","strikedate":"2026-03-16T00:00:00.000Z","event_type":"Reported Airstrike","actor":"UNK","site_type":"internal security","siteStype":"internal security: unknown","city":"Tehran","province":"Tehran","country":"Iran","latitude":35.6022932396,"longitude":51.3485432626,"coord_type":"exact","source_1":"https://x.com/IranIntl/status/2033454740130976129?s=20","source_2":"","site_prpse":"","sources":""}},{"type":"Feature","geometry":{"type":"Point","coordinates":[54.8058098,26.524596099999993]},"properties":{"event_id":1144,"data_org":"Green","post_date":"2026-03-16T00:00:00.000Z","pub_date":"2026-03-16T00:00:00.000Z","strikedate":"2026-03-16T00:00:00.000Z","event_type":"Confirmed Airstrike","actor":"UNK","site_type":"military","siteStype":"military : naval base","city":"Bandar-e-Shenas","province":"Hormozgan","country":"Iran","latitude":26.5245961,"longitude":54.8058098,"coord_type":"exact","source_1":"https://x.com/zarGEOINT/status/2033604048285536371","source_2":"","site_prpse":"","sources":""}},{"type":"Feature","geometry":{"type":"Point","coordinates":[59.037106605964,32.868174388306194]},"properties":{"event_id":1146,"data_org":"Green","post_date":"2026-03-16T00:00:00.000Z","pub_date":"2026-03-16T00:00:00.000Z","strikedate":"2026-03-16T00:00:00.000Z","event_type":"Confirmed Airstrike","actor":"UNK","site_type":"military","siteStype":"military : launch site (drone)","city":"Birjand","province":"South Khorasan","country":"Iran","latitude":32.8681743883,"longitude":59.037106606,"coord_type":"exact","source_1":"https://t.me/BenTzionM/7125","source_2":"","site_prpse":"","sources":""}},{"type":"Feature","geometry":{"type":"Point","coordinates":[52.58352,29.59246]},"properties":{"event_id":1147,"data_org":"Green","post_date":"2026-03-16T00:00:00.000Z","pub_date":"2026-03-16T00:00:00.000Z","strikedate":"2026-03-16T00:00:00.000Z","event_type":"Reported Airstrike","actor":"UNK","site_type":"internal security","siteStype":"internal security : IRGC","city":"Shiraz","province":"Fars","country":"Iran","latitude":29.59246,"longitude":52.58352,"coord_type":"general neighborhood","source_1":"https://x.com/hey_itsmyturn/status/2033566747052126510","source_2":"https://x.com/hey_itsmyturn/status/2033564645873647946","site_prpse":"","sources":"https://x.com/hey_itsmyturn/status/2033565188100657484"}},{"type":"Feature","geometry":{"type":"Point","coordinates":[51.504156,35.722629]},"properties":{"event_id":1148,"data_org":"Green","post_date":"2026-03-16T00:00:00.000Z","pub_date":"2026-03-16T00:00:00.000Z","strikedate":"2026-03-16T00:00:00.000Z","event_type":"Report of Explosion with Footage","actor":"UNK","site_type":"unknown","siteStype":"","city":"Tehran","province":"Tehran","country":"Iran","latitude":35.722629,"longitude":51.504156,"coord_type":"general neighborhood","source_1":"https://x.com/mamlekate/status/2033518917470101693","source_2":"https://x.com/hey_itsmyturn/status/2033520773269524519","site_prpse":"","sources":"https://x.com/acceladealer/status/2033533522460237850"}},{"type":"Feature","geometry":{"type":"Point","coordinates":[55.66684152793239,29.496243740415498]},"properties":{"event_id":1149,"data_org":"Green","post_date":"2026-03-16T00:00:00.000Z","pub_date":"2026-03-17T00:00:00.000Z","strikedate":"2026-03-16T00:00:00.000Z","event_type":"Report of Explosion with Footage","actor":"UNK","site_type":"unknown","siteStype":"NA","city":"Sirjan","province":"Kerman","country":"Iran","latitude":29.4962437404,"longitude":55.6668415279,"coord_type":"general town","source_1":"https://x.com/IranIntl/status/2033648313073897712?s=20","source_2":"","site_prpse":"","sources":""}},{"type":"Feature","geometry":{"type":"Point","coordinates":[51.266511,35.686639]},"properties":{"event_id":1150,"data_org":"Green","post_date":"2026-03-16T00:00:00.000Z","pub_date":"2026-03-17T00:00:00.000Z","strikedate":"2026-03-11T00:00:00.000Z","event_type":"Confirmed Airstrike","actor":"US","site_type":"military","siteStype":"military : industrial","city":"Tehran","province":"Tehran","country":"Iran","latitude":35.686639,"longitude":51.266511,"coord_type":"exact","source_1":"https://x.com/ayatsubzero/status/2033678223251308731","source_2":"","site_prpse":"IRGC : Aerospace : drone : production","sources":""}},{"type":"Feature","geometry":{"type":"Point","coordinates":[51.345063622798,35.7220017241688]},"properties":{"event_id":1153,"data_org":"Green","post_date":"2026-03-17T00:00:00.000Z","pub_date":"2026-03-17T00:00:00.000Z","strikedate":"2026-03-17T00:00:00.000Z","event_type":"Confirmed Airstrike","actor":"Israel","site_type":"internal security","siteStype":"internal security : Basij","city":"Tehran","province":"Tehran","country":"Iran","latitude":35.7220017242,"longitude":51.3450636228,"coord_type":"","source_1":"https://x.com/idfonline/status/2033803284004110392","source_2":"","site_prpse":"","sources":""}},{"type":"Feature","geometry":{"type":"Point","coordinates":[46.18671169999999,38.165900399999984]},"properties":{"event_id":1154,"data_org":"Green","post_date":"2026-03-17T00:00:00.000Z","pub_date":"2026-03-17T00:00:00.000Z","strikedate":"2026-03-17T00:00:00.000Z","event_type":"Confirmed Airstrike","actor":"Israel","site_type":"military","siteStype":"military : industrial","city":"Tabriz","province":"East Azerbaijan","country":"Iran","latitude":38.1659004,"longitude":46.1867117,"coord_type":"general neighborhood","source_1":"https://x.com/idfonline/status/2033803284004110392","source_2":"","site_prpse":"IRGC : Aerospace : missile : production","sources":""}},{"type":"Feature","geometry":{"type":"Point","coordinates":[52.543678899999996,29.6303902]},"properties":{"event_id":1155,"data_org":"Green","post_date":"2026-03-17T00:00:00.000Z","pub_date":"2026-03-17T00:00:00.000Z","strikedate":"2026-03-17T00:00:00.000Z","event_type":"Confirmed Airstrike","actor":"Israel","site_type":"internal security","siteStype":"internal security : Basij","city":"Shiraz","province":"Fars","country":"Iran","latitude":29.6303902,"longitude":52.5436789,"coord_type":"exact","source_1":"https://x.com/idfonline/status/2033803284004110392","source_2":"https://x.com/zarGEOINT/status/2034676500767662399?s=20","site_prpse":"","sources":"https://x.com/zarGEOINT/status/2035461720706003253?s=20; https://x.com/zarGEOINT/status/2035463341926125831?s=20; https://t.me/iliaen/3905; https://x.com/Shayan86/status/2035508638589067362"}},{"type":"Feature","geometry":{"type":"Point","coordinates":[52.4909729,29.46771299999999]},"properties":{"event_id":1156,"data_org":"Green","post_date":"2026-03-17T00:00:00.000Z","pub_date":"2026-03-17T00:00:00.000Z","strikedate":"2026-03-17T00:00:00.000Z","event_type":"Confirmed Airstrike","actor":"Israel","site_type":"military","siteStype":"military : missile base","city":"Shiraz","province":"Fars","country":"Iran","latitude":29.467713,"longitude":52.4909729,"coord_type":"general neighborhood","source_1":"https://x.com/idfonline/status/2033803284004110392","source_2":"","site_prpse":"IRGC : Aerospace : missile : operations","sources":"https://t.me/BenTzionM/7537"}},{"type":"Feature","geometry":{"type":"Point","coordinates":[51.448482,35.74898999999999]},"properties":{"event_id":1157,"data_org":"Green","post_date":"2026-03-17T00:00:00.000Z","pub_date":"2026-03-17T00:00:00.000Z","strikedate":"2026-03-17T00:00:00.000Z","event_type":"Confirmed Airstrike","actor":"Israel","site_type":"military","siteStype":"military : intelligence","city":"Tehran","province":"Tehran","country":"Iran","latitude":35.74899,"longitude":51.448482,"coord_type":"general neighborhood","source_1":"https://x.com/idfonline/status/2033803284004110392","source_2":"","site_prpse":"","sources":""}},{"type":"Feature","geometry":{"type":"Point","coordinates":[51.43642938658851,35.61902275579989]},"properties":{"event_id":1158,"data_org":"Green","post_date":"2026-03-17T00:00:00.000Z","pub_date":"2026-03-17T00:00:00.000Z","strikedate":"2026-03-17T00:00:00.000Z","event_type":"Report of Explosion with Footage","actor":"UNK","site_type":"internal security","siteStype":"internal security : IRGC","city":"Tehran","province":"Tehran","country":"Iran","latitude":35.6190227558,"longitude":51.4364293866,"coord_type":"general town","source_1":"https://x.com/IranIntl/status/2033803551936332204?s=20","source_2":"","site_prpse":"","sources":""}},{"type":"Feature","geometry":{"type":"Point","coordinates":[51.3908894627181,35.701232701462]},"properties":{"event_id":1165,"data_org":"Green","post_date":"2026-03-17T00:00:00.000Z","pub_date":"2026-03-17T00:00:00.000Z","strikedate":"2026-03-17T00:00:00.000Z","event_type":"Confirmed Airstrike","actor":"UNK","site_type":"internal security","siteStype":"internal security : police","city":"Tehran","province":"Tehran","country":"Iran","latitude":35.7012327015,"longitude":51.3908894627,"coord_type":"exact","source_1":"https://x.com/IranIntl/status/2033874780835721271?s=20","source_2":"https://x.com/IranIntl/status/2033845526785888547?s=20","site_prpse":"","sources":"https://x.com/iranwire/status/2033894383196557354?s=20; https://x.com/zarGEOINT/status/2033890875084886418; https://x.com/zarGEOINT/status/2033896032891785636; https://t.me/kianmeli1/84659"}},{"type":"Feature","geometry":{"type":"Point","coordinates":[52.3875,29.905999999999995]},"properties":{"event_id":1166,"data_org":"Green","post_date":"2026-03-17T00:00:00.000Z","pub_date":"2026-03-17T00:00:00.000Z","strikedate":"2026-03-17T00:00:00.000Z","event_type":"Report of Explosion with Footage","actor":"UNK","site_type":"internal security","siteStype":"internal security : IRGC","city":"Malusjan","province":"Fars","country":"Iran","latitude":29.906,"longitude":52.3875,"coord_type":"exact","source_1":"https://x.com/hey_itsmyturn/status/2033843285488206077","source_2":"https://x.com/hey_itsmyturn/status/2033844666836124133","site_prpse":"","sources":""}},{"type":"Feature","geometry":{"type":"Point","coordinates":[51.3147643,35.777654219999995]},"properties":{"event_id":1169,"data_org":"Green","post_date":"2026-03-17T00:00:00.000Z","pub_date":"2026-03-17T00:00:00.000Z","strikedate":"2026-03-17T00:00:00.000Z","event_type":"Confirmed Airstrike","actor":"UNK","site_type":"internal security","siteStype":"internal security : IRGC","city":"Tehran","province":"Tehran","country":"Iran","latitude":35.77765422,"longitude":51.3147643,"coord_type":"exact","source_1":"https://x.com/hey_itsmyturn/status/2033893807830249710","source_2":"https://x.com/iranhrs99/status/2033916106377670912?s=20","site_prpse":"","sources":"https://x.com/nictv24/status/2033898004902527102?s=20; Sentinel Imagery"}},{"type":"Feature","geometry":{"type":"Point","coordinates":[51.5035390801159,35.70060487234021]},"properties":{"event_id":1170,"data_org":"Green","post_date":"2026-03-16T00:00:00.000Z","pub_date":"2026-03-17T00:00:00.000Z","strikedate":"2026-03-16T00:00:00.000Z","event_type":"Confirmed Airstrike","actor":"Israel","site_type":"military","siteStype":"military : hq","city":"Tehran","province":"Tehran","country":"Iran","latitude":35.7006048723,"longitude":51.5035390801,"coord_type":"exact","source_1":"https://x.com/idfonline/status/2033633677905957162?s=20","source_2":"","site_prpse":"","sources":""}},{"type":"Feature","geometry":{"type":"Point","coordinates":[51.46039579009631,35.69053312455]},"properties":{"event_id":1171,"data_org":"Green","post_date":"2026-03-17T00:00:00.000Z","pub_date":"2026-03-17T00:00:00.000Z","strikedate":"2026-03-17T00:00:00.000Z","event_type":"Confirmed Airstrike","actor":"Israel","site_type":"internal security","siteStype":"internal security : Basij","city":"Tehran","province":"Tehran","country":"Iran","latitude":35.6905331246,"longitude":51.4603957901,"coord_type":"exact","source_1":"https://x.com/idfonline/status/2033926665399652774","source_2":"https://x.com/MarioLeb79/status/2033921151718539490","site_prpse":"","sources":"https://t.me/BenTzionM/7132; اتاق خبر منوتو on X: \"ویدیوهایی در شبکه‌های اجتماعی از حمله به یک ایست بازرسی در خیابان پیروزی تهران منتشر شده است. https://t.co/FVctZG1"}},{"type":"Feature","geometry":{"type":"Point","coordinates":[51.43025212372141,35.675737621442295]},"properties":{"event_id":1173,"data_org":"Green","post_date":"2026-03-17T00:00:00.000Z","pub_date":"2026-03-17T00:00:00.000Z","strikedate":"2026-03-17T00:00:00.000Z","event_type":"Report of Explosion with Footage","actor":"UNK","site_type":"internal security","siteStype":"internal security : Basij","city":"Tehran","province":"Tehran","country":"Iran","latitude":35.6757376214,"longitude":51.4302521237,"coord_type":"exact","source_1":"https://x.com/iranwire/status/2033935246039654515?s=20","source_2":"https://x.com/IranIntl/status/2033927106502050261?s=20","site_prpse":"","sources":""}},{"type":"Feature","geometry":{"type":"Point","coordinates":[51.444161,35.66344099999999]},"properties":{"event_id":1175,"data_org":"Green","post_date":"2026-03-17T00:00:00.000Z","pub_date":"2026-03-17T00:00:00.000Z","strikedate":"2026-03-17T00:00:00.000Z","event_type":"Confirmed Airstrike","actor":"Israel","site_type":"internal security","siteStype":"internal security : Basij","city":"Tehran","province":"Tehran","country":"Iran","latitude":35.663441,"longitude":51.444161,"coord_type":"exact","source_1":"https://x.com/idfonline/status/2033965920725455212?s=20","source_2":"https://x.com/manniefabian/status/2033965247879385520","site_prpse":"","sources":""}},{"type":"Feature","geometry":{"type":"Point","coordinates":[51.113130000000005,35.550810000000006]},"properties":{"event_id":1177,"data_org":"Green","post_date":"2026-03-17T00:00:00.000Z","pub_date":"2026-03-18T00:00:00.000Z","strikedate":"2026-03-17T00:00:00.000Z","event_type":"Confirmed Airstrike","actor":"UNK","site_type":"civilian","siteStype":"civilian : industrial","city":"Sabanshahr","province":"Tehran","country":"Iran","latitude":35.55081,"longitude":51.11313,"coord_type":"general neighborhood","source_1":"https://x.com/zarGEOINT/status/2033999504832135526","source_2":"","site_prpse":"IRGC : Aerospace : missile : production","sources":""}},{"type":"Feature","geometry":{"type":"Point","coordinates":[51.41171518945819,35.80389245209419]},"properties":{"event_id":1178,"data_org":"Green","post_date":"2026-03-17T00:00:00.000Z","pub_date":"2026-03-18T00:00:00.000Z","strikedate":"2026-03-17T00:00:00.000Z","event_type":"Report of Explosion with Footage","actor":"UNK","site_type":"unknown","siteStype":"NA","city":"Tehran","province":"Tehran","country":"Iran","latitude":35.8038924521,"longitude":51.4117151895,"coord_type":"general town","source_1":"https://x.com/Vahid/status/2034041754945536442?s=20","source_2":"https://x.com/Vahid/status/2034039870675370022?s=20","site_prpse":"","sources":""}},{"type":"Feature","geometry":{"type":"Point","coordinates":[50.88629007,28.830437230000005]},"properties":{"event_id":1179,"data_org":"Green","post_date":"2026-03-17T00:00:00.000Z","pub_date":"2026-03-18T00:00:00.000Z","strikedate":"2026-03-17T00:00:00.000Z","event_type":"Reported Airstrike","actor":"UNK","site_type":"nuclear","siteStype":"NA","city":"Halileh","province":"Bushehr","country":"Iran","latitude":28.83043723,"longitude":50.88629007,"coord_type":"","source_1":"https://x.com/Osint613/status/2034088470466204018","source_2":"https://www.reuters.com/world/projectile-hits-near-irans-bushehr-nuclear-plant-no-damage-or-injuries-reported-2026-03-18/","site_prpse":"","sources":""}},{"type":"Feature","geometry":{"type":"Point","coordinates":[51.26725883768199,35.662405700116096]},"properties":{"event_id":1181,"data_org":"Green","post_date":"2026-03-17T00:00:00.000Z","pub_date":"2026-03-18T00:00:00.000Z","strikedate":"2026-03-17T00:00:00.000Z","event_type":"Reported Airstrike","actor":"UNK","site_type":"internal security","siteStype":"internal security : IRGC","city":"Tehran","province":"Tehran","country":"Iran","latitude":35.6624057001,"longitude":51.2672588377,"coord_type":"","source_1":"https://x.com/IranIntl_En/status/2034090156693635318","source_2":"","site_prpse":"","sources":""}},{"type":"Feature","geometry":{"type":"Point","coordinates":[50.95569248796421,35.8338899005039]},"properties":{"event_id":1182,"data_org":"Green","post_date":"2026-03-17T00:00:00.000Z","pub_date":"2026-03-18T00:00:00.000Z","strikedate":"2026-03-17T00:00:00.000Z","event_type":"Reported Airstrike","actor":"UNK","site_type":"internal security","siteStype":"internal security : IRGC","city":"Karaj","province":"Alborz","country":"Iran","latitude":35.8338899005,"longitude":50.955692488,"coord_type":"","source_1":"https://x.com/IranIntl_En/status/2034090156693635318","source_2":"","site_prpse":"","sources":""}},{"type":"Feature","geometry":{"type":"Point","coordinates":[51.1450658061286,35.7366711243948]},"properties":{"event_id":1184,"data_org":"Green","post_date":"2026-03-18T00:00:00.000Z","pub_date":"2026-03-18T00:00:00.000Z","strikedate":"2026-03-17T00:00:00.000Z","event_type":"Confirmed Airstrike","actor":"Israel","site_type":"internal security","siteStype":"internal security : police","city":"Tehran","province":"Tehran","country":"Iran","latitude":35.7366711244,"longitude":51.1450658061,"coord_type":"general neighborhood","source_1":"https://x.com/idfonline/status/2034141133463228551?s=20","source_2":"","site_prpse":"","sources":""}},{"type":"Feature","geometry":{"type":"Point","coordinates":[51.7942028,35.7461722]},"properties":{"event_id":1187,"data_org":"Green","post_date":"2026-03-18T00:00:00.000Z","pub_date":"2026-03-18T00:00:00.000Z","strikedate":"2026-03-17T00:00:00.000Z","event_type":"Report of Explosion with Footage","actor":"Israel","site_type":"military","siteStype":"","city":"Pardis","province":"Tehran","country":"Iran","latitude":35.7461722,"longitude":51.7942028,"coord_type":"general neighborhood","source_1":"https://t.me/BenTzionM/7137","source_2":"https://x.com/Vahid/status/2034419258625507800?s=20","site_prpse":"","sources":""}},{"type":"Feature","geometry":{"type":"Point","coordinates":[56.1994863365189,27.151377984623196]},"properties":{"event_id":1191,"data_org":"Green","post_date":"2026-03-18T00:00:00.000Z","pub_date":"2026-03-18T00:00:00.000Z","strikedate":"2026-03-18T00:00:00.000Z","event_type":"Reported Airstrike","actor":"UNK","site_type":"unknown","siteStype":"","city":"Bandar Abbas","province":"Hormozgan","country":"Iran","latitude":27.1513779846,"longitude":56.1994863365,"coord_type":"POV","source_1":"https://x.com/IranIntl/status/2034214188868874573","source_2":"","site_prpse":"","sources":""}},{"type":"Feature","geometry":{"type":"Point","coordinates":[52.645333267503105,27.4932343904234]},"properties":{"event_id":1192,"data_org":"Green","post_date":"2026-03-18T00:00:00.000Z","pub_date":"2026-03-18T00:00:00.000Z","strikedate":"2026-03-18T00:00:00.000Z","event_type":"Confirmed Airstrike","actor":"Israel","site_type":"civilian","siteStype":"civilian : oil infrastructure","city":"Asaluyeh","province":"Bushehr","country":"Iran","latitude":27.4932343904,"longitude":52.6453332675,"coord_type":"exact","source_1":"https://www.axios.com/2026/03/18/israel-strikes-iran-natural-gas-infrastructure","source_2":"https://www.bloomberg.com/news/articles/2026-03-18/iran-says-strikes-hit-key-south-pars-gas-field-oil-facilities","site_prpse":"","sources":"https://x.com/N12News/status/2034238762616590740; https://x.com/N12News/status/2034240611260223878; https://x.com/acceladealer/status/2034267043747307697; https://x.com/TheLukeReport/status/2034248474909110395; http://x.com/sentdefender/status/2034249309"}},{"type":"Feature","geometry":{"type":"Point","coordinates":[51.9287361616455,27.83189321247309]},"properties":{"event_id":1193,"data_org":"Green","post_date":"2026-03-18T00:00:00.000Z","pub_date":"2026-03-18T00:00:00.000Z","strikedate":"2026-03-18T00:00:00.000Z","event_type":"Reported Airstrike","actor":"UNK","site_type":"unknown","siteStype":"","city":"Dayyer","province":"Bushehr","country":"Iran","latitude":27.8318932125,"longitude":51.9287361616,"coord_type":"","source_1":"https://x.com/IranIntl/status/2034223914646139221","source_2":"","site_prpse":"","sources":""}},{"type":"Feature","geometry":{"type":"Point","coordinates":[54.2996915386725,27.65194447279229]},"properties":{"event_id":1194,"data_org":"Green","post_date":"2026-03-18T00:00:00.000Z","pub_date":"2026-03-18T00:00:00.000Z","strikedate":"2026-03-18T00:00:00.000Z","event_type":"Report of Explosion with Footage","actor":"UNK","site_type":"internal security","siteStype":"political : individual","city":"Lar","province":"Fars","country":"Iran","latitude":27.6519444728,"longitude":54.2996915387,"coord_type":"exact","source_1":"https://x.com/hey_itsmyturn/status/2034224538787934380","source_2":"https://x.com/mamlekate/status/2034209912390115474","site_prpse":"","sources":"https://x.com/IranIntl/status/2034222671420866566; https://x.com/posted_news/status/2034243162735026592; https://x.com/galottom/status/2034223349212016996; https://x.com/Osint613/status/2034213198585356603?s=20; https://x.com/zarGEOINT/status/20342879169"}},{"type":"Feature","geometry":{"type":"Point","coordinates":[52.644045000000006,27.473934999999997]},"properties":{"event_id":1195,"data_org":"Green","post_date":"2026-03-18T00:00:00.000Z","pub_date":"2026-03-18T00:00:00.000Z","strikedate":"2026-03-18T00:00:00.000Z","event_type":"Report of Explosion with Footage","actor":"UNK","site_type":"energy","siteStype":"civilian : oil infrastructure","city":"Asaluyeh","province":"Bushehr","country":"Iran","latitude":27.473935,"longitude":52.644045,"coord_type":"exact","source_1":"https://x.com/hey_itsmyturn/status/2034237254445506746","source_2":"https://x.com/acceladealer/status/2034236014164623470","site_prpse":"","sources":"https://t.me/sepehrazadi/205751; https://x.com/manniefabian/status/2034239509278126501?s=20"}},{"type":"Feature","geometry":{"type":"Point","coordinates":[48.2114,33.28569999999999]},"properties":{"event_id":1197,"data_org":"Green","post_date":"2026-03-18T00:00:00.000Z","pub_date":"2026-03-18T00:00:00.000Z","strikedate":"2026-03-18T00:00:00.000Z","event_type":"Report of Explosion with Footage","actor":"UNK","site_type":"internal security","siteStype":"internal security : IRGC","city":"Khorramabad","province":"Lorestan","country":"Iran","latitude":33.2857,"longitude":48.2114,"coord_type":"general neighborhood","source_1":"https://x.com/IranIntl/status/2034252020731809964","source_2":"","site_prpse":"","sources":""}},{"type":"Feature","geometry":{"type":"Point","coordinates":[51.0827354928702,35.72760850000001]},"properties":{"event_id":1198,"data_org":"Green","post_date":"2026-03-18T00:00:00.000Z","pub_date":"2026-03-18T00:00:00.000Z","strikedate":"2026-03-16T00:00:00.000Z","event_type":"Confirmed Airstrike","actor":"UNK","site_type":"military","siteStype":"military : industrial","city":"Qods","province":"Alborz","country":"Iran","latitude":35.7276085,"longitude":51.0827354929,"coord_type":"exact","source_1":"https://t.me/BenTzionM/7141","source_2":"https://x.com/EpicFuryMap/status/2050248812073992378","site_prpse":"Air Defense : Production & Research","sources":"https://x.com/EpicFuryMap/status/2050248814498369942"}},{"type":"Feature","geometry":{"type":"Point","coordinates":[46.66688,34.71153999999999]},"properties":{"event_id":1199,"data_org":"Green","post_date":"2026-03-18T00:00:00.000Z","pub_date":"2026-03-18T00:00:00.000Z","strikedate":"2026-03-08T00:00:00.000Z","event_type":"Confirmed Airstrike","actor":"UNK","site_type":"internal security","siteStype":"internal security : police","city":"Ravansar","province":"Kermanshah","country":"Iran","latitude":34.71154,"longitude":46.66688,"coord_type":"general town","source_1":"https://x.com/zarGEOINT/status/2034300528650227987","source_2":"","site_prpse":"","sources":""}},{"type":"Feature","geometry":{"type":"Point","coordinates":[51.31802900000001,35.723220000000005]},"properties":{"event_id":1201,"data_org":"Green","post_date":"2026-03-18T00:00:00.000Z","pub_date":"2026-03-18T00:00:00.000Z","strikedate":"2026-03-18T00:00:00.000Z","event_type":"Reported Airstrike","actor":"UNK","site_type":"internal security","siteStype":"internal security : Basij","city":"Tehran","province":"Tehran","country":"Iran","latitude":35.72322,"longitude":51.318029,"coord_type":"general neighborhood","source_1":"https://x.com/hey_itsmyturn/status/2034329797078253753","source_2":"","site_prpse":"","sources":""}},{"type":"Feature","geometry":{"type":"Point","coordinates":[50.9377820441775,35.7199787228078]},"properties":{"event_id":1202,"data_org":"Green","post_date":"2026-03-17T00:00:00.000Z","pub_date":"2026-03-18T00:00:00.000Z","strikedate":"2026-03-17T00:00:00.000Z","event_type":"Reported Airstrike","actor":"UNK","site_type":"military","siteStype":"military : airbase","city":"Pardis","province":"Tehran","country":"Iran","latitude":35.7199787228,"longitude":50.9377820442,"coord_type":"exact","source_1":"https://x.com/SoarAtlas/status/2034114251791720535","source_2":"https://x.com/geo27752/status/2033933752007598313","site_prpse":"","sources":""}},{"type":"Feature","geometry":{"type":"Point","coordinates":[49.478923545746,37.4808440834611]},"properties":{"event_id":1203,"data_org":"Green","post_date":"2026-03-18T00:00:00.000Z","pub_date":"2026-03-18T00:00:00.000Z","strikedate":"2026-03-18T00:00:00.000Z","event_type":"Report of Explosion with Footage","actor":"UNK","site_type":"unknown","siteStype":"NA","city":"Bandar Anzali","province":"Gilan","country":"Iran","latitude":37.4808440835,"longitude":49.4789235457,"coord_type":"exact","source_1":"https://x.com/Vahid/status/2034343724746998188?s=20","source_2":"https://x.com/Vahid/status/2034341612579438666?s=20","site_prpse":"","sources":"https://x.com/IranIntlbrk/status/2034341605180903588?s=20; https://x.com/ariel_oseran/status/2034428419031625742"}},{"type":"Feature","geometry":{"type":"Point","coordinates":[52.4574771484398,29.702345584724885]},"properties":{"event_id":1208,"data_org":"Green","post_date":"2026-03-18T00:00:00.000Z","pub_date":"2026-03-19T00:00:00.000Z","strikedate":"2026-03-18T00:00:00.000Z","event_type":"Reported Airstrike","actor":"UNK","site_type":"military","siteStype":"military : industrial","city":"Shiraz","province":"Fars","country":"Iran","latitude":29.7023455847,"longitude":52.4574771484,"coord_type":"general neighborhood","source_1":"https://x.com/Vahid/status/2034384805685563486?s=20","source_2":"https://x.com/ariel_oseran/status/2034386840384401654","site_prpse":"IRGC : Aerospace : missile : guidance systems","sources":"https://x.com/Vahid/status/2034392398990569826?s=20"}},{"type":"Feature","geometry":{"type":"Point","coordinates":[54.2856201829857,31.90151226571968]},"properties":{"event_id":1209,"data_org":"Green","post_date":"2026-03-19T00:00:00.000Z","pub_date":"2026-03-19T00:00:00.000Z","strikedate":"2026-03-19T00:00:00.000Z","event_type":"Reported Airstrike","actor":"UNK","site_type":"civilian","siteStype":"civilian : transit","city":"Yazd","province":"Yazd","country":"Iran","latitude":31.9015122657,"longitude":54.285620183,"coord_type":"exact","source_1":"https://x.com/Vahid/status/2034411258854727840?s=20","source_2":"","site_prpse":"","sources":""}},{"type":"Feature","geometry":{"type":"Point","coordinates":[56.269636,27.390781999999987]},"properties":{"event_id":1210,"data_org":"Green","post_date":"2026-03-19T00:00:00.000Z","pub_date":"2026-03-19T00:00:00.000Z","strikedate":"2026-03-19T00:00:00.000Z","event_type":"Confirmed Airstrike","actor":"UNK","site_type":"military","siteStype":"military : missile base","city":"Dozak","province":"Hormozgan","country":"Iran","latitude":27.390782,"longitude":56.269636,"coord_type":"exact","source_1":"https://x.com/davidnewschool/status/2034487442548334832","source_2":"","site_prpse":"IRGC : Aerospace : missile : operations","sources":""}},{"type":"Feature","geometry":{"type":"Point","coordinates":[47.0133553566112,35.25181644222779]},"properties":{"event_id":1211,"data_org":"Green","post_date":"2026-03-19T00:00:00.000Z","pub_date":"2026-03-19T00:00:00.000Z","strikedate":"2026-03-19T00:00:00.000Z","event_type":"Confirmed Airstrike","actor":"Israel","site_type":"military","siteStype":"military : airbase","city":"Sanandaj","province":"Kurdistan","country":"Iran","latitude":35.2518164422,"longitude":47.0133553566,"coord_type":"exact","source_1":"https://x.com/idfonline/status/2034541155522633972","source_2":"https://x.com/IranIntl/status/2034547184587149313?s=20","site_prpse":"","sources":""}},{"type":"Feature","geometry":{"type":"Point","coordinates":[49.46226600000001,37.467379999999984]},"properties":{"event_id":1213,"data_org":"Green","post_date":"2026-03-19T00:00:00.000Z","pub_date":"2026-03-19T00:00:00.000Z","strikedate":"2026-03-18T00:00:00.000Z","event_type":"Report of Explosion with Footage","actor":"UNK","site_type":"military","siteStype":"military : naval base","city":"Anzali","province":"Gilan","country":"Iran","latitude":37.46738,"longitude":49.462266,"coord_type":"exact","source_1":"https://x.com/hey_itsmyturn/status/2034595370244706338?s=20","source_2":"https://t.me/BenTzionM/7153","site_prpse":"IRGC : Navy : Other Operations","sources":"https://x.com/Vahid/status/2034373053174481248?s=20; https://x.com/Vahid/status/2034635043260211264?s=20"}},{"type":"Feature","geometry":{"type":"Point","coordinates":[46.051807,37.37110700000001]},"properties":{"event_id":1215,"data_org":"Green","post_date":"2026-03-19T00:00:00.000Z","pub_date":"2026-03-19T00:00:00.000Z","strikedate":"2026-03-10T00:00:00.000Z","event_type":"Confirmed Airstrike","actor":"UNK","site_type":"military","siteStype":"military : unknown","city":"Bonab","province":"East Azerbaijan","country":"Iran","latitude":37.371107,"longitude":46.051807,"coord_type":"exact","source_1":"https://x.com/zarGEOINT/status/2034654787065528642?s=20","source_2":"https://x.com/zarGEOINT/status/2031461981777989859?s=20","site_prpse":"","sources":""}},{"type":"Feature","geometry":{"type":"Point","coordinates":[51.2666091269893,35.6978115445651]},"properties":{"event_id":1216,"data_org":"Green","post_date":"2026-03-19T00:00:00.000Z","pub_date":"2026-03-19T00:00:00.000Z","strikedate":"2026-03-19T00:00:00.000Z","event_type":"Report of Explosion with Footage","actor":"UNK","site_type":"internal security","siteStype":"internal security : police","city":"Tehran","province":"Tehran","country":"Iran","latitude":35.6978115446,"longitude":51.266609127,"coord_type":"exact","source_1":"https://x.com/IranIntl/status/2034625701635067984?s=20","source_2":"https://x.com/IranIntl/status/2034655481784885426?s=20","site_prpse":"","sources":""}},{"type":"Feature","geometry":{"type":"Point","coordinates":[49.462756,37.467026000000004]},"properties":{"event_id":1217,"data_org":"Green","post_date":"2026-03-19T00:00:00.000Z","pub_date":"2026-03-19T00:00:00.000Z","strikedate":"2026-03-19T00:00:00.000Z","event_type":"Confirmed Airstrike","actor":"Israel","site_type":"military","siteStype":"military : naval base","city":"Bandar Anzali","province":"Gilan","country":"Iran","latitude":37.467026,"longitude":49.462756,"coord_type":"general neighborhood","source_1":"https://x.com/Vahid/status/2034635043260211264?s=20","source_2":"https://x.com/IAFsite/status/2034633053776097504","site_prpse":"IRGC : Navy : Major Surface Combatant","sources":"https://x.com/IAFsite/status/2034633086281949237; https://x.com/IDFFarsi/status/2034629801621835817; https://x.com/sentdefender/status/2034638953479905678"}},{"type":"Feature","geometry":{"type":"Point","coordinates":[49.4617539777486,37.4667964862674]},"properties":{"event_id":1218,"data_org":"Green","post_date":"2026-03-19T00:00:00.000Z","pub_date":"2026-03-19T00:00:00.000Z","strikedate":"2026-03-19T00:00:00.000Z","event_type":"Reported Airstrike","actor":"Israel","site_type":"military","siteStype":"military : industrial","city":"Bandar Anzali","province":"Gilan","country":"Iran","latitude":37.4667964863,"longitude":49.4617539777,"coord_type":"general neighborhood","source_1":"https://x.com/Vahid/status/2034635043260211264?s=20","source_2":"","site_prpse":"","sources":""}},{"type":"Feature","geometry":{"type":"Point","coordinates":[51.50415100000001,35.722704]},"properties":{"event_id":1219,"data_org":"Green","post_date":"2026-03-19T00:00:00.000Z","pub_date":"2026-03-19T00:00:00.000Z","strikedate":"2026-03-16T00:00:00.000Z","event_type":"Reported Airstrike","actor":"Israel","site_type":"unknown","siteStype":"NA","city":"","province":"Tehran","country":"Iran","latitude":35.722704,"longitude":51.504151,"coord_type":"general town","source_1":"https://x.com/ayatsubzero/status/2034481655222591627","source_2":"https://x.com/Vahid/status/2034469996416376961","site_prpse":"","sources":"https://x.com/hey_itsmyturn/status/2033520773269524519"}},{"type":"Feature","geometry":{"type":"Point","coordinates":[55.3338676827683,36.20083461080029]},"properties":{"event_id":1220,"data_org":"Green","post_date":"2026-03-19T00:00:00.000Z","pub_date":"2026-03-19T00:00:00.000Z","strikedate":"2026-03-19T00:00:00.000Z","event_type":"Confirmed Airstrike","actor":"UNK","site_type":"military","siteStype":"military : launch site (missile)","city":"Shahroud","province":"Semnan","country":"Iran","latitude":36.2008346108,"longitude":55.3338676828,"coord_type":"exact","source_1":"https://t.me/BenTzionM/7159","source_2":"","site_prpse":"IRGC : Aerospace : missile : operations","sources":""}},{"type":"Feature","geometry":{"type":"Point","coordinates":[54.8838283905713,26.548695742672898]},"properties":{"event_id":1222,"data_org":"Green","post_date":"2026-03-19T00:00:00.000Z","pub_date":"2026-03-19T00:00:00.000Z","strikedate":"2026-03-19T00:00:00.000Z","event_type":"Report of Explosion with Footage","actor":"UNK","site_type":"unknown","siteStype":"NA","city":"Bandar Lengeh","province":"Hormozgan","country":"Iran","latitude":26.5486957427,"longitude":54.8838283906,"coord_type":"exact","source_1":"https://x.com/IranIntl/status/2034695614487834867?s=20","source_2":"","site_prpse":"","sources":""}},{"type":"Feature","geometry":{"type":"Point","coordinates":[51.78114208000001,35.56225053999999]},"properties":{"event_id":1227,"data_org":"Green","post_date":"2026-03-19T00:00:00.000Z","pub_date":"2026-03-20T00:00:00.000Z","strikedate":"2026-03-19T00:00:00.000Z","event_type":"Report of Explosion with Footage","actor":"UNK","site_type":"military","siteStype":"military : industrial","city":"Tehran","province":"Tehran","country":"Iran","latitude":35.56225054,"longitude":51.78114208,"coord_type":"general neighborhood","source_1":"https://x.com/IranIntl/status/2034905061663424591?s=20","source_2":"https://x.com/Vahid/status/2034806673190047842?s=20","site_prpse":"IRGC : Aerospace : drone : production","sources":"https://x.com/Vahid/status/2034804528357253358?s=20; https://x.com/Vahid/status/2034800049708757426?s=20; https://x.com/Vahid/status/2034798788490019134?s=20"}},{"type":"Feature","geometry":{"type":"Point","coordinates":[51.22417,35.69515999999999]},"properties":{"event_id":1235,"data_org":"Green","post_date":"2026-03-19T00:00:00.000Z","pub_date":"2026-03-20T00:00:00.000Z","strikedate":"2026-03-19T00:00:00.000Z","event_type":"Reported Airstrike","actor":"UNK","site_type":"military","siteStype":"","city":"Tehran","province":"Tehran","country":"Iran","latitude":35.69516,"longitude":51.22417,"coord_type":"general town","source_1":"https://x.com/hey_itsmyturn/status/2034776945892712809?s=20","source_2":"","site_prpse":"","sources":""}},{"type":"Feature","geometry":{"type":"Point","coordinates":[57.0820996311138,26.524256609883395]},"properties":{"event_id":1239,"data_org":"Green","post_date":"2026-03-20T00:00:00.000Z","pub_date":"2026-03-20T00:00:00.000Z","strikedate":"2026-03-20T00:00:00.000Z","event_type":"Report of Explosion with Footage","actor":"UNK","site_type":"unknown","siteStype":"","city":"Sirik","province":"Hormozgan","country":"Iran","latitude":26.5242566099,"longitude":57.0820996311,"coord_type":"","source_1":"https://x.com/IranIntl/status/2034906048729944334?s=20","source_2":"https://x.com/hey_itsmyturn/status/2034956204007460880?s=20","site_prpse":"","sources":""}},{"type":"Feature","geometry":{"type":"Point","coordinates":[57.05196823,30.319690399999995]},"properties":{"event_id":1240,"data_org":"Green","post_date":"2026-03-20T00:00:00.000Z","pub_date":"2026-03-20T00:00:00.000Z","strikedate":"2026-03-20T00:00:00.000Z","event_type":"Confirmed Airstrike","actor":"UNK","site_type":"internal security","siteStype":"internal security : IRGC","city":"Kerman","province":"Kerman","country":"Iran","latitude":30.3196904,"longitude":57.05196823,"coord_type":"general neighborhood","source_1":"https://x.com/IranIntl/status/2034907037490962810?s=20","source_2":"https://x.com/ariel_oseran/status/2034830788173189620","site_prpse":"","sources":"https://x.com/mamlekate/status/2034827588237984062?s=20; https://x.com/zarGEOINT/status/2037966128580846040?s=20"}},{"type":"Feature","geometry":{"type":"Point","coordinates":[53.328985800000005,35.77704299999999]},"properties":{"event_id":1241,"data_org":"Green","post_date":"2026-03-20T00:00:00.000Z","pub_date":"2026-03-20T00:00:00.000Z","strikedate":"2026-03-20T00:00:00.000Z","event_type":"Report of Explosion with Footage","actor":"UNK","site_type":"internal security","siteStype":"internal security : IRGC","city":"Shahmirzad","province":"Semnan","country":"Iran","latitude":35.777043,"longitude":53.3289858,"coord_type":"general town","source_1":"https://x.com/hey_itsmyturn/status/2034919195343733105?s=20","source_2":"","site_prpse":"","sources":""}},{"type":"Feature","geometry":{"type":"Point","coordinates":[51.026667,35.746531]},"properties":{"event_id":1242,"data_org":"Green","post_date":"2026-03-20T00:00:00.000Z","pub_date":"2026-03-20T00:00:00.000Z","strikedate":"2026-03-11T00:00:00.000Z","event_type":"Confirmed Airstrike","actor":"US","site_type":"military","siteStype":"military : industrial","city":"Karaj","province":"Alborz","country":"Iran","latitude":35.746531,"longitude":51.026667,"coord_type":"exact","source_1":"https://x.com/EndlessWint_r/status/2034924113785921841?s=20","source_2":"https://x.com/CENTCOM/status/2034722725323821095?s=20","site_prpse":"IRGC : Aerospace : missile : production","sources":"https://t.me/BenTzionM/7163"}},{"type":"Feature","geometry":{"type":"Point","coordinates":[51.4465149747685,35.738838173391095]},"properties":{"event_id":1244,"data_org":"Green","post_date":"2026-03-20T00:00:00.000Z","pub_date":"2026-03-20T00:00:00.000Z","strikedate":"2026-03-20T00:00:00.000Z","event_type":"Reported Airstrike","actor":"UNK","site_type":"civilian","siteStype":"civilian : unknown","city":"Tehran","province":"Tehran","country":"Iran","latitude":35.7388381734,"longitude":51.4465149748,"coord_type":"exact","source_1":"https://x.com/Osint613/status/2034940938678645181?s=20","source_2":"https://x.com/Vahid/status/2034972063010574743?s=20","site_prpse":"","sources":""}},{"type":"Feature","geometry":{"type":"Point","coordinates":[56.200471459413606,27.159606778770605]},"properties":{"event_id":1245,"data_org":"Green","post_date":"2026-03-20T00:00:00.000Z","pub_date":"2026-03-20T00:00:00.000Z","strikedate":"2026-03-20T00:00:00.000Z","event_type":"Report of Explosion with Footage","actor":"UNK","site_type":"unknown","siteStype":"NA","city":"Bandar Abbas","province":"Hormozgan","country":"Iran","latitude":27.1596067788,"longitude":56.2004714594,"coord_type":"general neighborhood","source_1":"https://x.com/IranIntl/status/2034945019623153838?s=20","source_2":"https://x.com/IranIntl/status/2034748658902528328?s=20","site_prpse":"","sources":"https://x.com/hey_itsmyturn/status/2034930481792167985?s=20"}},{"type":"Feature","geometry":{"type":"Point","coordinates":[51.808734211274704,32.444487303660885]},"properties":{"event_id":1247,"data_org":"Green","post_date":"2026-03-20T00:00:00.000Z","pub_date":"2026-03-20T00:00:00.000Z","strikedate":"2026-03-20T00:00:00.000Z","event_type":"Report of Explosion with Footage","actor":"UNK","site_type":"military","siteStype":"military : missile base","city":"Baharestan","province":"Esfahan","country":"Iran","latitude":32.4444873037,"longitude":51.8087342113,"coord_type":"general town","source_1":"https://x.com/IranIntl/status/2034947821112078727?s=20","source_2":"","site_prpse":"IRGC : Aerospace : missile : operations","sources":""}},{"type":"Feature","geometry":{"type":"Point","coordinates":[53.39446399999999,35.595271000000004]},"properties":{"event_id":1248,"data_org":"Green","post_date":"2026-03-20T00:00:00.000Z","pub_date":"2026-03-20T00:00:00.000Z","strikedate":"2026-03-20T00:00:00.000Z","event_type":"Reported Airstrike","actor":"UNK","site_type":"internal security","siteStype":"internal security : Basij","city":"Semnan","province":"Semnan","country":"Iran","latitude":35.595271,"longitude":53.394464,"coord_type":"exact","source_1":"https://x.com/mamlekate/status/2034952271620968650?s=20","source_2":"https://x.com/WillUnderhill23/status/2034964882538258559?s=20","site_prpse":"","sources":"https://x.com/hey_itsmyturn/status/2034960381982970214?s=20; https://x.com/zarGEOINT/status/2034976889605939409?s=20; https://t.me/kianmeli1/84883"}},{"type":"Feature","geometry":{"type":"Point","coordinates":[56.38427633999999,27.237228339999987]},"properties":{"event_id":1256,"data_org":"Green","post_date":"2026-03-20T00:00:00.000Z","pub_date":"2026-03-20T00:00:00.000Z","strikedate":"2026-03-20T00:00:00.000Z","event_type":"Report of Explosion with Footage","actor":"UNK","site_type":"military","siteStype":"military : airbase","city":"Bandar Abbas","province":"Hormozgan","country":"Iran","latitude":27.23722834,"longitude":56.38427634,"coord_type":"","source_1":"https://x.com/Vahid/status/2034995577235087647","source_2":"","site_prpse":"","sources":""}},{"type":"Feature","geometry":{"type":"Point","coordinates":[51.40339800000001,35.703706000000004]},"properties":{"event_id":1263,"data_org":"Green","post_date":"2026-03-20T00:00:00.000Z","pub_date":"2026-03-20T00:00:00.000Z","strikedate":"2026-03-20T00:00:00.000Z","event_type":"Confirmed Airstrike","actor":"UNK","site_type":"internal security","siteStype":"internal security : IRGC","city":"Tehran","province":"Tehran","country":"Iran","latitude":35.703706,"longitude":51.403398,"coord_type":"general neighborhood","source_1":"https://x.com/hey_itsmyturn/status/2035046104186683683","source_2":"","site_prpse":"","sources":""}},{"type":"Feature","geometry":{"type":"Point","coordinates":[51.625481,32.779479]},"properties":{"event_id":1264,"data_org":"Green","post_date":"2026-03-20T00:00:00.000Z","pub_date":"2026-03-21T00:00:00.000Z","strikedate":"2026-03-12T00:00:00.000Z","event_type":"Confirmed Airstrike","actor":"US","site_type":"military","siteStype":"military : industrial","city":"Khorzuq","province":"Esfahan","country":"Iran","latitude":32.779479,"longitude":51.625481,"coord_type":"exact","source_1":"https://x.com/CENTCOM/status/2035074369014174009","source_2":"https://x.com/ayatsubzero/status/2035084082971812315?s=20","site_prpse":"IRGC : Aerospace : drone : production","sources":""}},{"type":"Feature","geometry":{"type":"Point","coordinates":[56.2032669368317,27.149378680495705]},"properties":{"event_id":1265,"data_org":"Green","post_date":"2026-03-20T00:00:00.000Z","pub_date":"2026-03-21T00:00:00.000Z","strikedate":"2026-03-20T00:00:00.000Z","event_type":"Reported Airstrike","actor":"UNK","site_type":"civilian","siteStype":"","city":"Bandar Abbas","province":"Hormozgan","country":"Iran","latitude":27.1493786805,"longitude":56.2032669368,"coord_type":"exact","source_1":"https://x.com/ariel_oseran/status/2035143653018964245","source_2":"https://x.com/AlHadath/status/2035236384911261720?s=20","site_prpse":"","sources":""}},{"type":"Feature","geometry":{"type":"Point","coordinates":[60.6216793255398,25.2967453781059]},"properties":{"event_id":1266,"data_org":"Green","post_date":"2026-03-20T00:00:00.000Z","pub_date":"2026-03-21T00:00:00.000Z","strikedate":"2026-03-20T00:00:00.000Z","event_type":"Reported Airstrike","actor":"UNK","site_type":"civilian","siteStype":"","city":"Chabahar","province":"Sistan and Baluchistan","country":"Iran","latitude":25.2967453781,"longitude":60.6216793255,"coord_type":"general town","source_1":"https://x.com/ariel_oseran/status/2035143653018964245","source_2":"","site_prpse":"","sources":""}},{"type":"Feature","geometry":{"type":"Point","coordinates":[50.67712,36.86691999999999]},"properties":{"event_id":1269,"data_org":"Green","post_date":"2026-03-20T00:00:00.000Z","pub_date":"2026-03-21T00:00:00.000Z","strikedate":"2026-03-20T00:00:00.000Z","event_type":"Report of Explosion with Footage","actor":"UNK","site_type":"unknown","siteStype":"","city":"Ramsar","province":"Mazandaran","country":"Iran","latitude":36.86692,"longitude":50.67712,"coord_type":"exact","source_1":"https://x.com/hey_itsmyturn/status/2035154300607803428?s=20","source_2":"https://x.com/IranIntl/status/2035290712749535433?s=20","site_prpse":"","sources":"https://x.com/Vahid/status/2035390272981336526?s=20; https://x.com/hey_itsmyturn/status/2035439346921124223?s=20"}},{"type":"Feature","geometry":{"type":"Point","coordinates":[51.4751222281567,35.70344763000001]},"properties":{"event_id":1274,"data_org":"Green","post_date":"2026-03-21T00:00:00.000Z","pub_date":"2026-03-21T00:00:00.000Z","strikedate":"2026-03-21T00:00:00.000Z","event_type":"Report of Explosion with Footage","actor":"UNK","site_type":"military","siteStype":"military : airbase","city":"Tehran","province":"Tehran","country":"Iran","latitude":35.70344763,"longitude":51.4751222282,"coord_type":"exact","source_1":"https://x.com/hey_itsmyturn/status/2035255260856381557?s=20","source_2":"https://x.com/hey_itsmyturn/status/2035256413862203725?s=20","site_prpse":"","sources":""}},{"type":"Feature","geometry":{"type":"Point","coordinates":[50.9520113171068,28.955890991680896]},"properties":{"event_id":1275,"data_org":"Green","post_date":"2026-03-21T00:00:00.000Z","pub_date":"2026-03-21T00:00:00.000Z","strikedate":"2026-03-21T00:00:00.000Z","event_type":"Report of Explosion with Footage","actor":"UNK","site_type":"military","siteStype":"military : industrial","city":"Bushehr","province":"Bushehr","country":"Iran","latitude":28.9558909917,"longitude":50.9520113171,"coord_type":"general town","source_1":"https://x.com/IranIntl/status/2035261213655928901?s=20","source_2":"","site_prpse":"","sources":""}},{"type":"Feature","geometry":{"type":"Point","coordinates":[50.8367099392361,28.880096759580102]},"properties":{"event_id":1277,"data_org":"Green","post_date":"2026-03-21T00:00:00.000Z","pub_date":"2026-03-21T00:00:00.000Z","strikedate":"2026-03-21T00:00:00.000Z","event_type":"Report of Explosion with Footage","actor":"UNK","site_type":"military","siteStype":"military : naval base","city":"Bushehr","province":"Bushehr","country":"Iran","latitude":28.8800967596,"longitude":50.8367099392,"coord_type":"exact","source_1":"https://x.com/IranIntl/status/2035285086656987465?s=20","source_2":"https://x.com/IranIntl/status/2035272380625408298?s=20","site_prpse":"unknown","sources":""}},{"type":"Feature","geometry":{"type":"Point","coordinates":[51.7216162,33.72526627]},"properties":{"event_id":1279,"data_org":"Green","post_date":"2026-03-21T00:00:00.000Z","pub_date":"2026-03-21T00:00:00.000Z","strikedate":"2026-03-21T00:00:00.000Z","event_type":"Reported Airstrike","actor":"UNK","site_type":"nuclear","siteStype":"nuclear: production","city":"Deh Zireh","province":"Esfahan","country":"Iran","latitude":33.72526627,"longitude":51.7216162,"coord_type":"general neighborhood","source_1":"https://x.com/iaeaorg/status/2035300805708804229?s=20","source_2":"https://t.me/Tasnimnews/399339","site_prpse":"Nuclear : Centrifuges","sources":"https://www.timesofisrael.com/liveblog_entry/report-us-carried-out-strike-on-natanz-enrichment-facility-using-bunker-buster-bombs/; https://x.com/sentdefender/status/2035348233656877347?s=20"}},{"type":"Feature","geometry":{"type":"Point","coordinates":[48.3727112,32.442985799999995]},"properties":{"event_id":1280,"data_org":"Green","post_date":"2026-03-21T00:00:00.000Z","pub_date":"2026-03-21T00:00:00.000Z","strikedate":"2026-03-21T00:00:00.000Z","event_type":"Report of Explosion with Footage","actor":"UNK","site_type":"military","siteStype":"military : airbase","city":"Dezful","province":"Khuzestan","country":"Iran","latitude":32.4429858,"longitude":48.3727112,"coord_type":"exact","source_1":"https://x.com/IranIntl/status/2035316133952119076?s=20","source_2":"https://x.com/IranIntl/status/2035298348345836013?s=20","site_prpse":"","sources":"https://x.com/Grimm_Intel/status/2035323431730675817; https://x.com/MarioLeb79/status/2035324632094409067?s=20; https://x.com/sentdefender/status/2035372439924871625?s=20; https://x.com/Osint613/status/2035408750354346447?s=20; https://x.com/IranIntl/sta"}},{"type":"Feature","geometry":{"type":"Point","coordinates":[51.34315,32.6659]},"properties":{"event_id":1283,"data_org":"Green","post_date":"2026-03-21T00:00:00.000Z","pub_date":"2026-03-21T00:00:00.000Z","strikedate":"2026-03-21T00:00:00.000Z","event_type":"Report of Explosion with Footage","actor":"UNK","site_type":"unknown","siteStype":"NA","city":"NajafAbad","province":"Esfahan","country":"Iran","latitude":32.6659,"longitude":51.34315,"coord_type":"","source_1":"https://x.com/IranIntl/status/2035334554072780994?s=20","source_2":"","site_prpse":"","sources":""}},{"type":"Feature","geometry":{"type":"Point","coordinates":[50.646357569,35.98775059999999]},"properties":{"event_id":1284,"data_org":"Green","post_date":"2026-03-21T00:00:00.000Z","pub_date":"2026-03-21T00:00:00.000Z","strikedate":"2026-03-21T00:00:00.000Z","event_type":"Confirmed Airstrike","actor":"Israel","site_type":"military","siteStype":"military : industrial","city":"Tehran","province":"Tehran","country":"Iran","latitude":35.9877506,"longitude":50.646357569,"coord_type":"exact","source_1":"https://x.com/AvichayAdraee/status/2035339894080352604","source_2":"https://x.com/Iran_Tracker/status/2035355263620763669?s=20","site_prpse":"IRGC : Aerospace : missile : production","sources":""}},{"type":"Feature","geometry":{"type":"Point","coordinates":[51.4814570401167,35.809226637820494]},"properties":{"event_id":1355,"data_org":"Green","post_date":"2026-03-22T00:00:00.000Z","pub_date":"2026-03-23T00:00:00.000Z","strikedate":"2026-03-22T00:00:00.000Z","event_type":"Report of Explosion with Footage","actor":"UNK","site_type":"unknown","siteStype":"","city":"Tehran","province":"Tehran","country":"Iran","latitude":35.8092266378,"longitude":51.4814570401,"coord_type":"general neighborhood","source_1":"https://x.com/Vahid/status/2035867206613962899","source_2":"","site_prpse":"","sources":""}},{"type":"Feature","geometry":{"type":"Point","coordinates":[56.2883925586252,27.198524708481308]},"properties":{"event_id":1363,"data_org":"Green","post_date":"2026-03-22T00:00:00.000Z","pub_date":"2026-03-23T00:00:00.000Z","strikedate":"2026-03-22T00:00:00.000Z","event_type":"Reported Airstrike","actor":"UNK","site_type":"political","siteStype":"political : news","city":"Bandar Abbas","province":"Hormozgan","country":"Iran","latitude":27.1985247085,"longitude":56.2883925586,"coord_type":"general neighborhood","source_1":"https://x.com/IranIntl/status/2035880047215579291?s=20","source_2":"https://x.com/IranIntl/status/2036026820366147855?s=20","site_prpse":"","sources":""}},{"type":"Feature","geometry":{"type":"Point","coordinates":[50.90276997,35.623873870000004]},"properties":{"event_id":1365,"data_org":"Green","post_date":"2026-03-22T00:00:00.000Z","pub_date":"2026-03-23T00:00:00.000Z","strikedate":"2026-03-22T00:00:00.000Z","event_type":"Reported Airstrike","actor":"UNK","site_type":"military","siteStype":"military : missile base","city":"Bidkaneh","province":"Tehran","country":"Iran","latitude":35.62387387,"longitude":50.90276997,"coord_type":"general neighborhood","source_1":"https://x.com/ariel_oseran/status/2035883071073874384","source_2":"https://x.com/IranIntl/status/2035894309245919455?s=20","site_prpse":"IRGC : Aerospace : missile : operations","sources":"https://t.me/BenTzionM/7523"}},{"type":"Feature","geometry":{"type":"Point","coordinates":[50.825311394552095,28.95815016294289]},"properties":{"event_id":1373,"data_org":"Green","post_date":"2026-03-22T00:00:00.000Z","pub_date":"2026-03-23T00:00:00.000Z","strikedate":"2026-03-22T00:00:00.000Z","event_type":"Reported Airstrike","actor":"UNK","site_type":"military","siteStype":"military : airbase","city":"Bushehr","province":"Bushehr","country":"Iran","latitude":28.9581501629,"longitude":50.8253113946,"coord_type":"exact","source_1":"https://x.com/ariel_oseran/status/2035894639371157666","source_2":"https://x.com/IranIntl/status/2035901844904374290?s=20","site_prpse":"","sources":"https://x.com/IranIntl/status/2036005705484738933?s=20; https://x.com/IranIntl/status/2036010217792573739?s=20"}},{"type":"Feature","geometry":{"type":"Point","coordinates":[50.804269999999995,34.796394]},"properties":{"event_id":1374,"data_org":"Green","post_date":"2026-03-22T00:00:00.000Z","pub_date":"2026-03-23T00:00:00.000Z","strikedate":"2026-03-06T00:00:00.000Z","event_type":"Confirmed Airstrike","actor":"US","site_type":"military","siteStype":"military : industrial","city":"Qom","province":"Qom","country":"Iran","latitude":34.796394,"longitude":50.80427,"coord_type":"exact","source_1":"https://x.com/CENTCOM/status/2035895963118711270?s=20","source_2":"https://x.com/AmiRojkes/status/2035967915170656577?s=20","site_prpse":"IRGC : Aerospace : drone : production","sources":"https://x.com/EndlessWint_r/status/2036025856045281403?s=20; https://x.com/BenTzionMacales/status/2035945908953583849?s=20"}},{"type":"Feature","geometry":{"type":"Point","coordinates":[51.032462899914805,35.7650850282248]},"properties":{"event_id":1379,"data_org":"Green","post_date":"2026-03-22T00:00:00.000Z","pub_date":"2026-03-23T00:00:00.000Z","strikedate":"2026-03-22T00:00:00.000Z","event_type":"Reported Airstrike","actor":"UNK","site_type":"military","siteStype":"","city":"Karaj","province":"Alborz","country":"Iran","latitude":35.7650850282,"longitude":51.0324628999,"coord_type":"exact","source_1":"https://x.com/Vahid/status/2035919269825810627","source_2":"","site_prpse":"","sources":""}},{"type":"Feature","geometry":{"type":"Point","coordinates":[54.357145011104,31.748545810095504]},"properties":{"event_id":1383,"data_org":"Green","post_date":"2026-03-23T00:00:00.000Z","pub_date":"2026-03-23T00:00:00.000Z","strikedate":"2026-03-23T00:00:00.000Z","event_type":"Reported Airstrike","actor":"UNK","site_type":"military","siteStype":"military : base","city":"Yazd","province":"Yazd","country":"Iran","latitude":31.7485458101,"longitude":54.3571450111,"coord_type":"exact","source_1":"https://x.com/Vahid/status/2035936722723262847","source_2":"https://x.com/ayatsubzero/status/2035947459331940676","site_prpse":"","sources":"https://x.com/hey_itsmyturn/status/2035938679080751183?s=20"}},{"type":"Feature","geometry":{"type":"Point","coordinates":[51.455673000000004,35.799795]},"properties":{"event_id":1384,"data_org":"Green","post_date":"2026-03-23T00:00:00.000Z","pub_date":"2026-03-23T00:00:00.000Z","strikedate":"2026-03-22T00:00:00.000Z","event_type":"Report of Explosion with Footage","actor":"UNK","site_type":"unknown","siteStype":"NA","city":"Tajrish","province":"Tehran","country":"Iran","latitude":35.799795,"longitude":51.455673,"coord_type":"general neighborhood","source_1":"https://x.com/ayatsubzero/status/2035938039474651324?s=20","source_2":"https://x.com/Vahid/status/2035933712144023655?s=20","site_prpse":"","sources":""}},{"type":"Feature","geometry":{"type":"Point","coordinates":[48.34929999999999,33.53349999999999]},"properties":{"event_id":1385,"data_org":"Green","post_date":"2026-03-23T00:00:00.000Z","pub_date":"2026-03-23T00:00:00.000Z","strikedate":"2026-03-22T00:00:00.000Z","event_type":"Reported Airstrike","actor":"UNK","site_type":"unknown","siteStype":"NA","city":"Khorramabad","province":"Lorestan","country":"Iran","latitude":33.5335,"longitude":48.3493,"coord_type":"general neighborhood","source_1":"https://x.com/hey_itsmyturn/status/2035936649725518139?s=20","source_2":"","site_prpse":"","sources":""}},{"type":"Feature","geometry":{"type":"Point","coordinates":[51.4729051274688,35.76232944930069]},"properties":{"event_id":1386,"data_org":"Green","post_date":"2026-03-23T00:00:00.000Z","pub_date":"2026-03-23T00:00:00.000Z","strikedate":"2026-03-23T00:00:00.000Z","event_type":"Reported Airstrike","actor":"UNK","site_type":"unknown","siteStype":"civilian : building","city":"Tehran","province":"Tehran","country":"Iran","latitude":35.7623294493,"longitude":51.4729051275,"coord_type":"general town","source_1":"https://t.me/BenTzionM/7205","source_2":"https://x.com/Vahid/status/2035928342541611026","site_prpse":"","sources":""}},{"type":"Feature","geometry":{"type":"Point","coordinates":[51.489169,35.796076]},"properties":{"event_id":1387,"data_org":"Green","post_date":"2026-03-23T00:00:00.000Z","pub_date":"2026-03-23T00:00:00.000Z","strikedate":"2026-03-23T00:00:00.000Z","event_type":"Reported Airstrike","actor":"UNK","site_type":"military","siteStype":"military : industrial","city":"Tehran","province":"Tehran","country":"Iran","latitude":35.796076,"longitude":51.489169,"coord_type":"exact","source_1":"https://x.com/EndlessWint_r/status/2035997174786376014?s=20","source_2":"https://x.com/Vahid/status/2035970495997202505?s=20","site_prpse":"IRGC : Aerospace : missile : guidance systems","sources":"https://x.com/hey_itsmyturn/status/2036031472218280064?s=20; https://x.com/ManotoNews/status/2035986672949621191; https://x.com/Osint613/status/2035972964768755945"}},{"type":"Feature","geometry":{"type":"Point","coordinates":[46.389298374317,38.05351435918299]},"properties":{"event_id":1388,"data_org":"Green","post_date":"2026-03-23T00:00:00.000Z","pub_date":"2026-03-23T00:00:00.000Z","strikedate":"2026-03-23T00:00:00.000Z","event_type":"Report of Explosion with Footage","actor":"UNK","site_type":"unknown","siteStype":"NA","city":"Tabriz","province":"East Azerbaijan","country":"Iran","latitude":38.0535143592,"longitude":46.3892983743,"coord_type":"general neighborhood","source_1":"https://x.com/IranIntl/status/2035979485753860417?s=20","source_2":"https://x.com/IranIntl/status/2036030266053988610?s=20","site_prpse":"","sources":"https://x.com/mamlekate/status/2036046515995599301"}},{"type":"Feature","geometry":{"type":"Point","coordinates":[51.4713577766513,35.691361265117]},"properties":{"event_id":1389,"data_org":"Green","post_date":"2026-03-23T00:00:00.000Z","pub_date":"2026-03-23T00:00:00.000Z","strikedate":"2026-03-23T00:00:00.000Z","event_type":"Report of Explosion with Footage","actor":"UNK","site_type":"unknown","siteStype":"NA","city":"Tehran","province":"Tehran","country":"Iran","latitude":35.6913612651,"longitude":51.4713577767,"coord_type":"exact","source_1":"https://x.com/IranIntl/status/2035984499469656179?s=20","source_2":"","site_prpse":"","sources":""}},{"type":"Feature","geometry":{"type":"Point","coordinates":[55.692674,29.497942000000002]},"properties":{"event_id":1396,"data_org":"Green","post_date":"2026-03-23T00:00:00.000Z","pub_date":"2026-03-23T00:00:00.000Z","strikedate":"2026-03-23T00:00:00.000Z","event_type":"Report of Explosion with Footage","actor":"UNK","site_type":"military","siteStype":"military : naval base","city":"Sirjan","province":"Kerman","country":"Iran","latitude":29.497942,"longitude":55.692674,"coord_type":"exact","source_1":"https://x.com/acceladealer/status/2036016461899018422?s=20","source_2":"https://x.com/mamlekate/status/2035978994500153439?s=20","site_prpse":"","sources":"https://x.com/Osint613/status/2036013358613221576?s=20"}},{"type":"Feature","geometry":{"type":"Point","coordinates":[51.4762363473549,35.7672097139881]},"properties":{"event_id":1397,"data_org":"Green","post_date":"2026-03-23T00:00:00.000Z","pub_date":"2026-03-23T00:00:00.000Z","strikedate":"2026-03-23T00:00:00.000Z","event_type":"Report of Explosion with Footage","actor":"UNK","site_type":"unknown","siteStype":"NA","city":"Tehran","province":"Tehran","country":"Iran","latitude":35.767209714,"longitude":51.4762363474,"coord_type":"general town","source_1":"https://x.com/IranIntl/status/2036027029355651309?s=20","source_2":"https://x.com/Goftaniha/status/2037189968104226969","site_prpse":"","sources":""}},{"type":"Feature","geometry":{"type":"Point","coordinates":[52.3319238098606,27.791691484891192]},"properties":{"event_id":1398,"data_org":"Green","post_date":"2026-03-23T00:00:00.000Z","pub_date":"2026-03-23T00:00:00.000Z","strikedate":"2026-03-21T00:00:00.000Z","event_type":"Report of Explosion with Footage","actor":"UNK","site_type":"military","siteStype":"military : missile base","city":"Jam","province":"Bushehr","country":"Iran","latitude":27.7916914849,"longitude":52.3319238099,"coord_type":"general neighborhood","source_1":"https://x.com/IranIntl/status/2036032468550136134?s=20","source_2":"","site_prpse":"IRGC : Aerospace : missile : operations","sources":""}},{"type":"Feature","geometry":{"type":"Point","coordinates":[51.51666,35.7999]},"properties":{"event_id":1399,"data_org":"Green","post_date":"2026-03-23T00:00:00.000Z","pub_date":"2026-03-23T00:00:00.000Z","strikedate":"2026-03-21T00:00:00.000Z","event_type":"Reported Airstrike","actor":"UNK","site_type":"unknown","siteStype":"NA","city":"Tehran","province":"Tehran","country":"Iran","latitude":35.7999,"longitude":51.51666,"coord_type":"general town","source_1":"https://x.com/hey_itsmyturn/status/2036033138019762537?s=20","source_2":"","site_prpse":"","sources":""}},{"type":"Feature","geometry":{"type":"Point","coordinates":[51.484418000000005,35.69257999999999]},"properties":{"event_id":1400,"data_org":"Green","post_date":"2026-03-23T00:00:00.000Z","pub_date":"2026-03-23T00:00:00.000Z","strikedate":"2026-03-23T00:00:00.000Z","event_type":"Reported Airstrike","actor":"UNK","site_type":"unknown","siteStype":"NA","city":"Tehran","province":"Tehran","country":"Iran","latitude":35.69258,"longitude":51.484418,"coord_type":"general neighborhood","source_1":"https://x.com/hey_itsmyturn/status/2036036411825012872?s=20","source_2":"https://x.com/acceladealer/status/2036005812687065129?s=20","site_prpse":"","sources":"https://x.com/FattahiFarzad/status/2036010667245768764?s=20; https://t.me/mamlekate/102134"}},{"type":"Feature","geometry":{"type":"Point","coordinates":[48.399618168146105,32.38278313672598]},"properties":{"event_id":1401,"data_org":"Green","post_date":"2026-03-23T00:00:00.000Z","pub_date":"2026-03-23T00:00:00.000Z","strikedate":"2026-03-23T00:00:00.000Z","event_type":"Report of Explosion with Footage","actor":"UNK","site_type":"military","siteStype":"military : base","city":"Dezful","province":"Khuzestan","country":"Iran","latitude":32.3827831367,"longitude":48.3996181681,"coord_type":"","source_1":"https://x.com/IranIntl/status/2036051954040971572?s=20","source_2":"","site_prpse":"","sources":""}},{"type":"Feature","geometry":{"type":"Point","coordinates":[51.5211855026238,35.7290823984868]},"properties":{"event_id":1402,"data_org":"Green","post_date":"2026-03-23T00:00:00.000Z","pub_date":"2026-03-23T00:00:00.000Z","strikedate":"2026-03-23T00:00:00.000Z","event_type":"Reported Airstrike","actor":"UNK","site_type":"unknown","siteStype":"","city":"Tehran","province":"Tehran","country":"Iran","latitude":35.7290823985,"longitude":51.5211855026,"coord_type":"exact","source_1":"https://t.me/VahidOnline/73136","source_2":"https://x.com/IranIntl/status/2035935661316821173?s=20","site_prpse":"","sources":"https://x.com/IranIntl/status/2036083029710684546?s=20"}},{"type":"Feature","geometry":{"type":"Point","coordinates":[51.0584640598158,35.654633957221186]},"properties":{"event_id":1403,"data_org":"Green","post_date":"2026-03-23T00:00:00.000Z","pub_date":"2026-03-23T00:00:00.000Z","strikedate":"2026-03-23T00:00:00.000Z","event_type":"Reported Airstrike","actor":"UNK","site_type":"unknown","siteStype":"","city":"Shahriar","province":"Tehran","country":"Iran","latitude":35.6546339572,"longitude":51.0584640598,"coord_type":"general town","source_1":"https://t.me/VahidOnline/73136","source_2":"","site_prpse":"","sources":""}},{"type":"Feature","geometry":{"type":"Point","coordinates":[51.226400352179,35.7069487511996]},"properties":{"event_id":1404,"data_org":"Green","post_date":"2026-03-23T00:00:00.000Z","pub_date":"2026-03-23T00:00:00.000Z","strikedate":"2026-03-23T00:00:00.000Z","event_type":"Reported Airstrike","actor":"UNK","site_type":"unknown","siteStype":"","city":"Tehran","province":"Tehran","country":"Iran","latitude":35.7069487512,"longitude":51.2264003522,"coord_type":"general neighborhood","source_1":"https://t.me/VahidOnline/73136","source_2":"","site_prpse":"","sources":""}},{"type":"Feature","geometry":{"type":"Point","coordinates":[51.147479457002504,36.4995368140724]},"properties":{"event_id":1407,"data_org":"Green","post_date":"2026-03-23T00:00:00.000Z","pub_date":"2026-03-23T00:00:00.000Z","strikedate":"2026-03-23T00:00:00.000Z","event_type":"Reported Airstrike","actor":"UNK","site_type":"unknown","siteStype":"","city":"Kelardasht","province":"Mazandaran","country":"Iran","latitude":36.4995368141,"longitude":51.147479457,"coord_type":"POV","source_1":"https://t.me/VahidOnline/73136","source_2":"https://x.com/IranIntl/status/2036079773202477163?s=20","site_prpse":"","sources":""}},{"type":"Feature","geometry":{"type":"Point","coordinates":[51.425736163073395,35.6043202562152]},"properties":{"event_id":1409,"data_org":"Green","post_date":"2026-03-23T00:00:00.000Z","pub_date":"2026-03-23T00:00:00.000Z","strikedate":"2026-03-23T00:00:00.000Z","event_type":"Reported Airstrike","actor":"UNK","site_type":"unknown","siteStype":"","city":"Tehran","province":"Tehran","country":"Iran","latitude":35.6043202562,"longitude":51.4257361631,"coord_type":"general neighborhood","source_1":"https://t.me/VahidOnline/73136","source_2":"","site_prpse":"","sources":""}},{"type":"Feature","geometry":{"type":"Point","coordinates":[51.20604,35.70058399999999]},"properties":{"event_id":1411,"data_org":"Green","post_date":"2026-03-23T00:00:00.000Z","pub_date":"2026-03-23T00:00:00.000Z","strikedate":"2026-03-23T00:00:00.000Z","event_type":"Report of Explosion with Footage","actor":"UNK","site_type":"military","siteStype":"","city":"Tehran","province":"Tehran","country":"Iran","latitude":35.700584,"longitude":51.20604,"coord_type":"POV","source_1":"https://x.com/Vahid/status/2036070044820451614","source_2":"https://x.com/acceladealer/status/2036086373363376609","site_prpse":"","sources":"https://t.me/kianmeli1/85146; https://www.openstreetmap.org/node/5763760126#map=19/35.700867/51.205481"}},{"type":"Feature","geometry":{"type":"Point","coordinates":[51.1822011723569,35.71513311708039]},"properties":{"event_id":1412,"data_org":"Green","post_date":"2026-03-23T00:00:00.000Z","pub_date":"2026-03-23T00:00:00.000Z","strikedate":"2026-03-23T00:00:00.000Z","event_type":"Report of Explosion with Footage","actor":"UNK","site_type":"unknown","siteStype":"NA","city":"Tehran","province":"Tehran","country":"Iran","latitude":35.7151331171,"longitude":51.1822011724,"coord_type":"general town","source_1":"https://x.com/IranIntl/status/2036072820564693121?s=20","source_2":"","site_prpse":"","sources":""}},{"type":"Feature","geometry":{"type":"Point","coordinates":[46.32940000000001,38.10189999999999]},"properties":{"event_id":1413,"data_org":"Green","post_date":"2026-03-23T00:00:00.000Z","pub_date":"2026-03-23T00:00:00.000Z","strikedate":"2026-03-23T00:00:00.000Z","event_type":"Report of Explosion with Footage","actor":"UNK","site_type":"unknown","siteStype":"","city":"Tabriz","province":"East Azerbaijan","country":"Iran","latitude":38.1019,"longitude":46.3294,"coord_type":"general town","source_1":"https://x.com/Osint613/status/2036074655270789560","source_2":"","site_prpse":"","sources":""}},{"type":"Feature","geometry":{"type":"Point","coordinates":[51.6856316743838,32.62181731200239]},"properties":{"event_id":1414,"data_org":"Green","post_date":"2026-03-23T00:00:00.000Z","pub_date":"2026-03-23T00:00:00.000Z","strikedate":"2026-03-23T00:00:00.000Z","event_type":"Report of Explosion with Footage","actor":"UNK","site_type":"unknown","siteStype":"","city":"Esfahan","province":"Esfahan","country":"Iran","latitude":32.621817312,"longitude":51.6856316744,"coord_type":"exact","source_1":"https://x.com/Vahid/status/2036080135267324289","source_2":"https://x.com/IranIntl/status/2036101900999795184?s=20","site_prpse":"","sources":"https://x.com/IranIntl/status/2036115051103302043?s=20; https://x.com/IranIntl/status/2036121499585691837?s=20"}},{"type":"Feature","geometry":{"type":"Point","coordinates":[51.398085676126,35.692542353769895]},"properties":{"event_id":1443,"data_org":"Green","post_date":"2026-03-23T00:00:00.000Z","pub_date":"2026-03-24T00:00:00.000Z","strikedate":"2026-03-23T00:00:00.000Z","event_type":"Report of Explosion with Footage","actor":"UNK","site_type":"unknown","siteStype":"NA","city":"Tehran","province":"Tehran","country":"Iran","latitude":35.6925423538,"longitude":51.3980856761,"coord_type":"","source_1":"https://x.com/IranIntl/status/2036208541644537869?s=20","source_2":"","site_prpse":"","sources":""}},{"type":"Feature","geometry":{"type":"Point","coordinates":[46.2574344795655,38.0815606555391]},"properties":{"event_id":1444,"data_org":"Green","post_date":"2026-03-23T00:00:00.000Z","pub_date":"2026-03-24T00:00:00.000Z","strikedate":"2026-03-23T00:00:00.000Z","event_type":"Report of Explosion with Footage","actor":"UNK","site_type":"unknown","siteStype":"","city":"Tabriz","province":"East Azerbaijan","country":"Iran","latitude":38.0815606555,"longitude":46.2574344796,"coord_type":"exact","source_1":"https://x.com/Vahid/status/2036210909601755215","source_2":"","site_prpse":"","sources":""}},{"type":"Feature","geometry":{"type":"Point","coordinates":[46.2328753758222,37.39029781833969]},"properties":{"event_id":1445,"data_org":"Green","post_date":"2026-03-23T00:00:00.000Z","pub_date":"2026-03-24T00:00:00.000Z","strikedate":"2026-03-23T00:00:00.000Z","event_type":"Report of Explosion with Footage","actor":"UNK","site_type":"unknown","siteStype":"NA","city":"Maragheh","province":"East Azerbaijan","country":"Iran","latitude":37.3902978183,"longitude":46.2328753758,"coord_type":"general neighborhood","source_1":"https://x.com/IranIntl/status/2036246911682752784?s=20","source_2":"https://x.com/Tina34832552745/status/2036235534335639717?s=20","site_prpse":"","sources":"https://x.com/IranIntl/status/2036121499585691837?s=20"}},{"type":"Feature","geometry":{"type":"Point","coordinates":[46.127094,38.2473655]},"properties":{"event_id":1448,"data_org":"Green","post_date":"2026-03-24T00:00:00.000Z","pub_date":"2026-03-24T00:00:00.000Z","strikedate":"2026-03-24T00:00:00.000Z","event_type":"Report of Explosion with Footage","actor":"UNK","site_type":"military","siteStype":"military : missile base","city":"Ammnad","province":"East Azerbaijan","country":"Iran","latitude":38.2473655,"longitude":46.127094,"coord_type":"exact","source_1":"https://x.com/hey_itsmyturn/status/2036362665245687879","source_2":"","site_prpse":"IRGC : Aerospace : missile : operations","sources":""}},{"type":"Feature","geometry":{"type":"Point","coordinates":[51.543122367708705,32.869108159766995]},"properties":{"event_id":1449,"data_org":"Green","post_date":"2026-03-24T00:00:00.000Z","pub_date":"2026-03-24T00:00:00.000Z","strikedate":"2026-03-24T00:00:00.000Z","event_type":"Report of Explosion with Footage","actor":"UNK","site_type":"civilian","siteStype":"civilian : unknown","city":"Shahin Shar","province":"Esfahan","country":"Iran","latitude":32.8691081598,"longitude":51.5431223677,"coord_type":"general neighborhood","source_1":"https://x.com/IranIntl/status/2036405622921634288?s=20","source_2":"https://x.com/IranIntl/status/2036417621093130761?s=20","site_prpse":"","sources":"https://x.com/IranIntl/status/2036447016163979568?s=20"}},{"type":"Feature","geometry":{"type":"Point","coordinates":[50.8150289658679,28.912015239737794]},"properties":{"event_id":1450,"data_org":"Green","post_date":"2026-03-24T00:00:00.000Z","pub_date":"2026-03-24T00:00:00.000Z","strikedate":"2026-03-24T00:00:00.000Z","event_type":"Report of Explosion with Footage","actor":"UNK","site_type":"military","siteStype":"military : naval base","city":"Bushehr","province":"Bushehr","country":"Iran","latitude":28.9120152397,"longitude":50.8150289659,"coord_type":"exact","source_1":"https://x.com/IranIntl/status/2036407363893338205?s=20","source_2":"","site_prpse":"","sources":""}},{"type":"Feature","geometry":{"type":"Point","coordinates":[52.53818862419121,29.604033294234586]},"properties":{"event_id":1451,"data_org":"Green","post_date":"2026-03-24T00:00:00.000Z","pub_date":"2026-03-24T00:00:00.000Z","strikedate":"2026-03-24T00:00:00.000Z","event_type":"Report of Explosion with Footage","actor":"UNK","site_type":"military","siteStype":"military : airbase","city":"Shiraz","province":"Fars","country":"Iran","latitude":29.6040332942,"longitude":52.5381886242,"coord_type":"exact","source_1":"https://x.com/IranIntl/status/2036408896005480942?s=20","source_2":"https://x.com/IranIntl/status/2036403619235557529?s=20","site_prpse":"","sources":"https://x.com/indypersian/status/2036422921233768648?s=20; https://x.com/AmirMiresmaeili/status/2036415218096492880?s=20"}},{"type":"Feature","geometry":{"type":"Point","coordinates":[51.3975064143728,35.61426902188839]},"properties":{"event_id":1460,"data_org":"Green","post_date":"2026-03-24T00:00:00.000Z","pub_date":"2026-03-24T00:00:00.000Z","strikedate":"2026-03-24T00:00:00.000Z","event_type":"Report of Explosion with Footage","actor":"UNK","site_type":"unknown","siteStype":"","city":"Tehran","province":"Tehran","country":"Iran","latitude":35.6142690219,"longitude":51.3975064144,"coord_type":"POV","source_1":"https://x.com/bbcpersian/status/2036442202667159684?s=20","source_2":"","site_prpse":"","sources":""}},{"type":"Feature","geometry":{"type":"Point","coordinates":[49.1673674226237,30.536872393415397]},"properties":{"event_id":1462,"data_org":"Green","post_date":"2026-03-24T00:00:00.000Z","pub_date":"2026-03-24T00:00:00.000Z","strikedate":"2026-03-24T00:00:00.000Z","event_type":"Report of Explosion with Footage","actor":"UNK","site_type":"unknown","siteStype":"NA","city":"Bandar Mahshahr","province":"Khuzestan","country":"Iran","latitude":30.5368723934,"longitude":49.1673674226,"coord_type":"exact","source_1":"https://x.com/IranIntl/status/2036455682619351247?s=20","source_2":"https://x.com/indypersian/status/2036473874544759279?s=20","site_prpse":"","sources":""}},{"type":"Feature","geometry":{"type":"Point","coordinates":[46.34081,38.0868]},"properties":{"event_id":1466,"data_org":"Green","post_date":"2026-03-24T00:00:00.000Z","pub_date":"2026-03-24T00:00:00.000Z","strikedate":"2026-03-24T00:00:00.000Z","event_type":"Confirmed Airstrike","actor":"UNK","site_type":"military","siteStype":"NA","city":"Tabriz","province":"East Azerbaijan","country":"Iran","latitude":38.0868,"longitude":46.34081,"coord_type":"exact","source_1":"https://x.com/Vahid/status/2036472700625998250?s=20","source_2":"https://x.com/IranIntl/status/2036480217439486363?s=20","site_prpse":"","sources":"https://x.com/IranIntl/status/2036486269706879249?s=20; https://t.me/BenTzionM/7227"}},{"type":"Feature","geometry":{"type":"Point","coordinates":[51.3145822994761,32.3402372542194]},"properties":{"event_id":1469,"data_org":"Green","post_date":"2026-03-24T00:00:00.000Z","pub_date":"2026-03-24T00:00:00.000Z","strikedate":"2026-03-24T00:00:00.000Z","event_type":"Confirmed Airstrike","actor":"UNK","site_type":"military","siteStype":"military : industrial","city":"Esfahan","province":"Esfahan","country":"Iran","latitude":32.3402372542,"longitude":51.3145822995,"coord_type":"general town","source_1":"https://x.com/manniefabian/status/2036502126994792485/photo/1","source_2":"https://x.com/Iran_Tracker/status/2036510711484948975?s=20","site_prpse":"IRGC : Aerospace : missile : explosives & warheads","sources":"https://x.com/idfonline/status/2036502610484822141"}},{"type":"Feature","geometry":{"type":"Point","coordinates":[51.4453536393709,35.787988950001385]},"properties":{"event_id":1471,"data_org":"Green","post_date":"2026-03-24T00:00:00.000Z","pub_date":"2026-03-25T00:00:00.000Z","strikedate":"2026-03-24T00:00:00.000Z","event_type":"Reported Airstrike","actor":"UNK","site_type":"military","siteStype":"military : industrial","city":"Esfahan","province":"Esfahan","country":"Iran","latitude":35.78798895,"longitude":51.4453536394,"coord_type":"exact","source_1":"https://x.com/IranIntl/status/2036519335326523709","source_2":"https://t.me/abualiexpress/118579","site_prpse":"IRGC : Aerospace : missile : production","sources":""}},{"type":"Feature","geometry":{"type":"Point","coordinates":[51.2201898300294,29.272190480114304]},"properties":{"event_id":1472,"data_org":"Green","post_date":"2026-03-24T00:00:00.000Z","pub_date":"2026-03-25T00:00:00.000Z","strikedate":"2026-03-24T00:00:00.000Z","event_type":"Reported Airstrike","actor":"UNK","site_type":"unknown","siteStype":"","city":"Borazjan","province":"Bushehr","country":"Iran","latitude":29.2721904801,"longitude":51.22018983,"coord_type":"general neighborhood","source_1":"https://x.com/IranIntl/status/2036523432557629511","source_2":"","site_prpse":"","sources":""}},{"type":"Feature","geometry":{"type":"Point","coordinates":[50.8128,28.941203000000005]},"properties":{"event_id":1473,"data_org":"Green","post_date":"2026-03-24T00:00:00.000Z","pub_date":"2026-03-25T00:00:00.000Z","strikedate":"2026-03-24T00:00:00.000Z","event_type":"Confirmed Airstrike","actor":"US","site_type":"military","siteStype":"military : air defense system","city":"Bushehr","province":"Bushehr","country":"Iran","latitude":28.941203,"longitude":50.8128,"coord_type":"general town","source_1":"https://x.com/GeoConfirmed/status/2036527376339960100","source_2":"https://x.com/CENTCOM/status/2036141805008277906","site_prpse":"Air Defense : Radar","sources":""}},{"type":"Feature","geometry":{"type":"Point","coordinates":[50.88629007,28.830437230000005]},"properties":{"event_id":1474,"data_org":"Green","post_date":"2026-03-24T00:00:00.000Z","pub_date":"2026-03-25T00:00:00.000Z","strikedate":"2026-03-24T00:00:00.000Z","event_type":"Confirmed Airstrike","actor":"UNK","site_type":"nuclear","siteStype":"","city":"Halileh","province":"Bushehr","country":"Iran","latitude":28.83043723,"longitude":50.88629007,"coord_type":"general town","source_1":"https://x.com/iaeaorg/status/2036536815809618185","source_2":"","site_prpse":"","sources":""}},{"type":"Feature","geometry":{"type":"Point","coordinates":[52.59084788965901,29.546064306394896]},"properties":{"event_id":1475,"data_org":"Green","post_date":"2026-03-24T00:00:00.000Z","pub_date":"2026-03-25T00:00:00.000Z","strikedate":"2026-03-24T00:00:00.000Z","event_type":"Reported Airstrike","actor":"UNK","site_type":"unknown","siteStype":"","city":"Shiraz","province":"Fars","country":"Iran","latitude":29.5460643064,"longitude":52.5908478897,"coord_type":"general town","source_1":"https://x.com/hey_itsmyturn/status/2036574260945187051","source_2":"https://x.com/Osint613/status/2036583175007109597?s=20","site_prpse":"","sources":"https://x.com/IranIntl/status/2036608571933171862; https://x.com/Vahid/status/2036582958107140544"}},{"type":"Feature","geometry":{"type":"Point","coordinates":[50.0848254,36.18520070000001]},"properties":{"event_id":1476,"data_org":"Green","post_date":"2026-03-24T00:00:00.000Z","pub_date":"2026-03-25T00:00:00.000Z","strikedate":"2026-03-24T00:00:00.000Z","event_type":"Report of Explosion with Footage","actor":"UNK","site_type":"military","siteStype":"military : industrial","city":"Alborz Industrial Town","province":"Ghazvin","country":"Iran","latitude":36.1852007,"longitude":50.0848254,"coord_type":"general town","source_1":"https://x.com/hey_itsmyturn/status/2036591568736424028","source_2":"https://x.com/hey_itsmyturn/status/2036589222719574519","site_prpse":"IRGC : Aerospace : missile : production","sources":"https://x.com/hey_itsmyturn/status/2036581476435656712; https://wikimapia.org/#lang=en&lat=36.170880&lon=50.091519&z=17&m=w&show=/24790861/fa/%D9%85%D8%AC%D8%AA%D9%85%D8%B9-%D8%B5%D9%86%D8%B9%D8%AA%DB%8C-%D8%B4%D9%87%DB%8C%D8%AF-%D8%B4%D9%81%DB%8C%D8%B9-"}},{"type":"Feature","geometry":{"type":"Point","coordinates":[52.6185456,27.353334000000007]},"properties":{"event_id":1538,"data_org":"Green","post_date":"2026-03-26T00:00:00.000Z","pub_date":"2026-03-26T00:00:00.000Z","strikedate":"2026-03-07T00:00:00.000Z","event_type":"Confirmed Airstrike","actor":"UNK","site_type":"military","siteStype":"military : naval base","city":"Nayband","province":"Bushehr","country":"Iran","latitude":27.353334,"longitude":52.6185456,"coord_type":"exact","source_1":"https://x.com/MT_Anderson/status/2037034955981939171","source_2":"","site_prpse":"IRGC : Navy : Other Operations","sources":""}},{"type":"Feature","geometry":{"type":"Point","coordinates":[51.6675,32.679669999999994]},"properties":{"event_id":1540,"data_org":"Green","post_date":"2026-03-26T00:00:00.000Z","pub_date":"2026-03-26T00:00:00.000Z","strikedate":"2026-03-26T00:00:00.000Z","event_type":"Reported Airstrike","actor":"UNK","site_type":"unknown","siteStype":"NA","city":"Esfahan","province":"Esfahan","country":"Iran","latitude":32.67967,"longitude":51.6675,"coord_type":"general town","source_1":"https://x.com/zarGEOINT/status/2037089706974806144?s=20","source_2":"https://x.com/zarGEOINT/status/2037094770225332424?s=20","site_prpse":"","sources":"https://t.me/mamlekate/102288; https://x.com/Vahid/status/2036967262691774683"}},{"type":"Feature","geometry":{"type":"Point","coordinates":[48.5091717,34.81193019999999]},"properties":{"event_id":1541,"data_org":"Green","post_date":"2026-03-26T00:00:00.000Z","pub_date":"2026-03-26T00:00:00.000Z","strikedate":"2026-03-26T00:00:00.000Z","event_type":"Report of Explosion with Footage","actor":"UNK","site_type":"internal security","siteStype":"internal security : IRGC","city":"Hamedan","province":"Hamedan","country":"Iran","latitude":34.8119302,"longitude":48.5091717,"coord_type":"exact","source_1":"https://x.com/Osint613/status/2037135416965337130","source_2":"https://x.com/hey_itsmyturn/status/2037175267471290575","site_prpse":"","sources":"https://x.com/IranIntl/status/2037213136931930601?s=20"}},{"type":"Feature","geometry":{"type":"Point","coordinates":[47.1563888518348,34.3911622173984]},"properties":{"event_id":1542,"data_org":"Green","post_date":"2026-03-26T00:00:00.000Z","pub_date":"2026-03-26T00:00:00.000Z","strikedate":"2026-03-26T00:00:00.000Z","event_type":"Report of Explosion with Footage","actor":"UNK","site_type":"unknown","siteStype":"","city":"Tangeh-ye Kenesht","province":"Kermanshah","country":"Iran","latitude":34.3911622174,"longitude":47.1563888518,"coord_type":"exact","source_1":"https://x.com/Vahid/status/2037136944090460252","source_2":"https://x.com/IranIntl/status/2037178704372392142?s=20","site_prpse":"","sources":""}},{"type":"Feature","geometry":{"type":"Point","coordinates":[52.6536139718166,36.7011106190762]},"properties":{"event_id":1543,"data_org":"Green","post_date":"2026-03-26T00:00:00.000Z","pub_date":"2026-03-26T00:00:00.000Z","strikedate":"2026-03-26T00:00:00.000Z","event_type":"Report of Explosion with Footage","actor":"UNK","site_type":"unknown","siteStype":"","city":"Babolsar","province":"Mazandaran","country":"Iran","latitude":36.7011106191,"longitude":52.6536139718,"coord_type":"exact","source_1":"https://x.com/Vahid/status/2037154922043502689","source_2":"https://x.com/hey_itsmyturn/status/2037162499410100303","site_prpse":"","sources":"https://x.com/IranIntl/status/2037217356854772118?s=20"}},{"type":"Feature","geometry":{"type":"Point","coordinates":[47.85261,38.53638999999999]},"properties":{"event_id":1544,"data_org":"Green","post_date":"2026-03-26T00:00:00.000Z","pub_date":"2026-03-26T00:00:00.000Z","strikedate":"2026-03-26T00:00:00.000Z","event_type":"Report of Explosion with Footage","actor":"UNK","site_type":"unknown","siteStype":"","city":"Fakhrabad","province":"Ardabil","country":"Iran","latitude":38.53639,"longitude":47.85261,"coord_type":"general town","source_1":"https://x.com/zarGEOINT/status/2037156015548891339/history","source_2":"https://x.com/Vahid/status/2037150318618616243","site_prpse":"","sources":"https://x.com/IranIntl/status/2037214735129526762?s=20"}},{"type":"Feature","geometry":{"type":"Point","coordinates":[59.03095590000001,36.1291213]},"properties":{"event_id":1545,"data_org":"Green","post_date":"2026-03-26T00:00:00.000Z","pub_date":"2026-03-26T00:00:00.000Z","strikedate":"2026-03-26T00:00:00.000Z","event_type":"Reported Airstrike","actor":"UNK","site_type":"military","siteStype":"military : industrial","city":"Nishapur","province":"Khorasan Razavi","country":"Iran","latitude":36.1291213,"longitude":59.0309559,"coord_type":"general town","source_1":"https://x.com/Vahid/status/2037157458292978174","source_2":"https://x.com/Osint613/status/2037158288098296274","site_prpse":"","sources":"https://x.com/Osint613/status/2037165083348836835; https://x.com/hey_itsmyturn/status/2037162737097195723; https://x.com/acceladealer/status/2037172215473492108; https://x.com/Osint613/status/2037167362118410383; https://x.com/MiddleEastBuka/status/20372"}},{"type":"Feature","geometry":{"type":"Point","coordinates":[51.750824818275,35.533243831881606]},"properties":{"event_id":1546,"data_org":"Green","post_date":"2026-03-26T00:00:00.000Z","pub_date":"2026-03-26T00:00:00.000Z","strikedate":"2026-03-25T00:00:00.000Z","event_type":"Confirmed Airstrike","actor":"Israel","site_type":"military","siteStype":"military : industrial","city":"Parchin","province":"Tehran","country":"Iran","latitude":35.5332438319,"longitude":51.7508248183,"coord_type":"exact","source_1":"https://x.com/idfonline/status/2037200969956528546","source_2":"DNGTS: https://www.idf dot il/335519","site_prpse":"IRGC : Aerospace : missile : fuel production","sources":"https://www.google.com/maps/place/%D9%85%D8%B1%DA%A9%D8%B2+%D8%AA%D8%AD%D9%82%DB%8C%D9%82%D8%A7%D8%AA+%D9%88+%D8%AA%D9%88%D8%B3%D8%B9%D9%87+%D9%88%D8%B2%D8%A7%D8%B1%D8%AA+%D8%AF%D9%81%D8%A7%D8%B9(%D8%B3%D8%A7%D9%84%D9%86+%D8%B3%D9%88%D8%AE%D8%AA+%D8%AC%D"}},{"type":"Feature","geometry":{"type":"Point","coordinates":[51.7804311223144,35.56569373178199]},"properties":{"event_id":1548,"data_org":"Green","post_date":"2026-03-26T00:00:00.000Z","pub_date":"2026-03-26T00:00:00.000Z","strikedate":"2026-03-25T00:00:00.000Z","event_type":"Confirmed Airstrike","actor":"Israel","site_type":"military","siteStype":"military : industrial","city":"Parchin","province":"Tehran","country":"Iran","latitude":35.5656937318,"longitude":51.7804311223,"coord_type":"exact","source_1":"https://x.com/idfonline/status/2037200969956528546","source_2":"DNGTS: https://www.idf dot il/335519","site_prpse":"IRGC : Aerospace : missile : fuel production","sources":"https://wikimapia.org/#lang=en&lat=35.566357&lon=51.781011&z=15&show=/42765955/DIO-Solid-Propellant-Plant&search=36.1291213%0959.0309559 https://browser.dataspace.copernicus.eu/?zoom=16&lat=35.566&lng=51.78232&themeId=DEFAULT-THEME&visualizationUrl=U2Fsd"}},{"type":"Feature","geometry":{"type":"Point","coordinates":[54.31870000000001,31.84607000000001]},"properties":{"event_id":1562,"data_org":"Green","post_date":"2026-03-27T00:00:00.000Z","pub_date":"2026-03-27T00:00:00.000Z","strikedate":"2026-03-26T00:00:00.000Z","event_type":"Confirmed Airstrike","actor":"Israel","site_type":"military","siteStype":"military : industrial","city":"Yazd","province":"Yazd","country":"Iran","latitude":31.84607,"longitude":54.3187,"coord_type":"exact","source_1":"https://x.com/idfonline/status/2037424994293031327?s=20","source_2":"https://x.com/zarGEOINT/status/2037430493054976046?s=20","site_prpse":"IRGC : Navy Missile Production","sources":"https://t.me/manniefabian/57022; https://x.com/IranIntl/status/2037552544965128297?s=20"}},{"type":"Feature","geometry":{"type":"Point","coordinates":[54.2561424570102,27.6434606325805]},"properties":{"event_id":1563,"data_org":"Green","post_date":"2026-03-27T00:00:00.000Z","pub_date":"2026-03-27T00:00:00.000Z","strikedate":"2026-03-27T00:00:00.000Z","event_type":"Reported Airstrike","actor":"UNK","site_type":"military","siteStype":"military : missile base","city":"Lar","province":"Fars","country":"Iran","latitude":27.6434606326,"longitude":54.256142457,"coord_type":"general neighborhood","source_1":"https://t.me/Tasnimnews/401657","source_2":"","site_prpse":"IRGC : Aerospace : missile : operations","sources":""}},{"type":"Feature","geometry":{"type":"Point","coordinates":[51.4119766974974,35.608160761411895]},"properties":{"event_id":1600,"data_org":"Green","post_date":"2026-03-27T00:00:00.000Z","pub_date":"2026-03-28T00:00:00.000Z","strikedate":"2026-03-27T00:00:00.000Z","event_type":"Report of Explosion with Footage","actor":"UNK","site_type":"unknown","siteStype":"civilian : unknown","city":"Tehran","province":"Tehran","country":"Iran","latitude":35.6081607614,"longitude":51.4119766975,"coord_type":"general neighborhood","source_1":"https://x.com/Vahid/status/2037590731410338294?s=20","source_2":"","site_prpse":"","sources":""}},{"type":"Feature","geometry":{"type":"Point","coordinates":[52.5845731546814,29.58819125156839]},"properties":{"event_id":1601,"data_org":"Green","post_date":"2026-03-27T00:00:00.000Z","pub_date":"2026-03-28T00:00:00.000Z","strikedate":"2026-03-27T00:00:00.000Z","event_type":"Report of Explosion with Footage","actor":"UNK","site_type":"unknown","siteStype":"NA","city":"Shiraz","province":"Fars","country":"Iran","latitude":29.5881912516,"longitude":52.5845731547,"coord_type":"general neighborhood","source_1":"https://x.com/Vahid/status/2037602661382414374?s=20","source_2":"","site_prpse":"","sources":""}},{"type":"Feature","geometry":{"type":"Point","coordinates":[51.37816832016891,35.752818555444904]},"properties":{"event_id":1602,"data_org":"Green","post_date":"2026-03-27T00:00:00.000Z","pub_date":"2026-03-28T00:00:00.000Z","strikedate":"2026-03-27T00:00:00.000Z","event_type":"Report of Explosion with Footage","actor":"UNK","site_type":"unknown","siteStype":"","city":"Tehran","province":"Tehran","country":"Iran","latitude":35.7528185554,"longitude":51.3781683202,"coord_type":"","source_1":"https://x.com/hey_itsmyturn/status/2037646214598983932?s=20","source_2":"","site_prpse":"","sources":""}},{"type":"Feature","geometry":{"type":"Point","coordinates":[51.476298184876406,35.79159872970221]},"properties":{"event_id":1604,"data_org":"Green","post_date":"2026-03-27T00:00:00.000Z","pub_date":"2026-03-28T00:00:00.000Z","strikedate":"2026-03-27T00:00:00.000Z","event_type":"Report of Explosion with Footage","actor":"UNK","site_type":"unknown","siteStype":"","city":"Tehran","province":"Tehran","country":"Iran","latitude":35.7915987297,"longitude":51.4762981849,"coord_type":"general neighborhood","source_1":"https://x.com/hey_itsmyturn/status/2037648255320797546?s=20","source_2":"","site_prpse":"","sources":""}},{"type":"Feature","geometry":{"type":"Point","coordinates":[51.605094,32.592534]},"properties":{"event_id":1605,"data_org":"Green","post_date":"2026-03-27T00:00:00.000Z","pub_date":"2026-03-28T00:00:00.000Z","strikedate":"2026-03-27T00:00:00.000Z","event_type":"Report of Explosion with Footage","actor":"UNK","site_type":"unknown","siteStype":"NA","city":"Esfahan","province":"Esfahan","country":"Iran","latitude":32.592534,"longitude":51.605094,"coord_type":"general town","source_1":"https://x.com/Vahid/status/2037654979066896466?s=20","source_2":"","site_prpse":"","sources":""}},{"type":"Feature","geometry":{"type":"Point","coordinates":[51.328487888192605,35.6889944762755]},"properties":{"event_id":1606,"data_org":"Green","post_date":"2026-03-27T00:00:00.000Z","pub_date":"2026-03-28T00:00:00.000Z","strikedate":"2026-03-27T00:00:00.000Z","event_type":"Report of Explosion with Footage","actor":"UNK","site_type":"unknown","siteStype":"NA","city":"Tehran","province":"Tehran","country":"Iran","latitude":35.6889944763,"longitude":51.3284878882,"coord_type":"exact","source_1":"https://x.com/Philipp27960841/status/2037664883920007527?s=20","source_2":"","site_prpse":"","sources":""}},{"type":"Feature","geometry":{"type":"Point","coordinates":[50.717158,35.988991999999996]},"properties":{"event_id":1607,"data_org":"Green","post_date":"2026-03-27T00:00:00.000Z","pub_date":"2026-03-28T00:00:00.000Z","strikedate":"2026-03-27T00:00:00.000Z","event_type":"Report of Explosion with Footage","actor":"UNK","site_type":"civilian","siteStype":"civilian : building","city":"Hashtgerd","province":"Alborz","country":"Iran","latitude":35.988992,"longitude":50.717158,"coord_type":"exact","source_1":"https://x.com/EndlessWint_r/status/2037679416252170294?s=20","source_2":"https://x.com/Vahid/status/2037666330128625780?s=20","site_prpse":"","sources":"https://x.com/hey_itsmyturn/status/2037665296706633921?s=20"}},{"type":"Feature","geometry":{"type":"Point","coordinates":[51.37702583772851,35.7573693231378]},"properties":{"event_id":1608,"data_org":"Green","post_date":"2026-03-27T00:00:00.000Z","pub_date":"2026-03-28T00:00:00.000Z","strikedate":"2026-03-27T00:00:00.000Z","event_type":"Report of Explosion with Footage","actor":"UNK","site_type":"unknown","siteStype":"NA","city":"Tehran","province":"Tehran","country":"Iran","latitude":35.7573693231,"longitude":51.3770258377,"coord_type":"general town","source_1":"https://x.com/GhonchehAzad/status/2037668440081646068?s=20","source_2":"https://x.com/IranIntl_En/status/2037704582919229773?s=20","site_prpse":"","sources":""}},{"type":"Feature","geometry":{"type":"Point","coordinates":[50.71711,35.98904]},"properties":{"event_id":1610,"data_org":"Green","post_date":"2026-03-27T00:00:00.000Z","pub_date":"2026-03-28T00:00:00.000Z","strikedate":"2026-03-27T00:00:00.000Z","event_type":"Reported Airstrike","actor":"UNK","site_type":"unknown","siteStype":"NA","city":"Mehestan","province":"Alborz","country":"Iran","latitude":35.98904,"longitude":50.71711,"coord_type":"exact","source_1":"https://x.com/zarGEOINT/status/2037676754018398512","source_2":"https://t.me/VahidOnline/73465#","site_prpse":"","sources":"https://browser.dataspace.copernicus.eu/?zoom=18&lat=35.74472&lng=51.50229&themeId=DEFAULT-THEME&visualizationUrl=U2FsdGVkX1%2BukmvwpP%2F4I3S4Ag3we101sSaW6s4tNHnXNPMzX%2BqgOdc1dlq7fRlI3IKPAwtSYO83dimQutSgkhbjlgAR4VMJo%2F8m%2FEPB%2FJB48Z1J0j%2Fhll1BrhWcw4"}},{"type":"Feature","geometry":{"type":"Point","coordinates":[51.50504597921811,34.1273793551088]},"properties":{"event_id":1613,"data_org":"Green","post_date":"2026-03-27T00:00:00.000Z","pub_date":"2026-03-28T00:00:00.000Z","strikedate":"2026-03-27T00:00:00.000Z","event_type":"Report of Explosion with Footage","actor":"UNK","site_type":"civilian","siteStype":"civilian : industrial","city":"Kashan","province":"Esfahan","country":"Iran","latitude":34.1273793551,"longitude":51.5050459792,"coord_type":"general town","source_1":"https://x.com/Vahid/status/2037710612168314981?s=20","source_2":"","site_prpse":"Military Industrial : raw materials","sources":""}},{"type":"Feature","geometry":{"type":"Point","coordinates":[45.9501,35.82857]},"properties":{"event_id":1614,"data_org":"Green","post_date":"2026-03-27T00:00:00.000Z","pub_date":"2026-03-28T00:00:00.000Z","strikedate":"2026-03-27T00:00:00.000Z","event_type":"Confirmed Airstrike","actor":"US","site_type":"internal security","siteStype":"internal security: border guard","city":"Kokh Sim","province":"Kurdistan","country":"Iran","latitude":35.82857,"longitude":45.9501,"coord_type":"exact","source_1":"https://x.com/ResindScientist/status/2037543138475073618","source_2":"https://x.com/CENTCOM/status/2037487683618959540/video/1","site_prpse":"","sources":""}},{"type":"Feature","geometry":{"type":"Point","coordinates":[54.282846223236,31.807899932701392]},"properties":{"event_id":1616,"data_org":"Green","post_date":"2026-03-28T00:00:00.000Z","pub_date":"2026-03-28T00:00:00.000Z","strikedate":"2026-03-28T00:00:00.000Z","event_type":"Confirmed Airstrike","actor":"Israel","site_type":"military","siteStype":"military : industrial","city":"Yazd","province":"Yazd","country":"Iran","latitude":31.8078999327,"longitude":54.2828462232,"coord_type":"exact","source_1":"https://x.com/idfonline/status/2037792906933682637?s=20","source_2":"https://browser.dataspace.copernicus.eu/?zoom=16&lat=31.80587&lng=54.28207&themeId=DEFAULT-THEME&visualizationUrl=U2FsdGVkX1%2Fj8JXY7v93XhP%2BJViNjZGdwousIe3ZhOFgznh70I9XwWByMaCCqZIIQIbhMbGmfb4248MfjYVRc5Tcl9eqYvtJekCaREHgDwZDBRFfdRC16lJj1Zc9MlBl&dataset","site_prpse":"unknown","sources":""}},{"type":"Feature","geometry":{"type":"Point","coordinates":[54.3542727859526,31.899937098363594]},"properties":{"event_id":1617,"data_org":"Green","post_date":"2026-03-28T00:00:00.000Z","pub_date":"2026-03-28T00:00:00.000Z","strikedate":"2026-03-28T00:00:00.000Z","event_type":"Confirmed Airstrike","actor":"Israel","site_type":"military","siteStype":"military : industrial","city":"Yazd","province":"Yazd","country":"Iran","latitude":31.8999370984,"longitude":54.354272786,"coord_type":"general neighborhood","source_1":"https://x.com/idfonline/status/2037792906933682637?s=20","source_2":"","site_prpse":"unknown","sources":""}},{"type":"Feature","geometry":{"type":"Point","coordinates":[49.7008692164434,34.091414420989096]},"properties":{"event_id":1618,"data_org":"Green","post_date":"2026-03-28T00:00:00.000Z","pub_date":"2026-03-28T00:00:00.000Z","strikedate":"2026-03-28T00:00:00.000Z","event_type":"Confirmed Airstrike","actor":"Israel","site_type":"military","siteStype":"military : industrial","city":"Arak","province":"Markazi","country":"Iran","latitude":34.091414421,"longitude":49.7008692164,"coord_type":"general neighborhood","source_1":"https://x.com/idfonline/status/2037792906933682637?s=20","source_2":"","site_prpse":"IRGC : Aerospace : missile : production","sources":""}},{"type":"Feature","geometry":{"type":"Point","coordinates":[51.4789252900788,35.7930866388105]},"properties":{"event_id":1619,"data_org":"Green","post_date":"2026-03-28T00:00:00.000Z","pub_date":"2026-03-28T00:00:00.000Z","strikedate":"2026-03-28T00:00:00.000Z","event_type":"Report of Explosion with Footage","actor":"UNK","site_type":"unknown","siteStype":"NA","city":"Tehran","province":"Tehran","country":"Iran","latitude":35.7930866388,"longitude":51.4789252901,"coord_type":"exact","source_1":"https://x.com/IranIntl/status/2037794060681814501?s=20","source_2":"https://x.com/Vahid/status/2037753771451634132?s=20","site_prpse":"","sources":"https://x.com/Vahid/status/2037743656463958154?s=20"}},{"type":"Feature","geometry":{"type":"Point","coordinates":[54.2960899,31.8045315]},"properties":{"event_id":1620,"data_org":"Green","post_date":"2026-03-28T00:00:00.000Z","pub_date":"2026-03-28T00:00:00.000Z","strikedate":"2026-03-28T00:00:00.000Z","event_type":"Report of Explosion with Footage","actor":"UNK","site_type":"military","siteStype":"military : missile base","city":"Yazd","province":"Yazd","country":"Iran","latitude":31.8045315,"longitude":54.2960899,"coord_type":"general town","source_1":"https://x.com/hey_itsmyturn/status/2037801145008026078?s=20","source_2":"https://x.com/hey_itsmyturn/status/2037792605920960957?s=20","site_prpse":"IRGC : Aerospace : missile : operations","sources":"https://x.com/ariel_oseran/status/2037905185352081731; https://x.com/Vahid/status/2037888003243196558?s=20"}},{"type":"Feature","geometry":{"type":"Point","coordinates":[50.714682,35.985620000000004]},"properties":{"event_id":1621,"data_org":"Green","post_date":"2026-03-28T00:00:00.000Z","pub_date":"2026-03-28T00:00:00.000Z","strikedate":"2026-03-28T00:00:00.000Z","event_type":"Report of Explosion with Footage","actor":"UNK","site_type":"civilian","siteStype":"civilian : building","city":"Karaj","province":"Alborz","country":"Iran","latitude":35.98562,"longitude":50.714682,"coord_type":"general town","source_1":"https://x.com/IranIntl/status/2037802556856946986?s=20","source_2":"","site_prpse":"","sources":""}},{"type":"Feature","geometry":{"type":"Point","coordinates":[51.5068305216986,35.74172109366368]},"properties":{"event_id":1622,"data_org":"Green","post_date":"2026-03-28T00:00:00.000Z","pub_date":"2026-03-28T00:00:00.000Z","strikedate":"2026-03-28T00:00:00.000Z","event_type":"Report of Explosion with Footage","actor":"UNK","site_type":"civilian","siteStype":"civilian : building","city":"Tehran","province":"Tehran","country":"Iran","latitude":35.7417210937,"longitude":51.5068305217,"coord_type":"general neighborhood","source_1":"https://x.com/IranIntl/status/2037810283196862677?s=20","source_2":"https://x.com/Vahid/status/2037678568751202337?s=20","site_prpse":"","sources":""}},{"type":"Feature","geometry":{"type":"Point","coordinates":[51.4254538379296,35.7607712436838]},"properties":{"event_id":1624,"data_org":"Green","post_date":"2026-03-28T00:00:00.000Z","pub_date":"2026-03-28T00:00:00.000Z","strikedate":"2026-03-28T00:00:00.000Z","event_type":"Report of Explosion with Footage","actor":"UNK","site_type":"unknown","siteStype":"","city":"Tehran","province":"Tehran","country":"Iran","latitude":35.7607712437,"longitude":51.4254538379,"coord_type":"exact","source_1":"https://x.com/hey_itsmyturn/status/2037829097347293295?s=20","source_2":"","site_prpse":"","sources":""}},{"type":"Feature","geometry":{"type":"Point","coordinates":[51.328379672907104,35.793186916247]},"properties":{"event_id":1626,"data_org":"Green","post_date":"2026-03-28T00:00:00.000Z","pub_date":"2026-03-28T00:00:00.000Z","strikedate":"2026-03-28T00:00:00.000Z","event_type":"Report of Explosion with Footage","actor":"UNK","site_type":"unknown","siteStype":"","city":"Tehran","province":"Tehran","country":"Iran","latitude":35.7931869162,"longitude":51.3283796729,"coord_type":"general neighborhood","source_1":"https://x.com/hey_itsmyturn/status/2037662564847390758?s=20","source_2":"https://x.com/IranIntlbrk/status/2037812007307555325?s=20","site_prpse":"","sources":""}},{"type":"Feature","geometry":{"type":"Point","coordinates":[51.4965709468026,35.772108614679794]},"properties":{"event_id":1627,"data_org":"Green","post_date":"2026-03-28T00:00:00.000Z","pub_date":"2026-03-28T00:00:00.000Z","strikedate":"2026-03-28T00:00:00.000Z","event_type":"Report of Explosion with Footage","actor":"UNK","site_type":"unknown","siteStype":"NA","city":"Tehran","province":"Tehran","country":"Iran","latitude":35.7721086147,"longitude":51.4965709468,"coord_type":"exact","source_1":"https://x.com/IranIntl/status/2037846812690649198?s=20","source_2":"https://x.com/IranIntl/status/2037832411094888727?s=20","site_prpse":"","sources":"https://x.com/Vahid/status/2037760814682173773?s=20"}},{"type":"Feature","geometry":{"type":"Point","coordinates":[51.63257,32.617660000000015]},"properties":{"event_id":1628,"data_org":"Green","post_date":"2026-03-28T00:00:00.000Z","pub_date":"2026-03-28T00:00:00.000Z","strikedate":"2026-03-28T00:00:00.000Z","event_type":"Confirmed Airstrike","actor":"UNK","site_type":"military","siteStype":"military : base","city":"Esfahan","province":"Esfahan","country":"Iran","latitude":32.61766,"longitude":51.63257,"coord_type":"general neighborhood","source_1":"https://x.com/IranIntl/status/2037854346482712979?s=20","source_2":"https://x.com/Vahid/status/2037719724293853609?s=20","site_prpse":"","sources":"https://x.com/zarGEOINT/status/2038253851497689456?s=20"}},{"type":"Feature","geometry":{"type":"Point","coordinates":[58.367318990194406,29.098371577524208]},"properties":{"event_id":1629,"data_org":"Green","post_date":"2026-03-28T00:00:00.000Z","pub_date":"2026-03-28T00:00:00.000Z","strikedate":"2026-03-28T00:00:00.000Z","event_type":"Report of Explosion with Footage","actor":"UNK","site_type":"unknown","siteStype":"NA","city":"Bam","province":"Kerman","country":"Iran","latitude":29.0983715775,"longitude":58.3673189902,"coord_type":"general neighborhood","source_1":"https://x.com/IranIntl/status/2037860497383387641?s=20","source_2":"","site_prpse":"","sources":""}},{"type":"Feature","geometry":{"type":"Point","coordinates":[51.36014000000001,35.75747999999999]},"properties":{"event_id":1631,"data_org":"Green","post_date":"2026-03-28T00:00:00.000Z","pub_date":"2026-03-28T00:00:00.000Z","strikedate":"2026-03-28T00:00:00.000Z","event_type":"Reported Airstrike","actor":"UNK","site_type":"unknown","siteStype":"NA","city":"Tehran","province":"Tehran","country":"Iran","latitude":35.75748,"longitude":51.36014,"coord_type":"general neighborhood","source_1":"https://x.com/zarGEOINT/status/2037864270491201911","source_2":"https://t.me/iliaen/4068#","site_prpse":"","sources":""}},{"type":"Feature","geometry":{"type":"Point","coordinates":[50.861050806121305,28.989003741007988]},"properties":{"event_id":1633,"data_org":"Green","post_date":"2026-03-28T00:00:00.000Z","pub_date":"2026-03-28T00:00:00.000Z","strikedate":"2026-03-28T00:00:00.000Z","event_type":"Confirmed Airstrike","actor":"UNK","site_type":"military","siteStype":"military : naval base","city":"Bushehr","province":"Bushehr","country":"Iran","latitude":28.989003741,"longitude":50.8610508061,"coord_type":"general neighborhood","source_1":"https://x.com/IranIntl/status/2037872508209086854?s=20","source_2":"https://t.me/defapress_ir/53941","site_prpse":"IRGC : Navy : Other Operations","sources":"https://x.com/Vahid/status/2037895013103792597?s=20"}},{"type":"Feature","geometry":{"type":"Point","coordinates":[52.5935323658413,29.558397775752596]},"properties":{"event_id":1634,"data_org":"Green","post_date":"2026-03-28T00:00:00.000Z","pub_date":"2026-03-28T00:00:00.000Z","strikedate":"2026-03-28T00:00:00.000Z","event_type":"Report of Explosion with Footage","actor":"UNK","site_type":"unknown","siteStype":"NA","city":"Shiraz","province":"Fars","country":"Iran","latitude":29.5583977758,"longitude":52.5935323658,"coord_type":"general town","source_1":"https://x.com/Vahid/status/2037876037367816294?s=20","source_2":"","site_prpse":"","sources":""}},{"type":"Feature","geometry":{"type":"Point","coordinates":[51.0756129805719,35.7532079359034]},"properties":{"event_id":1635,"data_org":"Green","post_date":"2026-03-28T00:00:00.000Z","pub_date":"2026-03-28T00:00:00.000Z","strikedate":"2026-03-28T00:00:00.000Z","event_type":"Report of Explosion with Footage","actor":"UNK","site_type":"unknown","siteStype":"NA","city":"Garmdareh","province":"Alborz","country":"Iran","latitude":35.7532079359,"longitude":51.0756129806,"coord_type":"general neighborhood","source_1":"https://x.com/Vahid/status/2037889456963797350?s=20","source_2":"","site_prpse":"","sources":""}},{"type":"Feature","geometry":{"type":"Point","coordinates":[50.849281644895996,28.978923743022108]},"properties":{"event_id":1636,"data_org":"Green","post_date":"2026-03-28T00:00:00.000Z","pub_date":"2026-03-28T00:00:00.000Z","strikedate":"2026-03-28T00:00:00.000Z","event_type":"Report of Explosion with Footage","actor":"UNK","site_type":"civilian","siteStype":"civilian : transit","city":"Bushehr","province":"Bushehr","country":"Iran","latitude":28.978923743,"longitude":50.8492816449,"coord_type":"exact","source_1":"https://x.com/Vahid/status/2037895013103792597?s=20","source_2":"","site_prpse":"","sources":""}},{"type":"Feature","geometry":{"type":"Point","coordinates":[50.8547636965485,28.935912018306205]},"properties":{"event_id":1637,"data_org":"Green","post_date":"2026-03-28T00:00:00.000Z","pub_date":"2026-03-28T00:00:00.000Z","strikedate":"2026-03-28T00:00:00.000Z","event_type":"Report of Explosion with Footage","actor":"UNK","site_type":"unknown","siteStype":"NA","city":"Bushehr","province":"Bushehr","country":"Iran","latitude":28.9359120183,"longitude":50.8547636965,"coord_type":"exact","source_1":"https://x.com/Vahid/status/2037895013103792597?s=20","source_2":"https://x.com/Vahid/status/2038018229503692811?s=20","site_prpse":"","sources":""}},{"type":"Feature","geometry":{"type":"Point","coordinates":[57.0768223009671,27.14346893904909]},"properties":{"event_id":1638,"data_org":"Green","post_date":"2026-03-28T00:00:00.000Z","pub_date":"2026-03-28T00:00:00.000Z","strikedate":"2026-03-28T00:00:00.000Z","event_type":"Report of Explosion with Footage","actor":"UNK","site_type":"unknown","siteStype":"NA","city":"Minab","province":"Hormozgan","country":"Iran","latitude":27.143468939,"longitude":57.076822301,"coord_type":"general neighborhood","source_1":"https://x.com/Vahid/status/2037905638685110414?s=20","source_2":"https://x.com/aryentvfarsi/status/2037916980385128832?s=20","site_prpse":"","sources":"https://x.com/ManotoNews/status/2037915610277953815?s=20"}},{"type":"Feature","geometry":{"type":"Point","coordinates":[51.431983291622004,35.728436193629]},"properties":{"event_id":1639,"data_org":"Green","post_date":"2026-03-28T00:00:00.000Z","pub_date":"2026-03-28T00:00:00.000Z","strikedate":"2026-03-28T00:00:00.000Z","event_type":"Report of Explosion with Footage","actor":"UNK","site_type":"unknown","siteStype":"NA","city":"Tehran","province":"Tehran","country":"Iran","latitude":35.7284361936,"longitude":51.4319832916,"coord_type":"general town","source_1":"https://x.com/IranIntl/status/2037907572880294039?s=20","source_2":"","site_prpse":"","sources":""}},{"type":"Feature","geometry":{"type":"Point","coordinates":[51.47133232526351,35.78618068921641]},"properties":{"event_id":1640,"data_org":"Green","post_date":"2026-03-28T00:00:00.000Z","pub_date":"2026-03-28T00:00:00.000Z","strikedate":"2026-03-28T00:00:00.000Z","event_type":"Confirmed Airstrike","actor":"Israel","site_type":"military","siteStype":"military : industrial","city":"Tehran","province":"Tehran","country":"Iran","latitude":35.7861806892,"longitude":51.4713323253,"coord_type":"general neighborhood","source_1":"https://x.com/IranIntl/status/2037916241390719097?s=20","source_2":"https://x.com/idfonline/status/2037914216317772166?s=20","site_prpse":"IRGC : Navy : Other Operations","sources":""}},{"type":"Feature","geometry":{"type":"Point","coordinates":[54.82388,26.532160000000008]},"properties":{"event_id":1641,"data_org":"Green","post_date":"2026-03-28T00:00:00.000Z","pub_date":"2026-03-28T00:00:00.000Z","strikedate":"2026-03-28T00:00:00.000Z","event_type":"Reported Airstrike","actor":"UNK","site_type":"civilian","siteStype":"civilian : transit","city":"Bandar-e-Shenas","province":"Hormozgan","country":"Iran","latitude":26.53216,"longitude":54.82388,"coord_type":"exact","source_1":"https://x.com/zarGEOINT/status/2037916730702373026","source_2":"","site_prpse":"","sources":""}},{"type":"Feature","geometry":{"type":"Point","coordinates":[51.7650232589298,35.5226006691888]},"properties":{"event_id":1642,"data_org":"Green","post_date":"2026-03-28T00:00:00.000Z","pub_date":"2026-03-28T00:00:00.000Z","strikedate":"2026-03-28T00:00:00.000Z","event_type":"Report of Explosion with Footage","actor":"UNK","site_type":"military","siteStype":"military : industrial","city":"Tehran","province":"Tehran","country":"Iran","latitude":35.5226006692,"longitude":51.7650232589,"coord_type":"exact","source_1":"https://x.com/ariel_oseran/status/2037917170223485391?s=20","source_2":"https://x.com/hey_itsmyturn/status/2037886905656758580?s=20","site_prpse":"unknown","sources":""}},{"type":"Feature","geometry":{"type":"Point","coordinates":[51.4646648386849,35.708656318517896]},"properties":{"event_id":1645,"data_org":"Green","post_date":"2026-03-28T00:00:00.000Z","pub_date":"2026-03-28T00:00:00.000Z","strikedate":"2026-03-28T00:00:00.000Z","event_type":"Reported Airstrike","actor":"UNK","site_type":"civilian","siteStype":"civilian : building","city":"Tehran","province":"Tehran","country":"Iran","latitude":35.7086563185,"longitude":51.4646648387,"coord_type":"POV","source_1":"https://x.com/Osint613/status/2037948495970041873?s=20","source_2":"https://x.com/Iran_Tracker/status/2037973903763542352?s=20","site_prpse":"","sources":""}},{"type":"Feature","geometry":{"type":"Point","coordinates":[51.2391224310043,35.7316670914995]},"properties":{"event_id":1646,"data_org":"Green","post_date":"2026-03-28T00:00:00.000Z","pub_date":"2026-03-29T00:00:00.000Z","strikedate":"2026-03-28T00:00:00.000Z","event_type":"Report of Explosion with Footage","actor":"UNK","site_type":"military","siteStype":"military : base","city":"Tehran","province":"Tehran","country":"Iran","latitude":35.7316670915,"longitude":51.239122431,"coord_type":"general neighborhood","source_1":"https://x.com/Vahid/status/2037956164822913251?s=20","source_2":"https://x.com/Vahid/status/2037957277181686116?s=20","site_prpse":"","sources":""}},{"type":"Feature","geometry":{"type":"Point","coordinates":[51.2266822351909,35.7434485914958]},"properties":{"event_id":1647,"data_org":"Green","post_date":"2026-03-28T00:00:00.000Z","pub_date":"2026-03-29T00:00:00.000Z","strikedate":"2026-03-28T00:00:00.000Z","event_type":"Report of Explosion with Footage","actor":"UNK","site_type":"unknown","siteStype":"NA","city":"Tehran","province":"Tehran","country":"Iran","latitude":35.7434485915,"longitude":51.2266822352,"coord_type":"general neighborhood","source_1":"https://x.com/IranIntl/status/2037960056956694902?s=20","source_2":"https://x.com/IranIntl/status/2037971790937432404?s=20","site_prpse":"","sources":"https://x.com/IranIntl/status/2038146918212325376?s=20"}},{"type":"Feature","geometry":{"type":"Point","coordinates":[51.671778,32.565645999999994]},"properties":{"event_id":1648,"data_org":"Green","post_date":"2026-03-28T00:00:00.000Z","pub_date":"2026-03-29T00:00:00.000Z","strikedate":"2026-03-28T00:00:00.000Z","event_type":"Reported Airstrike","actor":"UNK","site_type":"internal security","siteStype":"internal security : IRGC","city":"Esfahan","province":"Esfahan","country":"Iran","latitude":32.565646,"longitude":51.671778,"coord_type":"general neighborhood","source_1":"https://x.com/IranIntl/status/2037962325114728672?s=20","source_2":"","site_prpse":"","sources":""}},{"type":"Feature","geometry":{"type":"Point","coordinates":[50.82555,28.95803]},"properties":{"event_id":1649,"data_org":"Green","post_date":"2026-03-28T00:00:00.000Z","pub_date":"2026-03-29T00:00:00.000Z","strikedate":"2026-03-28T00:00:00.000Z","event_type":"Report of Explosion with Footage","actor":"UNK","site_type":"military","siteStype":"military : airbase","city":"Bushehr","province":"Bushehr","country":"Iran","latitude":28.95803,"longitude":50.82555,"coord_type":"general neighborhood","source_1":"https://x.com/IranIntl/status/2037964637925212350?s=20","source_2":"https://x.com/IranIntl/status/2038029688359076265?s=20","site_prpse":"","sources":"https://x.com/zarGEOINT/status/2038222274575089739?s=20"}},{"type":"Feature","geometry":{"type":"Point","coordinates":[51.5217590015185,35.7284676830705]},"properties":{"event_id":1650,"data_org":"Green","post_date":"2026-03-28T00:00:00.000Z","pub_date":"2026-03-29T00:00:00.000Z","strikedate":"2026-03-28T00:00:00.000Z","event_type":"Report of Explosion with Footage","actor":"UNK","site_type":"unknown","siteStype":"NA","city":"Tehran","province":"Tehran","country":"Iran","latitude":35.7284676831,"longitude":51.5217590015,"coord_type":"general neighborhood","source_1":"https://x.com/IranIntl/status/2037965207046066597?s=20","source_2":"https://x.com/IranIntl/status/2037971790937432404?s=20","site_prpse":"","sources":"https://x.com/IranIntl/status/2037980954556293514?s=20"}},{"type":"Feature","geometry":{"type":"Point","coordinates":[51.2372602316386,35.5992309344541]},"properties":{"event_id":1652,"data_org":"Green","post_date":"2026-03-28T00:00:00.000Z","pub_date":"2026-03-29T00:00:00.000Z","strikedate":"2026-03-28T00:00:00.000Z","event_type":"Confirmed Airstrike","actor":"UNK","site_type":"military","siteStype":"military : industrial","city":"Tehran","province":"Tehran","country":"Iran","latitude":35.5992309345,"longitude":51.2372602316,"coord_type":"exact","source_1":"https://x.com/hey_itsmyturn/status/2037975597830308008?s=20","source_2":"https://browser.dataspace.copernicus.eu/?zoom=16&lat=35.59923&lng=51.23725&themeId=DEFAULT-THEME&visualizationUrl=U2FsdGVkX1%2BhNd0uCRUxERopFIerbQkPJSMk19vVKEHZN6SdqnLi%2BssDcBWsg58WXAL%2F6w253cKb0PIxKbTxxJtao7RQDx9DfB63x6UqpUMqR%2BciFZK%2BLjmW5rH3%2FqKi","site_prpse":"IRGC : Aerospace : missile : production","sources":""}},{"type":"Feature","geometry":{"type":"Point","coordinates":[51.7650232589298,35.5226006691888]},"properties":{"event_id":1653,"data_org":"Green","post_date":"2026-03-28T00:00:00.000Z","pub_date":"2026-03-29T00:00:00.000Z","strikedate":"2026-03-28T00:00:00.000Z","event_type":"Report of Explosion with Footage","actor":"UNK","site_type":"unknown","siteStype":"NA","city":"Tehran","province":"Tehran","country":"Iran","latitude":35.5226006692,"longitude":51.7650232589,"coord_type":"general neighborhood","source_1":"https://x.com/IranIntl/status/2037976479393341766?s=20","source_2":"https://x.com/IranIntl/status/2038146612103397640?s=20","site_prpse":"","sources":"https://x.com/Vahid/status/2037961915981259116?s=20"}},{"type":"Feature","geometry":{"type":"Point","coordinates":[51.3280248316129,35.6894041799306]},"properties":{"event_id":1656,"data_org":"Green","post_date":"2026-03-28T00:00:00.000Z","pub_date":"2026-03-29T00:00:00.000Z","strikedate":"2026-03-28T00:00:00.000Z","event_type":"Report of Explosion with Footage","actor":"UNK","site_type":"unknown","siteStype":"NA","city":"Tehran","province":"Tehran","country":"Iran","latitude":35.6894041799,"longitude":51.3280248316,"coord_type":"exact","source_1":"https://x.com/IranIntl/status/2037980954556293514?s=20","source_2":"","site_prpse":"","sources":""}},{"type":"Feature","geometry":{"type":"Point","coordinates":[51.0423845588195,35.681567385026085]},"properties":{"event_id":1658,"data_org":"Green","post_date":"2026-03-28T00:00:00.000Z","pub_date":"2026-03-29T00:00:00.000Z","strikedate":"2026-03-28T00:00:00.000Z","event_type":"Report of Explosion with Footage","actor":"UNK","site_type":"unknown","siteStype":"NA","city":"Shahriar","province":"Tehran","country":"Iran","latitude":35.681567385,"longitude":51.0423845588,"coord_type":"general neighborhood","source_1":"https://x.com/IranIntl/status/2037985863779426357?s=20","source_2":"https://x.com/IranIntl/status/2037985863779426357?s=20","site_prpse":"","sources":"https://x.com/Vahid/status/2037967451976003630?s=20; https://x.com/Vahid/status/2037973788277477514?s=20"}},{"type":"Feature","geometry":{"type":"Point","coordinates":[51.384718,35.78973]},"properties":{"event_id":1660,"data_org":"Green","post_date":"2026-03-28T00:00:00.000Z","pub_date":"2026-03-29T00:00:00.000Z","strikedate":"2026-03-28T00:00:00.000Z","event_type":"Report of Explosion with Footage","actor":"UNK","site_type":"political","siteStype":"political : news","city":"Tehran","province":"Tehran","country":"Iran","latitude":35.78973,"longitude":51.384718,"coord_type":"general neighborhood","source_1":"https://x.com/hey_itsmyturn/status/2037987378866876590?s=20","source_2":"https://x.com/hey_itsmyturn/status/2037986142285398125?s=20","site_prpse":"","sources":"https://x.com/Vahid/status/2037986659107520586?s=20"}},{"type":"Feature","geometry":{"type":"Point","coordinates":[51.4974859086801,35.6339637408507]},"properties":{"event_id":1661,"data_org":"Green","post_date":"2026-03-28T00:00:00.000Z","pub_date":"2026-03-29T00:00:00.000Z","strikedate":"2026-03-29T00:00:00.000Z","event_type":"Reported Airstrike","actor":"UNK","site_type":"unknown","siteStype":"NA","city":"Tehran","province":"Tehran","country":"Iran","latitude":35.6339637409,"longitude":51.4974859087,"coord_type":"general town","source_1":"https://x.com/mamlekate/status/2037989384662733023?s=20","source_2":"https://x.com/IranIntl/status/2037972307998552429?s=20","site_prpse":"","sources":""}},{"type":"Feature","geometry":{"type":"Point","coordinates":[51.4986302557715,35.63364588767129]},"properties":{"event_id":1662,"data_org":"Green","post_date":"2026-03-28T00:00:00.000Z","pub_date":"2026-03-29T00:00:00.000Z","strikedate":"2026-03-29T00:00:00.000Z","event_type":"Reported Airstrike","actor":"UNK","site_type":"military","siteStype":"military : base","city":"Tehran","province":"Tehran","country":"Iran","latitude":35.6336458877,"longitude":51.4986302558,"coord_type":"general neighborhood","source_1":"https://x.com/mamlekate/status/2037989384662733023?s=20","source_2":"https://x.com/Vahid/status/2037990753314513312?s=20","site_prpse":"","sources":"https://x.com/IranIntl/status/2037972307998552429?s=20"}},{"type":"Feature","geometry":{"type":"Point","coordinates":[48.32777780000001,32.611938900000006]},"properties":{"event_id":1663,"data_org":"Green","post_date":"2026-03-28T00:00:00.000Z","pub_date":"2026-03-29T00:00:00.000Z","strikedate":"2026-03-27T00:00:00.000Z","event_type":"Confirmed Airstrike","actor":"US","site_type":"military","siteStype":"military : missile base","city":"Dezful","province":"Khuzestan","country":"Iran","latitude":32.6119389,"longitude":48.3277778,"coord_type":"general town","source_1":"https://x.com/Osint613/status/2037990151834456436","source_2":"https://x.com/BenTzionMacales/status/2037965221931761669","site_prpse":"IRGC : Aerospace : missile : operations","sources":"https://t.me/BenTzionM/7520"}},{"type":"Feature","geometry":{"type":"Point","coordinates":[51.30421200000001,35.74723229999999]},"properties":{"event_id":1664,"data_org":"Green","post_date":"2026-03-28T00:00:00.000Z","pub_date":"2026-03-29T00:00:00.000Z","strikedate":"2026-03-28T00:00:00.000Z","event_type":"Report of Explosion with Footage","actor":"UNK","site_type":"unknown","siteStype":"","city":"Tehran","province":"Tehran","country":"Iran","latitude":35.7472323,"longitude":51.304212,"coord_type":"exact","source_1":"https://x.com/hey_itsmyturn/status/2037992557062271370?s=20","source_2":"https://x.com/hey_itsmyturn/status/2037993561946198492?s=20","site_prpse":"","sources":"https://x.com/IranIntl/status/2038018202777645165?s=20\thttps://x.com/Vahid/status/2037985414661787797?s=20"}},{"type":"Feature","geometry":{"type":"Point","coordinates":[49.5294369359759,31.4477384439082]},"properties":{"event_id":1665,"data_org":"Green","post_date":"2026-03-28T00:00:00.000Z","pub_date":"2026-03-29T00:00:00.000Z","strikedate":"2026-03-28T00:00:00.000Z","event_type":"Reported Airstrike","actor":"UNK","site_type":"civilian","siteStype":"civilian : unknown","city":"Haftgel","province":"Khuzestan","country":"Iran","latitude":31.4477384439,"longitude":49.529436936,"coord_type":"general town","source_1":"https://x.com/GLZRadio/status/2037992926693708061","source_2":"https://x.com/FaytuksNetwork/status/2037981888787157202","site_prpse":"","sources":""}},{"type":"Feature","geometry":{"type":"Point","coordinates":[51.444079,35.739456000000004]},"properties":{"event_id":1668,"data_org":"Green","post_date":"2026-03-28T00:00:00.000Z","pub_date":"2026-03-29T00:00:00.000Z","strikedate":"2026-03-28T00:00:00.000Z","event_type":"Reported Airstrike","actor":"UNK","site_type":"unknown","siteStype":"NA","city":"Tehran","province":"Tehran","country":"Iran","latitude":35.739456,"longitude":51.444079,"coord_type":"general neighborhood","source_1":"https://x.com/gharbill/status/2038039922565898710?s=20","source_2":"https://x.com/Vahid/status/2038033794544890157","site_prpse":"","sources":""}},{"type":"Feature","geometry":{"type":"Point","coordinates":[51.6700977825115,32.55140719109199]},"properties":{"event_id":1671,"data_org":"Green","post_date":"2026-03-29T00:00:00.000Z","pub_date":"2026-03-29T00:00:00.000Z","strikedate":"2026-03-29T00:00:00.000Z","event_type":"Reported Airstrike","actor":"UNK","site_type":"unknown","siteStype":"NA","city":"Esfahan","province":"Esfahan","country":"Iran","latitude":32.5514071911,"longitude":51.6700977825,"coord_type":"general neighborhood","source_1":"https://x.com/IranIntl/status/2038118891512103039?s=20","source_2":"","site_prpse":"","sources":""}},{"type":"Feature","geometry":{"type":"Point","coordinates":[51.54431332077161,36.623654244702195]},"properties":{"event_id":1674,"data_org":"Green","post_date":"2026-03-29T00:00:00.000Z","pub_date":"2026-03-29T00:00:00.000Z","strikedate":"2026-03-29T00:00:00.000Z","event_type":"Report of Explosion with Footage","actor":"UNK","site_type":"unknown","siteStype":"NA","city":"Latengan","province":"Mazandaran","country":"Iran","latitude":36.6236542447,"longitude":51.5443133208,"coord_type":"general town","source_1":"https://x.com/IranIntl/status/2038118891512103039?s=20","source_2":"https://x.com/IranIntl/status/2038146201099375084?s=20","site_prpse":"","sources":""}},{"type":"Feature","geometry":{"type":"Point","coordinates":[51.47640100000001,35.768231]},"properties":{"event_id":1677,"data_org":"Green","post_date":"2026-03-29T00:00:00.000Z","pub_date":"2026-03-29T00:00:00.000Z","strikedate":"2026-03-29T00:00:00.000Z","event_type":"Reported Airstrike","actor":"UNK","site_type":"civilian","siteStype":"civilian : building","city":"Tehran","province":"Tehran","country":"Iran","latitude":35.768231,"longitude":51.476401,"coord_type":"exact","source_1":"https://t.me/Nournews_ir/343082","source_2":"https://t.me/mehrnews/365517","site_prpse":"","sources":"https://x.com/AlarabyTV/status/2038234520873234696?s=20; https://x.com/AlarabyTV/status/2038264238292992358?s=20; https://x.com/Shayan86/status/2038208828919918823?s=20; https://x.com/Vahid/status/2038264847645720642?s=20; https://x.com/hey_itsmyturn/sta"}},{"type":"Feature","geometry":{"type":"Point","coordinates":[51.23092053989949,35.332795040070096]},"properties":{"event_id":1678,"data_org":"Green","post_date":"2026-03-29T00:00:00.000Z","pub_date":"2026-03-29T00:00:00.000Z","strikedate":"2026-03-29T00:00:00.000Z","event_type":"Report of Explosion with Footage","actor":"UNK","site_type":"military","siteStype":"military : industrial","city":"Fashafouyeh","province":"Tehran","country":"Iran","latitude":35.3327950401,"longitude":51.2309205399,"coord_type":"general neighborhood","source_1":"https://x.com/IranIntl/status/2038142522438910450?s=20","source_2":"https://x.com/IranIntl/status/2038280334182060522?s=20","site_prpse":"","sources":""}},{"type":"Feature","geometry":{"type":"Point","coordinates":[52.4538501,29.703624399999992]},"properties":{"event_id":1681,"data_org":"Green","post_date":"2026-03-29T00:00:00.000Z","pub_date":"2026-03-29T00:00:00.000Z","strikedate":"2026-03-29T00:00:00.000Z","event_type":"Report of Explosion with Footage","actor":"UNK","site_type":"military","siteStype":"military : industrial","city":"Shiraz","province":"Fars","country":"Iran","latitude":29.7036244,"longitude":52.4538501,"coord_type":"general neighborhood","source_1":"https://x.com/hey_itsmyturn/status/2038174447262150809?s=20","source_2":"https://x.com/hey_itsmyturn/status/2038190133539659844?s=20","site_prpse":"IRGC : Aerospace : missile : guidance systems","sources":"https://x.com/acceladealer/status/2038227031494709301?s=20; https://t.me/sepehrazadi/206520; https://x.com/IranIntl/status/2038166413806846138?s=20; https://x.com/IranIntl/status/2038178856998187295?s=20"}},{"type":"Feature","geometry":{"type":"Point","coordinates":[51.4972305280277,35.7858207238969]},"properties":{"event_id":1682,"data_org":"Green","post_date":"2026-03-29T00:00:00.000Z","pub_date":"2026-03-29T00:00:00.000Z","strikedate":"2026-03-29T00:00:00.000Z","event_type":"Report of Explosion with Footage","actor":"UNK","site_type":"unknown","siteStype":"","city":"Tehran","province":"Tehran","country":"Iran","latitude":35.7858207239,"longitude":51.497230528,"coord_type":"general town","source_1":"https://x.com/hey_itsmyturn/status/2038175539605704782?s=20","source_2":"https://x.com/IranIntl/status/2038163725232808191?s=20","site_prpse":"","sources":"https://x.com/Vahid/status/2038274864264454514?s=20"}},{"type":"Feature","geometry":{"type":"Point","coordinates":[51.0832323337385,35.7455440536525]},"properties":{"event_id":1685,"data_org":"Green","post_date":"2026-03-29T00:00:00.000Z","pub_date":"2026-03-29T00:00:00.000Z","strikedate":"2026-03-29T00:00:00.000Z","event_type":"Confirmed Airstrike","actor":"Israel","site_type":"military","siteStype":"military : industrial","city":"Tehran","province":"Tehran","country":"Iran","latitude":35.7455440537,"longitude":51.0832323337,"coord_type":"POV","source_1":"https://x.com/idfonline/status/2038209953974861887?s=20","source_2":"","site_prpse":"IRGC : Aerospace : missile : production","sources":""}},{"type":"Feature","geometry":{"type":"Point","coordinates":[51.723799956963205,35.669731281055]},"properties":{"event_id":1687,"data_org":"Green","post_date":"2026-03-29T00:00:00.000Z","pub_date":"2026-03-29T00:00:00.000Z","strikedate":"2026-03-29T00:00:00.000Z","event_type":"Confirmed Airstrike","actor":"Israel","site_type":"military","siteStype":"military : industrial","city":"Tehran","province":"Tehran","country":"Iran","latitude":35.6697312811,"longitude":51.723799957,"coord_type":"POV","source_1":"https://x.com/idfonline/status/2038209953974861887?s=20","source_2":"https://x.com/IAFsite/status/2038248876109402317","site_prpse":"IRGC : Aerospace : drone : engines","sources":""}},{"type":"Feature","geometry":{"type":"Point","coordinates":[51.48724234849081,35.6802863158433]},"properties":{"event_id":1688,"data_org":"Green","post_date":"2026-03-29T00:00:00.000Z","pub_date":"2026-03-29T00:00:00.000Z","strikedate":"2026-03-29T00:00:00.000Z","event_type":"Confirmed Airstrike","actor":"Israel","site_type":"military","siteStype":"military : industrial","city":"Tehran","province":"Tehran","country":"Iran","latitude":35.6802863158,"longitude":51.4872423485,"coord_type":"POV","source_1":"https://x.com/idfonline/status/2038209953974861887?s=20","source_2":"https://x.com/IAFsite/status/2038248876109402317","site_prpse":"Air Defense : Production & Research","sources":""}},{"type":"Feature","geometry":{"type":"Point","coordinates":[50.14990840175851,30.056668414939686]},"properties":{"event_id":1692,"data_org":"Green","post_date":"2026-03-29T00:00:00.000Z","pub_date":"2026-03-29T00:00:00.000Z","strikedate":"2026-03-29T00:00:00.000Z","event_type":"Report of Explosion with Footage","actor":"UNK","site_type":"internal security","siteStype":"internal security: unknown","city":"Bandar Deylam","province":"Bushehr","country":"Iran","latitude":30.0566684149,"longitude":50.1499084018,"coord_type":"general town","source_1":"https://x.com/hey_itsmyturn/status/2038228814417842420?s=20","source_2":"https://x.com/IranIntl/status/2038253307924263160?s=20","site_prpse":"","sources":"https://x.com/hey_itsmyturn/status/2038306229202653341?s=20"}},{"type":"Feature","geometry":{"type":"Point","coordinates":[49.056595,33.481752]},"properties":{"event_id":1698,"data_org":"Green","post_date":"2026-03-29T00:00:00.000Z","pub_date":"2026-03-29T00:00:00.000Z","strikedate":"2026-03-29T00:00:00.000Z","event_type":"Reported Airstrike","actor":"UNK","site_type":"nuclear","siteStype":"","city":"Daroud","province":"Lorestan","country":"Iran","latitude":33.481752,"longitude":49.056595,"coord_type":"exact","source_1":"https://x.com/acceladealer/status/2038234627794510326?s=20","source_2":"https://t.me/kianmeli1/85621","site_prpse":"Nuclear : R&D","sources":"https://x.com/acceladealer/status/2038234627794510326?s=20"}},{"type":"Feature","geometry":{"type":"Point","coordinates":[51.0690242776052,35.7553609495097]},"properties":{"event_id":1699,"data_org":"Green","post_date":"2026-03-29T00:00:00.000Z","pub_date":"2026-03-29T00:00:00.000Z","strikedate":"2026-03-29T00:00:00.000Z","event_type":"Report of Explosion with Footage","actor":"UNK","site_type":"unknown","siteStype":"NA","city":"Karaj","province":"Alborz","country":"Iran","latitude":35.7553609495,"longitude":51.0690242776,"coord_type":"exact","source_1":"https://x.com/IranIntl/status/2038252004875636980?s=20","source_2":"https://x.com/FaytuksNetwork/status/2038309878226121134?s=20","site_prpse":"","sources":""}},{"type":"Feature","geometry":{"type":"Point","coordinates":[51.434494,35.731591]},"properties":{"event_id":1700,"data_org":"Green","post_date":"2026-03-29T00:00:00.000Z","pub_date":"2026-03-29T00:00:00.000Z","strikedate":"2026-03-28T00:00:00.000Z","event_type":"Reported Airstrike","actor":"UNK","site_type":"unknown","siteStype":"NA","city":"Tehran","province":"Tehran","country":"Iran","latitude":35.731591,"longitude":51.434494,"coord_type":"general town","source_1":"https://x.com/ChrisOsieck/status/2038257676937793546?s=20","source_2":"","site_prpse":"","sources":""}},{"type":"Feature","geometry":{"type":"Point","coordinates":[51.52567434848871,32.7175702940855]},"properties":{"event_id":1701,"data_org":"Green","post_date":"2026-03-29T00:00:00.000Z","pub_date":"2026-03-29T00:00:00.000Z","strikedate":"2026-03-29T00:00:00.000Z","event_type":"Reported Airstrike","actor":"UNK","site_type":"civilian","siteStype":"","city":"Esfahan","province":"Esfahan","country":"Iran","latitude":32.7175702941,"longitude":51.5256743485,"coord_type":"general neighborhood","source_1":"https://t.me/sepah_pasdaran/189990","source_2":"","site_prpse":"","sources":""}},{"type":"Feature","geometry":{"type":"Point","coordinates":[54.373219,31.787196999999992]},"properties":{"event_id":1703,"data_org":"Green","post_date":"2026-03-29T00:00:00.000Z","pub_date":"2026-03-29T00:00:00.000Z","strikedate":"2026-03-29T00:00:00.000Z","event_type":"Report of Explosion with Footage","actor":"UNK","site_type":"internal security","siteStype":"internal security : IRGC","city":"Yazd","province":"Yazd","country":"Iran","latitude":31.787197,"longitude":54.373219,"coord_type":"exact","source_1":"https://x.com/Vahid/status/2038296426610844070","source_2":"https://x.com/IranIntl_En/status/2038271057778311239","site_prpse":"","sources":"https://x.com/acceladealer/status/2038283016250785868; https://x.com/mamlekate/status/2038278326259699756?s=20; https://x.com/acceladealer/status/2038283016250785868?s=20"}},{"type":"Feature","geometry":{"type":"Point","coordinates":[51.761581699999994,35.48878]},"properties":{"event_id":1706,"data_org":"Green","post_date":"2026-03-29T00:00:00.000Z","pub_date":"2026-03-29T00:00:00.000Z","strikedate":"2026-03-29T00:00:00.000Z","event_type":"Report of Explosion with Footage","actor":"UNK","site_type":"military","siteStype":"military : base","city":"Tehran","province":"Tehran","country":"Iran","latitude":35.48878,"longitude":51.7615817,"coord_type":"exact","source_1":"https://x.com/Vahid/status/2038317734979567738","source_2":"https://x.com/hey_itsmyturn/status/2038323936769818738?s=20","site_prpse":"IRGC : Aerospace : missile : production","sources":""}},{"type":"Feature","geometry":{"type":"Point","coordinates":[51.4847755422009,35.7853576171661]},"properties":{"event_id":1827,"data_org":"Green","post_date":"2026-03-30T00:00:00.000Z","pub_date":"2026-03-31T00:00:00.000Z","strikedate":"2026-03-30T00:00:00.000Z","event_type":"Report of Explosion with Footage","actor":"UNK","site_type":"unknown","siteStype":"","city":"Tehran","province":"Tehran","country":"Iran","latitude":35.7853576172,"longitude":51.4847755422,"coord_type":"general neighborhood","source_1":"https://x.com/hey_itsmyturn/status/2038679313994686851","source_2":"","site_prpse":"","sources":""}},{"type":"Feature","geometry":{"type":"Point","coordinates":[51.3255783845231,35.68744776133939]},"properties":{"event_id":1828,"data_org":"Green","post_date":"2026-03-30T00:00:00.000Z","pub_date":"2026-03-31T00:00:00.000Z","strikedate":"2026-03-30T00:00:00.000Z","event_type":"Report of Explosion with Footage","actor":"UNK","site_type":"unknown","siteStype":"","city":"Tehran","province":"Tehran","country":"Iran","latitude":35.6874477613,"longitude":51.3255783845,"coord_type":"general neighborhood","source_1":"https://x.com/hey_itsmyturn/status/2038679561920016702","source_2":"https://t.me/sepah_pasdaran/190281","site_prpse":"","sources":""}},{"type":"Feature","geometry":{"type":"Point","coordinates":[51.2061811209297,35.7075626619874]},"properties":{"event_id":1830,"data_org":"Green","post_date":"2026-03-30T00:00:00.000Z","pub_date":"2026-03-31T00:00:00.000Z","strikedate":"2026-03-30T00:00:00.000Z","event_type":"Reported Airstrike","actor":"UNK","site_type":"civilian","siteStype":"civilian : building","city":"Tehran","province":"Tehran","country":"Iran","latitude":35.707562662,"longitude":51.2061811209,"coord_type":"general neighborhood","source_1":"","source_2":"","site_prpse":"","sources":""}},{"type":"Feature","geometry":{"type":"Point","coordinates":[51.4357886461868,35.6298696175408]},"properties":{"event_id":1831,"data_org":"Green","post_date":"2026-03-30T00:00:00.000Z","pub_date":"2026-03-31T00:00:00.000Z","strikedate":"2026-03-30T00:00:00.000Z","event_type":"Reported Airstrike","actor":"UNK","site_type":"civilian","siteStype":"civilian : building","city":"Tehran","province":"Tehran","country":"Iran","latitude":35.6298696175,"longitude":51.4357886462,"coord_type":"general neighborhood","source_1":"","source_2":"","site_prpse":"","sources":""}},{"type":"Feature","geometry":{"type":"Point","coordinates":[51.4364547399161,35.614308491417695]},"properties":{"event_id":1832,"data_org":"Green","post_date":"2026-03-30T00:00:00.000Z","pub_date":"2026-03-31T00:00:00.000Z","strikedate":"2026-03-30T00:00:00.000Z","event_type":"Reported Airstrike","actor":"UNK","site_type":"civilian","siteStype":"civilian : industrial","city":"Tehran","province":"Tehran","country":"Iran","latitude":35.6143084914,"longitude":51.4364547399,"coord_type":"exact","source_1":"","source_2":"","site_prpse":"","sources":""}},{"type":"Feature","geometry":{"type":"Point","coordinates":[51.7753615249192,35.53681141465499]},"properties":{"event_id":1841,"data_org":"Green","post_date":"2026-03-30T00:00:00.000Z","pub_date":"2026-03-31T00:00:00.000Z","strikedate":"2026-03-30T00:00:00.000Z","event_type":"Report of Explosion with Footage","actor":"UNK","site_type":"military","siteStype":"military : industrial","city":"Tehran","province":"Tehran","country":"Iran","latitude":35.5368114147,"longitude":51.7753615249,"coord_type":"general neighborhood","source_1":"https://x.com/Vahid/status/2038799956878803411?s=20","source_2":"","site_prpse":"IRGC : Aerospace : missile : production","sources":""}},{"type":"Feature","geometry":{"type":"Point","coordinates":[51.6047893,32.59588310000001]},"properties":{"event_id":1843,"data_org":"Green","post_date":"2026-03-30T00:00:00.000Z","pub_date":"2026-03-31T00:00:00.000Z","strikedate":"2026-03-30T00:00:00.000Z","event_type":"Report of Explosion with Footage","actor":"UNK","site_type":"military","siteStype":"military : missile base","city":"Esfahan","province":"Esfahan","country":"Iran","latitude":32.5958831,"longitude":51.6047893,"coord_type":"exact","source_1":"https://x.com/IranIntl/status/2038813918450045437?s=20","source_2":"https://x.com/IranIntl/status/2038794051361624419?s=20","site_prpse":"IRGC : Aerospace : missile : operations","sources":"https://x.com/IranIntl/status/2038775621304697265?s=20; https://x.com/Vahid/status/2038897202576101608?s=20; https://x.com/Osint613/status/2038935246549245972; https://x.com/Mitch_Ulrich/status/2038817557247840624; https://x.com/Vahid/status/203876138302"}},{"type":"Feature","geometry":{"type":"Point","coordinates":[51.38129,35.72826]},"properties":{"event_id":1845,"data_org":"Green","post_date":"2026-03-30T00:00:00.000Z","pub_date":"2026-03-31T00:00:00.000Z","strikedate":"2026-03-30T00:00:00.000Z","event_type":"Report of Explosion with Footage","actor":"UNK","site_type":"civilian","siteStype":"civilian : building","city":"Tehran","province":"Tehran","country":"Iran","latitude":35.72826,"longitude":51.38129,"coord_type":"exact","source_1":"https://x.com/Vahid/status/2038819791310303518?s=20","source_2":"https://x.com/zarGEOINT/status/2038885057209790504?s=20","site_prpse":"","sources":"https://x.com/hey_itsmyturn/status/2038822992222814541?s=20; https://x.com/zarGEOINT/status/2038885057209790504?s=20; https://x.com/zarGEOINT/status/2038884595291115703?s=20; https://x.com/zarGEOINT/status/2038882781929820386?s=20"}},{"type":"Feature","geometry":{"type":"Point","coordinates":[57.1052902067006,26.521354486882785]},"properties":{"event_id":1847,"data_org":"Green","post_date":"2026-03-30T00:00:00.000Z","pub_date":"2026-03-31T00:00:00.000Z","strikedate":"2026-03-30T00:00:00.000Z","event_type":"Report of Explosion with Footage","actor":"UNK","site_type":"military","siteStype":"military : base","city":"Sirik","province":"Hormozgan","country":"Iran","latitude":26.5213544869,"longitude":57.1052902067,"coord_type":"general town","source_1":"https://x.com/IranIntl/status/2038828418578424119?s=20","source_2":"","site_prpse":"","sources":""}},{"type":"Feature","geometry":{"type":"Point","coordinates":[51.51268948284421,35.70511228233519]},"properties":{"event_id":1848,"data_org":"Green","post_date":"2026-03-31T00:00:00.000Z","pub_date":"2026-03-31T00:00:00.000Z","strikedate":"2026-03-31T00:00:00.000Z","event_type":"Report of Explosion with Footage","actor":"UNK","site_type":"military","siteStype":"military : unknown","city":"Tehran","province":"Tehran","country":"Iran","latitude":35.7051122823,"longitude":51.5126894828,"coord_type":"exact","source_1":"https://x.com/Vahid/status/2038832502941339948?s=20","source_2":"https://x.com/Iran_Tracker/status/2038997694971003286?s=20","site_prpse":"","sources":""}},{"type":"Feature","geometry":{"type":"Point","coordinates":[51.5352811434968,35.7549241243721]},"properties":{"event_id":1849,"data_org":"Green","post_date":"2026-03-31T00:00:00.000Z","pub_date":"2026-03-31T00:00:00.000Z","strikedate":"2026-03-31T00:00:00.000Z","event_type":"Report of Explosion with Footage","actor":"UNK","site_type":"civilian","siteStype":"civilian : building","city":"Tehran","province":"Tehran","country":"Iran","latitude":35.7549241244,"longitude":51.5352811435,"coord_type":"exact","source_1":"https://x.com/Vahid/status/2038834034810188088?s=20","source_2":"https://x.com/acceladealer/status/2038918693216792934?s=20","site_prpse":"","sources":""}},{"type":"Feature","geometry":{"type":"Point","coordinates":[50.4519558348147,33.9115610614218]},"properties":{"event_id":1851,"data_org":"Green","post_date":"2026-03-31T00:00:00.000Z","pub_date":"2026-03-31T00:00:00.000Z","strikedate":"2026-03-31T00:00:00.000Z","event_type":"Reported Airstrike","actor":"UNK","site_type":"civilian","siteStype":"civilian : building","city":"Mahallat","province":"Markazi","country":"Iran","latitude":33.9115610614,"longitude":50.4519558348,"coord_type":"general town","source_1":"","source_2":"","site_prpse":"","sources":""}},{"type":"Feature","geometry":{"type":"Point","coordinates":[48.476991,36.66464199999999]},"properties":{"event_id":1854,"data_org":"Green","post_date":"2026-03-31T00:00:00.000Z","pub_date":"2026-03-31T00:00:00.000Z","strikedate":"2026-03-31T00:00:00.000Z","event_type":"Reported Airstrike","actor":"UNK","site_type":"unknown","siteStype":"NA","city":"Zanjan","province":"Zanjan","country":"Iran","latitude":36.664642,"longitude":48.476991,"coord_type":"exact","source_1":"https://x.com/acceladealer/status/2038894025558614096?s=20","source_2":"https://x.com/acceladealer/status/2038894029283197031?s=20","site_prpse":"","sources":"https://t.me/VahidOnline/73775; https://x.com/WillUnderhill23/status/2038903085032980729?s=20; https://x.com/mamlekate/status/2038876874835628390?s=20; https://x.com/zarGEOINT/status/2038894499108208647?s=20; https://t.me/Nournews_ir/343884; https://x.co"}},{"type":"Feature","geometry":{"type":"Point","coordinates":[52.51001000000001,29.618520000000004]},"properties":{"event_id":1856,"data_org":"Green","post_date":"2026-03-31T00:00:00.000Z","pub_date":"2026-03-31T00:00:00.000Z","strikedate":"2026-03-31T00:00:00.000Z","event_type":"Report of Explosion with Footage","actor":"UNK","site_type":"military","siteStype":"military : airbase","city":"Shiraz","province":"Fars","country":"Iran","latitude":29.61852,"longitude":52.51001,"coord_type":"general neighborhood","source_1":"https://x.com/IranIntl/status/2038916447699669132?s=20","source_2":"https://x.com/IranIntl/status/2038892785307185199?s=20","site_prpse":"","sources":"https://x.com/Vahid/status/2038878053309255707?s=20"}},{"type":"Feature","geometry":{"type":"Point","coordinates":[51.7825089330242,35.5366518649744]},"properties":{"event_id":1860,"data_org":"Green","post_date":"2026-03-31T00:00:00.000Z","pub_date":"2026-03-31T00:00:00.000Z","strikedate":"2026-03-31T00:00:00.000Z","event_type":"Confirmed Airstrike","actor":"UNK","site_type":"military","siteStype":"military : industrial","city":"Tehran","province":"Tehran","country":"Iran","latitude":35.536651865,"longitude":51.782508933,"coord_type":"exact","source_1":"https://x.com/idfonline/status/2038927108446028217?s=20","source_2":"","site_prpse":"IRGC : Aerospace : development","sources":""}},{"type":"Feature","geometry":{"type":"Point","coordinates":[51.7814141284522,35.54040020310121]},"properties":{"event_id":1861,"data_org":"Green","post_date":"2026-03-31T00:00:00.000Z","pub_date":"2026-03-31T00:00:00.000Z","strikedate":"2026-03-31T00:00:00.000Z","event_type":"Confirmed Airstrike","actor":"UNK","site_type":"military","siteStype":"military : industrial","city":"Tehran","province":"Tehran","country":"Iran","latitude":35.5404002031,"longitude":51.7814141285,"coord_type":"exact","source_1":"https://x.com/idfonline/status/2038927108446028217?s=20","source_2":"","site_prpse":"Air Defense : Production & Research","sources":""}},{"type":"Feature","geometry":{"type":"Point","coordinates":[51.1509682810206,35.7360309050474]},"properties":{"event_id":1863,"data_org":"Green","post_date":"2026-03-31T00:00:00.000Z","pub_date":"2026-03-31T00:00:00.000Z","strikedate":"2026-03-31T00:00:00.000Z","event_type":"Confirmed Airstrike","actor":"UNK","site_type":"civilian","siteStype":"military : industrial","city":"Tehran","province":"Tehran","country":"Iran","latitude":35.736030905,"longitude":51.150968281,"coord_type":"exact","source_1":"https://x.com/zarGEOINT/status/2038935634346172720?s=20","source_2":"https://x.com/zarGEOINT/status/2038939952323407887?s=20","site_prpse":"Chemical : Production","sources":"https://t.me/presstv/182871 ; https://x.com/idfonline/status/2039100510712594460?s=20"}},{"type":"Feature","geometry":{"type":"Point","coordinates":[51.5749979,32.97444469999999]},"properties":{"event_id":1864,"data_org":"Green","post_date":"2026-03-29T00:00:00.000Z","pub_date":"2026-03-31T00:00:00.000Z","strikedate":"2026-03-27T00:00:00.000Z","event_type":"Confirmed Airstrike","actor":"UNK","site_type":"military","siteStype":"military : base","city":"Shahi Shahr","province":"Esfahan","country":"Iran","latitude":32.9744447,"longitude":51.5749979,"coord_type":"exact","source_1":"https://x.com/SoarAtlas/status/2038443395962835220","source_2":"https://x.com/Osint613/status/2038622013460185098","site_prpse":"","sources":"https://x.com/IranIntl/status/2039366393884205450?s=20"}},{"type":"Feature","geometry":{"type":"Point","coordinates":[54.88826501502211,26.551082015190705]},"properties":{"event_id":1865,"data_org":"Green","post_date":"2026-03-31T00:00:00.000Z","pub_date":"2026-03-31T00:00:00.000Z","strikedate":"2026-03-31T00:00:00.000Z","event_type":"Report of Explosion with Footage","actor":"UNK","site_type":"civilian","siteStype":"civilian : transit","city":"Bandar lengeh","province":"Hormozgan","country":"Iran","latitude":26.5510820152,"longitude":54.888265015,"coord_type":"general town","source_1":"https://x.com/IranIntl/status/2038985015271288961?s=20","source_2":"","site_prpse":"","sources":""}},{"type":"Feature","geometry":{"type":"Point","coordinates":[50.119829764951604,31.04628387026719]},"properties":{"event_id":1866,"data_org":"Green","post_date":"2026-03-31T00:00:00.000Z","pub_date":"2026-03-31T00:00:00.000Z","strikedate":"2026-03-31T00:00:00.000Z","event_type":"Report of Explosion with Footage","actor":"UNK","site_type":"military","siteStype":"military : air defense system","city":"Rowghani","province":"Kohgiluyeh and Boyerahmad","country":"Iran","latitude":31.0462838703,"longitude":50.119829765,"coord_type":"exact","source_1":"https://x.com/IranIntl/status/2038994928827609361?s=20","source_2":"https://x.com/Iran_Tracker/status/2039035097379115425?s=20","site_prpse":"Air Defense : Radar","sources":""}},{"type":"Feature","geometry":{"type":"Point","coordinates":[52.53647900000001,29.64932499999999]},"properties":{"event_id":1867,"data_org":"Green","post_date":"2026-03-31T00:00:00.000Z","pub_date":"2026-03-31T00:00:00.000Z","strikedate":"2026-03-31T00:00:00.000Z","event_type":"Report of Explosion with Footage","actor":"UNK","site_type":"unknown","siteStype":"civilian : unknown","city":"Shiraz","province":"Fars","country":"Iran","latitude":29.649325,"longitude":52.536479,"coord_type":"exact","source_1":"https://x.com/acceladealer/status/2039007225570525686?s=20","source_2":"https://x.com/acceladealer/status/2039007230054244794?s=20","site_prpse":"","sources":"https://t.me/kianmeli1/85802 ; https://x.com/Vahid/status/2039157171762389284?s=20"}},{"type":"Feature","geometry":{"type":"Point","coordinates":[51.6418218,35.6943917]},"properties":{"event_id":1868,"data_org":"Green","post_date":"2026-03-31T00:00:00.000Z","pub_date":"2026-03-31T00:00:00.000Z","strikedate":"2026-03-31T00:00:00.000Z","event_type":"Confirmed Airstrike","actor":"UNK","site_type":"military","siteStype":"military : industrial","city":"Tehran","province":"Tehran","country":"Iran","latitude":35.6943917,"longitude":51.6418218,"coord_type":"exact","source_1":"https://x.com/IDFFarsi/status/2039009910277525968?s=20","source_2":"","site_prpse":"IRGC : Aerospace : missile : production","sources":""}},{"type":"Feature","geometry":{"type":"Point","coordinates":[51.65254209999999,35.6561886]},"properties":{"event_id":1869,"data_org":"Green","post_date":"2026-03-31T00:00:00.000Z","pub_date":"2026-03-31T00:00:00.000Z","strikedate":"2026-03-31T00:00:00.000Z","event_type":"Confirmed Airstrike","actor":"UNK","site_type":"military","siteStype":"military : industrial","city":"Tehran","province":"Tehran","country":"Iran","latitude":35.6561886,"longitude":51.6525421,"coord_type":"exact","source_1":"https://x.com/IDFFarsi/status/2039009910277525968?s=20","source_2":"https://t.me/BenTzionM/7547","site_prpse":"IRGC : Aerospace : development","sources":""}},{"type":"Feature","geometry":{"type":"Point","coordinates":[51.38128280000001,35.728275]},"properties":{"event_id":1870,"data_org":"Green","post_date":"2026-03-31T00:00:00.000Z","pub_date":"2026-03-31T00:00:00.000Z","strikedate":"2026-03-31T00:00:00.000Z","event_type":"Confirmed Airstrike","actor":"UNK","site_type":"military","siteStype":"military : industrial","city":"Tehran","province":"Tehran","country":"Iran","latitude":35.728275,"longitude":51.3812828,"coord_type":"exact","source_1":"https://x.com/IDFFarsi/status/2039009910277525968?s=20","source_2":"","site_prpse":"Air Defense : Production & Research","sources":""}},{"type":"Feature","geometry":{"type":"Point","coordinates":[51.22346268130019,35.7164349398361]},"properties":{"event_id":1875,"data_org":"Green","post_date":"2026-03-31T00:00:00.000Z","pub_date":"2026-03-31T00:00:00.000Z","strikedate":"2026-03-31T00:00:00.000Z","event_type":"Report of Explosion with Footage","actor":"UNK","site_type":"unknown","siteStype":"","city":"Tehran","province":"Tehran","country":"Iran","latitude":35.7164349398,"longitude":51.2234626813,"coord_type":"exact","source_1":"https://x.com/persiancpa/status/2038919231689961825","source_2":"","site_prpse":"","sources":""}},{"type":"Feature","geometry":{"type":"Point","coordinates":[48.6005921811188,33.949061656372386]},"properties":{"event_id":1876,"data_org":"Green","post_date":"2026-03-10T00:00:00.000Z","pub_date":"2026-03-31T00:00:00.000Z","strikedate":"2026-03-10T00:00:00.000Z","event_type":"Confirmed Airstrike","actor":"UNK","site_type":"internal security","siteStype":"internal security : IRGC","city":"Boroujerd","province":"Lorestan","country":"Iran","latitude":33.9490616564,"longitude":48.6005921811,"coord_type":"exact","source_1":"Planet Imagery","source_2":"https://t.me/BenTzionM/7516","site_prpse":"","sources":""}},{"type":"Feature","geometry":{"type":"Point","coordinates":[48.6005921811188,33.949061656372386]},"properties":{"event_id":1877,"data_org":"Green","post_date":"2026-03-14T00:00:00.000Z","pub_date":"2026-03-31T00:00:00.000Z","strikedate":"2026-03-14T00:00:00.000Z","event_type":"Confirmed Airstrike","actor":"UNK","site_type":"internal security","siteStype":"internal security : IRGC","city":"Boroujerd","province":"Lorestan","country":"Iran","latitude":33.9490616564,"longitude":48.6005921811,"coord_type":"exact","source_1":"Planet Imagery","source_2":"","site_prpse":"","sources":""}},{"type":"Feature","geometry":{"type":"Point","coordinates":[51.57779,35.73821]},"properties":{"event_id":1880,"data_org":"Green","post_date":"2026-04-01T00:00:00.000Z","pub_date":"2026-04-01T00:00:00.000Z","strikedate":"2026-04-01T00:00:00.000Z","event_type":"Reported Airstrike","actor":"UNK","site_type":"military","siteStype":"military : unknown","city":"Tehran","province":"Tehran","country":"Iran","latitude":35.73821,"longitude":51.57779,"coord_type":"exact","source_1":"https://x.com/zarGEOINT/status/2039284987858460940?s=20","source_2":"https://x.com/zarGEOINT/status/2039287771563511912?s=20","site_prpse":"unknown","sources":""}},{"type":"Feature","geometry":{"type":"Point","coordinates":[51.410901,35.69314299999999]},"properties":{"event_id":1881,"data_org":"Green","post_date":"2026-03-31T00:00:00.000Z","pub_date":"2026-04-01T00:00:00.000Z","strikedate":"2026-03-31T00:00:00.000Z","event_type":"Confirmed Airstrike","actor":"Israel","site_type":"military","siteStype":"military : air defense system","city":"Tehran","province":"Tehran","country":"Iran","latitude":35.693143,"longitude":51.410901,"coord_type":"exact","source_1":"https://x.com/WillUnderhill23/status/2039280013883625699?s=20","source_2":"https://x.com/IDFFarsi/status/2038978953336050147?s=20","site_prpse":"Air Defense : Other","sources":"https://x.com/WillUnderhill23/status/2039280013883625699"}},{"type":"Feature","geometry":{"type":"Point","coordinates":[51.1854858966444,32.19477434175829]},"properties":{"event_id":1883,"data_org":"Green","post_date":"2026-03-31T00:00:00.000Z","pub_date":"2026-04-01T00:00:00.000Z","strikedate":"2026-03-31T00:00:00.000Z","event_type":"Report of Explosion with Footage","actor":"UNK","site_type":"military","siteStype":"military : industrial","city":"Boroujen","province":"Chaharmahal and Bakhtiari","country":"Iran","latitude":32.1947743418,"longitude":51.1854858966,"coord_type":"general neighborhood","source_1":"https://x.com/IranIntl/status/2039131605919281326?s=20","source_2":"https://t.me/sepah_pasdaran/190590","site_prpse":"unknown","sources":"https://x.com/Vahid/status/2039109733341123059?s=20"}},{"type":"Feature","geometry":{"type":"Point","coordinates":[51.255860000000006,35.688861]},"properties":{"event_id":1884,"data_org":"Green","post_date":"2026-04-01T00:00:00.000Z","pub_date":"2026-04-01T00:00:00.000Z","strikedate":"2026-04-01T00:00:00.000Z","event_type":"Reported Airstrike","actor":"UNK","site_type":"unknown","siteStype":"NA","city":"Tehran","province":"Tehran","country":"Iran","latitude":35.688861,"longitude":51.25586,"coord_type":"exact","source_1":"https://x.com/Osint613/status/2039258496160403779?s=20","source_2":"https://x.com/EndlessWint_r/status/2039270840731115745?s=20","site_prpse":"","sources":"https://x.com/IranIntl/status/2039270217277116816?s=20"}},{"type":"Feature","geometry":{"type":"Point","coordinates":[51.4271907454808,32.24383105721039]},"properties":{"event_id":1887,"data_org":"Green","post_date":"2026-03-31T00:00:00.000Z","pub_date":"2026-04-01T00:00:00.000Z","strikedate":"2026-03-31T00:00:00.000Z","event_type":"Reported Airstrike","actor":"UNK","site_type":"civilian","siteStype":"military : industrial","city":"Mobarakeh","province":"Esfahan","country":"Iran","latitude":32.2438310572,"longitude":51.4271907455,"coord_type":"exact","source_1":"https://x.com/Faytuks/status/2039086197956321643?s=20","source_2":"https://x.com/JasonMBrodsky/status/2039101212532916517?s=20","site_prpse":"Military Industrial : raw materials","sources":"https://x.com/ariel_oseran/status/2039098200477384945?s=20; https://x.com/Osint613/status/2039245799624724891; https://t.me/mehrnews/366612 ; https://x.com/Vahid/status/2039094766168592786?s=20 https://x.com/zarGEOINT/status/2040107149527760971?s=20"}},{"type":"Feature","geometry":{"type":"Point","coordinates":[48.7333636375362,31.2701307795642]},"properties":{"event_id":1888,"data_org":"Green","post_date":"2026-03-31T00:00:00.000Z","pub_date":"2026-04-01T00:00:00.000Z","strikedate":"2026-03-31T00:00:00.000Z","event_type":"Reported Airstrike","actor":"UNK","site_type":"civilian","siteStype":"military : industrial","city":"Ahvaz","province":"Khuzestan","country":"Iran","latitude":31.2701307796,"longitude":48.7333636375,"coord_type":"exact","source_1":"https://x.com/Faytuks/status/2039086197956321643?s=20","source_2":"https://t.me/mehrnews/366612","site_prpse":"Military Industrial : raw materials","sources":""}},{"type":"Feature","geometry":{"type":"Point","coordinates":[51.42368078352771,35.70782818919129]},"properties":{"event_id":1889,"data_org":"Green","post_date":"2026-04-01T00:00:00.000Z","pub_date":"2026-04-01T00:00:00.000Z","strikedate":"2026-04-01T00:00:00.000Z","event_type":"Report of Explosion with Footage","actor":"UNK","site_type":"political","siteStype":"NA","city":"Tehran","province":"Tehran","country":"Iran","latitude":35.7078281892,"longitude":51.4236807835,"coord_type":"exact","source_1":"https://x.com/IranIntl/status/2039245269426958410?s=20","source_2":"https://x.com/Osint613/status/2039243622009184645","site_prpse":"","sources":"https://x.com/isaacyeephoto/status/2039226884094066875"}},{"type":"Feature","geometry":{"type":"Point","coordinates":[50.892789,28.928316999999993]},"properties":{"event_id":1890,"data_org":"Green","post_date":"2026-04-01T00:00:00.000Z","pub_date":"2026-04-01T00:00:00.000Z","strikedate":"2026-04-01T00:00:00.000Z","event_type":"Report of Explosion with Footage","actor":"UNK","site_type":"military","siteStype":"military : air defense system","city":"Bushehr","province":"Bushehr","country":"Iran","latitude":28.928317,"longitude":50.892789,"coord_type":"exact","source_1":"https://x.com/acceladealer/status/2039289301310079139?s=20","source_2":"https://x.com/acceladealer/status/2039289305537933676?s=20","site_prpse":"Air Defense : Radar","sources":""}},{"type":"Feature","geometry":{"type":"Point","coordinates":[51.375579,35.78002699999999]},"properties":{"event_id":1893,"data_org":"Green","post_date":"2026-04-01T00:00:00.000Z","pub_date":"2026-04-01T00:00:00.000Z","strikedate":"2026-04-01T00:00:00.000Z","event_type":"Report of Explosion with Footage","actor":"UNK","site_type":"unknown","siteStype":"NA","city":"Tehran","province":"Tehran","country":"Iran","latitude":35.780027,"longitude":51.375579,"coord_type":"general neighborhood","source_1":"https://x.com/Vahid/status/2039199372999606617?s=20","source_2":"https://x.com/Osint613/status/2039286991309689097","site_prpse":"","sources":""}},{"type":"Feature","geometry":{"type":"Point","coordinates":[53.3615149242721,31.024649589943394]},"properties":{"event_id":1894,"data_org":"Green","post_date":"2026-04-01T00:00:00.000Z","pub_date":"2026-04-01T00:00:00.000Z","strikedate":"2026-04-01T00:00:00.000Z","event_type":"Report of Explosion with Footage","actor":"UNK","site_type":"unknown","siteStype":"NA","city":"Mehrdasht","province":"Yazd","country":"Iran","latitude":31.0246495899,"longitude":53.3615149243,"coord_type":"general neighborhood","source_1":"https://x.com/Osint613/status/2039292849607311536","source_2":"https://x.com/Vahid/status/2039194675504943403?s=20","site_prpse":"","sources":""}},{"type":"Feature","geometry":{"type":"Point","coordinates":[51.4688570126306,35.7808648894182]},"properties":{"event_id":1900,"data_org":"Green","post_date":"2026-03-31T00:00:00.000Z","pub_date":"2026-04-01T00:00:00.000Z","strikedate":"2026-03-31T00:00:00.000Z","event_type":"Reported Airstrike","actor":"UNK","site_type":"military","siteStype":"military : industrial","city":"Tehran","province":"Tehran","country":"Iran","latitude":35.7808648894,"longitude":51.4688570126,"coord_type":"exact","source_1":"https://x.com/Vahid/status/2039171241311871137?s=20","source_2":"","site_prpse":"IRGC : Aerospace : missile : production","sources":""}},{"type":"Feature","geometry":{"type":"Point","coordinates":[51.2303783066039,35.742002753042804]},"properties":{"event_id":1902,"data_org":"Green","post_date":"2026-04-01T00:00:00.000Z","pub_date":"2026-04-01T00:00:00.000Z","strikedate":"2026-04-01T00:00:00.000Z","event_type":"Reported Airstrike","actor":"UNK","site_type":"military","siteStype":"military : industrial","city":"Tehran","province":"Tehran","country":"Iran","latitude":35.742002753,"longitude":51.2303783066,"coord_type":"exact","source_1":"https://t.me/BenTzionM/7318","source_2":"https://x.com/MarioLeb79/status/2039340559542648975; https://x.com/acceladealer/status/2039347876518674714; https://x.com/acceladealer/status/2039347584251121768/history","site_prpse":"","sources":""}},{"type":"Feature","geometry":{"type":"Point","coordinates":[51.7504337200566,32.44971213517169]},"properties":{"event_id":1904,"data_org":"Green","post_date":"2026-04-01T00:00:00.000Z","pub_date":"2026-04-01T00:00:00.000Z","strikedate":"2026-04-01T00:00:00.000Z","event_type":"Report of Explosion with Footage","actor":"UNK","site_type":"military","siteStype":"military : missile base","city":"Esfahan","province":"Esfahan","country":"Iran","latitude":32.4497121352,"longitude":51.7504337201,"coord_type":"exact","source_1":"https://x.com/Vahid/status/2039370822939279704","source_2":"https://x.com/JoeTruzman/status/2039428470086971645?s=20","site_prpse":"IRGC : Aerospace : missile : operations","sources":"https://browser.dataspace.copernicus.eu/?zoom=15&lat=32.46174&lng=51.71484&themeId=DEFAULT-THEME&visualizationUrl=U2FsdGVkX1820IOs6FOTNFOpOo6qkA%2B%2FIv1ByCWFnsz%2FnTQdeD4e%2B9whwxdmTg1TvLVD%2FASwQDww85jK0WsyakyrBlRUY4psHpdd7hBDHIchQ7%2B5rWCr5JAiME7aQJDH"}},{"type":"Feature","geometry":{"type":"Point","coordinates":[51.55249856259,32.86250380051279]},"properties":{"event_id":1907,"data_org":"Green","post_date":"2026-04-01T00:00:00.000Z","pub_date":"2026-04-01T00:00:00.000Z","strikedate":"2026-04-01T00:00:00.000Z","event_type":"Report of Explosion with Footage","actor":"UNK","site_type":"unknown","siteStype":"","city":"Shahin Shahr","province":"Esfahan","country":"Iran","latitude":32.8625038005,"longitude":51.5524985626,"coord_type":"general town","source_1":"https://x.com/Vahid/status/2039358150504055157","source_2":"","site_prpse":"","sources":""}},{"type":"Feature","geometry":{"type":"Point","coordinates":[53.077564794141104,27.096760269125006]},"properties":{"event_id":1908,"data_org":"Green","post_date":"2026-04-01T00:00:00.000Z","pub_date":"2026-04-01T00:00:00.000Z","strikedate":"2026-04-01T00:00:00.000Z","event_type":"Report of Explosion with Footage","actor":"UNK","site_type":"unknown","siteStype":"","city":"Ziarat","province":"Hormozgan","country":"Iran","latitude":27.0967602691,"longitude":53.0775647941,"coord_type":"general town","source_1":"https://x.com/IranIntl/status/2039340599866741062?s=20","source_2":"","site_prpse":"","sources":""}},{"type":"Feature","geometry":{"type":"Point","coordinates":[51.48254,35.8055]},"properties":{"event_id":1910,"data_org":"Green","post_date":"2026-04-01T00:00:00.000Z","pub_date":"2026-04-01T00:00:00.000Z","strikedate":"2026-04-01T00:00:00.000Z","event_type":"Reported Airstrike","actor":"UNK","site_type":"civilian","siteStype":"","city":"Ajodaniyeh","province":"Tehran","country":"Iran","latitude":35.8055,"longitude":51.48254,"coord_type":"exact","source_1":"https://x.com/Osint613/status/2039361550603952610?s=20","source_2":"https://x.com/zarGEOINT/status/2039365120409616444?s=20","site_prpse":"","sources":""}},{"type":"Feature","geometry":{"type":"Point","coordinates":[51.912341,32.791194]},"properties":{"event_id":1959,"data_org":"Green","post_date":"2026-04-02T00:00:00.000Z","pub_date":"2026-04-03T00:00:00.000Z","strikedate":"2026-04-02T00:00:00.000Z","event_type":"Confirmed Airstrike","actor":"UNK","site_type":"military","siteStype":"military : airbase","city":"Esfahan","province":"Esfahan","country":"Iran","latitude":32.791194,"longitude":51.912341,"coord_type":"exact","source_1":"https://t.me/BenTzionM/7325","source_2":"https://t.me/BenTzionM/7330","site_prpse":"Air Defense : Stockpiles","sources":""}},{"type":"Feature","geometry":{"type":"Point","coordinates":[51.681655,32.488086]},"properties":{"event_id":1960,"data_org":"Green","post_date":"2026-04-02T00:00:00.000Z","pub_date":"2026-04-03T00:00:00.000Z","strikedate":"2026-04-02T00:00:00.000Z","event_type":"Report of Explosion with Footage","actor":"UNK","site_type":"internal security","siteStype":"internal security : IRGC","city":"Esfahan","province":"Esfahan","country":"Iran","latitude":32.488086,"longitude":51.681655,"coord_type":"exact","source_1":"https://x.com/Vahid/status/2039886159103266923?s=20","source_2":"https://x.com/acceladealer/status/2039994002456420797?s=20","site_prpse":"","sources":""}},{"type":"Feature","geometry":{"type":"Point","coordinates":[51.6818517,32.4892858]},"properties":{"event_id":1961,"data_org":"Green","post_date":"2026-04-02T00:00:00.000Z","pub_date":"2026-04-03T00:00:00.000Z","strikedate":"2026-04-02T00:00:00.000Z","event_type":"Report of Explosion with Footage","actor":"UNK","site_type":"military","siteStype":"military : missile base","city":"Esfahan","province":"Esfahan","country":"Iran","latitude":32.4892858,"longitude":51.6818517,"coord_type":"exact","source_1":"https://x.com/Vahid/status/2039886159103266923?s=20","source_2":"https://x.com/Iran_Tracker/status/2039894657874776434?s=20","site_prpse":"IRGC : Aerospace : missile : operations","sources":"https://x.com/acceladealer/status/2039994002456420797?s=20"}},{"type":"Feature","geometry":{"type":"Point","coordinates":[51.053778,35.76627499999999]},"properties":{"event_id":1963,"data_org":"Green","post_date":"2026-04-03T00:00:00.000Z","pub_date":"2026-04-03T00:00:00.000Z","strikedate":"2026-04-03T00:00:00.000Z","event_type":"Reported Airstrike","actor":"UNK","site_type":"military","siteStype":"military : industrial","city":"Garmdareh","province":"Alborz","country":"Iran","latitude":35.766275,"longitude":51.053778,"coord_type":"exact","source_1":"https://x.com/Osintr3sting/status/2040036649657069714","source_2":"https://x.com/Osint613/status/2040002500925780061","site_prpse":"","sources":""}},{"type":"Feature","geometry":{"type":"Point","coordinates":[51.393001409187,35.80068190541151]},"properties":{"event_id":1964,"data_org":"Green","post_date":"2026-04-03T00:00:00.000Z","pub_date":"2026-04-03T00:00:00.000Z","strikedate":"2026-04-03T00:00:00.000Z","event_type":"Confirmed Airstrike","actor":"UNK","site_type":"military","siteStype":"nuclear : research","city":"Tehran","province":"Tehran","country":"Iran","latitude":35.8006819054,"longitude":51.3930014092,"coord_type":"exact","source_1":"https://t.me/Nournews_ir/344980","source_2":"https://x.com/mamlekate/status/2040054275280142488?s=20","site_prpse":"Nuclear : R&D","sources":"https://x.com/MizanNewsAgency/status/2040079867446706370?s=20; https://x.com/zarGEOINT/status/2040187384705233114; https://isis-online.org/isis-reports/comprehensive-analysis-of-nuclear-facilities-targeted-during-the-second-phase-of-the-iran-war"}},{"type":"Feature","geometry":{"type":"Point","coordinates":[51.5290670794543,35.9323982234413]},"properties":{"event_id":1966,"data_org":"Green","post_date":"2026-04-03T00:00:00.000Z","pub_date":"2026-04-03T00:00:00.000Z","strikedate":"2026-04-03T00:00:00.000Z","event_type":"Reported Airstrike","actor":"UNK","site_type":"military","siteStype":"military : border protection","city":"Rudak","province":"Tehran","country":"Iran","latitude":35.9323982234,"longitude":51.5290670795,"coord_type":"general town","source_1":"https://x.com/hey_itsmyturn/status/2040061127489388687","source_2":"","site_prpse":"","sources":""}},{"type":"Feature","geometry":{"type":"Point","coordinates":[51.77230900000001,35.73460699999999]},"properties":{"event_id":1967,"data_org":"Green","post_date":"2026-04-03T00:00:00.000Z","pub_date":"2026-04-03T00:00:00.000Z","strikedate":"2026-04-03T00:00:00.000Z","event_type":"Report of Explosion with Footage","actor":"UNK","site_type":"civilian","siteStype":"civilian : industrial","city":"Pardis","province":"Tehran","country":"Iran","latitude":35.734607,"longitude":51.772309,"coord_type":"exact","source_1":"https://x.com/IranIntl/status/2040076494718869771?s=20","source_2":"https://x.com/Vahid/status/2040065939467633040?s=20","site_prpse":"","sources":"https://t.me/kianmeli1/85988; https://x.com/acceladealer/status/2040053040871363034?s=20; https://x.com/acceladealer/status/2040053035385196806?s=20"}},{"type":"Feature","geometry":{"type":"Point","coordinates":[46.366779129550906,38.088040359655395]},"properties":{"event_id":1968,"data_org":"Green","post_date":"2026-04-03T00:00:00.000Z","pub_date":"2026-04-03T00:00:00.000Z","strikedate":"2026-04-03T00:00:00.000Z","event_type":"Report of Explosion with Footage","actor":"UNK","site_type":"unknown","siteStype":"NA","city":"Tabriz","province":"East Azerbaijan","country":"Iran","latitude":38.0880403597,"longitude":46.3667791296,"coord_type":"POV","source_1":"https://x.com/Vahid/status/2040079111549304837?s=20","source_2":"https://x.com/Vahid/status/2040079395310735584?s=20","site_prpse":"","sources":"https://x.com/IranIntlbrk/status/2040098001067065633?s=20"}},{"type":"Feature","geometry":{"type":"Point","coordinates":[60.622490000000006,25.314329999999998]},"properties":{"event_id":1969,"data_org":"Green","post_date":"2026-04-03T00:00:00.000Z","pub_date":"2026-04-03T00:00:00.000Z","strikedate":"2026-04-02T00:00:00.000Z","event_type":"Confirmed Airstrike","actor":"UNK","site_type":"military","siteStype":"military : surface combatant","city":"Chabahar","province":"Sistan and Baluchistan","country":"Iran","latitude":25.31433,"longitude":60.62249,"coord_type":"exact","source_1":"https://x.com/zarGEOINT/status/2040098473563849167?s=20","source_2":"https://x.com/IranIntl/status/2039713600462340346?s=20","site_prpse":"IRGC : Navy : Fast Attack Craft","sources":""}},{"type":"Feature","geometry":{"type":"Point","coordinates":[60.3491509293059,25.42169227552431]},"properties":{"event_id":1971,"data_org":"Green","post_date":"2026-04-03T00:00:00.000Z","pub_date":"2026-04-03T00:00:00.000Z","strikedate":"2026-04-03T00:00:00.000Z","event_type":"Confirmed Airstrike","actor":"UNK","site_type":"military","siteStype":"military : airbase","city":"Konarak","province":"Sistan and Baluchistan","country":"Iran","latitude":25.4216922755,"longitude":60.3491509293,"coord_type":"exact","source_1":"https://x.com/MT_Anderson/status/2040085104094306386?s=20","source_2":"","site_prpse":"","sources":""}},{"type":"Feature","geometry":{"type":"Point","coordinates":[50.511343661149205,36.09228597942909]},"properties":{"event_id":1973,"data_org":"Green","post_date":"2026-04-04T00:00:00.000Z","pub_date":"2026-04-04T00:00:00.000Z","strikedate":"2026-04-04T00:00:00.000Z","event_type":"Confirmed Airstrike","actor":"Israel","site_type":"military","siteStype":"military : missile base","city":"Miyan Kooh","province":"Ghazvin","country":"Iran","latitude":36.0922859794,"longitude":50.5113436611,"coord_type":"exact","source_1":"https://x.com/idfonline/status/2040305473895711206","source_2":"","site_prpse":"IRGC : Aerospace : missile : operations","sources":""}},{"type":"Feature","geometry":{"type":"Point","coordinates":[50.88629007,28.830437230000005]},"properties":{"event_id":1976,"data_org":"Green","post_date":"2026-04-04T00:00:00.000Z","pub_date":"2026-04-04T00:00:00.000Z","strikedate":"2026-04-04T00:00:00.000Z","event_type":"Reported Airstrike","actor":"UNK","site_type":"nuclear","siteStype":"NA","city":"Halileh","province":"Bushehr","country":"Iran","latitude":28.83043723,"longitude":50.88629007,"coord_type":"exact","source_1":"https://x.com/iaeaorg/status/2040360500047819000","source_2":"https://x.com/manniefabian/status/2040350675096174696","site_prpse":"","sources":""}},{"type":"Feature","geometry":{"type":"Point","coordinates":[49.08742666999999,30.483098079999994]},"properties":{"event_id":1977,"data_org":"Green","post_date":"2026-04-04T00:00:00.000Z","pub_date":"2026-04-04T00:00:00.000Z","strikedate":"2026-04-04T00:00:00.000Z","event_type":"Confirmed Airstrike","actor":"UNK","site_type":"military","siteStype":"military : industrial","city":"Mahashahr","province":"Khuzestan","country":"Iran","latitude":30.48309808,"longitude":49.08742667,"coord_type":"exact","source_1":"https://x.com/acceladealer/status/2040359680573120669?s=20","source_2":"https://t.me/rodast_omiddana/69265","site_prpse":"Chemical : Production","sources":"https://x.com/IranIntl/status/2040358234297401642?s=20 ; https://x.com/acceladealer/status/2040359680573120669; https://x.com/Vahid/status/2040498502493450613?s=20\thttps://x.com/idfonline/status/2040482500397396031?s=20; https://x.com/acceladealer/status"}},{"type":"Feature","geometry":{"type":"Point","coordinates":[49.08742666999999,30.483098079999994]},"properties":{"event_id":1992,"data_org":"Green","post_date":"2026-04-04T00:00:00.000Z","pub_date":"2026-04-04T00:00:00.000Z","strikedate":"2026-04-04T00:00:00.000Z","event_type":"Confirmed Airstrike","actor":"UNK","site_type":"military","siteStype":"military : industrial","city":"Mahashahr","province":"Khuzestan","country":"Iran","latitude":30.48309808,"longitude":49.08742667,"coord_type":"exact","source_1":"https://x.com/acceladealer/status/2040359680573120669?s=20","source_2":"https://t.me/rodast_omiddana/69265","site_prpse":"IRGC : Aerospace : missile : production","sources":"https://x.com/IranIntl/status/2040358234297401642?s=20 ; https://x.com/acceladealer/status/2040359680573120669; https://x.com/Vahid/status/2040498502493450613?s=20\thttps://x.com/idfonline/status/2040482500397396031?s=20; https://x.com/acceladealer/status"}},{"type":"Feature","geometry":{"type":"Point","coordinates":[51.3745117762825,35.5141196077726]},"properties":{"event_id":1978,"data_org":"Green","post_date":"2026-04-04T00:00:00.000Z","pub_date":"2026-04-04T00:00:00.000Z","strikedate":"2026-04-04T00:00:00.000Z","event_type":"Confirmed Airstrike","actor":"Israel","site_type":"military","siteStype":"military : air defense system","city":"Kahrizak","province":"Tehran","country":"Iran","latitude":35.5141196078,"longitude":51.3745117763,"coord_type":"exact","source_1":"https://x.com/idfonline/status/2040305473895711206","source_2":"","site_prpse":"Air Defense : Battery","sources":""}},{"type":"Feature","geometry":{"type":"Point","coordinates":[51.5248945245852,35.7258190341631]},"properties":{"event_id":1980,"data_org":"Green","post_date":"2026-04-04T00:00:00.000Z","pub_date":"2026-04-04T00:00:00.000Z","strikedate":"2026-04-04T00:00:00.000Z","event_type":"Report of Explosion with Footage","actor":"UNK","site_type":"unknown","siteStype":"NA","city":"Tehran","province":"Tehran","country":"Iran","latitude":35.7258190342,"longitude":51.5248945246,"coord_type":"general neighborhood","source_1":"https://x.com/IranIntl/status/2040381213471314275?s=20","source_2":"","site_prpse":"","sources":""}},{"type":"Feature","geometry":{"type":"Point","coordinates":[52.599915,29.516463000000005]},"properties":{"event_id":1982,"data_org":"Green","post_date":"2026-04-04T00:00:00.000Z","pub_date":"2026-04-04T00:00:00.000Z","strikedate":"2026-04-04T00:00:00.000Z","event_type":"Report of Explosion with Footage","actor":"UNK","site_type":"military","siteStype":"military : base","city":"Shiraz","province":"Fars","country":"Iran","latitude":29.516463,"longitude":52.599915,"coord_type":"exact","source_1":"https://x.com/IranIntl/status/2040383347482869836?s=20","source_2":"https://x.com/IranIntl/status/2040356001040290127?s=20","site_prpse":"IRGC : Navy : Other Operations","sources":"https://x.com/IranIntl/status/2040354894704447570?s=20"}},{"type":"Feature","geometry":{"type":"Point","coordinates":[51.25688505490071,35.41815064524948]},"properties":{"event_id":1983,"data_org":"Green","post_date":"2026-04-04T00:00:00.000Z","pub_date":"2026-04-04T00:00:00.000Z","strikedate":"2026-04-04T00:00:00.000Z","event_type":"Confirmed Airstrike","actor":"Israel","site_type":"military","siteStype":"military : air defense system","city":"Vijin","province":"Tehran","country":"Iran","latitude":35.4181506452,"longitude":51.2568850549,"coord_type":"general town","source_1":"https://x.com/idfonline/status/2040305473895711206","source_2":"","site_prpse":"Air Defense : Other","sources":""}},{"type":"Feature","geometry":{"type":"Point","coordinates":[52.5370103213272,29.646843516064294]},"properties":{"event_id":1984,"data_org":"Green","post_date":"2026-04-04T00:00:00.000Z","pub_date":"2026-04-04T00:00:00.000Z","strikedate":"2026-04-04T00:00:00.000Z","event_type":"Report of Explosion with Footage","actor":"UNK","site_type":"unknown","siteStype":"NA","city":"Shiraz","province":"Fars","country":"Iran","latitude":29.6468435161,"longitude":52.5370103213,"coord_type":"general town","source_1":"https://x.com/IranIntl/status/2040353209043075302?s=20","source_2":"https://x.com/IranIntl/status/2040345309436575938?s=20","site_prpse":"","sources":""}},{"type":"Feature","geometry":{"type":"Point","coordinates":[51.446920000000006,35.829119999999996]},"properties":{"event_id":1985,"data_org":"Green","post_date":"2026-04-03T00:00:00.000Z","pub_date":"2026-04-04T00:00:00.000Z","strikedate":"2026-04-03T00:00:00.000Z","event_type":"Confirmed Airstrike","actor":"UNK","site_type":"political","siteStype":"political : news","city":"Tehran","province":"Tehran","country":"Iran","latitude":35.82912,"longitude":51.44692,"coord_type":"exact","source_1":"https://x.com/acceladealer/status/2040166906804465895?s=20","source_2":"https://x.com/Vahid/status/2040163178651234388?s=20","site_prpse":"","sources":"https://x.com/ayatsubzero/status/2040178422979211605?s=20; https://x.com/IranIntl/status/2040320466598998067?s=20; https://x.com/acceladealer/status/2040166906804465895; https://substack.com/home/post/p-194705622"}},{"type":"Feature","geometry":{"type":"Point","coordinates":[46.0414110259168,37.960243008189295]},"properties":{"event_id":1989,"data_org":"Green","post_date":"2026-04-04T00:00:00.000Z","pub_date":"2026-04-04T00:00:00.000Z","strikedate":"2026-04-04T00:00:00.000Z","event_type":"Reported Airstrike","actor":"Israel","site_type":"military","siteStype":"military : launch site (missile)","city":"Tabriz","province":"East Azerbaijan","country":"Iran","latitude":37.9602430082,"longitude":46.0414110259,"coord_type":"exact","source_1":"https://x.com/AvichayAdraee/status/2040409968189260233","source_2":"https://x.com/manniefabian/status/2040409419771486424","site_prpse":"IRGC : Aerospace : missile : operations","sources":"https://x.com/MiddleEastBuka"}},{"type":"Feature","geometry":{"type":"Point","coordinates":[51.635459,29.629474999999985]},"properties":{"event_id":2012,"data_org":"Green","post_date":"2026-04-05T00:00:00.000Z","pub_date":"2026-04-06T00:00:00.000Z","strikedate":"2026-04-05T00:00:00.000Z","event_type":"Report of Explosion with Footage","actor":"UNK","site_type":"internal security","siteStype":"internal security : IRGC","city":"Kazerun","province":"Fars","country":"Iran","latitude":29.629475,"longitude":51.635459,"coord_type":"exact","source_1":"https://x.com/Mitch_Ulrich/status/2040949807594762752","source_2":"https://x.com/BabakTaghvaee1/status/2040927673799631007","site_prpse":"","sources":""}},{"type":"Feature","geometry":{"type":"Point","coordinates":[53.35154000000001,35.77344]},"properties":{"event_id":2013,"data_org":"Green","post_date":"2026-04-05T00:00:00.000Z","pub_date":"2026-04-06T00:00:00.000Z","strikedate":"2026-04-05T00:00:00.000Z","event_type":"Report of Explosion with Footage","actor":"UNK","site_type":"internal security","siteStype":"internal security : IRGC","city":"Shahmirzad","province":"Semnan","country":"Iran","latitude":35.77344,"longitude":53.35154,"coord_type":"exact","source_1":"https://x.com/hey_itsmyturn/status/2040931421766737966; https://x.com/zarGEOINT/status/2040886078811365609","source_2":"https://x.com/hey_itsmyturn/status/2040961339867144329","site_prpse":"","sources":""}},{"type":"Feature","geometry":{"type":"Point","coordinates":[50.873336244539395,34.638771682302796]},"properties":{"event_id":2048,"data_org":"Green","post_date":"2026-04-05T00:00:00.000Z","pub_date":"2026-04-06T00:00:00.000Z","strikedate":"2026-04-05T00:00:00.000Z","event_type":"Confirmed Airstrike","actor":"UNK","site_type":"civilian","siteStype":"civilian : building","city":"Qom","province":"Qom","country":"Iran","latitude":34.6387716823,"longitude":50.8733362445,"coord_type":"general town","source_1":"https://t.me/sepah_pasdaran/192366","source_2":"https://apnews.com/article/iran-us-israel-trump-lebanon-april-6-2026-87b62d531d3290fde5255077179bd3b5","site_prpse":"","sources":""}},{"type":"Feature","geometry":{"type":"Point","coordinates":[51.3174547,35.6982904]},"properties":{"event_id":2019,"data_org":"Green","post_date":"2026-04-05T00:00:00.000Z","pub_date":"2026-04-06T00:00:00.000Z","strikedate":"2026-04-05T00:00:00.000Z","event_type":"Report of Explosion with Footage","actor":"UNK","site_type":"military","siteStype":"military : airbase","city":"Tehran","province":"Tehran","country":"Iran","latitude":35.6982904,"longitude":51.3174547,"coord_type":"general neighborhood","source_1":"https://x.com/Osint613/status/2040971940966310272?s=20","source_2":"https://x.com/IranIntl/status/2040983992632066520?s=20; https://x.com/IranIntl/status/2040857021507895412?s=20 ; https://x.com/hey_itsmyturn/status/2040961033125114153; https://x.com/JasonMBrodsky/status/2040961368480772467?s=20; https://x.com/Vahid/stat","site_prpse":"","sources":""}},{"type":"Feature","geometry":{"type":"Point","coordinates":[51.4156931049281,32.6646800292643]},"properties":{"event_id":2053,"data_org":"Green","post_date":"2026-04-06T00:00:00.000Z","pub_date":"2026-04-06T00:00:00.000Z","strikedate":"2026-04-06T00:00:00.000Z","event_type":"Report of Explosion with Footage","actor":"UNK","site_type":"unknown","siteStype":"NA","city":"Najafabad","province":"Esfahan","country":"Iran","latitude":32.6646800293,"longitude":51.4156931049,"coord_type":"general neighborhood","source_1":"https://x.com/hey_itsmyturn/status/2041210387614364025","source_2":"https://x.com/Vahid/status/2041209777074647113?s=20","site_prpse":"unknown","sources":""}},{"type":"Feature","geometry":{"type":"Point","coordinates":[51.515396120357494,35.677010116142895]},"properties":{"event_id":2059,"data_org":"Green","post_date":"2026-04-06T00:00:00.000Z","pub_date":"2026-04-07T00:00:00.000Z","strikedate":"2026-04-06T00:00:00.000Z","event_type":"Confirmed Airstrike","actor":"Israel","site_type":"internal security","siteStype":"internal security : IRGC","city":"Tehran","province":"Tehran","country":"Iran","latitude":35.6770101161,"longitude":51.5153961204,"coord_type":"exact","source_1":"https://x.com/idfonline/status/2041222782017507469","source_2":"","site_prpse":"","sources":""}},{"type":"Feature","geometry":{"type":"Point","coordinates":[51.4986767985884,35.690282496184295]},"properties":{"event_id":2060,"data_org":"Green","post_date":"2026-04-06T00:00:00.000Z","pub_date":"2026-04-07T00:00:00.000Z","strikedate":"2026-04-06T00:00:00.000Z","event_type":"Confirmed Airstrike","actor":"Israel","site_type":"internal security","siteStype":"internal security : IRGC","city":"Tehran","province":"Tehran","country":"Iran","latitude":35.6902824962,"longitude":51.4986767986,"coord_type":"exact","source_1":"https://x.com/idfonline/status/2041222782017507469","source_2":"","site_prpse":"","sources":""}},{"type":"Feature","geometry":{"type":"Point","coordinates":[51.589110000000005,32.59859]},"properties":{"event_id":2064,"data_org":"Green","post_date":"2026-04-06T00:00:00.000Z","pub_date":"2026-04-07T00:00:00.000Z","strikedate":"2026-04-06T00:00:00.000Z","event_type":"Reported Airstrike","actor":"UNK","site_type":"military","siteStype":"military : base","city":"Esfahan","province":"Esfahan","country":"Iran","latitude":32.59859,"longitude":51.58911,"coord_type":"exact","source_1":"https://x.com/Mitch_Ulrich/status/2041281600416022827?s=20","source_2":"https://x.com/Vahid/status/2041260042708463705?s=20","site_prpse":"IRGC : Aerospace : drone : operations","sources":"https://t.me/BenTzionM/7370; https://x.com/Osint613/status/2041267093471977573 ; https://x.com/IranIntl/status/2041281939487793440"}},{"type":"Feature","geometry":{"type":"Point","coordinates":[51.4188717,32.705254399999994]},"properties":{"event_id":2085,"data_org":"Green","post_date":"2026-04-06T00:00:00.000Z","pub_date":"2026-04-07T00:00:00.000Z","strikedate":"2026-04-06T00:00:00.000Z","event_type":"Report of Explosion with Footage","actor":"UNK","site_type":"military","siteStype":"military : unknown","city":"Najafabad","province":"Esfahan","country":"Iran","latitude":32.7052544,"longitude":51.4188717,"coord_type":"general town","source_1":"https://x.com/Osint613/status/2041277874154459538","source_2":"","site_prpse":"IRGC : Aerospace : missile : operations","sources":""}},{"type":"Feature","geometry":{"type":"Point","coordinates":[51.373183000000004,35.51658399999999]},"properties":{"event_id":2067,"data_org":"Green","post_date":"2026-04-06T00:00:00.000Z","pub_date":"2026-04-07T00:00:00.000Z","strikedate":"2026-04-06T00:00:00.000Z","event_type":"Confirmed Airstrike","actor":"Israel","site_type":"military","siteStype":"military : air defense system","city":"Kahrizak","province":"Tehran","country":"Iran","latitude":35.516584,"longitude":51.373183,"coord_type":"exact","source_1":"https://x.com/idfonline/status/2041419723825389607","source_2":"https://x.com/benreuter_IMINT/status/2041440246345134368","site_prpse":"Air Defense : Battery","sources":"https://x.com/A_z_im/status/2041422098166387060"}},{"type":"Feature","geometry":{"type":"Point","coordinates":[51.22221845027491,35.50162487413519]},"properties":{"event_id":2087,"data_org":"Green","post_date":"2026-04-07T00:00:00.000Z","pub_date":"2026-04-07T00:00:00.000Z","strikedate":"2026-04-07T00:00:00.000Z","event_type":"Reported Airstrike","actor":"UNK","site_type":"unknown","siteStype":"","city":"Vavan","province":"Tehran","country":"Iran","latitude":35.5016248741,"longitude":51.2222184503,"coord_type":"general town","source_1":"https://x.com/IranIntl/status/2041369218751275139","source_2":"","site_prpse":"","sources":""}},{"type":"Feature","geometry":{"type":"Point","coordinates":[52.73843193967681,29.889098389509293]},"properties":{"event_id":2065,"data_org":"Green","post_date":"2026-04-07T00:00:00.000Z","pub_date":"2026-04-07T00:00:00.000Z","strikedate":"2026-04-07T00:00:00.000Z","event_type":"Confirmed Airstrike","actor":"Israel","site_type":"military","siteStype":"military : industrial","city":"Shiraz","province":"Fars","country":"Iran","latitude":29.8890983895,"longitude":52.7384319397,"coord_type":"exact","source_1":"https://x.com/idfonline/status/2041411248353341611","source_2":"","site_prpse":"IRGC : Aerospace : missile : fuel production","sources":"https://x.com/Osint613/status/2041460519102513282"}},{"type":"Feature","geometry":{"type":"Point","coordinates":[51.378614999999996,35.76357999999999]},"properties":{"event_id":2072,"data_org":"Green","post_date":"2026-04-07T00:00:00.000Z","pub_date":"2026-04-07T00:00:00.000Z","strikedate":"2026-04-07T00:00:00.000Z","event_type":"Report of Explosion with Footage","actor":"UNK","site_type":"military","siteStype":"military : hq","city":"Tehran","province":"Tehran","country":"Iran","latitude":35.76358,"longitude":51.378615,"coord_type":"exact","source_1":"https://x.com/acceladealer/status/2041422306078036255?s=20","source_2":"https://x.com/Vahid/status/2041414529188327811?s=20","site_prpse":"IRGC : Aerospace : missile : development","sources":"https://x.com/EndlessWint_r/status/2041434024577568991?s=20 https://www.iranwatch.org/iranian-entities/aerospace-research-institute"}},{"type":"Feature","geometry":{"type":"Point","coordinates":[52.536466619086895,29.64932090083481]},"properties":{"event_id":2069,"data_org":"Green","post_date":"2026-04-07T00:00:00.000Z","pub_date":"2026-04-07T00:00:00.000Z","strikedate":"2026-04-07T00:00:00.000Z","event_type":"Reported Airstrike","actor":"UNK","site_type":"political","siteStype":"political : news","city":"Shiraz","province":"Fars","country":"Iran","latitude":29.6493209008,"longitude":52.5364666191,"coord_type":"exact","source_1":"https://t.me/BenTzionM/7375","source_2":"https://x.com/ayatsubzero/status/2041385946889806158","site_prpse":"","sources":"https://x.com/Vahid/status/2041380404662259779; https://x.com/ayatsubzero/status/2041397249842807065; https://x.com/ayatsubzero/status/2041385946889806158"}},{"type":"Feature","geometry":{"type":"Point","coordinates":[52.4570628251071,29.7020745174712]},"properties":{"event_id":2102,"data_org":"Green","post_date":"2026-04-07T00:00:00.000Z","pub_date":"2026-04-07T00:00:00.000Z","strikedate":"2026-04-06T00:00:00.000Z","event_type":"Confirmed Airstrike","actor":"Israel","site_type":"military","siteStype":"military : industrial","city":"Shiraz","province":"Fars","country":"Iran","latitude":29.7020745175,"longitude":52.4570628251,"coord_type":"general town","source_1":"https://x.com/IAFsite/status/2041576702032408806?s=20","source_2":"https://x.com/manniefabian/status/2041577714356822387?s=20","site_prpse":"IRGC : Navy : Other Operations","sources":""}},{"type":"Feature","geometry":{"type":"Point","coordinates":[50.965198012162,35.841384813836]},"properties":{"event_id":2104,"data_org":"Green","post_date":"2026-04-07T00:00:00.000Z","pub_date":"2026-04-07T00:00:00.000Z","strikedate":"2026-04-06T00:00:00.000Z","event_type":"Confirmed Airstrike","actor":"Israel","site_type":"military","siteStype":"military : industrial","city":"Karaj","province":"Alborz","country":"Iran","latitude":35.8413848138,"longitude":50.9651980122,"coord_type":"general town","source_1":"https://x.com/idfonline/status/2041576580149809327","source_2":"","site_prpse":"IRGC : Navy Missile Production","sources":""}},{"type":"Feature","geometry":{"type":"Point","coordinates":[51.050226,35.776568999999995]},"properties":{"event_id":2105,"data_org":"Green","post_date":"2026-04-07T00:00:00.000Z","pub_date":"2026-04-07T00:00:00.000Z","strikedate":"2026-04-07T00:00:00.000Z","event_type":"Report of Explosion with Footage","actor":"UNK","site_type":"civilian","siteStype":"civilian : road infrastructure","city":"Karaj","province":"Alborz","country":"Iran","latitude":35.776569,"longitude":51.050226,"coord_type":"exact","source_1":"https://x.com/Archer83Able/status/2041602677277122840","source_2":"https://x.com/Shayan86/status/2041595203140592086?s=20","site_prpse":"","sources":""}},{"type":"Feature","geometry":{"type":"Point","coordinates":[50.83952000000001,35.864110000000004]},"properties":{"event_id":2106,"data_org":"Green","post_date":"2026-04-07T00:00:00.000Z","pub_date":"2026-04-07T00:00:00.000Z","strikedate":"2026-04-07T00:00:00.000Z","event_type":"Confirmed Airstrike","actor":"Israel","site_type":"civilian","siteStype":"civilian : railway infrastructure","city":"Charbagh","province":"Alborz","country":"Iran","latitude":35.86411,"longitude":50.83952,"coord_type":"exact","source_1":"https://x.com/zarGEOINT/status/2041578903425200455","source_2":"https://t.me/javanmardi77/160008","site_prpse":"IRGC : Aerospace : missile : logistics","sources":""}},{"type":"Feature","geometry":{"type":"Point","coordinates":[50.470196,34.571612]},"properties":{"event_id":2113,"data_org":"Green","post_date":"2026-04-07T00:00:00.000Z","pub_date":"2026-04-08T00:00:00.000Z","strikedate":"2026-04-07T00:00:00.000Z","event_type":"Confirmed Airstrike","actor":"Israel","site_type":"civilian","siteStype":"civilian : railway infrastructure","city":"Bagh-e-Yek","province":"Qom","country":"Iran","latitude":34.571612,"longitude":50.470196,"coord_type":"exact","source_1":"https://x.com/acceladealer/status/2041601751459954947?s=20","source_2":"","site_prpse":"","sources":""}},{"type":"Feature","geometry":{"type":"Point","coordinates":[51.3520649546777,32.354208747814596]},"properties":{"event_id":2116,"data_org":"Green","post_date":"2026-04-07T00:00:00.000Z","pub_date":"2026-04-08T00:00:00.000Z","strikedate":"2026-04-07T00:00:00.000Z","event_type":"Report of Explosion with Footage","actor":"UNK","site_type":"military","siteStype":"military : industrial","city":"Zarrinshahr","province":"Esfahan","country":"Iran","latitude":32.3542087478,"longitude":51.3520649547,"coord_type":"exact","source_1":"https://x.com/ILRedAlert/status/2041601084230103105?s=20","source_2":"https://x.com/IranIntl/status/2041608717037101448?s=20; https://x.com/Vahid/status/2041597845497696284?s=20","site_prpse":"Military Industrial : raw materials","sources":""}},{"type":"Feature","geometry":{"type":"Point","coordinates":[50.8573156,28.97533569999999]},"properties":{"event_id":2110,"data_org":"Green","post_date":"2026-04-07T00:00:00.000Z","pub_date":"2026-04-08T00:00:00.000Z","strikedate":"2026-04-01T00:00:00.000Z","event_type":"Confirmed Airstrike","actor":"US","site_type":"military","siteStype":"military : industrial","city":"Bushehr","province":"Bushehr","country":"Iran","latitude":28.9753357,"longitude":50.8573156,"coord_type":"exact","source_1":"https://x.com/CENTCOM/status/2041626070399492601?s=20","source_2":"https://x.com/Osint613/status/2041632999188656514?s=20","site_prpse":"IRGC : Navy : Other Operations","sources":""}},{"type":"Feature","geometry":{"type":"Point","coordinates":[58.44928000000001,29.081820000000008]},"properties":{"event_id":2115,"data_org":"Green","post_date":"2026-04-08T00:00:00.000Z","pub_date":"2026-04-08T00:00:00.000Z","strikedate":"2026-03-30T00:00:00.000Z","event_type":"Confirmed Airstrike","actor":"UNK","site_type":"civilian","siteStype":"civilian : airport","city":"Kerman","province":"Kerman","country":"Iran","latitude":29.08182,"longitude":58.44928,"coord_type":"exact","source_1":"https://x.com/zarGEOINT/status/2041770898139623675?s=20","source_2":"","site_prpse":"","sources":""}},{"type":"Feature","geometry":{"type":"Point","coordinates":[51.55376999999999,35.664300000000004]},"properties":{"event_id":0,"data_org":"Green","post_date":"2026-04-14T00:00:00.000Z","pub_date":"2026-04-14T00:00:00.000Z","strikedate":"2026-03-17T00:00:00.000Z","event_type":"Confirmed Airstrike","actor":"UNK","site_type":"internal security","siteStype":"internal security : IRGC","city":"Tehran","province":"Tehran","country":"Iran","latitude":35.6643,"longitude":51.55377,"coord_type":"exact","source_1":"https://x.com/EpicFuryMap/status/2044094972882800716?s=20","source_2":"https://x.com/EpicFuryMap/status/2044094977588732394?s=20","site_prpse":"","sources":""}},{"type":"Feature","geometry":{"type":"Point","coordinates":[51.51138,35.69965]},"properties":{"event_id":2155,"data_org":"Green","post_date":"2026-04-14T00:00:00.000Z","pub_date":"2026-04-14T00:00:00.000Z","strikedate":"2026-03-16T00:00:00.000Z","event_type":"Confirmed Airstrike","actor":"Israel","site_type":"military","siteStype":"military : hq","city":"Tehran","province":"Tehran","country":"Iran","latitude":35.69965,"longitude":51.51138,"coord_type":"exact","source_1":"https://x.com/EpicFuryMap/status/2044080390231457973?s=20","source_2":"https://x.com/EpicFuryMap/status/2044080393784062013?s=20","site_prpse":"","sources":"https://x.com/FSeifikaran/status/2033623387227013229?s=20"}}],"fileName":"US and Israeli Strikes in Iran Evening of September 23, 2026"}