{"type":"FeatureCollection","features":[{"type":"Feature","geometry":{"bbox":[35.3386330059182,50.91742506447204,35.3638205478841,50.927557232312964],"type":"Polygon","coordinates":[[[35.3577667785922,50.92578255895521],[35.3585906922689,50.926443590651004],[35.35868459257829,50.926594999662306],[35.35868462444731,50.926595033147635],[35.358684626520194,50.92662630417645],[35.3586151710423,50.92666695265945],[35.3584425307172,50.926713534100614],[35.3579749065867,50.92681436876339],[35.357556508477096,50.92700828281867],[35.357101189012,50.92726424596877],[35.356903724201196,50.927557232312964],[35.356917951695195,50.92755517334468],[35.3569300998809,50.92755341339299],[35.3569789158991,50.92754633903216],[35.3570277399914,50.9275392732311],[35.3570398850812,50.92753751584149],[35.3570403191902,50.927537454245254],[35.3570405339676,50.927537423481674],[35.3570406432004,50.927537408633334],[35.3570407501,50.92753739241668],[35.3574692542473,50.92747606943502],[35.357898027839994,50.9274158159996],[35.3578985126861,50.92741574689408],[35.35789875787529,50.927415713141585],[35.3578988779482,50.92741569588237],[35.35789893915119,50.927415687937014],[35.35789899986519,50.927415679156816],[35.3578994870444,50.92741561141949],[35.3578997308785,50.9274155779682],[35.35789985279549,50.92741556124259],[35.357899913998594,50.92741555329723],[35.35789997520159,50.927415545351714],[35.3583290789781,50.92735635267269],[35.35875865803731,50.92729820171095],[35.3587590908987,50.927298143215296],[35.3587593052967,50.92729811441923],[35.3587594158834,50.92729809926819],[35.35875952375999,50.92729808471957],[35.35875959395919,50.927298073829974],[35.35875967104591,50.927298064239785],[35.35876010217519,50.92729800801619],[35.358760317928294,50.92729797891883],[35.358760425804896,50.927297964370275],[35.35876053417049,50.92729795065643],[35.35919046526439,50.92724085842855],[35.3596208539695,50.92718480901982],[35.359621229803494,50.927184760369116],[35.35962141883109,50.92718473532504],[35.35962151131229,50.92718472325498],[35.3596216282968,50.92718470856749],[35.359622081217196,50.92718465032584],[35.3596222961032,50.927184622363],[35.3596224031132,50.92718460894977],[35.35962251283339,50.92718459493383],[35.360053170747996,50.92712961701872],[35.3604842750018,50.927075683490145],[35.3604846509461,50.92707563764221],[35.36048484181689,50.92707561313022],[35.3604849329426,50.92707560136072],[35.3604850272674,50.92707558982339],[35.3604854059219,50.92707554337308],[35.36048559272739,50.927075519764955],[35.3604856861863,50.927075509363625],[35.360485780022096,50.92707549699157],[35.3609172328513,50.92702262392119],[35.3613490056082,50.92697081202696],[35.3613493820398,50.926970767011035],[35.3613495693336,50.9269707442363],[35.3613496650131,50.92697073239702],[35.361349757982396,50.926970721160295],[35.3616012158122,50.9269037923682],[35.3638205478841,50.92631309705845],[35.3632418067153,50.926372219073535],[35.363081831390296,50.92636446259626],[35.3630818084744,50.92636443655575],[35.362995678205195,50.92629464147026],[35.3629218507724,50.92625584912071],[35.36287262508349,50.92596887498026],[35.36287261744991,50.925968843654374],[35.3628234012651,50.925635335679154],[35.3628233909216,50.925635304955904],[35.3627495617107,50.92543364586995],[35.36263881976561,50.92530954985141],[35.3626387963614,50.92530952297612],[35.3621466139516,50.9248456858119],[35.362146594236,50.924845660003285],[35.36196967932249,50.92447393573622],[35.3619696667589,50.92447390645033],[35.3618789092927,50.92414019337217],[35.3616658448825,50.92335675393522],[35.3597922824375,50.92244704522302],[35.35716419766269,50.92166580646564],[35.35710144737761,50.92164737542651],[35.35601979727569,50.92132979392471],[35.3557005082022,50.92123569375146],[35.3556805182563,50.92122981905352],[35.354070282747095,50.92075523960852],[35.3540702635268,50.920755214633324],[35.3526018308244,50.91923898012712],[35.3517916514062,50.918824012372],[35.3503906256481,50.91882401001922],[35.34903055977,50.918875842184505],[35.3464129717341,50.919042999043604],[35.34446850546269,50.91901235331046],[35.3431883976766,50.91875697060951],[35.34277587268419,50.91855214084145],[35.34236288259639,50.91834707886736],[35.3423628616957,50.91834704577438],[35.3423628280457,50.918347001362996],[35.3421090280131,50.91801028251729],[35.341778664419394,50.91757198400948],[35.3413527828242,50.91742506447204],[35.3400547143024,50.9175809424324],[35.3391893313853,50.91816547352206],[35.3388802647804,50.91890587323788],[35.3386330059182,50.92011387220385],[35.3387632265309,50.92036927257727],[35.3391892779004,50.92120485428517],[35.3401164700051,50.92155554798882],[35.3401164936156,50.921555580479925],[35.3406727826555,50.9222179640319],[35.341661792113094,50.922568649656235],[35.3436398050544,50.92284140408426],[35.3459268838233,50.92307519242211],[35.3459269171467,50.923075228415364],[35.3464400843238,50.923469622251616],[35.346936685751295,50.92385126975657],[35.3470823356452,50.92396320474342],[35.3470823601283,50.923963236097094],[35.3472598097209,50.92421932264385],[35.3476230021372,50.924743464308094],[35.347773648255,50.92496086922584],[35.3478356493672,50.92505034317723],[35.348477135051795,50.92540928535698],[35.3495259220298,50.92554895106487],[35.3504901861528,50.92545487478922],[35.3516650038196,50.92520803225042],[35.3541968610942,50.925096318309464],[35.3554881068402,50.925176115162465],[35.3577667785922,50.92578255895521]]]},"properties":{"pub_date":"2026-10-07"}},{"type":"Feature","geometry":{"bbox":[37.7185186932209,48.667328211004026,37.722668889220394,48.668254936004104],"type":"Polygon","coordinates":[[[37.71882663422091,48.668254936004104],[37.719026095220904,48.668252625004094],[37.71919056322089,48.668241070004036],[37.7193865252209,48.66822258200403],[37.719603483220794,48.66820178300415],[37.71979594622079,48.66817867300404],[37.720166874220695,48.66816018400402],[37.7205902922207,48.668190228004065],[37.7210067112206,48.66817636100402],[37.72134264622059,48.668190228004065],[37.7216400892206,48.668208716003974],[37.7218325512205,48.668180984004074],[37.7221089982205,48.668132452004066],[37.72230146022049,48.66806312100402],[37.7224519312204,48.66796374700398],[37.7225709082204,48.66781815200396],[37.722668889220394,48.66761478100401],[37.7225919042205,48.66751078400398],[37.72243443522049,48.66746687400397],[37.72209150122049,48.66744376300393],[37.7218045572206,48.66741140900401],[37.7215036152206,48.66738829800403],[37.7212901562207,48.66737674300405],[37.721048703220696,48.66741603100403],[37.72083524522069,48.667406787003976],[37.7206287852207,48.66734438800402],[37.7203663352208,48.667328211004026],[37.720040898220795,48.667349010004116],[37.7197994452208,48.66738367600401],[37.7196069832209,48.66736981000401],[37.71936902922089,48.667353632004016],[37.719106580220895,48.667379054004044],[37.7188546282209,48.667448386004054],[37.71867966222099,48.6675246500042],[37.71859217922099,48.66763789100425],[37.7185186932209,48.667827397004146],[37.7185256922209,48.66803770000412],[37.71869016022091,48.668206405004184],[37.71882663422091,48.668254936004104]]]},"properties":{"pub_date":"2026-10-07"}},{"type":"Feature","geometry":{"bbox":[36.05188814749,47.638133672038144,36.0542049784898,47.64091628303817],"type":"Polygon","coordinates":[[[36.0522237374899,47.64073609403821],[36.0524073574899,47.640803846038274],[36.0526040944899,47.64085539503819],[36.05280083248989,47.64088632603817],[36.053067672489796,47.640909890038174],[36.0533523024898,47.64091628303817],[36.0535515794898,47.640895634038166],[36.0537152664897,47.64085792903821],[36.053829984489695,47.640808912038125],[36.053909729489696,47.64074858503813],[36.0539558974897,47.640676002038134],[36.0539782814897,47.64056005803817],[36.0541018324897,47.63970168003813],[36.0542049784898,47.63865956903807],[36.0541754314898,47.638505725038016],[36.054094400489795,47.63839384903813],[36.054017454489795,47.6383297480381],[36.0539223214898,47.63826376103804],[36.0537418474899,47.63820625803805],[36.0536075414899,47.638173264038016],[36.0534228714899,47.638143098038],[36.0531822394899,47.638133672038144],[36.05293636148999,47.63814086003812],[36.05267404649,47.63817915603817],[36.05251665749011,47.63822039803818],[36.05236363848999,47.63828373403816],[36.0522455954901,47.63837947403819],[36.05216785849,47.63848653703813],[36.0520414824901,47.6390158640382],[36.051922072489994,47.63997315003821],[36.05188814749,47.640369647038206],[36.05190458549,47.64045477903825],[36.051963607489995,47.64054756903829],[36.05207946249,47.64064772303831],[36.0522237374899,47.64073609403821]]]},"properties":{"pub_date":"2026-10-07"}},{"type":"Feature","geometry":{"bbox":[35.32804050959509,47.55653903707147,35.3340163725947,47.56483487307184],"type":"Polygon","coordinates":[[[35.32804050959509,47.564288030072056],[35.328135940595104,47.56433168307207],[35.3282384655951,47.56438292607197],[35.3283903525951,47.56441879807209],[35.3284983375951,47.564456760072034],[35.328554788595,47.56445329707202],[35.329027583595,47.564447042071905],[35.329118742595,47.564455430072044],[35.329843386594895,47.56452210607194],[35.330724083594795,47.56456589307194],[35.3314749925946,47.564684745071915],[35.3321053865945,47.56479734107184],[35.3323649595945,47.56483487307184],[35.332619204594394,47.56477348807177],[35.3327655975945,47.564460686071826],[35.3328245575945,47.564087286071846],[35.3328530595945,47.56390679507177],[35.3340163725947,47.55653903707147],[35.3334617695948,47.55661599707141],[35.3297865525952,47.557307350071696],[35.3297899415953,47.557285145071695],[35.3297865385953,47.55728578307167],[35.3295969745952,47.55834108707172],[35.329536259595194,47.558709854071836],[35.3293427815952,47.55988492807178],[35.3292504205952,47.56033627107181],[35.32868468159509,47.56310084307202],[35.32833708459509,47.563700244072],[35.3281531005952,47.564017505072],[35.32804050959509,47.564288030072056]]]},"properties":{"pub_date":"2026-10-07"}},{"type":"Feature","geometry":{"bbox":[36.26126746351899,50.28220225085198,36.2930370695402,50.30234163588388],"type":"Polygon","coordinates":[[[36.283316954265,50.287868149281195],[36.28205622078959,50.29179686796068],[36.2787499290935,50.29373832429361],[36.2785749237116,50.29367443783693],[36.27464752180721,50.292026687261036],[36.2703707597666,50.29029349139841],[36.266131511758495,50.28904711017704],[36.2636492480598,50.288617120101506],[36.262266277705,50.28879384116593],[36.2615594261692,50.28930436577144],[36.26126746351899,50.29002105500852],[36.2618052857386,50.290806454990715],[36.26316778951449,50.29187539017826],[36.26601896574499,50.29333740226168],[36.269245296075795,50.29499109922378],[36.2745889052921,50.296707647061105],[36.2798058996714,50.29865479009401],[36.2825023254226,50.29985299335055],[36.2844312976451,50.30131817760519],[36.284854176759794,50.3019337872154],[36.285014445804094,50.30234163588388],[36.2851597568141,50.30144581227251],[36.2856100027274,50.2986699736348],[36.2862680550587,50.29859428406857],[36.2910477103698,50.295069486643],[36.291067429383496,50.29505494716109],[36.2930370695402,50.29360234195351],[36.288162800509006,50.291601798847125],[36.28701781877799,50.289431610372],[36.28676929114619,50.287758258445386],[36.2865216566845,50.28609078622174],[36.2862618478733,50.2826251088953],[36.2861387336884,50.28238253979502],[36.286000227631696,50.28229075663622],[36.285753996811195,50.28223503035287],[36.28506660199089,50.28220225085198],[36.284686995031905,50.28220552905548],[36.28431764879791,50.282303868047514],[36.2841329750889,50.28239892956414],[36.2840551470013,50.28250142993754],[36.2839424316618,50.284606130788184],[36.283774771019,50.28644131185234],[36.283316954265,50.287868149281195]]]},"properties":{"pub_date":"2026-10-07"}},{"type":"Feature","geometry":{"bbox":[37.628600470237,48.56104874000369,37.6328868752364,48.564400272003745],"type":"Polygon","coordinates":[[[37.6306673162366,48.564400272003745],[37.630787509236605,48.5643954720038],[37.6309118472366,48.56437010100389],[37.6310227172366,48.564316615003875],[37.6311894372366,48.564211457003815],[37.6316870082365,48.563865267003756],[37.6321854962364,48.56340317800368],[37.632383127236395,48.56311543800372],[37.632703289236495,48.562709168003664],[37.632831614236395,48.56245557600363],[37.6328868752364,48.562299533003696],[37.632851876236394,48.56220322500376],[37.63275056323649,48.56211057500372],[37.6326345142364,48.56203011500369],[37.63215255823649,48.561807731003704],[37.6311746862367,48.56139664300366],[37.6304295742368,48.56109140900382],[37.63028036923679,48.5610584930037],[37.6300795842368,48.56104874000369],[37.6299193252369,48.561069465003726],[37.6297492462368,48.561150733003736],[37.62944768523689,48.561320375003675],[37.6291159672369,48.56161974200377],[37.6287540952369,48.56205881000382],[37.628603315236994,48.56226836400387],[37.628600470237,48.56237254000391],[37.6286399952369,48.56246409400382],[37.6287865542369,48.56260235700383],[37.6290510682369,48.562730912003786],[37.6300290952368,48.563150078003815],[37.630299293236696,48.56332250800375],[37.6304440432367,48.5634310740038],[37.63051353823669,48.563531352003736],[37.63051353823669,48.563646448003766],[37.6304423902367,48.5637615430038],[37.6303633382367,48.56394203200388],[37.63033171823669,48.56406497300387],[37.6303277652367,48.56416175700382],[37.630347527236694,48.56423761400383],[37.6304028652367,48.564316087003874],[37.6304818432366,48.56435638600387],[37.630576133236595,48.564387929003864],[37.6306673162366,48.564400272003745]]]},"properties":{"pub_date":"2026-10-07"}},{"type":"Feature","geometry":{"bbox":[37.6126991061906,49.71500786804184,37.6141340821904,49.715902598041936],"type":"Polygon","coordinates":[[[37.61288027919049,49.715782723041826],[37.6131172271905,49.71583719204175],[37.61346298719051,49.71589575204185],[37.613644986190494,49.715902598041936],[37.6137762071905,49.71588203004175],[37.6138795921904,49.71580746904186],[37.614014944190394,49.71561897704177],[37.6141062461904,49.71535753604186],[37.6141340821904,49.715277833041796],[37.61403864719039,49.71518527304181],[37.61323144319049,49.715010441041734],[37.61301671919059,49.71500786804184],[37.612933215190594,49.71502843804185],[37.61274175119059,49.715463137041894],[37.6126991061906,49.715654010041796],[37.612772917190604,49.71573210704182],[37.61288027919049,49.715782723041826]]]},"properties":{"pub_date":"2026-10-07"}},{"type":"Feature","geometry":{"bbox":[37.8204202492125,48.55530436099553,37.8284354422116,48.56100493699605],"type":"Polygon","coordinates":[[[37.82839564321169,48.55530436099553],[37.8282307282118,48.55544637499559],[37.8279771432118,48.55555827199561],[37.8277320122118,48.55564219499567],[37.8271149552119,48.55560303099562],[37.826328842212,48.555474349995556],[37.825830125212,48.55546875399564],[37.8253314082121,48.55554148699574],[37.824942578212195,48.555647789995746],[37.8247397102121,48.55572611799578],[37.8246044642122,48.55582122999579],[37.8243627132122,48.555950135995765],[37.8242274682123,48.55599668399574],[37.8240868142123,48.55602174899573],[37.8238433722123,48.556028910995714],[37.8220473152125,48.555903586995775],[37.82186482421249,48.555910288995825],[37.821699730212494,48.55610151799584],[37.8214933612125,48.55657958799588],[37.82046152221249,48.56000790099611],[37.8204202492125,48.56056788199606],[37.82050233021249,48.56086122799606],[37.8206359282125,48.560953567996116],[37.8209774422124,48.56100493699605],[37.821741003212395,48.56096396399608],[37.8224273582122,48.56083719599605],[37.822785966212194,48.560704467996025],[37.8233713092122,48.56034935299595],[37.82538236721191,48.55914678799585],[37.826053614211894,48.55884785499575],[37.8268176532118,48.55862840899579],[37.8268460262118,48.558629159995775],[37.8271835112117,48.55863809399567],[37.827566742211694,48.558714111995705],[37.8278137112116,48.55879042099574],[37.8281857642116,48.55898793199574],[37.8284354422116,48.559177545995766],[37.8283209422116,48.55894714799569],[37.828089693211595,48.55848180999566],[37.8277156392117,48.557729102995665],[37.8273190722118,48.5575362789957],[37.82714474821179,48.55668913299564],[37.8282150002118,48.555596885995655],[37.82839564321169,48.55530436099553]]]},"properties":{"pub_date":"2026-10-07"}},{"type":"Feature","geometry":{"bbox":[37.6892720191905,49.48620690903241,37.6910477141902,49.487439050032435],"type":"Polygon","coordinates":[[[37.6908300551903,49.48715374603237],[37.6909791921902,49.487106615032374],[37.6910477141902,49.48706210103226],[37.6910477141902,49.48700449503234],[37.69097113019019,49.48688404603229],[37.69041488919039,49.48622681203229],[37.6903484301903,49.48620690903241],[37.6902617221904,49.486211102032456],[37.68933300919049,49.486480790032374],[37.6892782611905,49.486514381032414],[37.6892720191905,49.48656772203241],[37.689725636190396,49.487352747032354],[37.6898020581904,49.48742197803233],[37.68990218119029,49.487439050032435],[37.6908300551903,49.48715374603237]]]},"properties":{"pub_date":"2026-10-07"}},{"type":"Feature","geometry":{"bbox":[37.74549758818411,49.46555366702937,37.75279988918339,49.47484999502969],"type":"Polygon","coordinates":[[[37.752347378183096,49.47484999502969],[37.7523127671831,49.47479261102967],[37.75222578718311,49.47426783202963],[37.7521257691832,49.47366440102965],[37.7516733221834,49.47093454002964],[37.7520261441834,49.46858265602948],[37.752373665183505,49.46626596002936],[37.75279988918339,49.46555366702937],[37.7523222281835,49.46602362802942],[37.751821578183495,49.46664011702934],[37.7510574301836,49.46739359402945],[37.7500297811836,49.46814705902946],[37.7491602321838,49.468506663029565],[37.7477109841839,49.46908887302973],[37.746894136184,49.46941422202969],[37.74610363718409,49.469945052029786],[37.74573473818409,49.47051012202972],[37.74549758818411,49.47131490802981],[37.74573473818409,49.47222241602988],[37.746067406184,49.47285916102985],[37.7469731861838,49.4733407260298],[37.748537715183595,49.47371527402976],[37.7496905251835,49.473822287029726],[37.75076099318329,49.474009559029675],[37.751396736183295,49.47416385702973],[37.75190070518321,49.4744022820297],[37.7521438481831,49.4745688910296],[37.752347378183096,49.47484999502969]]]},"properties":{"pub_date":"2026-10-07"}},{"type":"Feature","geometry":{"bbox":[37.3257265142793,48.48529824001336,37.333246716278296,48.487036578013374],"type":"Polygon","coordinates":[[[37.328621029279,48.48529824001336],[37.326323559279295,48.48549860601338],[37.3257265142793,48.48565817401348],[37.3258989842793,48.48569576801347],[37.3273048192791,48.48591052301344],[37.3277184252791,48.48631366901343],[37.3284848622789,48.486763045013376],[37.3292218212788,48.48699750101336],[37.3300766922787,48.487036578013374],[37.33051886827871,48.48691935001333],[37.3306721882787,48.48673062601325],[37.3312930562786,48.48630854001311],[37.3314441832786,48.48605097001318],[37.3332313532784,48.48590706901314],[37.333246716278296,48.48590753201311],[37.3307975782787,48.4854585340132],[37.328621029279,48.48529824001336]]]},"properties":{"pub_date":"2026-10-07"}},{"type":"Feature","geometry":{"bbox":[37.3427910242765,48.4981394160131,37.34789520927569,48.50276054601324],"type":"Polygon","coordinates":[[[37.3448546552763,48.4981394160131],[37.3443435332763,48.49860760601313],[37.3431360252765,48.49967445001324],[37.3427910242765,48.500665069013316],[37.34284852427639,48.50154136901332],[37.3429635252764,48.50211286201337],[37.343596028276295,48.50245575501338],[37.3444010332762,48.502608151013305],[37.346241044276,48.50276054601324],[37.34789520927569,48.502647165013116],[37.346638026276,48.50112478001315],[37.3448546552763,48.4981394160131]]]},"properties":{"pub_date":"2026-10-07"}},{"type":"Feature","geometry":{"bbox":[35.5811680705599,47.55659468405852,35.58822605155859,47.56296397305858],"type":"Polygon","coordinates":[[[35.5818388675597,47.55739611805852],[35.58227720655961,47.55790642505855],[35.58272174055959,47.55841428205864],[35.5831434935595,47.55888718905858],[35.5831724425595,47.55891965105858],[35.5836292815593,47.559422501058556],[35.58380215155929,47.55958411005846],[35.58392810855929,47.55970757705854],[35.5842881105592,47.56008398705845],[35.5844389415592,47.56025535205851],[35.584584068559195,47.56042894505858],[35.5847234175591,47.560604679058486],[35.5848569215592,47.560782467058566],[35.58498451155909,47.56096222205848],[35.5851061245591,47.56114385305858],[35.58522170155899,47.561327268058555],[35.58533118355899,47.56151237905847],[35.585350953559,47.56154810205852],[35.58543451655899,47.56169909105856],[35.585531649559,47.56188731205851],[35.585622533559,47.56207694705847],[35.585707121558904,47.562267904058565],[35.58578537455891,47.5624600870586],[35.58582737755889,47.56251682505853],[35.5858754445589,47.56257132805854],[35.5859293095589,47.562623302058554],[35.5859886865589,47.56267246705855],[35.5860532515589,47.562718558058585],[35.5861226595589,47.56276132505849],[35.5861965315588,47.562800537058514],[35.5862744735588,47.56283598205855],[35.5863560615588,47.56286747105851],[35.5864407865588,47.56289481105853],[35.586550231558796,47.56292241005856],[35.5866630125588,47.56294324305854],[35.5867781855587,47.56295713605852],[35.586894786558695,47.56296397305858],[35.5870118395587,47.56296369605845],[35.587128364558694,47.562956308058574],[35.5872433855587,47.562941871058534],[35.587355940558695,47.56292050505854],[35.5874650875587,47.56289238905851],[35.5875699125587,47.56285776005843],[35.58766953655859,47.562816905058476],[35.5877631285586,47.56277016905848],[35.587849902558595,47.562717941058494],[35.5879291325586,47.562660659058444],[35.58800015655859,47.56259880205842],[35.58806237955859,47.56253288905844],[35.5881152805586,47.56246347105844],[35.58815841655859,47.562391129058454],[35.5881914265586,47.562316469058416],[35.5882140345586,47.56224011505846],[35.58822605155859,47.56216270805837],[35.5881177055587,47.561550806058406],[35.5879995365587,47.56093970805843],[35.5878715575587,47.560329483058446],[35.5877337845588,47.55972020105834],[35.5875862335588,47.559111932058336],[35.5874289205589,47.55850474405827],[35.5872618645589,47.55789870805825],[35.587085085559,47.55729389205826],[35.586898603559106,47.556690365058245],[35.5861336695592,47.556721166058296],[35.5840342825595,47.55680569805841],[35.5811680705599,47.55659468405852],[35.5814067555598,47.55688339205852],[35.5816359795598,47.55715537805857],[35.5818388675597,47.55739611805852]],[[35.584050641559294,47.55983161005855],[35.5841316495593,47.559914936058505],[35.5842881105592,47.56008398705845],[35.584050641559294,47.55983161005855]]]},"properties":{"pub_date":"2026-10-07"}},{"type":"Feature","geometry":{"bbox":[36.1878020203435,50.316639405112376,36.1889553413433,50.317384029112496],"type":"Polygon","coordinates":[[[36.1879557973434,50.317253107112435],[36.18828257134339,50.317384029112496],[36.18867341834339,50.31735539011244],[36.1889553413433,50.31704035811235],[36.1888656393433,50.316794877112414],[36.1884363473434,50.316639405112376],[36.18782124234351,50.316762146112495],[36.1878020203435,50.31709354611246],[36.1879557973434,50.317253107112435]]]},"properties":{"pub_date":"2026-10-07"}},{"type":"Feature","geometry":{"bbox":[36.1662712383456,50.32953015811355,36.167616895345496,50.330269317113576],"type":"Polygon","coordinates":[[[36.1664433573456,50.33012947611365],[36.16678759534549,50.330269317113576],[36.1670535973456,50.33020938611352],[36.167616895345496,50.329879762113556],[36.167335246345495,50.3296300441135],[36.1668814783456,50.329570112113586],[36.16650594534559,50.32953015811355],[36.1662712383456,50.32993969311356],[36.1664433573456,50.33012947611365]]]},"properties":{"pub_date":"2026-10-07"}},{"type":"Feature","geometry":{"bbox":[36.20933413233999,50.33383037811184,36.2108174733398,50.33458360511193],"type":"Polygon","coordinates":[[[36.20933413233999,50.33429498311185],[36.2094168283399,50.33443377511189],[36.209549840339896,50.33451368311189],[36.20977883233989,50.334578596111925],[36.2100505943399,50.33458360511193],[36.21035356833979,50.33450235411178],[36.2105469173398,50.33440871711183],[36.2107671373398,50.33426413211183],[36.2108174733398,50.33405930511178],[36.210796142339795,50.333983445111784],[36.2107565433398,50.333920994111736],[36.210684287339795,50.33387769011187],[36.210515457339895,50.33383037811184],[36.210229839339895,50.33388866511191],[36.20956548934,50.3340242411119],[36.20944035134,50.33407955211186],[36.20938156634,50.33414121411192],[36.20934241434,50.33420026811195],[36.20933413233999,50.33429498311185]]]},"properties":{"pub_date":"2026-10-07"}},{"type":"Feature","geometry":{"bbox":[36.2334331294546,47.785706442033096,36.31463800144579,47.8533857750379],"type":"Polygon","coordinates":[[[36.2698398404519,47.802845405034276],[36.257495280452794,47.81930755603558],[36.2399132904543,47.8379526540371],[36.2338614774547,47.84535507303769],[36.2334331294546,47.8482432950379],[36.2335492564545,47.84944224503795],[36.2338468574545,47.850266098037885],[36.2341968794543,47.85102315903792],[36.2347788004542,47.85189012303789],[36.2350336734542,47.85234344303791],[36.236143200454,47.853309683037914],[36.2370584284539,47.8533857750379],[36.2391076694536,47.853317964037736],[36.2406458544534,47.85286165103771],[36.242655195453196,47.852288693037494],[36.243631648453,47.85189426103751],[36.2458640594528,47.85089942603739],[36.247695940452594,47.850048782037234],[36.24957941245239,47.84916495003707],[36.251597151452195,47.848079329037056],[36.25847312445149,47.84149830403641],[36.271527007450494,47.82718054503521],[36.27666631445009,47.82021828903462],[36.27776336145,47.819238870034575],[36.27873235544989,47.818416987034475],[36.2797778504498,47.81781768803441],[36.281129342449596,47.81732112103434],[36.2823278374495,47.817081398034254],[36.2842658254492,47.81708139903421],[36.296327261447495,47.81836561903367],[36.2980198134473,47.81849832003353],[36.2987369994472,47.818391302033575],[36.2993744954471,47.817909724033434],[36.2997330864471,47.81734787703342],[36.300146251447096,47.8171166780334],[36.300353016447,47.81704556303341],[36.30074991544699,47.81700348103336],[36.3013766804469,47.81698896803339],[36.3022033864468,47.81702681803327],[36.3090564734458,47.818177268033004],[36.3096821994457,47.81819553603306],[36.3101919654457,47.818104612033],[36.31052785544559,47.81797628503297],[36.3107977604456,47.817873166032975],[36.3109904204456,47.81775457803289],[36.3111737714455,47.81764171903282],[36.31139311144549,47.81742429803288],[36.3114557794455,47.81724194503295],[36.3114557794455,47.817024522032895],[36.3146113174457,47.80387885303223],[36.31463800144579,47.80292829503209],[36.314201885445996,47.80092655803212],[36.3119853194464,47.7975913440321],[36.308172822447105,47.793958098032185],[36.3060449184475,47.79169463603207],[36.304609594447804,47.79076688103217],[36.30460953044779,47.790766983032135],[36.3046094354477,47.79076688003219],[36.3042601364478,47.79071994403213],[36.3041631074478,47.79069429603212],[36.3006997634484,47.78977881403225],[36.3005134864484,47.789729571032375],[36.2983672784487,47.788326589032316],[36.298240931448795,47.788243994032406],[36.2968282624489,47.78766625803245],[36.2962521964491,47.78744217703242],[36.2956612744492,47.78721231803244],[36.29402486444939,47.78696035203247],[36.2937849434494,47.78692341103248],[36.2927130924496,47.786758370032516],[36.291658933449796,47.78670234703261],[36.2860061924505,47.78640194403279],[36.28562452645059,47.786381649032805],[36.28062240845129,47.785706442033096],[36.2808871704511,47.787860891033176],[36.2790726244512,47.79240302003333],[36.2762103544514,47.796028253033775],[36.27260881545169,47.79915212503397],[36.272132056451696,47.799788034034066],[36.2698398404519,47.802845405034276]]]},"properties":{"pub_date":"2026-10-07"}},{"type":"Feature","geometry":{"bbox":[37.021967574326,48.32700192602034,37.0565407733214,48.33716366801972],"type":"Polygon","coordinates":[[[37.0483841403225,48.33105037201944],[37.0439963043231,48.330038290019615],[37.0394293723237,48.329264332019754],[37.033877415324504,48.32837129001993],[37.0285941033252,48.327537768020186],[37.0242958133258,48.32700192602034],[37.0223257653261,48.32753776802049],[37.021967574326,48.328430826020416],[37.0225048603259,48.32950247402045],[37.0242062663257,48.32991922002047],[37.0281463643252,48.330335963020296],[37.0323551053246,48.330871771020156],[37.0380861573238,48.331943368019914],[37.042205350323194,48.332955411019796],[37.0469513783225,48.33390790401953],[37.0481154973223,48.33426508401955],[37.0483855933223,48.334472758019615],[37.048697380322196,48.3347736310196],[37.048858302322195,48.33516142201966],[37.048888473322194,48.33556926801963],[37.0489186473222,48.33609077101962],[37.0488482433222,48.336578839019666],[37.0486394013222,48.33716366801972],[37.0491145463221,48.33681806401961],[37.05124062532191,48.33527158901949],[37.0546583403216,48.332785503019196],[37.0563916863214,48.331524601019154],[37.05641533832141,48.331325434019114],[37.0564527793214,48.33101012901911],[37.0564662293214,48.33089687101906],[37.0565407733214,48.330269132019076],[37.055687420321505,48.331256637019194],[37.0553354053216,48.331477292019144],[37.0548224663216,48.331644454019205],[37.0540279143217,48.331664514019174],[37.0534747463218,48.33165782801929],[37.05212702632199,48.3315976480193],[37.05139282032209,48.331564216019345],[37.0505982683222,48.331504038019325],[37.0498014703223,48.33140933301945],[37.0483841403225,48.33105037201944]]]},"properties":{"pub_date":"2026-10-07"}},{"type":"Feature","geometry":{"bbox":[37.5524486101959,49.767154198045496,37.5540225841957,49.768415546045524],"type":"Polygon","coordinates":[[[37.5524486101959,49.768139433045576],[37.5534882101958,49.768415546045524],[37.5540225841957,49.7673926640455],[37.5528955411959,49.767154198045496],[37.5524486101959,49.768139433045576]]]},"properties":{"pub_date":"2026-10-07"}},{"type":"Feature","geometry":{"bbox":[37.7253827292225,48.60618466500115,37.7367713052213,48.610642731001654],"type":"Polygon","coordinates":[[[37.7253827292225,48.610400772001725],[37.7255087752225,48.61047430500171],[37.7256546562225,48.61054451800172],[37.7258253422225,48.61062666700173],[37.7262140712224,48.610642731001654],[37.72667568822239,48.61058249200166],[37.7271008622223,48.61050619000173],[37.7294599012221,48.60937206900151],[37.7318558382218,48.60855815000147],[37.7354367052214,48.607341678001205],[37.7363857542213,48.60712596600119],[37.7367713052212,48.60687103200116],[37.7367713052213,48.6065670700011],[37.73656370122129,48.60629252300108],[37.73604469022129,48.60618466500115],[37.7342207382216,48.606449408001254],[37.73083975522199,48.60761621900141],[37.7276515472223,48.608773200001636],[37.72643558022239,48.60935168100166],[37.7254420442225,48.60992035000163],[37.72538273022249,48.61013605000169],[37.7253827292225,48.610400772001725]]]},"properties":{"pub_date":"2026-10-07"}},{"type":"Feature","geometry":{"bbox":[37.7085785571824,49.62497407203507,37.7330703321793,49.629660248035414],"type":"Polygon","coordinates":[[[37.7085785571824,49.62675582603577],[37.7194135321809,49.629622451035445],[37.7195563941809,49.629660248035414],[37.7271782021799,49.629524088035105],[37.731058223179495,49.629172539034975],[37.7330703321793,49.62899023103483],[37.731998758179294,49.62884337703492],[37.730786898179495,49.62840728303497],[37.7299341081797,49.62776767103503],[37.72898939417979,49.62711260603494],[37.728093875179894,49.62622986903501],[37.727204401180096,49.62574988603498],[37.7259607551802,49.6252873670351],[37.7245704951804,49.62497577303506],[37.7230972021806,49.62497407203507],[37.720624793180896,49.62513414803525],[37.7167111461814,49.62549077003543],[37.7141284291817,49.62591218903557],[37.712615552181894,49.62623996203551],[37.710980085182,49.62655055603562],[37.7097164801822,49.626687182035646],[37.7085785571824,49.62675582603577]]]},"properties":{"pub_date":"2026-10-07"}},{"type":"Feature","geometry":{"bbox":[37.35255863720201,50.22001099406429,37.355744115201595,50.221833417064374],"type":"Polygon","coordinates":[[[37.3543760922018,50.22179301906439],[37.3545514792018,50.22181995006439],[37.3548180692017,50.221833417064374],[37.3551969072017,50.221810973064336],[37.3554915572017,50.221734666064386],[37.3556739602016,50.22162693906436],[37.355744115201595,50.221496768064306],[37.3556879912016,50.221321709064384],[37.355386324201696,50.22086834906438],[37.355000473201706,50.22037458706433],[37.3548250842018,50.22015463606439],[37.35474089920179,50.22008730406434],[37.3545023722019,50.220037927064475],[37.3543269842019,50.22001099406429],[37.3540954722019,50.22001099406444],[37.3536745412019,50.22002446006433],[37.353001053202,50.22013219206437],[37.352843642202,50.220253389064396],[37.3526572932021,50.22046380106442],[37.35255863720201,50.220779416064424],[37.352569600202,50.221144125064384],[37.352657294202,50.221466750064536],[37.352854604202,50.22167715606445],[37.3533259582019,50.221817425064344],[37.3537425052018,50.22181742606449],[37.3540275092018,50.22178937206434],[37.3543760922018,50.22179301906439]]]},"properties":{"pub_date":"2026-10-07"}},{"type":"Feature","geometry":{"bbox":[37.075426905803404,48.45221932160699,37.0795387535387,48.45890757464492],"type":"Polygon","coordinates":[[[37.0768011631689,48.45890757464492],[37.0780894008654,48.45886048534712],[37.07811210847879,48.4588646268816],[37.07911461559709,48.45881988005817],[37.0794905555494,48.45874316997986],[37.0795387535387,48.45866006686175],[37.07908569771279,48.45535502466552],[37.0789507451803,48.45528470167912],[37.07823907277069,48.45533150207748],[37.078064369695696,48.4542937507258],[37.0780501378561,48.4542092089851],[37.0780081667857,48.45395473246319],[37.07799195680149,48.45385112636965],[37.0779937980756,48.453837867594075],[37.0780005709658,48.453825287477805],[37.0781214148189,48.453710482558066],[37.0783067357875,48.45358048112337],[37.0783447761929,48.45354694211821],[37.0783566303157,48.45350011700899],[37.078231895035394,48.4525073712267],[37.078203543510206,48.45226710418323],[37.078189136984896,48.45223189163047],[37.0781352997529,48.45221932160699],[37.078065586079305,48.45222189535291],[37.07577282447439,48.45241646272525],[37.0755897799359,48.45244403337449],[37.075478437826796,48.452473571814636],[37.075426905803404,48.45252683794274],[37.0754362409247,48.452591684047775],[37.0754462393054,48.452728712641935],[37.07603403108449,48.45530367760939],[37.076307063083696,48.456874208053726],[37.0762529127648,48.456963980249384],[37.0766319498706,48.45883575593888],[37.0766928652849,48.45888064367041],[37.0768011631689,48.45890757464492]]]},"properties":{"pub_date":"2026-10-07"}},{"type":"Feature","geometry":{"bbox":[35.265007088492794,50.93696594025842,35.28117752810229,50.93998307286805],"type":"Polygon","coordinates":[[[35.2659284842653,50.93729109704121],[35.265007088492794,50.93768592772853],[35.2650071052334,50.93808071608367],[35.2650220281515,50.93808328112569],[35.26634657054159,50.938304957192436],[35.2663772771112,50.93830874873546],[35.27979523848731,50.93994669709775],[35.2798442379611,50.93995263182606],[35.28026934320379,50.93998307286805],[35.2805108828407,50.93991610310722],[35.280704113124294,50.939794342199086],[35.28117752810229,50.938759357275984],[35.2811775266619,50.93857672446135],[35.2811099294254,50.93850369733081],[35.2808550729947,50.93842912958117],[35.2683241084051,50.93696594025842],[35.26696044616601,50.9370820680499],[35.2659284842653,50.93729109704121]]]},"properties":{"pub_date":"2026-10-07"}},{"type":"Feature","geometry":{"bbox":[35.9335995515071,47.62622934604348,35.93509018050679,47.62699853304353],"type":"Polygon","coordinates":[[[35.9336106705071,47.62657178104349],[35.9335995515071,47.62659306404349],[35.933882777506994,47.62699291404353],[35.933922685507,47.62699853304353],[35.93507565850679,47.62662653904353],[35.93509018050679,47.62660587604343],[35.9348418795069,47.62623241004353],[35.9348158415069,47.62622934604348],[35.9336106705071,47.62657178104349]]]},"properties":{"pub_date":"2026-10-07"}},{"type":"Feature","geometry":{"bbox":[37.6524875012353,48.52934585000169,37.6535933792351,48.53007410600163],"type":"Polygon","coordinates":[[[37.6531053102352,48.530000463001656],[37.6532226932352,48.53004546700155],[37.6533833242352,48.53007410600163],[37.653525420235205,48.53005774100161],[37.6535810222351,48.53000455400169],[37.6535933792351,48.52991454500156],[37.653519241235195,48.52976725800156],[37.6533833232352,48.529644518001575],[37.6531670902353,48.52945222500164],[37.6529632142353,48.52936221600163],[37.6527346242353,48.52934585000169],[37.6525678162353,48.52938267300161],[37.6524875012353,48.529476773001605],[37.6525245702353,48.52959133100165],[37.6526234192353,48.529709980001606],[37.652821118235195,48.52986954000159],[37.6531053102352,48.530000463001656]]]},"properties":{"pub_date":"2026-10-07"}},{"type":"Feature","geometry":{"bbox":[37.80199392221449,48.5695522929972,37.8030061392144,48.57002062299719],"type":"Polygon","coordinates":[[[37.8025553862144,48.570007540997224],[37.80282425621439,48.57002062299719],[37.80296660021439,48.56996306299712],[37.8030061392144,48.56983224499714],[37.802998231214396,48.56972758999715],[37.80290729021439,48.56963078399711],[37.8026977302144,48.56957322399716],[37.80237350421449,48.5695522929972],[37.802088817214496,48.56958368899713],[37.80199392221449,48.56970404299722],[37.8020216002145,48.56982701199715],[37.8021204492144,48.56993166699718],[37.802310240214496,48.5699892269972],[37.8025553862144,48.570007540997224]]]},"properties":{"pub_date":"2026-10-07"}},{"type":"Feature","geometry":{"bbox":[37.010845766326604,48.347817052021696,37.027484007324496,48.35140175702141],"type":"Polygon","coordinates":[[[37.027484007324496,48.347938519020985],[37.0121321063264,48.347817052021696],[37.011178080326594,48.34796337102171],[37.010845766326604,48.34840508702173],[37.0108475533266,48.348471572021744],[37.01119329932659,48.34866600302172],[37.012059755326405,48.34875499802163],[37.0181498023256,48.349036368021444],[37.0196542263254,48.349304613021395],[37.020278011325296,48.34957285802137],[37.02049817132529,48.349987414021264],[37.02049817032519,48.350401966021316],[37.0196175323253,48.35140175702141],[37.019683475325294,48.351369899021456],[37.027484007324496,48.347938519020985]]]},"properties":{"pub_date":"2026-10-07"}},{"type":"Feature","geometry":{"bbox":[37.663261939862295,48.48471020113507,37.7502731961566,48.53372292302337],"type":"Polygon","coordinates":[[[37.6689041346402,48.52935984221789],[37.6686450429184,48.529525067050955],[37.66788467863519,48.52972422084084],[37.663934374856595,48.53009942645969],[37.6635607856725,48.53017105866595],[37.6635165672557,48.53022651987217],[37.66348271777089,48.53027006500976],[37.6634518239014,48.53032817561518],[37.6634162348929,48.53040434496942],[37.6633838545845,48.530476304581896],[37.663348434993694,48.530582758038584],[37.66332371985979,48.53107780900381],[37.663261939862295,48.53132328598415],[37.663583207477394,48.5314051115152],[37.66397861491329,48.5315196684663],[37.6641948504828,48.531585127758895],[37.664527940487396,48.53156792740165],[37.6649922387176,48.5315127128263],[37.6654953950141,48.531420460040096],[37.6663822692085,48.53123278853664],[37.6683201591443,48.53072331133718],[37.6698081094595,48.53026965835229],[37.6740933675351,48.52856034208583],[37.67425914307141,48.52852473650854],[37.674460116606504,48.52848858817107],[37.674606158258506,48.52848733928147],[37.6747660855722,48.52850544667275],[37.67504708671941,48.52862457297628],[37.675312735548296,48.52867779183679],[37.67566281222129,48.52869165247389],[37.6761901362612,48.52867929306412],[37.6775055884561,48.528751677337816],[37.6782215562768,48.52880968451793],[37.6789292900302,48.52891816576031],[37.681349472205696,48.529568307930624],[37.6847234810364,48.530474665531045],[37.6851338511118,48.53070047230586],[37.685249303622,48.53092134128197],[37.6852905777474,48.53148164301742],[37.685019367069,48.53341942139557],[37.68497688573299,48.53372292302337],[37.6850712953982,48.53370087396787],[37.685615183699,48.53340649521935],[37.685932663515196,48.53318604678183],[37.6862973641341,48.53309457694966],[37.6865751680009,48.53282058596789],[37.6867966291127,48.53224157428882],[37.68711411010019,48.531787433751425],[37.68786688573769,48.53116247129473],[37.688472082279496,48.53062537455454],[37.6888437161096,48.53008005946917],[37.6892181094782,48.52911086870331],[37.6898115954588,48.52774606797332],[37.6903669100426,48.5270520642497],[37.6905363845891,48.52674389230483],[37.6905576030331,48.52648627158872],[37.6905815385577,48.5261956188467],[37.69059042824859,48.52608768228595],[37.6904320506974,48.525572924974895],[37.6902773728464,48.525469242528374],[37.6900927863859,48.52537366550498],[37.689089308179106,48.525164730453696],[37.6855425234384,48.52440594252366],[37.6855079293443,48.52437041127484],[37.68548215420459,48.524283634937234],[37.6855122252904,48.524176941717165],[37.6855874029692,48.52405317735705],[37.6856860751962,48.52383396933539],[37.6856123334686,48.52369287414865],[37.6852763944493,48.523497511318354],[37.68479296834169,48.52333470805678],[37.68423324045511,48.52316410453658],[37.68359311335329,48.522943640401564],[37.68322183833549,48.52284188753194],[37.6828505635781,48.522587504197816],[37.682786552301295,48.52238399774364],[37.683119417341196,48.52188370428932],[37.6836443228546,48.52111205694416],[37.68391317620579,48.52077286857888],[37.68422043804879,48.52058631363281],[37.6844124772039,48.520560873557706],[37.6848605670529,48.520789828397696],[37.685577509570095,48.521281651812984],[37.6862944543094,48.5217649902928],[37.686596554077596,48.5218879102539],[37.68701606739139,48.52190527715883],[37.6873621671361,48.521905277101844],[37.6876872914517,48.521828865687596],[37.68779741312869,48.521759400112465],[37.6879494876281,48.521623944166755],[37.6881165190139,48.521514711207],[37.68826585222129,48.52126227153236],[37.688333386945196,48.52113989059148],[37.6883944303258,48.52102927234259],[37.68852413815879,48.520794225052946],[37.688594501295896,48.52066672311768],[37.688781405094794,48.520328026718055],[37.6889368222798,48.52009494454948],[37.688992334088,48.52003443952576],[37.6890262031862,48.52000296801925],[37.689031520687294,48.51999803150324],[37.6891259105279,48.51994032250019],[37.689186414083395,48.51990333718442],[37.68925690635759,48.51986023916586],[37.6893302113715,48.519815425489725],[37.6895406142928,48.519737547449104],[37.6903217302232,48.5194676089844],[37.6903217976234,48.51946758198052],[37.6908706902792,48.519246348651926],[37.6913300607586,48.519061194970625],[37.6918945191326,48.51883265094213],[37.6922675836628,48.51868160056749],[37.6925120642457,48.518464364552244],[37.694606710192296,48.51669214109711],[37.6956487395419,48.516053024575534],[37.697086241333,48.51507397640755],[37.6974101840668,48.51500691865022],[37.697977083105,48.51499350665563],[37.699534916124,48.51569504246981],[37.7007786002595,48.51625510166861],[37.7027012421394,48.5149568051016],[37.7057363469262,48.51302180096473],[37.70836144137479,48.51134813728326],[37.71088961743239,48.50973620539628],[37.711840557118094,48.50912989674311],[37.712191121100695,48.508906374155536],[37.7144248643576,48.507482109325494],[37.7160682398009,48.50616396064136],[37.71841282338579,48.504346612547394],[37.719915041543594,48.503296447876714],[37.72356532143629,48.500918110651206],[37.7262733000673,48.499417933124846],[37.72727643804771,48.498862169199136],[37.7303183363502,48.497531810716],[37.73254358896539,48.496639301669674],[37.7326301810308,48.496604568948214],[37.73482034795331,48.49604015496807],[37.7392615204253,48.49442750481463],[37.743337665006,48.49277448502225],[37.747109619474806,48.491121411788356],[37.7491666501387,48.49017760230559],[37.7495729830097,48.489885862272736],[37.75002984324849,48.48914571603349],[37.7502731961566,48.4878554234386],[37.74996900466469,48.486686069889316],[37.749360625319895,48.4858392785667],[37.7480830300014,48.48507312208401],[37.745710347232794,48.48471020113507],[37.7433376632165,48.48479085062549],[37.7402957666542,48.48547636280849],[37.737253867198,48.486524776453884],[37.73305604450479,48.48773445826565],[37.72727643703279,48.48930700026191],[37.7240413039188,48.490101456022835],[37.7209894339899,48.49062233025719],[37.71925425739829,48.49073056370645],[37.716314663833295,48.49107555460133],[37.7155899714156,48.49124466636631],[37.71520211123029,48.491454364737244],[37.714970368129,48.49178156927815],[37.7149450338682,48.491817177062835],[37.714182475077095,48.49310010308102],[37.713679548143,48.4941453483598],[37.7136606903177,48.494182841421946],[37.7135870740864,48.49425331016993],[37.7135390493249,48.49426641536218],[37.71341113635769,48.49427900428741],[37.7133129831481,48.4942668091362],[37.71293677827719,48.49422205999803],[37.7125702135668,48.494158135187156],[37.7123194074691,48.49415174031914],[37.7120975396206,48.49417091856573],[37.71188439928079,48.49425331347197],[37.7114126471132,48.49459922338396],[37.71041906509859,48.49529601011447],[37.7102802531864,48.4953755668678],[37.70998352520459,48.49552060919964],[37.7095605360367,48.49562841900178],[37.708201581984994,48.49582164995242],[37.7084525815101,48.495807119236225],[37.7082015850879,48.49584280891584],[37.7082014375332,48.49584282987319],[37.7072650910071,48.49589703899304],[37.705640172282706,48.49609479619061],[37.7039523191843,48.496598388528454],[37.7028740932732,48.4969007650122],[37.7019273842708,48.49726663663525],[37.70157194807749,48.49751004067623],[37.701506705347995,48.49757980126475],[37.7014541370078,48.497643666839956],[37.70120366139079,48.49794795879697],[37.7009258701985,48.49820315734356],[37.7008185414034,48.49845835368938],[37.70082829635609,48.49867647743749],[37.7009141379815,48.49899108494875],[37.7009765765598,48.49917727425459],[37.70112643703149,48.49945862611959],[37.701301273177705,48.49969032838926],[37.701394934124394,48.49986823979772],[37.701451129531094,48.49997995127125],[37.7014823521687,48.500174411575415],[37.7014675036238,48.50025639372312],[37.7014266952677,48.50029742195831],[37.7013699566697,48.500327498693764],[37.7013075141229,48.50034818517333],[37.7012873109545,48.50035710952116],[37.7011868798646,48.50037334000043],[37.7010789816534,48.50038393318918],[37.7009750809521,48.500375987018046],[37.700871177028795,48.500360100465315],[37.7008537845672,48.50035145731346],[37.700851248224495,48.50035019709806],[37.7008537806538,48.50033030146074],[37.7008072351431,48.50030716724657],[37.70080271493,48.50030357095104],[37.70075178706859,48.50021531396058],[37.700664368477995,48.50005395378253],[37.7005270000713,48.49965261807766],[37.7002959662512,48.4992057654265],[37.70013494318,48.49894568644375],[37.70004651296679,48.498849176622144],[37.6999013163437,48.49875013248729],[37.699803035370095,48.4987310074188],[37.6997338720374,48.49872483564774],[37.69969733541679,48.49874018943378],[37.6992438169824,48.49889406933102],[37.69883912744671,48.49893421844521],[37.69870596113199,48.49894743212813],[37.69816899817269,48.49894369227753],[37.6976338354204,48.49882575270487],[37.69655184113459,48.498423237248254],[37.6956981132012,48.49803629106256],[37.6952474154121,48.498154725329094],[37.6950085467717,48.498217495050106],[37.6946269752702,48.49799378649835],[37.6940832829158,48.49795146621736],[37.6936184046528,48.498201818317376],[37.6932987071656,48.498475877740916],[37.69297751159251,48.49875121155736],[37.6925268650642,48.49913749093629],[37.6924922145765,48.4991762345194],[37.6921269982238,48.49958462741086],[37.6919723575422,48.499757542934795],[37.691244565232694,48.499837917278],[37.690672724976494,48.499860879573056],[37.69018180549669,48.50027853918523],[37.6901744780525,48.50029005701805],[37.6900980341741,48.500349801928344],[37.6894424070938,48.50060721694402],[37.68885324150761,48.50085982147036],[37.688686922049,48.50098077844206],[37.6881427753595,48.50137650749238],[37.6872243692645,48.50188170597808],[37.6863878042739,48.502476321188574],[37.686361379401596,48.50249510167373],[37.686361330264596,48.50249513928205],[37.686271307792595,48.50255912638588],[37.6855955000189,48.502995424220295],[37.68556683536309,48.503071383720346],[37.68363716754661,48.504323657245585],[37.6834629130814,48.50449440322664],[37.6833682876528,48.50460739898268],[37.683237161991094,48.50477415582223],[37.68315932104029,48.50491020718056],[37.68312719871139,48.50512317199476],[37.6831283963129,48.50513641860825],[37.6831272023813,48.50514432572558],[37.6831457584448,48.505349781650686],[37.6831686730419,48.50551817762745],[37.6831492770309,48.50576900690679],[37.68305463856199,48.50591979461639],[37.6826400020692,48.50624048261055],[37.6822755995319,48.50649861020857],[37.68195077680459,48.50677128270998],[37.68158081740789,48.50704043762971],[37.6812336396155,48.50733887147067],[37.6809660590926,48.507721445043984],[37.6809114311985,48.5079418239026],[37.680905830391296,48.5082048408864],[37.6809062663934,48.50820571458573],[37.6809058343462,48.50822599419211],[37.6810783606953,48.50857246689944],[37.68289248281229,48.51205379842154],[37.6828957839596,48.51205778516914],[37.68293597348959,48.512137255401214],[37.683038680710894,48.51233434423823],[37.6830492774569,48.51235467839464],[37.68309614041199,48.51244460527047],[37.683213543178304,48.5125000180919],[37.6832194141838,48.512517129322795],[37.68329901951089,48.51258944462782],[37.6833532722472,48.512623665609446],[37.6834151277919,48.51268131429344],[37.6836111541637,48.512811172209304],[37.68379210039579,48.51294103180207],[37.68395125205839,48.51301131734293],[37.68395223050209,48.51301200675943],[37.683959525451094,48.51301595987544],[37.6839681480183,48.513019913576706],[37.68400733234899,48.51304574859531],[37.6841555658907,48.51313167062631],[37.6841667203639,48.51313678554009],[37.6844186055804,48.513295673596154],[37.6846231792454,48.5132250671961],[37.684710669224295,48.51320443524107],[37.68480301621649,48.513182657620106],[37.6850778591344,48.513046105110035],[37.6853068934348,48.51293231280064],[37.685590235634194,48.51269468839965],[37.6859023810389,48.51266679528157],[37.686165772061095,48.512727484593455],[37.68645206519071,48.51290196649721],[37.68651893139489,48.512941704657116],[37.68694379822999,48.51319418466714],[37.689090465743305,48.51271024261207],[37.689596927802896,48.51284117233096],[37.69170306403459,48.51455958803613],[37.691397333133494,48.516143299284245],[37.6913973341687,48.51619177352887],[37.6913973340799,48.51622373489317],[37.6913104785999,48.51628766222551],[37.6911753270324,48.516301797905015],[37.684949915161695,48.5172071892868],[37.6848006237383,48.51724674655418],[37.68471761226599,48.51726507435847],[37.68460693314599,48.5172676924243],[37.6845812392474,48.517259837970265],[37.6817895626658,48.51854010150674],[37.679823213976505,48.51990384102494],[37.678481469130595,48.52148205763059],[37.6769315215969,48.52324408470993],[37.6758827313261,48.52441571739876],[37.67601751510719,48.524465224432774],[37.6759101815962,48.52447210466964],[37.6757357450094,48.52457991669176],[37.6755726413803,48.524860045353066],[37.6752554267417,48.52540486196257],[37.67427199947439,48.52709385752686],[37.6739976202511,48.527565082194876],[37.673932812419,48.52758738371497],[37.6738398436814,48.52756500160898],[37.6718960680853,48.527042629003304],[37.6713545195949,48.526897090684784],[37.6709389459497,48.52734421909629],[37.6699930791866,48.528492715698974],[37.66984535632499,48.528672083113065],[37.6696182389391,48.52883803957844],[37.6689041346402,48.52935984221789]]]},"properties":{"pub_date":"2026-10-07"}},{"type":"Feature","geometry":{"bbox":[37.6149568871903,49.715950991041794,37.615851060190195,49.71667745604181],"type":"Polygon","coordinates":[[[37.61543676619019,49.715953132041705],[37.615223203190304,49.715950991041794],[37.6151588991903,49.715959900041796],[37.6151558661903,49.71596040404166],[37.6150721511903,49.71597570104176],[37.615037574190296,49.7159886450417],[37.61502748719029,49.7159948570418],[37.6149620781903,49.7160670000418],[37.6149568871903,49.71610001204183],[37.6149793381903,49.7162016250418],[37.6150266541902,49.716356947041795],[37.6151649651902,49.716553453041854],[37.6152327611902,49.71663416704177],[37.6152337941902,49.71663623204177],[37.615240957190196,49.716641955041766],[37.615263584190195,49.71665149604176],[37.6153691381902,49.71667694204179],[37.6155212141902,49.71667745604181],[37.6157311611902,49.71664641704178],[37.6157488411902,49.716641639041775],[37.61582323319009,49.71658807104177],[37.6158375321902,49.71657024204173],[37.6158373211901,49.71656760704174],[37.615851060190195,49.716475792041734],[37.6158328601902,49.71641931204182],[37.61574914619019,49.716194565041775],[37.61565519319019,49.716050027041746],[37.6156256591902,49.71602456504177],[37.6154726341902,49.71595957404181],[37.61543676619019,49.715953132041705]]]},"properties":{"pub_date":"2026-10-07"}},{"type":"Feature","geometry":{"bbox":[37.8012042592143,48.57362411499736,37.80268360121419,48.57542023299735],"type":"Polygon","coordinates":[[[37.80244109721419,48.57532148199731],[37.802575529214195,48.57515976499737],[37.8025918752142,48.57512268399737],[37.80268360121419,48.57396552599723],[37.80267827121419,48.573925856997306],[37.8026218272142,48.57383392699731],[37.802504597214295,48.57373050599729],[37.8023830492142,48.573687613997286],[37.8019133012143,48.57362411499736],[37.8018284902143,48.573638143997336],[37.80170383321429,48.57367773499725],[37.80161052121439,48.57371786599732],[37.80154938821439,48.57376199199729],[37.801528975214396,48.57380092199741],[37.8012042592143,48.57522635099742],[37.8012132652144,48.5752757269974],[37.8012559482144,48.57530749699731],[37.80130574421429,48.5753345599974],[37.80139869021429,48.57536064899735],[37.8020951062142,48.57542023299735],[37.80227827721421,48.57539778999737],[37.80244109721419,48.57532148199731]]]},"properties":{"pub_date":"2026-10-07"}},{"type":"Feature","geometry":{"bbox":[35.6806302515459,47.55321237105316,35.6864539095452,47.5573880770533],"type":"Polygon","coordinates":[[[35.6830064315458,47.553230821053205],[35.68292688954579,47.553219877053216],[35.6828462275458,47.553213710053214],[35.68276507254579,47.55321237105316],[35.6826840605458,47.55321586805317],[35.6826038205459,47.553224175053224],[35.6825249795459,47.55323722805319],[35.6824481515458,47.553254922053185],[35.6823739365459,47.5532771230532],[35.68230291354589,47.553303656053224],[35.6822356345459,47.55333431505323],[35.6821726245459,47.553368858053226],[35.6821143775459,47.553407019053225],[35.6820613445459,47.55344849805324],[35.6820139385459,47.55349297405316],[35.68197253254589,47.55354009805322],[35.6819374475459,47.55358950405318],[35.6819089575459,47.553640806053345],[35.6806654405459,47.55628755705346],[35.68064733954589,47.556334110053434],[35.68063557754589,47.55638157905351],[35.6806302515459,47.55642957405341],[35.68063140454599,47.556477698053435],[35.680639026546,47.55652555105342],[35.6806530585459,47.55657273905345],[35.6806733805459,47.55661887305346],[35.6806998245459,47.55666357105337],[35.6807321745459,47.55670646405339],[35.68077016154591,47.55674719705339],[35.6808134735459,47.55678543405349],[35.6808617515459,47.55682085905343],[35.6809145935459,47.55685317905344],[35.6809715685458,47.55688212805346],[35.6810322025459,47.55690746505347],[35.6810959945459,47.556928982053336],[35.68116241954579,47.55694650205347],[35.6812309265459,47.55695987905349],[35.683613550545495,47.55736125705328],[35.6837081435455,47.55737498105331],[35.6838039825454,47.55738393705334],[35.6839005405454,47.5573880770533],[35.6839972895454,47.55738737705331],[35.684093694545496,47.557381843053314],[35.6841892275454,47.557371503053275],[35.6842833615454,47.55735641305327],[35.6843755815454,47.5573366590533],[35.6844653785454,47.55731234805326],[35.6845522595454,47.55728361405323],[35.68463574654529,47.557250615053256],[35.6847153825453,47.55721353105326],[35.68479072754529,47.55717256805321],[35.6848613675453,47.557127949053225],[35.6849269145453,47.55707992305324],[35.684987009545296,47.55702874805332],[35.6850413205453,47.556974712053176],[35.6850895485453,47.55691810705326],[35.68513143054529,47.55685924705325],[35.6851667345453,47.55679845305325],[35.686417429545195,47.554327974053045],[35.6864362105453,47.55428311305304],[35.68644840954519,47.554237228053104],[35.6864539095452,47.55419075905312],[35.6864526585453,47.55414415105309],[35.6864446705452,47.55409784705307],[35.6864300195453,47.55405229005305],[35.6864088445453,47.554007917053056],[35.6863813505453,47.553965152052996],[35.6863477985453,47.553924405053145],[35.68630851154529,47.553886062053024],[35.6862638625453,47.55385049205298],[35.6862142805453,47.553818037053055],[35.6861602385453,47.55378900405297],[35.6861022545453,47.55376367205305],[35.686040880545406,47.55374228305307],[35.6859767055453,47.55372504105306],[35.685910341545394,47.55371211205303],[35.6830064315458,47.553230821053205]]]},"properties":{"pub_date":"2026-10-07"}},{"type":"Feature","geometry":{"bbox":[37.805032208214,48.572636023997205,37.8060480022139,48.57319473999714],"type":"Polygon","coordinates":[[[37.8051268582139,48.573100173997105],[37.8052187152139,48.57311328999712],[37.8058838732138,48.57319473999714],[37.805927093213796,48.5731921769971],[37.8059594592139,48.5731790209971],[37.8059680972139,48.573160443997146],[37.8060480022139,48.572797495997136],[37.80603504521379,48.57278177699711],[37.8060156092138,48.572770345997114],[37.805186321214,48.572636023997205],[37.8051496072139,48.57263772099717],[37.805126320214,48.57265352899714],[37.80511689921399,48.572669589997204],[37.805108281214,48.57270510099722],[37.805032208214,48.573024670997164],[37.8050410542139,48.57304574199723],[37.8050509872139,48.573062976997214],[37.80506364121399,48.57307445799717],[37.8050888212139,48.57308846799708],[37.8051268582139,48.573100173997105]]]},"properties":{"pub_date":"2026-10-07"}},{"type":"Feature","geometry":{"bbox":[37.5958217941934,49.69600659104185,37.6035807141924,49.70129749604193],"type":"Polygon","coordinates":[[[37.6031106441924,49.69995002004177],[37.60343594619239,49.699750137041825],[37.6035583861924,49.69960963104181],[37.6035807141924,49.699518546041794],[37.60356067919239,49.699395158041725],[37.6019890381926,49.698330205041735],[37.599519314193,49.696571369041884],[37.5985214461932,49.69600659104185],[37.5981721931932,49.69603886404183],[37.5975984181932,49.69637773104185],[37.5963261361933,49.697200684041995],[37.5960030411934,49.69748020704195],[37.5958716031934,49.69762942804198],[37.5958217941934,49.69775748304201],[37.595852149193405,49.69787840004191],[37.5961016161934,49.698088167042],[37.5967348691933,49.69850073104205],[37.5977665401931,49.69917285704199],[37.59863642319289,49.699739571041945],[37.5991301921929,49.70015166204192],[37.5993811221929,49.70046225704201],[37.5997339171928,49.70086746004196],[37.6000771731927,49.70114715604189],[37.600285804192694,49.701257963041954],[37.6005039851927,49.70129749604193],[37.6007146101927,49.70129326604195],[37.60109032419259,49.701207074041925],[37.6014109431925,49.70113078904193],[37.601750748192494,49.70093384504187],[37.60254153119249,49.70036585104179],[37.60293701219239,49.700056708041814],[37.6031106441924,49.69995002004177]]]},"properties":{"pub_date":"2026-10-07"}},{"type":"Feature","geometry":{"bbox":[36.089457277479,47.74115660703953,36.123534130475,47.75697414104091],"type":"Polygon","coordinates":[[[36.123534130475,47.74169590503884],[36.1107645284768,47.74115660703953],[36.1128082254764,47.74234066003948],[36.113601704476196,47.74359838603949],[36.11416847547609,47.74451307703943],[36.114225151476,47.746685404039525],[36.113885088475996,47.7476000400396],[36.113680676475994,47.7498254250397],[36.1124583034761,47.75083384703977],[36.11088120547619,47.752134877039936],[36.1060069784768,47.753125629040206],[36.0939347644785,47.75327805104075],[36.09124145447879,47.75372279404087],[36.08957063147899,47.754344990041005],[36.089457277479,47.7554119080411],[36.090194079478806,47.756478803041034],[36.091157588478694,47.756707422041124],[36.0953516914781,47.75697414104091],[36.09926240947761,47.75678362704064],[36.1017561984772,47.75678362704055],[36.10504346947679,47.75689793504035],[36.109577634476196,47.75659311304022],[36.11190139247589,47.756364494040035],[36.1149848484755,47.75592010203986],[36.1173990674752,47.754802243039784],[36.1176257754752,47.75320183903968],[36.11887267047539,47.74615185803933],[36.120743014475295,47.742759905039065],[36.1223299724751,47.742188206038904],[36.123534130475,47.74169590503884]]]},"properties":{"pub_date":"2026-10-07"}},{"type":"Feature","geometry":{"bbox":[36.4162884634313,47.798532716026806,36.4810403504218,47.83520745202556],"type":"Polygon","coordinates":[[[36.445972550427,47.822493760026624],[36.4497168214264,47.824083505026614],[36.455707565425605,47.82408606902636],[36.465739198424096,47.82598801802594],[36.4721361204232,47.82754615902566],[36.4754501554226,47.829580616025666],[36.478101124422196,47.8313185350256],[36.478984445422,47.832769588025606],[36.480878326421596,47.83520745202556],[36.480878357421595,47.83520710602557],[36.48087836142161,47.83520706502558],[36.4810080454218,47.83195898602549],[36.4810080464218,47.83195892802549],[36.4810403504218,47.830220995025364],[36.4804055854222,47.824644230025115],[36.4793529374225,47.82090104002508],[36.47771519742291,47.818482785025125],[36.47456533342349,47.81472923202503],[36.4686544479244,47.81232461602525],[36.4686543974244,47.812324588025206],[36.46865436142439,47.812324573025265],[36.4685920534244,47.81229923502523],[36.4685815784244,47.812294967525204],[36.4666311764247,47.81039485302519],[36.462804970425395,47.80821622102533],[36.4594778224259,47.80687546702543],[36.4510017154272,47.80433396302574],[36.4412542094286,47.80256077202609],[36.4294759764303,47.799559856026605],[36.4288633664304,47.79943376702657],[36.42836880043049,47.79933199102662],[36.424485272431,47.798532716026806],[36.42891116643029,47.80112700702666],[36.43059965343,47.80306048702665],[36.4311356884298,47.80507312502676],[36.4311357044298,47.80507315502667],[36.427770693430105,47.807440941026925],[36.421094927431,47.8100066990274],[36.4179944344313,47.81196352802759],[36.4162884634313,47.81706588002787],[36.417179839431,47.819664571027985],[36.4218238634303,47.820814114027776],[36.4271152354296,47.82020394702742],[36.4347704964287,47.81896599602704],[36.439145980428094,47.818825140026796],[36.4421639734276,47.81983854702676],[36.445972550427,47.822493760026624]]]},"properties":{"pub_date":"2026-10-07"}},{"type":"Feature","geometry":{"bbox":[36.3667323674389,47.79864195002946,36.3759527484376,47.80260031702942],"type":"Polygon","coordinates":[[[36.3667323674389,47.79864195002946],[36.3673336484388,47.799410530029434],[36.3677367394387,47.800475095029576],[36.3680847064386,47.80154805202948],[36.3694791174383,47.80239187302953],[36.3715758724381,47.80260031702942],[36.3729641924379,47.80224397702933],[36.3740228564378,47.80136794702925],[36.3748421814377,47.800701543029085],[36.375298561437596,47.80022115602923],[36.37539404643769,47.800118570029134],[36.3756786784376,47.79987061002915],[36.3759527484376,47.79945951002902],[36.37490477743779,47.799361770029115],[36.36798633843869,47.798716273029406],[36.3676750624388,47.79869782502941],[36.3667323674389,47.79864195002946]]]},"properties":{"pub_date":"2026-10-07"}},{"type":"Feature","geometry":{"bbox":[37.6315590991883,49.71313589504104,37.6336306111881,49.71375134904109],"type":"Polygon","coordinates":[[[37.6318504421883,49.71375134904109],[37.632438678188194,49.71373622704113],[37.6327244301882,49.713728880041096],[37.6331127061881,49.713736380041034],[37.6332940941881,49.71372860104101],[37.63347214218809,49.713694837041004],[37.6335613081881,49.713657137040975],[37.6336150431881,49.71361050104095],[37.6336306111881,49.71353584904094],[37.6336230651881,49.713488992041036],[37.63360409518809,49.71343892804105],[37.6335588531881,49.71339863104106],[37.6334622261881,49.713365847041025],[37.63338750618809,49.71332242004101],[37.6333388231881,49.71327371904106],[37.6333153221881,49.7132222970411],[37.6332286981881,49.71317222804105],[37.633155023188095,49.713144412041046],[37.63306427718809,49.71313589504104],[37.632791095188196,49.71314749104103],[37.632125080188295,49.71319478704108],[37.63198687218829,49.71320806704109],[37.6318550501883,49.7132551400411],[37.6317588811883,49.713321763041115],[37.6316948821883,49.713396165041125],[37.6315808061883,49.713548749041095],[37.6315590991883,49.71360296804109],[37.6315694691884,49.71365129604111],[37.631595556188294,49.71369951804112],[37.63163844418829,49.713719354041096],[37.63170807518829,49.713740386041],[37.631758050188296,49.71374954204114],[37.6318504421883,49.71375134904109]]]},"properties":{"pub_date":"2026-10-07"}},{"type":"Feature","geometry":{"bbox":[36.9028895993471,48.2123428810211,36.9093480853462,48.214499729021185],"type":"Polygon","coordinates":[[[36.9063377663466,48.214273535021206],[36.9072496283464,48.2144827150212],[36.9075860093464,48.214499729021185],[36.9084032173463,48.21438594402112],[36.90876916034621,48.21428296002108],[36.9092065003462,48.214074803021056],[36.90926981934619,48.21400594902105],[36.90929396234619,48.213949106021104],[36.90934224834619,48.21380646202106],[36.9093480853462,48.21362464702099],[36.9092827943462,48.21340562002103],[36.9091482813463,48.213171192021065],[36.9088779643463,48.212963351020996],[36.908437533346394,48.21276265502105],[36.9075732113465,48.21257834902111],[36.9064595613466,48.212410231021174],[36.9053028763468,48.2123428810211],[36.904713805346894,48.212355688021276],[36.9041239943469,48.21239830602127],[36.903871977346995,48.212483392021305],[36.903595683347,48.212581586021244],[36.90328869034709,48.21273705902124],[36.903092214347005,48.21293753702127],[36.902963277347,48.21319120202127],[36.9028895993471,48.21338349602138],[36.902895739347095,48.21350623602128],[36.902932578347,48.213649433021345],[36.903005641346994,48.21376706102135],[36.903438309347,48.2138823840213],[36.9053594223467,48.214131299021254],[36.9063377663466,48.214273535021206]]]},"properties":{"pub_date":"2026-10-07"}},{"type":"Feature","geometry":{"bbox":[37.6561852512341,48.54733547500214,37.6577442702338,48.54833604400218],"type":"Polygon","coordinates":[[[37.65724785223391,48.54811936100216],[37.65764552223389,48.547876078002076],[37.6576999352339,48.54782173300219],[37.65772697323379,48.54779292400219],[37.65774176623379,48.54776048600212],[37.6577442702338,48.54771830900214],[37.6577402462339,48.547682875002124],[37.65772406923389,48.54765603600214],[37.6577022702338,48.547631047002106],[37.65764465323391,48.5475856640021],[37.6571298622339,48.547350293002154],[37.65708081823399,48.547340880002146],[37.65705070523389,48.54733547500214],[37.65701783923401,48.54733863500211],[37.656956916234,48.54736021700213],[37.656895351234,48.547383976002116],[37.656358063233995,48.54779661600215],[37.656245424233994,48.547893537002196],[37.6561898112341,48.54795423000223],[37.6561852512341,48.54797257900221],[37.65618638223399,48.547998244002095],[37.656200659234,48.54802264400224],[37.65622148723399,48.548043359002214],[37.65624416823399,48.54806039900223],[37.656277218234,48.54808168500217],[37.656656016234,48.54829584300221],[37.6567489262339,48.54832771600222],[37.65679033323399,48.54833553100224],[37.656821349233894,48.54833604400218],[37.65685419523399,48.548329829002206],[37.656905789233996,48.54831744400225],[37.6569636822339,48.54829320500218],[37.65724785223391,48.54811936100216]]]},"properties":{"pub_date":"2026-10-07"}},{"type":"Feature","geometry":{"bbox":[37.6663618931852,49.685779928039025,37.68229090218299,49.69092823103861],"type":"Polygon","coordinates":[[[37.6663618931852,49.685779928039025],[37.666362278185204,49.685780246039094],[37.6669030261851,49.686230054039044],[37.6683522471848,49.686773864039026],[37.6699095031847,49.68735820503887],[37.6704316191846,49.68755412203895],[37.6713975411844,49.687916568038894],[37.6715657021845,49.6879536950389],[37.6770606291837,49.68916687503865],[37.67881348918349,49.689893783038656],[37.6790507241834,49.69010572303857],[37.6796591731833,49.69064928803862],[37.679820701183296,49.69079359003861],[37.679971411183296,49.69092823103861],[37.6800317751833,49.69087575103859],[37.6800957461833,49.690825091038654],[37.680163194183294,49.690776355038686],[37.68023397918319,49.69072964203866],[37.680321947183195,49.690677057038606],[37.6804141431832,49.69062759703864],[37.6805103031832,49.690581402038596],[37.6806101481832,49.690538606038565],[37.68071339518319,49.6904993330386],[37.6808197451832,49.69046369103857],[37.6809288921832,49.69043178703859],[37.6810405271832,49.69040371103859],[37.6811501431831,49.69038035703855],[37.68126147518309,49.69036069103856],[37.6813742281831,49.690344772038536],[37.68148810118309,49.69033263803856],[37.68160279418309,49.69032432103853],[37.6817179941831,49.69031984703852],[37.68183339718309,49.69031922503856],[37.681948697183095,49.69032245603857],[37.682063586183,49.69032953303861],[37.682177757183,49.69034043803851],[37.68229090218299,49.69035513903857],[37.682289909183,49.6903545730386],[37.682155171183,49.69027846003852],[37.6821551151831,49.690278428038525],[37.682155059182996,49.690278396038565],[37.68215494418299,49.69027833403857],[37.68215471918301,49.69027820603855],[37.68215425318299,49.69027794403854],[37.682129575183,49.69026410503851],[37.6821048741831,49.69025028503854],[37.68208015018299,49.690236481038504],[37.6820554021831,49.69022269503849],[37.682030631183096,49.69020892603856],[37.682005836183,49.6901951760386],[37.681981018183095,49.69018144203851],[37.681980971183,49.690181418038534],[37.681980926183094,49.690181392038504],[37.681980835183,49.690181343038525],[37.68198065318299,49.69018124003858],[37.681807008183,49.69008600703861],[37.681806962183096,49.69008598203856],[37.6818069161831,49.6900859570386],[37.681806824183106,49.69008590703858],[37.6818066401831,49.69008580603862],[37.68180606018309,49.690085491038474],[37.681781063182996,49.6900719040386],[37.6817560431831,49.6900583350386],[37.681731000183,49.69004478503861],[37.6817059341831,49.69003125103857],[37.6816808451831,49.690017736038556],[37.68165573318309,49.6900042370386],[37.6816305971831,49.68999075803857],[37.68162923618309,49.68999003103857],[37.68160543618309,49.68997730003862],[37.6815816241831,49.68996458103858],[37.68158026118309,49.689963853038556],[37.68155505718309,49.68995042703854],[37.6815541561831,49.68994994703856],[37.6815171961831,49.689930331038504],[37.6814802141831,49.68991073403853],[37.6814793101831,49.68991025703854],[37.68145401518309,49.68989690203854],[37.6814535251832,49.689896645038516],[37.6814298901832,49.689884195038516],[37.68140623418319,49.6898717580385],[37.6813825581832,49.6898593390385],[37.6813588631831,49.68984693603854],[37.6813587961831,49.68984690003856],[37.6813587301832,49.68984686503851],[37.6813585961832,49.6898467960385],[37.681181072183094,49.68975503203848],[37.6810971951832,49.68971167503856],[37.68109716218321,49.689711658038576],[37.681097116183196,49.689711634038595],[37.681097061183195,49.68971160703859],[37.68109692518319,49.689711536038565],[37.6810964311831,49.68971128403861],[37.6810707911832,49.68969819903854],[37.6810451291832,49.68968513303859],[37.6810194451832,49.68967208203856],[37.680993737183194,49.68965905203857],[37.680968009183196,49.6896460410386],[37.6809422591832,49.689633046038566],[37.6809164841832,49.68962007103854],[37.6809164341832,49.68962004503855],[37.6809163821832,49.68962002003855],[37.680916281183194,49.68961996903854],[37.680916207183195,49.68961993303858],[37.6809160761832,49.68961986603856],[37.6807358721832,49.6895299610385],[37.6807358201833,49.68952993503849],[37.6807357691832,49.68952990903854],[37.680735666183196,49.689529857038565],[37.6807354601832,49.689529755038656],[37.6807349491832,49.689529504038504],[37.6807333431832,49.68952871003855],[37.6807269251832,49.68952553903856],[37.6807107271832,49.68951753703863],[37.680696205183295,49.689510368038626],[37.68069506518329,49.68950980503852],[37.6806881051833,49.689506370038515],[37.6806864941832,49.68950557403862],[37.6806622391832,49.68949363303852],[37.6806379651832,49.689481709038525],[37.6806378931832,49.68948167403866],[37.68063782218329,49.68948164003851],[37.6806376781832,49.689481569038534],[37.6803699941833,49.68935174503862],[37.68036991518329,49.68935170703861],[37.6803698491833,49.689351675038594],[37.68036970318331,49.689351603038595],[37.68036918018319,49.689351353038575],[37.6803691261833,49.68935132803862],[37.6803690731833,49.6893513030386],[37.6803689641833,49.6893512510386],[37.6799999631833,49.689177225038534],[37.67999991018329,49.689177200038685],[37.6799998541833,49.68917717403863],[37.679999744183306,49.68917712103863],[37.6799992361833,49.68917688803868],[37.6799991821833,49.68917686303853],[37.67999912618329,49.689176837038566],[37.6799990131833,49.689176785038676],[37.6796258921834,49.68900645503866],[37.6796258361834,49.68900642903859],[37.67962578018339,49.689006402038636],[37.679625667183394,49.68900635103861],[37.679625141183394,49.6890061150385],[37.6796250821834,49.689006090038596],[37.6796250251834,49.6890060640386],[37.679624911183396,49.689006013038636],[37.6792477951834,49.68883943603863],[37.679247737183395,49.68883940903863],[37.6792476801835,49.6888393830387],[37.67924756218349,49.688839332038555],[37.67924708118339,49.688839125038655],[37.67924618618349,49.68883873703867],[37.679146610183395,49.68879567003864],[37.6791457121834,49.688795282038654],[37.6791203251835,49.68878436303869],[37.6791202351834,49.68878432503866],[37.67912014618349,49.68878428603867],[37.679119965183496,49.68878421003861],[37.6788658851835,49.688676261038644],[37.6788657941835,49.688676222038644],[37.6788657481835,49.688676202038664],[37.6788657031835,49.688676185038666],[37.6788655211835,49.68867610703859],[37.6788650761835,49.688675919038594],[37.678863703183495,49.68867534403862],[37.6788631811835,49.6886751250386],[37.6788589521835,49.68867335203859],[37.6788565911835,49.688672362038666],[37.67885453518349,49.6886715000386],[37.678839495183496,49.68866519403861],[37.6788275621835,49.68866019403857],[37.6788231051835,49.688658327038624],[37.6788158021835,49.688655268038616],[37.67881390218349,49.688654472038635],[37.6787882921835,49.6886437720386],[37.6787626631835,49.68863309003859],[37.6787370171835,49.68862242503859],[37.6787113551835,49.68861177703859],[37.67868567418349,49.68860114603857],[37.67865998018349,49.6885905330387],[37.6786590431835,49.688590149038625],[37.678557969183494,49.688548631038714],[37.67855702818359,49.68854824703856],[37.67855508718359,49.68854745503856],[37.6785501961836,49.68854545803871],[37.6785476461835,49.68854441803862],[37.67853124518349,49.68853772303868],[37.67851625018349,49.68853161103868],[37.6785154551835,49.68853128603857],[37.6785073961835,49.68852800003867],[37.6785054491836,49.688527207038526],[37.6784796361835,49.68851671403856],[37.678479200183496,49.68851653703871],[37.6784779271835,49.68851602003866],[37.6784727761835,49.688513936038596],[37.67844043618349,49.68850084003867],[37.6784099141836,49.68848849703856],[37.6784080371836,49.68848773703865],[37.6784029341835,49.68848567503858],[37.6784016551835,49.688485158038596],[37.678375775183596,49.68847473203867],[37.6783498761836,49.688464324038655],[37.6783239631836,49.68845393103866],[37.678298030183605,49.68844355903865],[37.67827208518359,49.68843320203868],[37.678271510183606,49.688432974038626],[37.6782711211836,49.688432819038646],[37.6781691001836,49.688392331038656],[37.6781689031836,49.688392252038675],[37.6781681331836,49.68839194803865],[37.678166830183606,49.68839143303864],[37.6781624021836,49.68838968903863],[37.678161798183595,49.68838945103864],[37.678129074183595,49.688376561038666],[37.678096518183594,49.688363753038665],[37.6780935921836,49.68836260203871],[37.678091304183596,49.68836170203866],[37.67808999718359,49.68836118803867],[37.6780895661836,49.68836102003861],[37.678088589183595,49.68836063903862],[37.6779861341836,49.688320634038725],[37.6779851541836,49.6883202500386],[37.6779590091836,49.68831010203861],[37.6779328501836,49.68829997003863],[37.6779066731836,49.688289857038725],[37.6778804801837,49.688279759038636],[37.677880411183594,49.68827973303861],[37.6778803411836,49.68827970503859],[37.67788019918359,49.68827965103863],[37.67787991818359,49.68827954403868],[37.677765061183706,49.68823567703873],[37.6776972591837,49.68820978403863],[37.67769718918359,49.68820975603866],[37.67769711718359,49.688209730038615],[37.6776969771837,49.68820967603861],[37.6776966921837,49.68820956803859],[37.6776962691836,49.688209408038674],[37.6776954691836,49.68820910703867],[37.6775653151837,49.68816009903871],[37.6775645111837,49.68815979603861],[37.6775381111837,49.688149928038655],[37.6775116981837,49.68814007503871],[37.677485268183695,49.68813024003868],[37.67745882218371,49.688120424038715],[37.6774587381837,49.68812039403863],[37.6774586531837,49.68812036103868],[37.677458484183695,49.68812029903867],[37.67745814518369,49.688120174038644],[37.6773576781837,49.68808318903868],[37.677300503183695,49.688062140038674],[37.6773004191837,49.68806210903864],[37.67730033418369,49.68806207803866],[37.6773001631837,49.68806201503867],[37.6772998211837,49.68806188903864],[37.6772994241838,49.688061744038635],[37.6772993381837,49.68806171303867],[37.6772992531837,49.688061683038626],[37.67729908218371,49.68806162003869],[37.677298911183705,49.68806155803868],[37.6772987401837,49.688061495038646],[37.67714054218371,49.68800409403864],[37.67714045818379,49.68800406403867],[37.6771403711838,49.688004033038666],[37.6771402001837,49.68800396903866],[37.6771398561838,49.68800384603866],[37.67711320818369,49.68799425703865],[37.677113133183695,49.68799423103863],[37.677113061183796,49.68799420503862],[37.677112912183794,49.687994152038655],[37.6771126151838,49.68799404503866],[37.6769268441838,49.687927849038644],[37.6769267831837,49.6879278265387],[37.6769266951838,49.687927794038714],[37.67692654618379,49.68792774203861],[37.6769262461838,49.68792763603863],[37.676899474183806,49.68791819203862],[37.6768991021838,49.687918062038605],[37.67687231918379,49.68790863103872],[37.6768712591838,49.687908259038615],[37.6767660881838,49.687871465038704],[37.676765896183795,49.68787139703862],[37.6767650231838,49.687871095038716],[37.676738164183796,49.68786175403857],[37.67671128718381,49.68785243403867],[37.6766843971838,49.68784312803868],[37.67665749318379,49.687833843038725],[37.67663057318379,49.68782457403869],[37.67662912818379,49.68782407903864],[37.67662401418381,49.68782232503871],[37.6766189801838,49.68782060103868],[37.67659015818379,49.687810720038684],[37.6765579611838,49.68779969503866],[37.6765559321838,49.68779900103868],[37.6765511751838,49.687797374038716],[37.67654972518379,49.68779687703859],[37.6765474951838,49.68779611703869],[37.676542331183796,49.687794358038715],[37.6765390241838,49.687793233038676],[37.676522743183796,49.68778768803868],[37.6765074891838,49.687782499038654],[37.6764979881838,49.6877792660387],[37.676495753183794,49.68777850603871],[37.67649538318379,49.687778380038665],[37.6764939241838,49.68777788603872],[37.676488207183795,49.6877759490387],[37.67648448718379,49.687774690038665],[37.676454858183895,49.687764658038645],[37.6764224451838,49.68775369703869],[37.6764215111838,49.68775338103866],[37.6764157791838,49.687751444038675],[37.676414317183806,49.68775094803866],[37.6764128531838,49.68775045603867],[37.676406754183795,49.68774840703867],[37.6764047041838,49.68774772003865],[37.67637372618389,49.68773730903865],[37.6763412821839,49.6877264220387],[37.6763345871839,49.68772417603863],[37.6763331181839,49.687723683038676],[37.67630602318389,49.68771463003866],[37.6762789141838,49.6877055950387],[37.67625179018389,49.687696579038764],[37.676224651183894,49.68768758103875],[37.676223772183796,49.68768729003868],[37.6761431041839,49.687660744038716],[37.676089632183896,49.68764314703862],[37.67608933618389,49.68764304903876],[37.6760887491839,49.687642855038746],[37.6760884351839,49.68764275603864],[37.6760871931839,49.687642351038654],[37.67608694218391,49.687642269038626],[37.6760827851839,49.687640914038646],[37.676081931183894,49.687640635038626],[37.6760815191839,49.68764050003876],[37.6760475811839,49.687629440038705],[37.6760147481839,49.68761875003872],[37.6760138591839,49.68761846203863],[37.67600820918389,49.687616623038636],[37.676006711183895,49.68761613503863],[37.676005818183896,49.68761584603871],[37.676005595183895,49.68761577403873],[37.6758986701839,49.68758125803871],[37.6758982971839,49.68758113803869],[37.67589755018389,49.68758089703872],[37.6758702231839,49.687572132038746],[37.6758428841839,49.68756338703873],[37.67581553118399,49.68755465903872],[37.6757881651839,49.687545948038725],[37.6757870341839,49.687545590038695],[37.6756796941839,49.68751165003872],[37.67567855918399,49.687511291038746],[37.6756782621839,49.68751119703868],[37.675675813184,49.687510428038706],[37.675670808183995,49.6875088570387],[37.675665470184,49.68750718203869],[37.6756516651839,49.68750284903868],[37.675642997184,49.68750013003871],[37.6756388931839,49.68749884203867],[37.675627513184,49.68749527503869],[37.6756250601839,49.687494505038686],[37.675623478183894,49.6874940120387],[37.67561723318389,49.68749206403868],[37.67561707818389,49.68749201403873],[37.6755851171839,49.687482044038674],[37.67555343118389,49.68747217303873],[37.675553177184,49.68747209303869],[37.675546749184,49.68747009203874],[37.67554516118399,49.68746959703867],[37.675518502184,49.687461327038704],[37.67549042218399,49.68745264203871],[37.67546232718399,49.687443973038725],[37.67543422118399,49.68743532503878],[37.675406099183995,49.68742669503867],[37.675405197184,49.68742642003866],[37.67526618818399,49.68738410803869],[37.67526528318399,49.6873838340387],[37.675265087184,49.687383775038704],[37.675263924183994,49.68738342603867],[37.675155589184,49.68735085003876],[37.675154423184,49.687350501038814],[37.675153252183996,49.68735015103881],[37.675044721184,49.68731786803867],[37.675043547184,49.68731752003871],[37.67501579618399,49.687309322038786],[37.674988031184,49.68730114103875],[37.6749602521841,49.68729297803878],[37.67493246318409,49.68728483503874],[37.674930871184,49.687284371038736],[37.6749285461841,49.68728369203879],[37.674924544184,49.68728252403878],[37.674890746184,49.68727266803861],[37.67485712118409,49.68726287403872],[37.674853877184,49.687261930038744],[37.6748506111841,49.68726097803863],[37.6748490151841,49.687260513038744],[37.67484876418409,49.687260443038696],[37.6748478161841,49.68726017003879],[37.6747103951841,49.687220559038764],[37.6747094431841,49.68722028403877],[37.67470696718409,49.68721957803871],[37.674696818184096,49.68721667903876],[37.6746936561841,49.68721577503871],[37.6746815391841,49.68721231503871],[37.674666342184096,49.68720797803877],[37.674656109184106,49.68720506003873],[37.674653628184096,49.687204352038776],[37.67462569918409,49.68719641303876],[37.674597759184095,49.687188493038725],[37.6745698061841,49.68718059303875],[37.674541839184094,49.687172709038755],[37.67451386218409,49.68716484603881],[37.6744858721841,49.68715699803884],[37.67445787018409,49.68714917103871],[37.674429855184094,49.68714136403875],[37.6744297111841,49.68714132303872],[37.6740079061842,49.68702640903876],[37.67400667018419,49.687026081038695],[37.6740056701842,49.6870258160388],[37.6740055121842,49.68702577303877],[37.67395704218419,49.68701293503877],[37.6738871291842,49.686994415038775],[37.673885966184194,49.68699410703877],[37.6738557561842,49.68698616803878],[37.6738255331842,49.6869782500388],[37.6737952961842,49.68697035303873],[37.6737952141842,49.6869703320388],[37.6737951311842,49.68697031003877],[37.67379496518419,49.686970268038735],[37.6737946321842,49.6869701810388],[37.67358393318419,49.686915849038755],[37.6735838511842,49.686915829038746],[37.6735837681842,49.68691580703879],[37.6735836001842,49.68691576403876],[37.673583266184195,49.68691567803878],[37.673582635184204,49.68691551803876],[37.67355224718419,49.68690778303875],[37.6735218471842,49.68690006803875],[37.6734914331842,49.68689237703874],[37.6734610061842,49.686884707038764],[37.6734305651843,49.68687705703871],[37.6734289721843,49.68687666003872],[37.6734227111843,49.686875094038776],[37.6734223551842,49.686875005038736],[37.67334750718419,49.68685632103876],[37.67334740618429,49.686856296038876],[37.6733407691843,49.68685464103874],[37.67333916918421,49.68685424203872],[37.673308679184295,49.68684668003882],[37.6732781731843,49.686839139038824],[37.6732476571843,49.68683162103883],[37.6732171281843,49.68682412403873],[37.6732146551843,49.6868235190388],[37.6732035621843,49.68682080803868],[37.67318658218429,49.68681665703881],[37.6731685911843,49.68681226203883],[37.6731585061843,49.6868098010387],[37.6731560291843,49.686809196038794],[37.673155944184295,49.686809177038725],[37.67315585918429,49.68680915603874],[37.6731556891843,49.68680911403879],[37.6727272621843,49.68670721503876],[37.67272716118439,49.686707192038824],[37.6727270911844,49.68670717503879],[37.67272691818431,49.68670713303882],[37.6727263201843,49.68670699303879],[37.6727262091843,49.686706967038795],[37.6726955171843,49.68669985303877],[37.672664814184294,49.68669276103883],[37.6726340961843,49.68668569003876],[37.6726033691844,49.68667864303878],[37.6725726301844,49.68667161703882],[37.6725418781844,49.686664612038825],[37.6725111131844,49.68665762903879],[37.67248034018439,49.686650667038805],[37.67244955318441,49.6866437280388],[37.6724187541844,49.686636812038806],[37.67241751118439,49.686636533038794],[37.6722966891844,49.68660963703876],[37.6722954411844,49.686609360038894],[37.6722942171844,49.686609088038864],[37.6722940841844,49.686609060038755],[37.6722939951844,49.68660904103873],[37.6722939091844,49.686609021038805],[37.67229373118441,49.68660898303879],[37.6718601901844,49.68651558603873],[37.6718601011845,49.68651556703881],[37.671860012184396,49.68651554803885],[37.6718598341844,49.68651551103882],[37.67185963118439,49.686515467038774],[37.6718595431845,49.686515449038836],[37.6718594521844,49.68651543003875],[37.671859316184495,49.68651540203885],[37.6718592721845,49.68651539203886],[37.6714236311845,49.68642634703882],[37.67142354218449,49.686426330038806],[37.67142349518449,49.686426319038866],[37.6714234511845,49.686426309038836],[37.67142326818449,49.68642627303883],[37.6714230291845,49.686426226038826],[37.67139386718449,49.686420434038844],[37.6713646951845,49.68641466303884],[37.671335513184495,49.6864089120388],[37.6713354141845,49.68640889303884],[37.671335316184496,49.686408874038825],[37.671335120184494,49.686408836038815],[37.67133472618449,49.68640875903882],[37.6711317771845,49.68636934503882],[37.6711316771846,49.68636932503884],[37.6711315781845,49.68636930703879],[37.6711313831846,49.6863692680389],[37.6711309871845,49.686369192038896],[37.6711280871846,49.686368637038804],[37.67112019518449,49.686367128038896],[37.67111633918449,49.6863663930388],[37.671101732184596,49.686363601038806],[37.6710862171845,49.68636064103878],[37.671083045184595,49.68636003503881],[37.6710753761845,49.68635857303883],[37.6710724711846,49.68635801803888],[37.6710431991846,49.68635246203891],[37.6710139191845,49.686346923038926],[37.6709846301846,49.68634140503892],[37.6709843721845,49.68634135703887],[37.6709550761846,49.68633585703892],[37.6709257701846,49.686330379038914],[37.6708964551846,49.68632491803892],[37.6708671321846,49.6863194780389],[37.670867032184596,49.686319460038874],[37.6708669331846,49.6863194420388],[37.6708667321846,49.6863194050389],[37.67086633318459,49.68631933103879],[37.6707200001846,49.686292602038755],[37.6706624371846,49.68628208903886],[37.67066233618459,49.68628207003891],[37.6706622351846,49.68628205203889],[37.6706620351846,49.68628201503887],[37.6706616331846,49.686281942038924],[37.670632242184595,49.686276658038835],[37.67060284218459,49.6862713930389],[37.6705734351846,49.68626614903891],[37.6705440191846,49.68626092203888],[37.6705436831846,49.68626086303888],[37.6705142631846,49.6862556600389],[37.670484837184596,49.686250474038864],[37.6704847781847,49.68625046403888],[37.6704847201846,49.68625045503887],[37.67048460118469,49.68625043403892],[37.6704843641847,49.68625039303887],[37.6701315491846,49.68618986003883],[37.67013148918469,49.68618985103888],[37.6701314311846,49.68618984003887],[37.670131312184694,49.68618981903891],[37.6701310741847,49.686189778038845],[37.6701015421847,49.68618484903888],[37.6701011551847,49.68618478503886],[37.670101043184694,49.68618476703888],[37.6701009321847,49.6861847490389],[37.67010070818469,49.68618471103887],[37.6697225951848,49.68612343603899],[37.6697224951847,49.68612341903884],[37.66972238518469,49.686123401038984],[37.6697221581847,49.68612336503888],[37.6697219161847,49.68612332503887],[37.66969026518469,49.68611835103883],[37.6696586061847,49.68611340003884],[37.6696269381847,49.68610847003898],[37.66959526118471,49.686103565038856],[37.6695635781848,49.686098680038825],[37.6695318851847,49.686093817038916],[37.6695001831848,49.68608898003895],[37.6694684751848,49.68608416203888],[37.6694367571848,49.68607936703884],[37.6694050311848,49.68607459603893],[37.66940497118479,49.686074588038935],[37.66940490718479,49.686074578038834],[37.6694047831848,49.686074560038975],[37.6694045331848,49.68607452303892],[37.6690557661848,49.68602363203896],[37.66905568618479,49.68602361803893],[37.6690556441848,49.68602361403892],[37.6690555171848,49.686023594038915],[37.6690552661848,49.68602355803892],[37.6690234521848,49.686019059038905],[37.669020560184805,49.68601865203895],[37.6690121631848,49.68601747203896],[37.669008737184896,49.68601699103889],[37.668991630184806,49.686014587038926],[37.668976083184795,49.68601240903894],[37.6689737531848,49.68601208303894],[37.6689626961848,49.686010532038964],[37.66895979918479,49.68601012703893],[37.6689595781848,49.686010094038885],[37.66895946318479,49.6860100790389],[37.6689593471848,49.68601006203887],[37.668959116184794,49.68601003103895],[37.66878621618489,49.68598666703892],[37.6685772031849,49.685958423038926],[37.6685771021849,49.68595840903892],[37.6685770051849,49.68595839603892],[37.6685768071849,49.68595836903888],[37.668576493184894,49.68595833003889],[37.6685764131849,49.685958320038914],[37.6681934851849,49.685909970038956],[37.668193368184994,49.68590995703898],[37.6681932506849,49.68590994053888],[37.66819301718489,49.68590991103899],[37.668192549184894,49.685909856038975],[37.6680006431849,49.685887321039004],[37.667808751185,49.68586478503897],[37.667808692185,49.685864778039],[37.667808649185,49.68586477403887],[37.66780851318501,49.685864757038985],[37.66780827418499,49.68586473003897],[37.667806065185,49.68586462703902],[37.66753142018499,49.685851395038966],[37.667355027185,49.68584289803895],[37.66735232518501,49.68584276703899],[37.6673517681851,49.68584273503897],[37.667349680185,49.685842615038986],[37.666899428185104,49.685816685038965],[37.6668969081851,49.68581653903899],[37.6668967141851,49.68581652503898],[37.6668943591851,49.68581636803906],[37.66644464818509,49.68578622703897],[37.66644212518519,49.68578605003899],[37.66644174018509,49.68578602303896],[37.6664408161852,49.68578595403899],[37.6663618931852,49.685779928039025]]]},"properties":{"pub_date":"2026-10-07"}},{"type":"Feature","geometry":{"bbox":[36.71052876427979,50.2631526630898,36.7279619072777,50.26631101608969],"type":"Polygon","coordinates":[[[36.7176084132789,50.26620026409],[36.719053056278696,50.26623096608988],[36.72281964927819,50.26631101608969],[36.7278932572777,50.26506349908954],[36.7279619072777,50.26504662208951],[36.7269803432778,50.264976243089585],[36.72660543227779,50.264939055089606],[36.725292019277994,50.26480877408957],[36.72441874827809,50.264566873089585],[36.7231961682782,50.26393420608962],[36.7223137062784,50.26366124608975],[36.7213914092785,50.26337596208967],[36.7196334582788,50.26315367408981],[36.7183931792789,50.2631526630898],[36.7165884192792,50.26326431308986],[36.7154441712793,50.26351952709006],[36.7147321492793,50.263779149090034],[36.7143143752794,50.26405368509005],[36.7136857592794,50.26456249709011],[36.7128869142795,50.26507315109013],[36.7124815302796,50.26524844909014],[36.7119224972796,50.265466766090206],[36.71052876427979,50.26585280709022],[36.7159836082791,50.266165731089984],[36.7176084132789,50.26620026409]]]},"properties":{"pub_date":"2026-10-07"}},{"type":"Feature","geometry":{"bbox":[35.3568344165894,47.59444892507162,35.3587609395891,47.59724261307179],"type":"Polygon","coordinates":[[[35.358485721589005,47.59720354107171],[35.358630573589,47.59675421607175],[35.3586450585891,47.59578717807178],[35.3587609395891,47.594790818071644],[35.3585871175892,47.59451730307167],[35.358196019589194,47.59444892507162],[35.357689039589296,47.59451730307167],[35.35718205958929,47.594614987071715],[35.3568923565894,47.59478104907178],[35.3568778715894,47.59504479407174],[35.3568489015894,47.5952596960718],[35.3568344165894,47.59557227907182],[35.3569068415893,47.5960313820718],[35.3569068415893,47.596558857071805],[35.3569068415893,47.596890968071826],[35.3570661785892,47.59711563007187],[35.3576021285892,47.59724261307179],[35.3581091085891,47.59724261307167],[35.358485721589005,47.59720354107171]]]},"properties":{"pub_date":"2026-10-07"}},{"type":"Feature","geometry":{"bbox":[37.7878934302156,48.586202766998376,37.7910086762152,48.58702584299836],"type":"Polygon","coordinates":[[[37.787967158215494,48.58669477499837],[37.78790150321559,48.58691820399842],[37.7878934302156,48.58702584299836],[37.7910086762152,48.5868595119982],[37.7908360002152,48.58684400799826],[37.7906982302152,48.58681856299828],[37.7904553312152,48.58676272599826],[37.790085384215296,48.5866435939982],[37.789893505215296,48.58655833399826],[37.7895986822153,48.58642733099825],[37.78908558121541,48.58624541999832],[37.78898163521539,48.58622010699828],[37.788861365215496,48.586202766998376],[37.7886514082155,48.58622145799832],[37.788441435215496,48.58627045299834],[37.7883403362155,48.58631343399837],[37.78820954421549,48.586397005998364],[37.788135154215496,48.58648249699841],[37.788061843215495,48.5865667479984],[37.787967158215494,48.58669477499837]]]},"properties":{"pub_date":"2026-10-07"}},{"type":"Feature","geometry":{"bbox":[37.1694179383026,48.41895486101743,37.17280387130221,48.421096273017554],"type":"Polygon","coordinates":[[[37.1695016783025,48.42050054101758],[37.1694179383026,48.42067276001767],[37.1694209213026,48.42077636201766],[37.1694718403025,48.420876605017604],[37.1695551203025,48.4209343460176],[37.1696245223025,48.42097021001761],[37.1696961053025,48.42099538801765],[37.1699864853025,48.42106311101767],[37.17033170830239,48.421096273017554],[37.1707907633023,48.42108059601764],[37.1709461003023,48.42105900401752],[37.1710988893024,48.421031914017604],[37.171222137302294,48.4209828270175],[37.1713262343023,48.42093905001748],[37.1714493693023,48.42086260501755],[37.1715338643023,48.42078537101757],[37.1727769043022,48.41964913001743],[37.17280387130221,48.419545204017375],[37.1727942173022,48.41948850801747],[37.172747049302195,48.41941648901746],[37.1726949343022,48.41935491401739],[37.1725747063022,48.41926485101744],[37.1723744843023,48.419167072017494],[37.1722022363022,48.41909744501751],[37.171946210302295,48.41899964001742],[37.1716827863023,48.41895486101743],[37.1714769253024,48.41897318501752],[37.17122485930239,48.41906042501743],[37.1708768753024,48.41924180101752],[37.1703664003025,48.41958934201749],[37.169979775302494,48.41993621201752],[37.16977285530249,48.42017682501754],[37.1695016783025,48.42050054101758]]]},"properties":{"pub_date":"2026-10-07"}},{"type":"Feature","geometry":{"bbox":[37.63571207418849,49.68798991404018,37.6381265471883,49.69896439004042],"type":"Polygon","coordinates":[[[37.6369240471887,49.688002456040145],[37.6368271261887,49.68798991404018],[37.6366914361887,49.68799548904011],[37.63656867118869,49.68800245604023],[37.636460981188804,49.68801360204027],[37.63635113818879,49.688041471040215],[37.63630375418881,49.68808327204026],[37.6362865241888,49.68814736804019],[37.6362735941888,49.68820771704023],[37.636284440188795,49.688635716040245],[37.6362631631887,49.688807768040256],[37.63622304718869,49.689534464040214],[37.63620298818871,49.69061151004024],[37.63614483418859,49.69237960404031],[37.6361214711886,49.69243026004035],[37.63608654018869,49.692589324040284],[37.6359077471886,49.69390711804042],[37.6358929341886,49.69404222504043],[37.63571207418849,49.69569178904046],[37.6357618111886,49.69582632604052],[37.6359155411885,49.69591991604041],[37.6361506581885,49.69599595904047],[37.6366706291884,49.69609539904037],[37.63718607818829,49.69627380404044],[37.63748449718829,49.696463908040364],[37.6376783301883,49.69681779604035],[37.6376903121882,49.69733190804038],[37.6376398861882,49.69863351404047],[37.6376299081882,49.698891083040486],[37.6376472711882,49.69894536404039],[37.6376999931882,49.69895997704043],[37.637782983188096,49.69896439004042],[37.6378839721881,49.698944071040536],[37.6379366451881,49.698928517040436],[37.6379468251882,49.6984699010404],[37.6379627321882,49.697753322040384],[37.63797071218819,49.69739381404045],[37.6379740581882,49.69724309604036],[37.6380044681882,49.69587312204032],[37.6381265471883,49.69481729304033],[37.63801351118829,49.694103647040386],[37.6375639891885,49.692310860040315],[37.6375499471884,49.69225817304026],[37.6375514221885,49.69223971404027],[37.6374323421885,49.69195814704026],[37.6373808921885,49.691790445040226],[37.63732815318849,49.69165397604026],[37.637314692188504,49.69143191804035],[37.6371262351886,49.68996457904025],[37.6370705051887,49.68907396604025],[37.6370228631887,49.688583055040176],[37.6369949871887,49.688316491040204],[37.6369934341887,49.688279824040215],[37.636990105188694,49.688245514040204],[37.63698745718871,49.68815705104021],[37.6369706961887,49.688094271040164],[37.6369495231887,49.68802178704015],[37.636923940188694,49.68800751904013],[37.63692461718869,49.68800270204014],[37.6369240471887,49.688002456040145]]]},"properties":{"pub_date":"2026-10-07"}},{"type":"Feature","geometry":{"bbox":[34.358202934508604,51.834275396207005,34.3678430515074,51.84021019320745],"type":"Polygon","coordinates":[[[34.35892312850831,51.84021019320745],[34.35892320950839,51.84021014920742],[34.35905900750829,51.840133931207426],[34.35924434850839,51.84003084120742],[34.3601653005083,51.839518586207355],[34.3608882315082,51.83912394020738],[34.36161554850809,51.83873238020727],[34.362347212508,51.83834392420721],[34.3630831935079,51.83795858820708],[34.36382345550789,51.83757639220716],[34.3645679615078,51.837197355207046],[34.3653166815077,51.836821495207104],[34.3660695715076,51.83644882720711],[34.3668266035075,51.836079373207035],[34.3675877355074,51.83571314920703],[34.3676354695074,51.835690505206934],[34.3676853905074,51.83566682520703],[34.3678430515074,51.83559203820699],[34.3678107765074,51.835604859207],[34.3677080685074,51.83563138220698],[34.3676651455075,51.83563043620702],[34.36751120950749,51.835588351207],[34.3672687215075,51.83547910320697],[34.3666967665076,51.835125678206985],[34.36636519750769,51.83483371420706],[34.3660584955077,51.83450589620707],[34.3656854795077,51.834306129207135],[34.3651632595078,51.834275396207005],[34.36436774150789,51.83443543820716],[34.363450735508,51.83494346720717],[34.3614902405082,51.8357836552072],[34.359719472508395,51.83654567320729],[34.358633685508494,51.83720061020736],[34.35831453150849,51.837349561207404],[34.358202934508604,51.83750384420743],[34.3582231725086,51.83801652720734],[34.3584255465085,51.83870426420734],[34.3587784855084,51.839585552207446],[34.3589339085084,51.8398496342074],[34.35900914850839,51.84002062520737],[34.3590126385083,51.84009516020738],[34.3589944595083,51.840138484207415],[34.35892312850831,51.84021019320745]]]},"properties":{"pub_date":"2026-10-07"}},{"type":"Feature","geometry":{"bbox":[37.6351428711881,49.70818966404083,37.6363763231879,49.70945028004077],"type":"Polygon","coordinates":[[[37.635783933188,49.70944877604078],[37.635879380188,49.70943942204082],[37.635990847188,49.70941850404081],[37.636088281187895,49.70937822004075],[37.63615465218789,49.709332096040846],[37.6362144051879,49.70926966604084],[37.6362512031879,49.7092067570408],[37.636275716187995,49.709124152040786],[37.63634082918799,49.708876226040864],[37.6363763231879,49.708552005040744],[37.636348038188,49.70843488704073],[37.636304646187995,49.70834154904077],[37.636237543188,49.70828295104078],[37.636154264188,49.70824129104078],[37.636002597188,49.70820698404072],[37.635881347188,49.708192127040874],[37.635740331188,49.70818966404083],[37.63561646518809,49.70819644104073],[37.6355094421881,49.70821450604077],[37.635400110188094,49.708250609040775],[37.6353070361881,49.70829090604077],[37.6352432301881,49.70836147604075],[37.63519167718809,49.70845158204078],[37.6351428711881,49.708678251040745],[37.6351428711881,49.70891926504083],[37.6351473081881,49.70910863204078],[37.6351828021881,49.70924635304093],[37.6352008001881,49.70928715804088],[37.635230576188,49.70932759204085],[37.6352752391881,49.70935743704077],[37.6353212981881,49.70938448404079],[37.635440818187995,49.70942169904087],[37.635561781187995,49.70944200704088],[37.63567460118799,49.70945028004077],[37.635783933188,49.70944877604078]]]},"properties":{"pub_date":"2026-10-07"}},{"type":"Feature","geometry":{"bbox":[37.59343730224419,48.496422790002676,37.5947667582441,48.49970797200287],"type":"Polygon","coordinates":[[[37.594284407244196,48.496422790002676],[37.5940130852442,48.49643277800272],[37.59387742424419,48.496862291002834],[37.59387742424419,48.49734174200275],[37.5936513222442,48.49848042000293],[37.5935608812442,48.49895985500296],[37.5935044772442,48.499232616002935],[37.5934649632442,48.499460411002914],[37.59343730224419,48.499604419002836],[37.593588625244195,48.499661041002945],[37.5935923892441,48.49966363900292],[37.5935964342442,48.49966396200295],[37.5941451832441,48.49970797200287],[37.594194966244096,48.49969984500286],[37.594218272244106,48.499679877002855],[37.5943183952441,48.499229986002895],[37.5943081842441,48.49921253900282],[37.5944049962441,48.498690173002835],[37.5944803632441,48.49812084000282],[37.5947064662441,48.4973417410028],[37.5947667582441,48.49678238200272],[37.59467631824419,48.49650269900275],[37.594284407244196,48.496422790002676]]]},"properties":{"pub_date":"2026-10-07"}},{"type":"Feature","geometry":{"bbox":[36.1897440384587,47.88519039204147,36.200379730456994,47.89070916804112],"type":"Polygon","coordinates":[[[36.1897440384587,47.88558157804147],[36.189824710458694,47.88565596504144],[36.189917042458696,47.88574110404148],[36.1899201364587,47.885743956041395],[36.1901746264586,47.88586072604143],[36.190756601458496,47.88612775804143],[36.1963516744576,47.88904708804118],[36.1990085374572,47.89034478604121],[36.1994338924571,47.89057655704121],[36.1997520374571,47.890703402041105],[36.200052985457,47.89070916804112],[36.200293745457,47.890605385041084],[36.200379730456994,47.89040935004114],[36.199270519457194,47.88982124004115],[36.1970005084575,47.88869689404123],[36.194408556457994,47.887298882041264],[36.1927921334583,47.88644015504132],[36.1911337254585,47.88562364704134],[36.19087064445849,47.88548641304143],[36.190775751458595,47.88543691304137],[36.1906991474586,47.88540009704136],[36.19059150945859,47.88534908104137],[36.1905890044586,47.88534716004135],[36.1903989024586,47.88520146304134],[36.1902503194586,47.88519039204147],[36.1900687184586,47.88521622504147],[36.1899201364587,47.88526789104143],[36.1898210814587,47.885363843041354],[36.1897605474587,47.8854856270414],[36.1897440384587,47.88558157804147]]]},"properties":{"pub_date":"2026-10-07"}},{"type":"Feature","geometry":{"bbox":[37.1203140813066,48.466547758020646,37.13985650630429,48.47518022402148],"type":"Polygon","coordinates":[[[37.13814273130449,48.466547758020646],[37.1350118223049,48.46673295402083],[37.13230928430529,48.46724072302093],[37.1302927593055,48.468003731020964],[37.12711521130589,48.46920592002117],[37.125182545306096,48.46995931902129],[37.1241008593063,48.470361682021455],[37.121646986306494,48.47127440102159],[37.1203978353066,48.47248571802174],[37.1203140813066,48.47323791102162],[37.12117682730639,48.474246545021764],[37.1224560113063,48.47485139502173],[37.1255767913058,48.47518022402148],[37.12930397330539,48.473813563021295],[37.131589111305196,48.472469539021205],[37.134943667304796,48.47069194002088],[37.13666646530459,48.47022868902084],[37.1389178423044,48.46918539102073],[37.13985650630429,48.46783829002065],[37.1396695233044,48.46701285202061],[37.13814273130449,48.466547758020646]]]},"properties":{"pub_date":"2026-10-07"}},{"type":"Feature","geometry":{"bbox":[37.6072502952427,48.492770667002034,37.6082554082426,48.493455578002134],"type":"Polygon","coordinates":[[[37.60743352324269,48.49277240000215],[37.607382616242695,48.492770667002034],[37.6073680332427,48.492774622002074],[37.6073527892427,48.49279553200217],[37.6072502952427,48.49330201100218],[37.607256667242694,48.49331979700217],[37.60726183824271,48.49332751100207],[37.60728305924269,48.493336080002095],[37.60805553724259,48.493455578002134],[37.6080945592426,48.49345422300203],[37.6081144442426,48.493448952002005],[37.6081321192426,48.49342579000212],[37.6082554082426,48.49293413300209],[37.6082474362426,48.492909571002],[37.60823707924259,48.49289721500208],[37.60820634924259,48.492884797002056],[37.6077279002427,48.49283466200203],[37.60760871324269,48.49281359800204],[37.60743352324269,48.49277240000215]]]},"properties":{"pub_date":"2026-10-07"}},{"type":"Feature","geometry":{"bbox":[35.3409936737448,51.03202908752165,35.3572853949344,51.03993767391239],"type":"Polygon","coordinates":[[[35.3542517862144,51.03895149385132],[35.3550231473058,51.03837206725859],[35.3551839298506,51.038251288434154],[35.3559743059891,51.03623598301362],[35.35687826516139,51.03393095030928],[35.3570350990322,51.03353102241594],[35.3572448518637,51.032996142179805],[35.3572853949344,51.032703337026476],[35.35723006493699,51.032526099532866],[35.35723004454509,51.03252604650723],[35.3571905724801,51.032399631584575],[35.3571712995653,51.03238451212163],[35.35688513120879,51.03216001668508],[35.356656894512,51.03210658601184],[35.3564129304352,51.03204947293585],[35.3559089591831,51.03203791163073],[35.3555242862204,51.03202908752165],[35.35067115768769,51.03228963007144],[35.34883430217759,51.03260101963458],[35.34726804427089,51.03286653659946],[35.34704050249359,51.03294023701093],[35.3457485996228,51.03335866715845],[35.3440891063046,51.033896152844584],[35.343000517636895,51.034259393519996],[35.342150529487895,51.03454301779259],[35.3417081146617,51.03495699001255],[35.3411254647524,51.035502178377165],[35.3409936737448,51.036162158100694],[35.3413147264587,51.03727702294487],[35.3413147458991,51.037277063916775],[35.3421816271187,51.03844985470693],[35.3421816624395,51.03844990442326],[35.3423594651966,51.03869044830682],[35.342414880765894,51.03876541821592],[35.3424496927231,51.03879186584217],[35.3431250979634,51.039305031417626],[35.3436789047504,51.03956066419971],[35.3442231117363,51.03981186410509],[35.3448859091053,51.039869176455554],[35.3454628867969,51.039919066745796],[35.3472088299903,51.03993767391239],[35.3524190697927,51.039262575707326],[35.353996517972995,51.038994823043325],[35.3542517862144,51.03895149385132]]]},"properties":{"pub_date":"2026-10-07"}},{"type":"Feature","geometry":{"bbox":[34.27961050051779,51.854195324210785,34.32699718351099,51.87857986720922],"type":"Polygon","coordinates":[[[34.2800454445178,51.857150598210936],[34.2797736055179,51.857654279210955],[34.27961050051779,51.85829226621096],[34.2800454445178,51.858863090210875],[34.2806434915177,51.85929959821091],[34.2839599335172,51.86070982321069],[34.2999622425148,51.86731560321001],[34.3104923465132,51.87124778720955],[34.31412750051259,51.873021906209445],[34.31527619451249,51.87367995420938],[34.3152762215125,51.87367997220937],[34.3166029675123,51.874537193209285],[34.31675024051219,51.87463235320929],[34.31760882651209,51.87507192720928],[34.318307537512,51.87545163620921],[34.31860933451189,51.87567786520928],[34.3189424915119,51.87596299120927],[34.3191672185118,51.87621793520921],[34.3192641355118,51.876351747209135],[34.3194071715118,51.876549231209154],[34.3196118425117,51.8770780362092],[34.31976233951169,51.87746686320919],[34.3199726615117,51.87817598620928],[34.3200304945116,51.87857986720922],[34.3204053525116,51.87837925720919],[34.322362515511394,51.87733184720908],[34.32361903351119,51.87692517120896],[34.3246669835111,51.87661599220903],[34.3251655035111,51.8763285982089],[34.325149376511,51.876027691208975],[34.32461456951119,51.87548652820894],[34.32452883251119,51.875326253208925],[34.3244229905112,51.87512839320895],[34.3248172765112,51.87468144820903],[34.326153781511,51.8733388712089],[34.32699718351099,51.87241167620896],[34.326682703511,51.87243463520878],[34.3260760095111,51.87243463620888],[34.3253429195112,51.87240341920902],[34.3245845515113,51.87232538120887],[34.32392729851139,51.872153699209036],[34.3211533295118,51.87079824820915],[34.320332559512,51.87049418120922],[34.32001577751199,51.87037682620916],[34.3195101995121,51.87020513320924],[34.31900462051221,51.87003344220923],[34.3183027335123,51.869827605209245],[34.3181831875123,51.86979870320922],[34.3172566945124,51.8695780092093],[34.3154187775127,51.86914020620939],[34.313305434513,51.86859013020951],[34.2963965685154,51.863695800210124],[34.2840158295173,51.85871955421069],[34.2831113635174,51.85793750721079],[34.2829103715174,51.857614754210765],[34.2828500755175,51.857291999210766],[34.282850073517494,51.85685751721079],[34.2832140035175,51.85571009321077],[34.2832861325175,51.855232776210705],[34.28332759751749,51.85480139721071],[34.2833186775175,51.8547077322107],[34.2832919165175,51.854581007210776],[34.283247314517595,51.85443775321079],[34.28319180951749,51.85433821721077],[34.2831402695176,51.85428348021071],[34.2829351015176,51.854222873210844],[34.282863739517595,51.8542063432107],[34.2825693665176,51.854195325210796],[34.2822660735177,51.854195324210785],[34.281543522517794,51.85423389121081],[34.28124023151779,51.854255931210815],[34.2811599485178,51.85426695121079],[34.2811064255178,51.85431102821083],[34.2810796655178,51.85442673521086],[34.2809677395178,51.85494002021085],[34.2800454445178,51.857150598210936]]]},"properties":{"pub_date":"2026-10-07"}},{"type":"Feature","geometry":{"bbox":[37.8731677041926,48.85749638800365,37.9042184831895,48.881379078005246],"type":"Polygon","coordinates":[[[37.9042184831895,48.85749638800365],[37.90368003418949,48.85814898600365],[37.90289496418959,48.85881636200375],[37.901887502189695,48.85961755100389],[37.9007934631898,48.860220225003914],[37.8995454901899,48.86068393800399],[37.8972045751902,48.861455234004104],[37.8948230681905,48.861835702004214],[37.8916568601909,48.862128205004424],[37.8886701121912,48.86253468900446],[37.8853619271916,48.86287374800464],[37.882345956192,48.86380919900478],[37.8789431381924,48.86516052600492],[37.8776382051925,48.866225125005016],[37.87680072219249,48.86765532700516],[37.876288795192494,48.86949785700518],[37.8764071121925,48.87044022300523],[37.8756376921925,48.871617073005304],[37.8740458581927,48.872545076005345],[37.8733199181927,48.87356838400542],[37.873215028192696,48.874548634005514],[37.8731677041926,48.875462649005556],[37.873509691192595,48.87598846700554],[37.873880188192494,48.87645761800552],[37.8745254051924,48.876812924005534],[37.87460790419241,48.87672811700553],[37.87536080419229,48.876683376005474],[37.8763157041922,48.87671167700542],[37.877506605192096,48.87683867700534],[37.879067704191804,48.876962176005364],[37.880381904191694,48.877187976005374],[37.881728404191506,48.87759017600528],[37.88257600419139,48.87791117700528],[37.88337530419119,48.87822167600526],[37.8843579041911,48.87871617600519],[37.8847325031911,48.87905777700521],[37.88500610419099,48.8795304760052],[37.88526360419089,48.88010197600518],[37.88537080419089,48.88046537600517],[37.8853816031909,48.880867576005265],[37.885134805190894,48.881379078005246],[37.8875889781907,48.878936193005124],[37.8877142061907,48.87881153700502],[37.889024772190595,48.87675641900498],[37.8896608731906,48.875153208004896],[37.8932475601903,48.871667507004595],[37.89574353118999,48.86996576300442],[37.8979014101898,48.868543635004265],[37.8987914781897,48.868038536004285],[37.899884959189606,48.86737560300417],[37.9008467001896,48.866634973004174],[37.9015002201895,48.86588993700406],[37.90193093918949,48.865248570004056],[37.9024480491894,48.864295074004005],[37.902766352189396,48.863275539003915],[37.903405137189395,48.86122963700384],[37.90353396018949,48.86081702800381],[37.90383483718949,48.859357521003815],[37.9038746401894,48.85916443200372],[37.90413904518951,48.85788177400367],[37.9042184831895,48.85749638800365]]]},"properties":{"pub_date":"2026-10-07"}},{"type":"Feature","geometry":{"bbox":[34.81039645848541,51.081621416182664,34.811904419485195,51.08239400718264],"type":"Polygon","coordinates":[[[34.81082651448529,51.08239400718264],[34.81174943948519,51.082275599182616],[34.8117903144852,51.08225848118259],[34.8118910304852,51.08215427218256],[34.811904419485195,51.08202389018254],[34.81178390948519,51.081708447182564],[34.81171034848519,51.08164683218257],[34.81155267348531,51.081621416182664],[34.81142907148529,51.08163694618256],[34.8106189674854,51.08167059318263],[34.8104783714854,51.08172106418266],[34.8104082054854,51.081802440182564],[34.81039645848541,51.08183933718269],[34.8104783714854,51.08211641918265],[34.8105988814854,51.0823014771826],[34.8106993084854,51.08236877118258],[34.81082651448529,51.08239400718264]]]},"properties":{"pub_date":"2026-10-07"}},{"type":"Feature","geometry":{"bbox":[35.375125918428594,50.72161146315027,35.4519895964192,50.742694903153755],"type":"Polygon","coordinates":[[[35.4519895964192,50.72161146315027],[35.4514714574192,50.72281771315031],[35.450524685419296,50.723810123150436],[35.4498699944193,50.72445335115051],[35.44913552641939,50.725090819150566],[35.4479254224195,50.725764009150495],[35.4460337194197,50.72656599815065],[35.43931325842049,50.728530721151],[35.42697123042199,50.73084512415156],[35.4238505124224,50.73096239315174],[35.4211284314227,50.731039542151755],[35.4163749484234,50.73096239315208],[35.411174555424004,50.730833813152216],[35.406168556424696,50.73058341215236],[35.4002862354255,50.7302166231527],[35.3920466264265,50.729513388153016],[35.3898491554268,50.729297224153036],[35.388674930427,50.72910705715316],[35.38772637942709,50.728896384153174],[35.3869442414273,50.72833809015321],[35.3863950784273,50.72796940415324],[35.38590878942739,50.72749753915323],[35.3853133984275,50.726873858153255],[35.38522917542759,50.72631713015325],[35.38433510842759,50.726852604153216],[35.384154280427694,50.72690652315341],[35.383979659427695,50.72691507515329],[35.38375021442769,50.72687545715337],[35.3835062504278,50.72680049615331],[35.383263455427794,50.72669437415343],[35.382950470427794,50.72659644715337],[35.3822922784279,50.72651506515337],[35.381822540428,50.72648819315347],[35.381434790427996,50.72648335015351],[35.3810081734281,50.7265164851534],[35.3807432434282,50.7265549921535],[35.37815899542849,50.7269306061536],[35.3766519294287,50.7273168561537],[35.3760618864287,50.72752075115362],[35.37582695342879,50.72761033215368],[35.3757472584287,50.72766862915361],[35.37571167242869,50.72771267715366],[35.3756662234288,50.72779470215366],[35.375631146428795,50.72787738315372],[35.37560368342879,50.727957577153724],[35.3755768824287,50.72801413115373],[35.3755518654287,50.72808538815371],[35.375526849428695,50.72813402415368],[35.3754875394288,50.728229035153774],[35.37544903842879,50.72833653215371],[35.37540171142879,50.728443090153746],[35.37540152142869,50.72846012115375],[35.375406834428794,50.72848015315374],[35.3754304364287,50.72852571715375],[35.3754646534288,50.728579295153764],[35.3754832464287,50.728595582153794],[35.375510762428696,50.72860570415368],[35.3756555024287,50.7286226461537],[35.3757966624287,50.72863621815376],[35.3759919444286,50.728651792153656],[35.3761182954286,50.72866562615371],[35.3762436834286,50.72870339815369],[35.3763997244286,50.72875837215374],[35.3766688024286,50.72885510315363],[35.37683321342849,50.72903665115365],[35.3768988934285,50.729126951153724],[35.3769158424285,50.72917120815367],[35.37691676942849,50.729209849153726],[35.3769134594285,50.72927969915363],[35.37690666142849,50.72933482415377],[35.37690595642851,50.72937326815368],[35.376890418428495,50.729423781153656],[35.3768678194285,50.72948279115367],[35.3766043164285,50.730175287153735],[35.37626515342849,50.730928408153744],[35.3761531824285,50.7311636291537],[35.376141084428504,50.73119640615369],[35.37612719542851,50.7312229231537],[35.37610574642849,50.731257583153706],[35.37595747542859,50.73147656615372],[35.3756895914285,50.731867216153745],[35.3755658404286,50.73206053815372],[35.3754447204285,50.73223052815379],[35.3753565144286,50.73236468415379],[35.3753012104286,50.73244353315366],[35.3752195984286,50.732560504153746],[35.375125918428594,50.73265501515384],[35.3763817724284,50.7329030301537],[35.3772839084283,50.7333641531537],[35.3780392224282,50.734200929153594],[35.37885110942799,50.73526937215367],[35.3796025694278,50.736650529153685],[35.379672764427795,50.73715434415363],[35.3799542334277,50.739174547153745],[35.37978232142759,50.741295713153704],[35.3792348544276,50.742694903153755],[35.3813255684274,50.7411615731537],[35.3840420464271,50.740234674153534],[35.3887159844265,50.73958688815331],[35.39674026542551,50.73948839015297],[35.430738573420996,50.741432841151436],[35.436450651420294,50.74129170715123],[35.44325734141939,50.74080869415102],[35.4459265194191,50.74024922515087],[35.448442353418805,50.73918504315071],[35.44958410341871,50.73839439915065],[35.45145847041859,50.73565412715058],[35.4510996964187,50.73472565515054],[35.450995535419,50.72921293615055],[35.450944766419,50.72873090915053],[35.45088808041899,50.72819267415051],[35.450980184419095,50.72591888015045],[35.4517529144192,50.7226214481503],[35.4519895964192,50.72161146315027]]]},"properties":{"pub_date":"2026-10-07"}},{"type":"Feature","geometry":{"bbox":[37.72997983816849,49.900691481042266,37.7447165211666,49.90693728704212],"type":"Polygon","coordinates":[[[37.7372401221678,49.900691481042266],[37.7362052431679,49.90105057404234],[37.7355503791679,49.90123538204226],[37.735029917168,49.90135158804228],[37.73462966516809,49.90141340704242],[37.73416533516809,49.90146077804232],[37.7336380431682,49.901499473042364],[37.7328447491683,49.90153843604242],[37.731810151168396,49.90157649104241],[37.7310399601685,49.90159364204242],[37.730593277168495,49.90164149604248],[37.7303851271686,49.90176274004249],[37.7301246241686,49.9020634160426],[37.72999762016859,49.90233730204253],[37.72997983816849,49.90254778204246],[37.7300421071686,49.902739514042594],[37.7301775131685,49.90297219904259],[37.7304286341685,49.90308855304254],[37.73080938916849,49.90322789404248],[37.7312336511684,49.9033383600425],[37.74252387216689,49.90627463804218],[37.7433561481668,49.9064622590422],[37.7441042371667,49.90671632904207],[37.7447165211666,49.90693728704212],[37.744539284166606,49.90649768604212],[37.74436414716669,49.90606330304209],[37.7441923031667,49.90563707304212],[37.7441922831667,49.90563704304206],[37.7418431081671,49.90396595904217],[37.739547998167396,49.9023332840423],[37.7388511091675,49.901837527042126],[37.7383030751676,49.90144765704219],[37.7378016501677,49.90109094604225],[37.737259559167796,49.900705310042234],[37.7372401221678,49.900691481042266]]]},"properties":{"pub_date":"2026-10-07"}},{"type":"Feature","geometry":{"bbox":[36.0760434564839,47.63170109103472,36.1647059704746,47.69775426203926],"type":"Polygon","coordinates":[[[36.08498343648329,47.68253756603843],[36.0811301214836,47.68667647603867],[36.0778458594839,47.69085519203908],[36.076515147484,47.693193838039214],[36.0760434564839,47.69508537203931],[36.0766357154837,47.696813080039455],[36.07915562648329,47.69775426203926],[36.0842018084827,47.697283139039065],[36.0906293124819,47.69454381103865],[36.0965612564813,47.69039368403812],[36.1019664854807,47.68695713303768],[36.1040173234805,47.685720210037594],[36.1105528664798,47.68206396403713],[36.12273758047839,47.67593009903629],[36.12429018647829,47.67549047503609],[36.12568975347801,47.67531471103604],[36.12641697447799,47.67535340203598],[36.12687019747789,47.67547611703599],[36.127139940477896,47.675688594036046],[36.1272770054778,47.67587154403596],[36.1273381724778,47.67607940503596],[36.1279294864778,47.67482811703591],[36.129378024477795,47.6717625440357],[36.1294798064778,47.67160722903579],[36.129586865477705,47.67145351903574],[36.1296991904777,47.6713015200357],[36.1298166954777,47.671151306035725],[36.12993931347769,47.671002948035685],[36.13008081047769,47.670841178035644],[36.1302283924777,47.670681882035666],[36.1303819654776,47.6705251720356],[36.1305414364776,47.67037115603559],[36.1307066954776,47.67021993603564],[36.1308776374776,47.67007160403563],[36.131054150477595,47.669926261035585],[36.1312361164776,47.669784001035495],[36.1314234204776,47.66964491903557],[36.1316159414776,47.66950910503552],[36.1318135504775,47.669376644035495],[36.1320161124775,47.66924761503551],[36.1320165364775,47.66924735703553],[36.1320281814775,47.66924014003543],[36.132125652477505,47.66918133003553],[36.1322235074775,47.6691221210355],[36.1322294764775,47.66911869103547],[36.1322348274775,47.66911546203551],[36.1323351334774,47.66905796903549],[36.1323351744775,47.66905794703546],[36.1324355954775,47.6690002360355],[36.1324409134775,47.668997335035456],[36.1324411654775,47.6689971970355],[36.1324461124774,47.66899436203545],[36.1325490614774,47.668938331035434],[36.1325491204774,47.668938299035396],[36.1326522394774,47.66888203903544],[36.1326562244774,47.66887997503542],[36.1326573714774,47.66887938103545],[36.1326619004774,47.66887691703554],[36.1327677224774,47.66882225803554],[36.1327678744774,47.66882217803551],[36.132873294477406,47.66876760703538],[36.1328762194774,47.668766171035465],[36.1328779554774,47.668765320035476],[36.1328820534774,47.66876320303548],[36.1329911244774,47.66870977303549],[36.1330181814774,47.668696495035505],[36.13309861747741,47.668657015035414],[36.133102790477395,47.66865507403542],[36.1331064254774,47.668653295035476],[36.1332181064773,47.6686014590354],[36.133218151477394,47.66860143703534],[36.13332806247729,47.668550334035395],[36.1333317644774,47.66854870503541],[36.1333348744773,47.66854726303542],[36.1334488714773,47.66849717903539],[36.1334873914773,47.66848023203545],[36.1335614794773,47.668447635035356],[36.1335636664773,47.66844672503538],[36.1335646504773,47.66844631703538],[36.1335672514773,47.66844517303538],[36.1335782734774,47.66844059503541],[36.1354015554772,47.6662969720352],[36.13716405647699,47.665164562035045],[36.1394796634767,47.66347522403497],[36.1434331114763,47.661010106034574],[36.146767577476,47.65861509903435],[36.1479513394759,47.65747644703425],[36.1490725234758,47.655723238034106],[36.14996964247581,47.65366073003396],[36.1514569264757,47.65109278403376],[36.15547626747539,47.6474000970334],[36.15973528647489,47.644963106033146],[36.1634082284746,47.64216393103289],[36.1647059704746,47.638110803032646],[36.160304894475296,47.63620355403282],[36.155563502476,47.63527617103289],[36.14712692647719,47.63395866903332],[36.136843230478696,47.63244537403374],[36.13422158947909,47.63234180003384],[36.1342015324791,47.63239783603385],[36.1341525434791,47.63251701603391],[36.1340976464791,47.63263502103395],[36.1340369064791,47.63275171703395],[36.1339703904791,47.6328669750339],[36.133898175479,47.6329806640339],[36.1338203394791,47.63309265403395],[36.133736971479095,47.63320282403398],[36.13356337247911,47.63341153603393],[36.133391700479095,47.633620970033924],[36.1331063084791,47.633976110033906],[36.1331062074791,47.63397623803394],[36.13310604047909,47.63397644903396],[36.13310597947909,47.63397652803395],[36.13287350447919,47.63427283003402],[36.13287348047919,47.63427286103399],[36.1328111624792,47.634353554034035],[36.1328110874792,47.634353652034044],[36.13266567947921,47.634543296034025],[36.13250215247919,47.63475976603406],[36.1324010954792,47.63489467403402],[36.13222664747919,47.63513189903408],[36.1321426194792,47.63524675903401],[36.1318899804792,47.63559985203415],[36.131851041479294,47.63569179203405],[36.1318057274792,47.63578239603406],[36.1317541344792,47.63587146103415],[36.1316963794793,47.635958792034145],[36.131632591479196,47.63604419503415],[36.1315629084792,47.63612748203419],[36.1314874894793,47.636208465034095],[36.13140649847929,47.63628697103418],[36.13132011347919,47.63636281703419],[36.13122852847929,47.6364358420342],[36.1311319454793,47.636505881034196],[36.1310305794793,47.63657278303417],[36.1309246534793,47.63663639403418],[36.1308144034793,47.63669657803418],[36.1307000724793,47.63675319903421],[36.13058191447939,47.63680613203421],[36.1304601914794,47.63685526003422],[36.1303351704794,47.63690047503426],[36.1302071324794,47.63694167503427],[36.13007635847939,47.636978770034204],[36.12994314047939,47.637011678034284],[36.1298077714795,47.637040326034246],[36.1296705504794,47.63706465003427],[36.1296338474795,47.63698667603425],[36.12960376347951,47.63690742703421],[36.12958039647949,47.63682715403423],[36.1295638224795,47.63674611703428],[36.129554096479495,47.63666458003429],[36.1295512454795,47.63658279903425],[36.1295552834795,47.63650104303432],[36.1295661944795,47.63641957203432],[36.129583943479496,47.636338648034304],[36.1296084734795,47.63625853003425],[36.129639706479495,47.63617948303435],[36.1296775414795,47.636101754034236],[36.1297218574795,47.63602559603429],[36.12994477747951,47.63569539603422],[36.1301733034795,47.635366937034135],[36.130407407479495,47.63504026703415],[36.13064705647939,47.634715425034166],[36.1308922194794,47.634392454034156],[36.1311428644794,47.63407139703404],[36.1313989594794,47.63375229903407],[36.1316604694794,47.63343519903407],[36.131927358479295,47.6331201390341],[36.1321995954793,47.632807160034076],[36.1324771414793,47.63249630603395],[36.1326930364793,47.632281410034004],[36.1246829344804,47.63196495103427],[36.1175652464814,47.63170109103472],[36.1175603054814,47.631734394034716],[36.1176542804814,47.63268433403473],[36.1178892224812,47.63363425703474],[36.1188759694811,47.63477414003466],[36.1214923894806,47.63590804503469],[36.1229373344804,47.6364224290346],[36.1243822764802,47.63739607003457],[36.1249275344801,47.63802066203459],[36.124929289479994,47.63865334903459],[36.124528623480096,47.63929554803456],[36.1270226724797,47.63917444703457],[36.1349787734786,47.63965451803413],[36.13892713747809,47.63979453703397],[36.1412130324777,47.63991455203389],[36.14225207647759,47.64019458903388],[36.1424598834775,47.64075466003381],[36.141925519477496,47.64273485703384],[36.1406192934776,47.64465497803403],[36.13960993747761,47.64597502003414],[36.1385115204778,47.646575028034285],[36.13459284347831,47.64739502703452],[36.128596080479,47.64823501403482],[36.1221361564799,47.6488953990352],[36.121589913479994,47.64895124003521],[36.1225700254797,47.65087145903519],[36.1225700514797,47.65087151203517],[36.1225700644797,47.650871541035194],[36.1226651604797,47.651075763035195],[36.1227602544797,47.65127998403521],[36.1227604704797,47.65128043603514],[36.1228588954797,47.651483881035226],[36.1229573174796,47.651687324035244],[36.12295760547969,47.651687904035256],[36.1230595104796,47.651890869035185],[36.1231614144796,47.65209382903527],[36.1231614294796,47.65209385903519],[36.12316145847959,47.652093912035205],[36.1232084384796,47.65218433503524],[36.1232558234795,47.652275538035255],[36.1232998304796,47.65236023403526],[36.1233501914795,47.65245716603528],[36.123350529479595,47.65245780003519],[36.1234093254796,47.65256744503524],[36.1234475994795,47.65263881703526],[36.12354467247949,47.65281983303519],[36.1235450084795,47.65282044903524],[36.1236449184795,47.65300109103529],[36.1237448284794,47.65318173203519],[36.1238417124795,47.65335183403529],[36.123938590479405,47.653521929035236],[36.1239386154794,47.653521969035225],[36.123938638479395,47.653522011035236],[36.12403789447941,47.653691480035306],[36.12413715147931,47.653860949035234],[36.1242387874793,47.654029800035204],[36.12434042447929,47.65419864903527],[36.1244444214793,47.65436684803521],[36.124548415479296,47.65453504203526],[36.1246547634792,47.6547025700352],[36.124761105479294,47.654870089035256],[36.1247611594792,47.65487015703528],[36.1247612064792,47.65487022103527],[36.1247617244792,47.65487088403526],[36.1247696604792,47.65488107203527],[36.12477796547919,47.65489175103523],[36.12477810047919,47.65489192403528],[36.124778152479195,47.654891992035246],[36.124778201479195,47.65489205503526],[36.1248222704792,47.65495131003525],[36.1248663354792,47.65501055803529],[36.12487466047921,47.65502224703532],[36.1249050544792,47.65506669103522],[36.124911768479194,47.65507651103524],[36.1249225594792,47.65509229003535],[36.1249488714792,47.65513076803524],[36.1249488964792,47.65513080503522],[36.1249489194792,47.6551308410352],[36.12494921047921,47.65513128803524],[36.1249567174792,47.65514276803527],[36.12496422847919,47.65515427703527],[36.1249645044792,47.655154700035254],[36.1249645464792,47.65515476403532],[36.1249951984792,47.655203753035224],[36.1250258454792,47.65525273303529],[36.125025900479194,47.655252823035234],[36.1250259294792,47.65525286703527],[36.1250259554792,47.65525291203527],[36.1250366554792,47.65527001303529],[36.12504748347919,47.65528903803526],[36.1250476074792,47.65528925003529],[36.1250673794791,47.6553239910353],[36.1250724054792,47.65533282103531],[36.1250971984792,47.65537638703529],[36.1251048364792,47.655390534035305],[36.1251104914792,47.655401004035205],[36.1251237794791,47.65542561203525],[36.1251309554791,47.65543957503526],[36.125143441479096,47.6554638770352],[36.1251631024791,47.65550214003521],[36.1251737574791,47.65552408503526],[36.1251778694791,47.655532557035286],[36.125181981479095,47.655541026035294],[36.125192633479095,47.655562967035294],[36.1252074904791,47.65559525303528],[36.125222347479095,47.655627536035304],[36.1252383844791,47.65566461303531],[36.1252544184791,47.65570168503522],[36.125265596479096,47.65572913703526],[36.12527677447909,47.65575658303536],[36.12529278847909,47.65579869803534],[36.1253087994791,47.65584080603526],[36.1253169354791,47.65586370003523],[36.1253250704791,47.65588658803526],[36.1253252484791,47.6558871030353],[36.125341202479106,47.6559320060353],[36.1253558584791,47.65598016003529],[36.12535598047909,47.65598055603526],[36.1253619624791,47.65600023203531],[36.1253679414791,47.656019904035354],[36.1253680374791,47.656020225035284],[36.125381875479,47.65606997503521],[36.1253957124791,47.65611971803533],[36.1254000764791,47.656136929035355],[36.125404440479095,47.656154134035354],[36.1254046104791,47.65615481103541],[36.12541727847909,47.656204714035276],[36.125427375479,47.65625421103529],[36.125427498479,47.656254798035306],[36.1254313724791,47.65627378803526],[36.125435243479,47.65629277003532],[36.125444003479096,47.656341526035305],[36.1254527624791,47.656390274035246],[36.1254561594791,47.656412272035354],[36.1254595574791,47.65643426603536],[36.1254653744791,47.65647870203523],[36.12547119047909,47.65652313403528],[36.12547405847909,47.656550304035314],[36.125476926479,47.6565774690353],[36.125476975479,47.65657794903528],[36.125481265478996,47.65661859603525],[36.1254833964791,47.6566561880353],[36.1254834214791,47.65665656803529],[36.125485296479,47.6566897040353],[36.125487170479,47.656722836035314],[36.125487197479,47.65672343303533],[36.125488295479,47.65675651503524],[36.12548939047899,47.65678959003525],[36.125489724478996,47.65682041803535],[36.125490056478995,47.65685123803529],[36.125490010479,47.656867280035364],[36.125489590479,47.656894786035295],[36.125489170479,47.65692228803524],[36.125487336479,47.65696741303532],[36.125485499479,47.65701253203537],[36.12548414947899,47.6570336800352],[36.125482798479,47.657054824035335],[36.125478161478995,47.65710662503533],[36.125473524479,47.65715842303528],[36.12547220547899,47.65717321403528],[36.125470311479006,47.65718688903536],[36.125470308479,47.65718691903534],[36.12547030347899,47.65718694803538],[36.125470298479,47.65718701103537],[36.125462268479,47.657245031035316],[36.125454234479,47.65730304403535],[36.125454211479,47.65730320403535],[36.125453079478994,47.65731136903528],[36.125451695479,47.657318740035315],[36.12545169047899,47.657318775035336],[36.125451685479,47.65731881003535],[36.125439591479,47.65738324603536],[36.125427498479,47.65744767603537],[36.125427464479,47.65744783503534],[36.125427240479,47.65744902703538],[36.125426980479,47.65745011503539],[36.12542695547901,47.65745023903536],[36.12541045747899,47.6575198530353],[36.125393912479005,47.65758964903534],[36.125373982479,47.65765886503534],[36.125354001478996,47.65772824103531],[36.12533065747899,47.657796980035386],[36.125307266479,47.65786586203541],[36.125280534479,47.657934048035415],[36.12525375647899,47.65800235903542],[36.125223670478995,47.6580699180354],[36.125193533479,47.658137579035355],[36.12516012147899,47.658204438035405],[36.125126665479,47.65827137603543],[36.125089962478995,47.65833745603546],[36.125053223479,47.65840359903534],[36.125013271479,47.658468830035375],[36.124973291479,47.65853410403537],[36.124930130478994,47.65859840903538],[36.12488695347899,47.65866274103543],[36.124840635479,47.658726055035366],[36.12479431047899,47.658789376035436],[36.124744883479,47.658851624035364],[36.124695463479,47.65891386003548],[36.124642980478995,47.65897497703544],[36.124590520478996,47.65903606303543],[36.12453503947899,47.65909597603544],[36.124479596479,47.65915584403541],[36.124421180479,47.65921449003543],[36.12436281947911,47.65927307503547],[36.124301530479,47.65933038603546],[36.124240314479096,47.65938762203549],[36.12417621847909,47.659443535035436],[36.1241122184791,47.65949936003549],[36.1240453864791,47.65955381303552],[36.1239786734791,47.65960816303555],[36.1239091774791,47.659661095035425],[36.123839827479095,47.65971391503547],[36.1237677454791,47.6597652680355],[36.1236958324791,47.65981649603548],[36.1236213424791,47.6598661470355],[36.1235468494791,47.65991579203554],[36.123546798479204,47.659915827035526],[36.123546242479094,47.65991618703555],[36.12354427347919,47.65991653103555],[36.12354422647909,47.65991653903556],[36.1235441784791,47.65991654703559],[36.1235440834792,47.659916563035544],[36.1235438924791,47.65991659803555],[36.12331912447921,47.65995497403551],[36.1230943524792,47.659993348035556],[36.12308894747919,47.659994245035584],[36.1228635514792,47.66003051003555],[36.1226381524793,47.66006677303558],[36.1226332234793,47.66006754203557],[36.1226317734792,47.66006776803567],[36.1224061414793,47.66010186303557],[36.1221805094793,47.66013595303561],[36.1221800204793,47.66013602403563],[36.1221779754793,47.66013632403558],[36.1221759784793,47.66013661603565],[36.1221759364793,47.66013662203558],[36.1221758934793,47.66013662803563],[36.1221758104793,47.66013664003563],[36.122175643479295,47.660136665035594],[36.1221753064793,47.66013671403573],[36.121948439479404,47.660168791035595],[36.1217215694794,47.66020086603561],[36.1217210284794,47.660200940035644],[36.121719027479394,47.660201214035666],[36.1217170414794,47.660201485035614],[36.1217170004794,47.66020149003559],[36.1217169584794,47.660201497035615],[36.1217168734794,47.66020150703564],[36.12171670147941,47.66020153103564],[36.1214888464794,47.660231546035675],[36.12126098847939,47.660261559035625],[36.12126056747941,47.660261612035654],[36.121258794479395,47.66026183703561],[36.12125703247939,47.66026206003561],[36.1212569544794,47.66026207103566],[36.1212568724794,47.660262080035636],[36.12125671247949,47.660262100035666],[36.1212563924794,47.660262140035634],[36.121028033479405,47.66029002703573],[36.1207996754795,47.660317912035694],[36.1207990684795,47.66031798103563],[36.1207973664795,47.660318181035656],[36.1207956564795,47.660318384035655],[36.1207955984795,47.660318388035634],[36.1207955434795,47.66031839503562],[36.1207954294795,47.66031840803567],[36.1207952044795,47.66031843403568],[36.1205658654795,47.6603442480357],[36.1203365234796,47.66037005603578],[36.120336115479596,47.66037010003575],[36.1203348284796,47.66037024103567],[36.1201040164796,47.6603940240358],[36.1198732004796,47.66041780503567],[36.1198693444796,47.6604181850358],[36.1196380584796,47.66043981803568],[36.1194067724797,47.66046145003584],[36.11929367747971,47.66040923103579],[36.11918057647971,47.660357005035756],[36.11918049447969,47.66035696603575],[36.1191804414797,47.66035694203577],[36.1191803904797,47.66035691703576],[36.1190693724798,47.66030283703578],[36.1189583494797,47.660248756035706],[36.1189580674798,47.660248616035716],[36.1188491534798,47.66019269803583],[36.1187402364798,47.660136777035795],[36.1187399304798,47.66013661503581],[36.1186331554798,47.660078878035776],[36.118526375479796,47.66002113503573],[36.1185260314798,47.66002094403577],[36.1184214684799,47.65996142603572],[36.118316903479894,47.6599019060358],[36.1183165374799,47.659901693035735],[36.1182142444799,47.659840430035786],[36.1181119494799,47.65977916503579],[36.1181116054799,47.65977895403577],[36.11801162847989,47.659715973035794],[36.1179116474799,47.65965298803577],[36.1179113604799,47.659652804035815],[36.11781374347989,47.65958813303574],[36.11771612148,47.6595234570358],[36.11771582347989,47.6595232550358],[36.11762066148,47.65945695603583],[36.11752549848,47.65939065403577],[36.117525284479996,47.6593905000359],[36.11743296848,47.659322866035886],[36.11734064948,47.65925522703581],[36.11733989447999,47.65925466003579],[36.11733975648,47.65925455603584],[36.11724959448,47.659185062035824],[36.11715943048,47.65911556403577],[36.117159361480105,47.65911550703588],[36.11715896248,47.65911519003576],[36.1170715944801,47.659044324035854],[36.11698422248009,47.658973453035834],[36.1169840464801,47.65897330603585],[36.1168992134801,47.658900863035804],[36.1168143784801,47.65882841803581],[36.1168141614801,47.65882822803581],[36.1167771374801,47.6587953990358],[36.1167401084801,47.65876256603586],[36.1166950574801,47.65872156003577],[36.1166500034801,47.658680549035836],[36.1166497574802,47.65868032203586],[36.11657048448009,47.658605132035845],[36.116491206480205,47.658529940035805],[36.1164909714802,47.65852971003579],[36.1164145294802,47.658453201035776],[36.1163380844802,47.65837668803584],[36.11633787748019,47.658376475035844],[36.1162872434802,47.65832340203583],[36.11623660848019,47.658270326035826],[36.116229709480194,47.658262096035834],[36.116190737480295,47.65822088903583],[36.116049257480306,47.65806264203583],[36.1159137334803,47.657902046035794],[36.11578425248031,47.65773920203587],[36.11566089648039,47.65757421703584],[36.1155437434804,47.65740719303574],[36.1154328644804,47.6572382350358],[36.11532833348039,47.6570674510358],[36.1153111354804,47.657037214035874],[36.1152302154804,47.6568949460359],[36.115138573480394,47.65672083703582],[36.11507623748051,47.656676489035796],[36.1150092514805,47.6566353320358],[36.1149379764805,47.65659758803581],[36.114862793480505,47.6565634560358],[36.1147841034805,47.6565331200358],[36.1147023294805,47.65650674203588],[36.11461790948059,47.6564844660359],[36.114531297480596,47.65646641003582],[36.1144429564806,47.65645266903585],[36.114353359480596,47.65644331803581],[36.1142629844806,47.65643840603584],[36.1141723214806,47.65643796303586],[36.1140818524806,47.656441987035855],[36.1139920624806,47.656450460035835],[36.1139034334806,47.65646333303591],[36.1138164394807,47.65648054003585],[36.1137315474807,47.65650198503592],[36.1136492144806,47.65652755903588],[36.113569876480696,47.65655711903586],[36.1134939624807,47.656590511035915],[36.11316925948069,47.65679519103598],[36.1128399074807,47.65699647203591],[36.1125059874808,47.65719430803597],[36.11216757848079,47.65738865203604],[36.111824759480896,47.657579456036004],[36.11147761448089,47.65776667703593],[36.111126225480895,47.657950271036],[36.110770674481,47.65813019103607],[36.110411047481,47.658306398036046],[36.1100474274811,47.65847884803619],[36.1096799034811,47.65864750003612],[36.10930856348109,47.65881231203619],[36.10893349248119,47.65897325003625],[36.10855478448119,47.659130275036325],[36.1081725244813,47.65928334503623],[36.1077868054813,47.65943242603632],[36.1073977204814,47.65957748503632],[36.1070053614814,47.65971848403629],[36.1066098204815,47.659855391036295],[36.1062111914815,47.65998817303634],[36.1058095694816,47.660116799036366],[36.1054050524816,47.66024124003643],[36.1049977334817,47.660361463036445],[36.1045877114817,47.66047744303652],[36.1043252644818,47.660548490036405],[36.1041750804818,47.66058914903655],[36.10375994348179,47.660696556036534],[36.1032319744819,47.660733512036494],[36.100188607482295,47.66102947403676],[36.098367555482504,47.66120656903683],[36.0982505304825,47.661551417036854],[36.098286563482496,47.6620368490369],[36.0986511304825,47.662325615036835],[36.09911509248229,47.66292438303686],[36.0993429724823,47.663523767036864],[36.099570289482195,47.664429018036934],[36.0996943824821,47.665577571037],[36.0994490734821,47.66657806603699],[36.098942363482195,47.66738609703707],[36.0988646084822,47.66745416703705],[36.0987950014821,47.66800504303705],[36.0988910374821,47.66819906103709],[36.0989401924821,47.668298369037046],[36.0990257824821,47.66934006603716],[36.09874888448199,47.67061494403713],[36.0970530774822,47.672646981037424],[36.0906395774828,47.677490909037935],[36.08498343648329,47.68253756603843]],[[36.1296577644783,47.661098867035314],[36.1301178444782,47.6610797130352],[36.1304475204781,47.66108804303533],[36.130961573478,47.66118974403522],[36.131601801478,47.661297360035185],[36.132642981477794,47.66162809403515],[36.1336451934777,47.66216970303516],[36.13445661047749,47.66257584403508],[36.134667496477405,47.66277788703514],[36.13482828147739,47.66302451303512],[36.1348965544774,47.663310022035105],[36.1349204154774,47.663534744035154],[36.1348975544773,47.66383187403518],[36.1348232664774,47.663988383035125],[36.1345539764774,47.6643510490351],[36.1340803764774,47.664719652035224],[36.1335511074775,47.6650232290352],[36.1334934244775,47.66506432903527],[36.1326137744776,47.66569107603535],[36.1319539664776,47.66618425803535],[36.13146336147769,47.66643822003545],[36.1309345604777,47.66661076103542],[36.130412504477896,47.666668124035404],[36.130103141477896,47.66668286203544],[36.1296741354779,47.66670329903543],[36.129145696478,47.66664630403556],[36.12858019147809,47.66653748903557],[36.12804086747819,47.66632650303568],[36.127619695478195,47.66599427703554],[36.127339784478295,47.665604702035616],[36.1272420814783,47.66512598003557],[36.12722598447839,47.664787762035566],[36.1273232894784,47.66434386003551],[36.1276513624784,47.66349116703548],[36.12821406047839,47.6623565850354],[36.1285767004784,47.661741283035425],[36.12877928647839,47.66149084503534],[36.12923919347829,47.66119758603532],[36.1296577644783,47.661098867035314]]]},"properties":{"pub_date":"2026-10-07"}},{"type":"Feature","geometry":{"bbox":[37.68161382023099,48.54320886700095,37.6837100182307,48.544355751001085],"type":"Polygon","coordinates":[[[37.6828201232309,48.54329265800094],[37.6826737852308,48.5432193410009],[37.682586773230895,48.54320886700095],[37.6823929732309,48.543295277000965],[37.6822110392309,48.543373831001],[37.68196186823089,48.543517847001034],[37.6817878452309,48.54368281000094],[37.68161382023099,48.543850392001005],[37.6816296412309,48.54396298600104],[37.6816810582309,48.544028447001075],[37.681752249231,48.544086053000946],[37.68188276823089,48.544146277001005],[37.6820923862309,48.54421959300107],[37.682266410230895,48.54427981700105],[37.68247207523079,48.544347896001014],[37.6825630432308,48.544355751001085],[37.682721245230795,48.54432694900095],[37.6829506412308,48.54420650100101],[37.6836140482307,48.5439265400009],[37.6836744222307,48.54387657700089],[37.6837100182307,48.543832063001034],[37.6836788792307,48.54374444400099],[37.6828201232309,48.54329265800094]]]},"properties":{"pub_date":"2026-10-07"}},{"type":"Feature","geometry":{"bbox":[37.144523103228394,50.20334393307182,37.146041227228196,50.203731742071945],"type":"Polygon","coordinates":[[[37.14516918322829,50.20373162907196],[37.1459759952282,50.20367247407195],[37.1460128282282,50.20366425607195],[37.1460309212282,50.20365079307193],[37.146041227228196,50.20362111107191],[37.1459161292282,50.203373050071846],[37.1458888512282,50.2033496260719],[37.1458424372283,50.20334393307182],[37.14457722222839,50.20339911107192],[37.1445377852284,50.20341705907196],[37.144523103228394,50.20344240207197],[37.1445403232284,50.20367525007194],[37.1445570442284,50.20369259207196],[37.1445966362283,50.20370387807193],[37.1450825592283,50.203731622071935],[37.14513594222829,50.203731742071945],[37.14516918322829,50.20373162907196]]]},"properties":{"pub_date":"2026-10-07"}},{"type":"Feature","geometry":{"bbox":[36.7380309903788,47.99846761402012,36.7439720043782,48.00819106402067],"type":"Polygon","coordinates":[[[36.7405136033787,47.999711366020186],[36.7405136023787,48.00027096602024],[36.7405843523787,48.00047908402024],[36.7406968023787,48.00080986602023],[36.74073380237859,48.0014446670202],[36.7410048023785,48.00180736702032],[36.74117730337849,48.002392666020306],[36.7409556033785,48.002607066020374],[36.7408077033785,48.00291206602037],[36.740733803378596,48.003282966020386],[36.7406229013785,48.00375286602047],[36.7403395023785,48.004123866020436],[36.73989600337859,48.0043381660204],[36.739489402378595,48.00471736602045],[36.7384803023787,48.005276166020565],[36.7380309903788,48.00559772702055],[36.7381412203788,48.00575982702063],[36.7389038333786,48.006530376020535],[36.7392636223785,48.00819106402067],[36.7421657373783,48.004478507020295],[36.7438678293782,48.00253379102027],[36.7439720043782,48.00228608202017],[36.7439535923781,48.00224382102014],[36.743893096378095,48.00210496002011],[36.7438786703781,48.0020718470202],[36.7420518893785,47.99981132802022],[36.7409660393787,47.99846761402012],[36.7404962013788,47.99916336602019],[36.7404985193787,47.999236330020246],[36.7405136033787,47.999711366020186]]]},"properties":{"pub_date":"2026-10-07"}},{"type":"Feature","geometry":{"bbox":[36.2261748353381,50.32813557911091,36.2303736163376,50.32979296111107],"type":"Polygon","coordinates":[[[36.226721737337996,50.32978318411102],[36.2303044233376,50.3288902771109],[36.2303563583376,50.32884890311088],[36.2303702593375,50.32881340411089],[36.2303736163376,50.328770162110914],[36.23008386133759,50.328179539110955],[36.2300313933376,50.32814334411092],[36.2299653573376,50.32813557911091],[36.22983561133769,50.3281453651109],[36.226266326338,50.32908065811123],[36.22620198833799,50.32912950211111],[36.2261748353381,50.329158969111106],[36.2261825973381,50.329228690111094],[36.226494055338,50.32973952011108],[36.22655062933799,50.329780758111134],[36.226595812338,50.32979296111107],[36.226721737337996,50.32978318411102]]]},"properties":{"pub_date":"2026-10-07"}},{"type":"Feature","geometry":{"bbox":[37.4526633181829,50.39024903206447,37.46601040118129,50.39380255806404],"type":"Polygon","coordinates":[[[37.4656843691812,50.3934223380641],[37.46588024418119,50.39380255806404],[37.46601040118129,50.39154768106416],[37.4654869861813,50.39147617406409],[37.4636550341816,50.39111863906421],[37.4615613731819,50.39088028206423],[37.45894429918219,50.39064192306435],[37.4558411961826,50.39033205506445],[37.4538344331828,50.39024903206447],[37.4530371861829,50.39054658006459],[37.4526633181829,50.39111864006452],[37.4528312571829,50.39142645906459],[37.4529624131828,50.391666856064575],[37.45380261418269,50.391928747064505],[37.4547943661826,50.391976717064516],[37.4560655161824,50.39209589306445],[37.4572245081823,50.39219123306436],[37.4584956581822,50.39231041006428],[37.46063678918189,50.392358711064304],[37.4620474021817,50.39240575006426],[37.463580260181494,50.39252492406418],[37.4647392521813,50.39285861406413],[37.4656843691812,50.3934223380641]]]},"properties":{"pub_date":"2026-10-07"}},{"type":"Feature","geometry":{"bbox":[37.751603926161,49.97813285704131,37.82958918215309,50.0303243120447],"type":"Polygon","coordinates":[[[37.7626653471595,50.03020291804468],[37.7726632181584,50.02820969604428],[37.772766456158294,50.02818642804426],[37.7728672221584,50.028159050044266],[37.7729651191583,50.02812766904424],[37.7730597621583,50.028092408044266],[37.7731507821583,50.02805341004419],[37.7732378181583,50.02801082204424],[37.7733205271583,50.0279648140442],[37.77339858915829,50.0279155690442],[37.7734716941582,50.02786327704418],[37.77349520915819,50.02784496804417],[37.7735017991582,50.027839691044186],[37.7735918081583,50.027767114044245],[37.7736794051583,50.02769332904417],[37.7736797481583,50.027693050044086],[37.7736799191582,50.027692910044145],[37.7736800041582,50.02769284004416],[37.7736800481582,50.02769280504423],[37.7736800901582,50.027692771044244],[37.774043843158196,50.02739537204415],[37.77440759815819,50.02709797304417],[37.7744082241582,50.0270974600442],[37.774408539158195,50.02709720604417],[37.7744086971582,50.02709707904415],[37.77440877615819,50.02709701404417],[37.7744088141582,50.02709698204412],[37.7744088541582,50.02709695004409],[37.7747750571582,50.02680082004416],[37.775141272158095,50.02650467804404],[37.7751419931581,50.02650409604418],[37.7751423551581,50.026503807044165],[37.7751425361581,50.026503662044156],[37.7751426261581,50.02650358904411],[37.7751426731581,50.02650355204416],[37.7751427171581,50.02650351604412],[37.775511368158,50.02620865504406],[37.7758800241581,50.02591378504412],[37.77588069115811,50.025913253044045],[37.7758810251581,50.02591298904409],[37.775881192158,50.02591285604405],[37.775881275158,50.02591279104408],[37.775881317158,50.0259127570441],[37.775881360158,50.02591272304409],[37.77625252115799,50.02561908104401],[37.776623689157994,50.025325431044045],[37.776624296158,50.025324951044034],[37.77662460115799,50.02532471204403],[37.776624754158,50.02532459304403],[37.776624830158006,50.02532453304405],[37.776624869158006,50.02532450404405],[37.776624906158,50.02532447304401],[37.7769984691579,50.02503213604395],[37.7773720341579,50.02473979404398],[37.777372787157894,50.02473920304401],[37.777373168157894,50.02473891104395],[37.7773733561579,50.02473876404396],[37.7773734501579,50.024738690043975],[37.77737349715791,50.024738654043986],[37.777373544157896,50.02473861804398],[37.777749508157896,50.024447585044015],[37.77812547315779,50.024156550043955],[37.778126146157796,50.024156030043976],[37.778126484157795,50.02415577304398],[37.7781266521578,50.024155643043954],[37.77812673715779,50.024155578043974],[37.7781267791578,50.02415554604393],[37.7781268211579,50.02415551304394],[37.7785052591578,50.023865729044026],[37.77888369315781,50.02357594504386],[37.7788843471578,50.0235754460439],[37.7788846761578,50.02357519704391],[37.778884839157804,50.023575073043915],[37.77888492115779,50.023575011043896],[37.77888496315779,50.0235749800439],[37.77888500215779,50.02357494904392],[37.77926578515779,50.02328651304395],[37.7796465601577,50.02299808104387],[37.7796473701577,50.022997468043826],[37.779647776157695,50.022997164043865],[37.7796479801577,50.02299701104388],[37.779648081157696,50.02299693504387],[37.7796481311577,50.02299689704384],[37.7796481831577,50.02299685904386],[37.780031325157694,50.0227097580439],[37.7804144601576,50.0224226640438],[37.780415193157594,50.022422114043806],[37.7804155621576,50.02242184104381],[37.7804157461576,50.02242170404381],[37.7804158371576,50.02242163604377],[37.7804158831576,50.02242160204376],[37.7804159301577,50.02242156704375],[37.780801430157595,50.022135803043824],[37.781186920157594,50.02185004704378],[37.781187794157596,50.02184939804386],[37.7811882351576,50.02184907704376],[37.7811884531575,50.02184891604375],[37.7811885641576,50.02184883504373],[37.7811886191575,50.02184879504374],[37.7811886731575,50.02184875504377],[37.7815765411575,50.021564321043776],[37.7819643951575,50.02127989504379],[37.7819647731575,50.02127961904374],[37.7819649631575,50.02127947904367],[37.7819650571575,50.02127941104366],[37.7819651041575,50.02127937604367],[37.7819651511575,50.02127934004382],[37.7822369411575,50.02109082504374],[37.78250442515739,50.02089978604373],[37.7827675481574,50.02070626204365],[37.783026255157395,50.02051029204358],[37.783280488157395,50.020311922043675],[37.7835301981574,50.0201111930436],[37.78377532815729,50.01990814504361],[37.7840158281573,50.019702825043595],[37.784251648157294,50.01949527204362],[37.7844827351572,50.01928553304361],[37.7853557821572,50.018428767043495],[37.7862259101571,50.01754987704347],[37.78710116515699,50.01667307704343],[37.787981537157,50.01579837504339],[37.78886701015689,50.014925788043286],[37.7897575731568,50.014055327043245],[37.790653213156695,50.013187003043264],[37.7915539191566,50.012320831043155],[37.792459676156604,50.01145682104306],[37.793371356156506,50.01075433104304],[37.7942882551564,50.01005464304293],[37.7952103501564,50.009357770042946],[37.7961376221563,50.008663729042986],[37.79707004715619,50.007972537042804],[37.7980076071561,50.00728421004285],[37.798950278156,50.00659876204272],[37.7998980381559,50.005916210042685],[37.80085086915581,50.005236569042594],[37.8018087451557,50.0045598560426],[37.8027716471556,50.00388608604256],[37.80373955215549,50.0032152760425],[37.8047124381554,50.00254743604242],[37.80569028015529,50.001882588042406],[37.8066730611553,50.001220745042254],[37.80766075515519,50.000561919042326],[37.8086533391551,49.99990613004223],[37.8096507921549,49.9992533920422],[37.8106530921549,49.99860371804211],[37.811660211154795,49.99795712404206],[37.8126721321547,49.99731362704194],[37.81368883015459,49.99667323904188],[37.8147102801545,49.996035975041835],[37.8150509491545,49.99568588404186],[37.81539737715449,49.99533813304187],[37.8157495281544,49.99499276204177],[37.8157682781544,49.99497479104175],[37.8157706161544,49.99497249904192],[37.8158036361544,49.994940903041766],[37.816107361154394,49.99464981204178],[37.81613004615439,49.99462856204177],[37.81613590815439,49.994622950041745],[37.8161983631544,49.994564563041806],[37.8164708361544,49.994309319041825],[37.8164975721544,49.99428484104178],[37.8165070661543,49.99427596304179],[37.8165962171543,49.99419452104174],[37.8168463221543,49.99396552004178],[37.8168738421543,49.99394089204181],[37.8168840421543,49.993931575041856],[37.8169773451543,49.99384826504168],[37.81722756015429,49.99362434604175],[37.8172558291543,49.99359961604169],[37.817266791154296,49.99358982704174],[37.8173630341543,49.993505830041734],[37.81761450615421,49.99328583404175],[37.817644133154296,49.99326049104169],[37.8176552791543,49.993250765041715],[37.8177514571542,49.993168696041685],[37.8180071151542,49.99295002504165],[37.81803764315419,49.99292449104166],[37.8180494481542,49.992914418041664],[37.8181486821542,49.992831620041706],[37.81840533815419,49.99261695904167],[37.8184368351542,49.992591197041705],[37.818449256154196,49.99258083204168],[37.81855143715419,49.992497457041644],[37.8188091351541,49.992286673041704],[37.81884140815409,49.99226085404159],[37.81885465915419,49.99225004204166],[37.818959934154094,49.99216603104167],[37.8192184531541,49.991959208041685],[37.819252006154095,49.99193295004171],[37.8192656051541,49.991922098041606],[37.81937097315409,49.99183984904157],[37.8196332471541,49.99163460104159],[37.81966810415399,49.9916079150416],[37.81968205015409,49.99159702904161],[37.81978892715409,49.99151541504157],[37.820053468154,49.991312889041644],[37.82008891215399,49.9912863400415],[37.820103939154,49.991274864041564],[37.82021572515399,49.99119135804152],[37.82047906615401,49.990994111041545],[37.820515514154,49.99096740104156],[37.820531229154,49.990955660041514],[37.820645039153995,49.99087247804153],[37.82090999515389,49.99067830404159],[37.8209476101539,49.990651330041565],[37.8209638681539,49.990639448041605],[37.82107906615389,49.99055706304153],[37.8213462011539,49.990365503041495],[37.82138492815389,49.990338328041496],[37.82140180715389,49.99032625804146],[37.8215185721539,49.99024455004147],[37.8217876341539,49.99005574704139],[37.8218275691539,49.9900283250415],[37.8218449891539,49.99001613604153],[37.8219639091538,49.98993470304148],[37.8222342431538,49.989749071041466],[37.8222748221538,49.989721802041416],[37.82229336415379,49.98970910604143],[37.8224160551538,49.98962689704143],[37.8226859771538,49.989445511041495],[37.8227279041538,49.98941793904141],[37.822746890153695,49.98940521704145],[37.822869764153694,49.98932464804147],[37.8231427811538,49.989145104041384],[37.8231860031537,49.98911728604138],[37.823205500153705,49.98910450204147],[37.82332927215369,49.98902508004149],[37.8236046041537,49.988847882041405],[37.8236490511537,49.98881988704143],[37.8236691441537,49.98880699304142],[37.82379445015369,49.988728310041395],[37.8240713901536,49.988553882041295],[37.8241168561536,49.988525857041346],[37.824137771153595,49.9885127230413],[37.8242649151536,49.9884345970413],[37.8245430861536,49.98826313604132],[37.82458997515359,49.988234853041284],[37.8246113261536,49.988221735041385],[37.8247393971536,49.988144722041326],[37.82501963815349,49.98797568004127],[37.82506739815359,49.987947489041375],[37.825089746153594,49.987934051041286],[37.8252200911536,49.98785735704121],[37.8255009891535,49.98769154804129],[37.82555313115349,49.98766140004122],[37.8255729871535,49.98764971704127],[37.825655617153494,49.987602144041276],[37.82594196415349,49.98743657904124],[37.8260212971535,49.98739160404126],[37.8260609811535,49.987368755041274],[37.8261586101534,49.98731376104119],[37.826386802153394,49.98718439804132],[37.8264960531534,49.98712367504124],[37.8265536821534,49.98709121204119],[37.8266464871534,49.98704006304121],[37.826835463153394,49.98693502904119],[37.8269763841533,49.986858244041194],[37.8270510241533,49.98681710604117],[37.8271328411533,49.98677299204115],[37.8272879041534,49.98668849904124],[37.8274636961533,49.98659459904112],[37.82755295015329,49.98654647504118],[37.8276198031533,49.986511213041204],[37.8277440791533,49.98644482904117],[37.827961209153194,49.986331141041205],[37.8280594011532,49.986279352041166],[37.8281084691532,49.98625403704111],[37.8282039471532,49.9862040460411],[37.8284760141532,49.98606442004107],[37.8285703201532,49.98601576704124],[37.8285997811532,49.9860009020411],[37.828667461153195,49.985966169041106],[37.8290354251531,49.98578109404108],[37.8290856451531,49.98575575404111],[37.8290939991532,49.98575163104107],[37.8291345781531,49.98573122204114],[37.82958918215309,49.985507150041066],[37.8256994771537,49.982438086041206],[37.825699429153694,49.98243801104117],[37.8256994031537,49.982437972041126],[37.8253453601537,49.98191544304116],[37.8253453411538,49.98191540504114],[37.8253453241538,49.98191536704109],[37.82494870815379,49.980807211041174],[37.824948672153894,49.980807185041115],[37.8249486581538,49.98080715104117],[37.8246117771539,49.980547976041166],[37.823922478154,49.9803789800411],[37.8210727231544,49.980082693041254],[37.82018660315439,49.97988774104131],[37.8189869991547,49.979356208041295],[37.817899600154796,49.9786623740414],[37.8173472971549,49.97814915304132],[37.8173472941549,49.97814911404137],[37.8173449671549,49.97813285704131],[37.8171955431549,49.9784234250413],[37.817043849154906,49.978718411041335],[37.81688886215489,49.979012634041354],[37.8167338521549,49.979306900041344],[37.816575556154895,49.97960039304143],[37.8164172391549,49.97989392304142],[37.8162556421549,49.98018667004149],[37.81609402415489,49.980479450041436],[37.815929134155,49.98077143604147],[37.815764226155,49.981063451041486],[37.8155960531549,49.98135465904151],[37.81542786215499,49.98164589204148],[37.815256414155,49.9819363080415],[37.81508494915499,49.98222674604152],[37.814910233155,49.98251635504157],[37.814735505155,49.98280598104155],[37.814557530155,49.983094767041486],[37.814379547155,49.98338356704159],[37.814198326154994,49.983671515041564],[37.81401709715501,49.983959473041644],[37.8138326361551,49.98424657004162],[37.8136481721551,49.98453367104159],[37.813460481155104,49.98481989904173],[37.8132727901551,49.98510613004166],[37.81308188115509,49.98539147404164],[37.812890972155095,49.985676818041696],[37.81269685415509,49.98596126604177],[37.8125027381551,49.98624571004169],[37.8123054221552,49.986529244041705],[37.8121081091552,49.986812768041716],[37.8119076051552,49.98709537704176],[37.8117071061552,49.987377972041706],[37.8115034231552,49.98765963704178],[37.81129974815529,49.987941286041774],[37.8110928971552,49.98822199504186],[37.810886057155294,49.98850268304184],[37.8106760501553,49.98878242104177],[37.8104660571553,49.98906213404182],[37.8102529031553,49.989340884041845],[37.810039767155295,49.989619607041874],[37.8098234781553,49.98989735604189],[37.80960721015529,49.99017507604193],[37.809387798155406,49.9904518090419],[37.8091684101554,49.990728509042015],[37.8089458861554,49.991004213041954],[37.80872339015539,49.99127988104199],[37.80849776415539,49.99155454004202],[37.8082721711555,49.991829160041966],[37.80804345715549,49.99210276104204],[37.8078147781555,49.99237631604204],[37.80758300815549,49.992648823042096],[37.8073512351555,49.99292132504206],[37.8045332331558,49.99379093004214],[37.8014616331561,49.994778242042315],[37.7959839471568,49.99556807604254],[37.79163251415729,49.99622626104271],[37.78697392115781,49.996818619042806],[37.7830320351583,49.99678571104305],[37.7792949221587,49.9970160720432],[37.7750458751593,49.997312247043375],[37.7720254681596,49.997772960043484],[37.7713087631597,49.99876018804357],[37.77163961415959,50.000076460043566],[37.77335649515929,50.000504244043505],[37.7770424151589,50.000701680043456],[37.7814962351584,50.00050424304319],[37.7860012481579,50.00004355604294],[37.7895335881574,49.99954995604285],[37.79408979315689,49.999089259042734],[37.7971613941565,49.99905635304263],[37.7996698671562,49.9990892600425],[37.801305277156,49.99929589604248],[37.801123268156,49.999469322042444],[37.800941257156,49.99964274604249],[37.8007579321561,49.99981559804256],[37.8005746061561,49.99998844904245],[37.8000851301561,50.00035391404258],[37.7995956421562,50.00071938204255],[37.7991038301562,50.00108354304255],[37.7986120061562,50.0014477060426],[37.79811786515629,50.00181055804264],[37.7976237161563,50.00217341104271],[37.79712725415641,50.0025349480427],[37.79663078615639,50.00289648504267],[37.79613201415639,50.00325670104278],[37.7956332361565,50.00361691604277],[37.795132159156594,50.003975804042774],[37.794631081156595,50.00433469004292],[37.79412770815661,50.00469224604284],[37.79362433615669,50.00504979704297],[37.7931186781567,50.00540601504295],[37.79261302215679,50.00576222504296],[37.792105086156894,50.006117097042996],[37.79159715515689,50.006471960042994],[37.7910869501569,50.00682548104303],[37.790576752157,50.00717899104312],[37.790064285157,50.0075311560431],[37.78955182815711,50.00788330804321],[37.7890371101571,50.00823410904309],[37.7885224031572,50.00858489804318],[37.7880054481572,50.008934325043114],[37.787488494157294,50.00928374804327],[37.7874884531573,50.00928377704327],[37.7874884111573,50.00928380404324],[37.787488326157295,50.00928386004323],[37.7874881581573,50.00928396904325],[37.7874878211573,50.00928418904323],[37.7867443371573,50.009771913043195],[37.7867442581574,50.00977196804329],[37.7867441761573,50.009772021043304],[37.7867440131574,50.00977212804327],[37.786743687157404,50.00977234104323],[37.786743038157404,50.00977277204326],[37.7860045991574,50.01026360604326],[37.78600455715749,50.01026363604328],[37.786004513157394,50.01026366404341],[37.7860044261574,50.010263724043256],[37.7860042521574,50.01026384004328],[37.786003902157496,50.010264070043306],[37.7860032071574,50.01026453704327],[37.78526982715749,50.010758473043296],[37.785269746157496,50.01075852904334],[37.78526966315749,50.01075858404345],[37.7852694991575,50.01075869604331],[37.78526917015749,50.010758916043336],[37.7852682781575,50.010759521043276],[37.7852681961575,50.010759577043316],[37.78526811515749,50.01075963204344],[37.78526795215749,50.01075974404335],[37.7852676261575,50.01075996704326],[37.7845391311576,50.011257130043326],[37.784539050157605,50.01125718604335],[37.7845389691576,50.01125724104346],[37.784538806157606,50.01125735104336],[37.7845384811576,50.011257574043334],[37.7845382111576,50.01125776004345],[37.7845381311576,50.01125781504334],[37.7845380491576,50.01125787104338],[37.784537888157594,50.011257984043326],[37.7845375641576,50.01125820604337],[37.7838142941576,50.0117583610435],[37.7838142141576,50.01175841804338],[37.78381413315759,50.011758472043375],[37.7838139731577,50.01175858404347],[37.7838136521576,50.01175880604336],[37.78381342215761,50.01175896604347],[37.7838133431576,50.011759022043464],[37.7838132631576,50.01175907804337],[37.78381310315759,50.01175918904349],[37.78381278415759,50.011759413043386],[37.7830947131577,50.012262576043504],[37.783094632157706,50.0122626310434],[37.78309455415771,50.012262687043545],[37.7830943941577,50.01226279904344],[37.7830940751577,50.0122630210435],[37.78309368815769,50.012263295043475],[37.7830936091577,50.012263352043405],[37.78309353015769,50.0122634080435],[37.7830933721577,50.01226352004349],[37.7830930551577,50.0122637440434],[37.782380257157804,50.012769861043516],[37.782380179157805,50.01276991704354],[37.7823801001578,50.012769973043554],[37.7823799431578,50.012770084043424],[37.7823796271578,50.012770308043535],[37.7823791961577,50.01277061504355],[37.782379119157795,50.01277067104343],[37.7823790391578,50.01277072804353],[37.7823788831578,50.012770841043526],[37.782378570157796,50.012771065043424],[37.781671149157795,50.01328005704354],[37.7816710711579,50.01328011404355],[37.7816709931578,50.01328017104355],[37.78167083915779,50.01328028104343],[37.7816705271578,50.013280505043554],[37.7816697881578,50.01328103904355],[37.781669711157896,50.01328109704353],[37.7816696331578,50.013281155043536],[37.7816694791578,50.01328126604354],[37.7816691691579,50.013281492043554],[37.780967264157894,50.01379325804363],[37.7809671861579,50.01379331504357],[37.78096710915789,50.013793371043604],[37.7809669541579,50.01379348204359],[37.780966647157896,50.01379370704361],[37.7809656581579,50.0137944330436],[37.7809655821579,50.01379449004358],[37.7809655051579,50.01379454704359],[37.780965353157896,50.0137946600436],[37.7809650471579,50.01379488604359],[37.780268574157994,50.01430948004364],[37.780268497158,50.01430953604361],[37.78026842115789,50.01430959304361],[37.780268269158,50.01430970704367],[37.78026796415799,50.01430993004358],[37.780266884158,50.01431073404365],[37.780266809158,50.01431079104364],[37.78026673315801,50.01431084904362],[37.780266581157996,50.01431096204363],[37.780266279158006,50.01431118804365],[37.77957533715799,50.014828534043644],[37.779575261158,50.01482859204364],[37.77957518715801,50.01482864804365],[37.779575035158,50.01482876104368],[37.77957473315809,50.014828985043636],[37.779573274158004,50.01483008404363],[37.779573201158094,50.01483014304359],[37.779573126158105,50.014830198043676],[37.7795729761581,50.01483031104365],[37.779572677157994,50.01483053904364],[37.7788872791581,50.0153506260437],[37.778887204158096,50.01535068104366],[37.77888712815809,50.01535073904368],[37.7788869801581,50.01535085204368],[37.77888668115809,50.01535107704364],[37.7788851641581,50.01535223704373],[37.7788850901581,50.0153522960437],[37.7788850161581,50.015352351043674],[37.7788848681581,50.01535246604371],[37.7788845721581,50.01535269204371],[37.7782046611581,50.015875555043706],[37.77820458715819,50.01587561204376],[37.77820451415819,50.01587566804373],[37.7782043671582,50.01587578204369],[37.778204072158196,50.01587600804373],[37.77820234915809,50.015877342043716],[37.7782022761582,50.01587740004371],[37.778202203158195,50.01587745804368],[37.7782020571582,50.01587757104383],[37.77820176415809,50.015877798043746],[37.7775274781582,50.01640332504373],[37.7775274061582,50.01640338404377],[37.777527333158204,50.01640344004374],[37.777527186158196,50.016403553043745],[37.7775268951582,50.01640377904376],[37.7775258931582,50.016404566043754],[37.7772803321582,50.01657057604382],[37.7770310971583,50.016734310043745],[37.776870402158295,50.01683689504374],[37.776778674158294,50.01689545304393],[37.77677823615829,50.016895732043885],[37.77652220215829,50.0170545620438],[37.776521801158296,50.01705481004385],[37.77626184615839,50.01721150904388],[37.7759498391584,50.01739377304382],[37.77594970415839,50.01739385204377],[37.7756331181584,50.01757258504385],[37.7756327941584,50.0175727670439],[37.7753115991584,50.01774798904393],[37.7753112061584,50.017748202043904],[37.7751481321584,50.01783415304393],[37.77498503815849,50.01792010904383],[37.77481971115851,50.01800427204386],[37.7746543781585,50.01808843504391],[37.774486848158496,50.01817078704389],[37.77431932415849,50.01825313404393],[37.774149647158595,50.018333647043924],[37.7739799701586,50.01841415904395],[37.7738090101586,50.018492443044],[37.773637944158594,50.01857077304399],[37.77346494415869,50.01864719504392],[37.7732918511587,50.018723657043914],[37.7731168621587,50.01879819304399],[37.7729417921587,50.01887276204402],[37.772764862158695,50.01894539204401],[37.77258786315879,50.01901805004404],[37.772409045158696,50.019088753044066],[37.7722301681587,50.019159475043985],[37.7720495111588,50.0192282300441],[37.77186880815879,50.01929700304411],[37.7716863641588,50.01936379104403],[37.77150388515879,50.019430588044095],[37.7713197051589,50.019495390044085],[37.771135505158796,50.01956019704406],[37.7709496431589,50.01962299304409],[37.7707637721589,50.01968579004405],[37.770576279159,50.019746565044144],[37.770388792159,50.019807333044135],[37.77019972215899,50.019866065044155],[37.770010670159,50.01992479004412],[37.769820078159,50.01998146504413],[37.76962951915899,50.020038129044195],[37.7694374571591,50.02009273104421],[37.7692454411591,50.02014731704418],[37.76905196715909,50.02019982904424],[37.7688585511591,50.02025232304411],[37.76866371715909,50.02030273104417],[37.76846895615919,50.02035311804419],[37.76827281815919,50.0204014060442],[37.76807676915921,50.02044967104417],[37.76787938215929,50.020495827044236],[37.76768210015929,50.02054195604419],[37.7674835821593,50.02058595104423],[37.7672850631593,50.02062994704424],[37.7672849981593,50.02062995904426],[37.7672849331593,50.02062997204426],[37.76728480115929,50.02062999704423],[37.7672845391593,50.02063004604426],[37.766774473159394,50.02072754504427],[37.766774403159395,50.02072755904425],[37.7667743341594,50.020727573044304],[37.7667741921593,50.02072759904427],[37.76677391115929,50.02072765304427],[37.7667733511594,50.02072776404428],[37.766265292159396,50.02082948404433],[37.76626522515941,50.02082949604427],[37.7662651601594,50.02082951004428],[37.7662650291594,50.020829536044275],[37.7662647661595,50.02082958804427],[37.76626424315939,50.020829697044306],[37.765758256159494,50.02093562304428],[37.7657581881595,50.020935638044335],[37.76575811915949,50.02093565304429],[37.7657579841595,50.02093568104427],[37.765757711159495,50.020935738044315],[37.7657571681595,50.020935855044314],[37.7652533301596,50.021045972044334],[37.7652532681595,50.021045986044264],[37.7652532051595,50.02104600004436],[37.7652530801595,50.021046028044346],[37.7652528301596,50.02104608204436],[37.765252331159594,50.02104619504438],[37.7647507701596,50.02116047604441],[37.7647506991596,50.02116049104438],[37.76475062915959,50.021160508044304],[37.7647504881596,50.0211605400444],[37.76475020715961,50.02116060204438],[37.7647496471596,50.02116073504437],[37.764250415159594,50.021279168044444],[37.7642503541597,50.0212791810444],[37.7642502941596,50.021279197044414],[37.7642501721597,50.02127922504439],[37.7642499261596,50.021279283044414],[37.764249440159595,50.02127940404434],[37.76375263115969,50.021401963044454],[37.7637525611597,50.021401981044434],[37.7637524911597,50.021401998044304],[37.7637523521597,50.02140203304441],[37.7637520731597,50.02140210104445],[37.7637515161597,50.02140224404441],[37.76325726015979,50.0215289000444],[37.7632571931597,50.021528918044474],[37.76325712715969,50.02152893504435],[37.7632569931597,50.021528970044436],[37.763256726159796,50.021529036044484],[37.763256193159705,50.021529179044435],[37.76276449715981,50.021659930044414],[37.7627644321598,50.021659946044515],[37.76276436615979,50.02165996404445],[37.76276423415981,50.021659999044374],[37.7627639711598,50.02166006904441],[37.76276344715979,50.021660213044406],[37.76227439515979,50.02179503804441],[37.762274331159894,50.02179505504443],[37.7622742681599,50.021795073044416],[37.7622741421598,50.02179510704443],[37.76227388915989,50.02179517704445],[37.7622733861599,50.02179532004443],[37.761787095159896,50.02193418404444],[37.761787029159905,50.02193420204447],[37.7617869611599,50.021934222044486],[37.7617868291599,50.02193426104446],[37.761786563159895,50.02193433604448],[37.7617860311599,50.0219344930445],[37.76130256516,50.02207737804449],[37.7613025041599,50.0220773970445],[37.761302441160005,50.02207741604449],[37.76130231815999,50.02207745204449],[37.761302071159996,50.02207752504449],[37.761301578159994,50.02207767404446],[37.76082100816,50.02222456204457],[37.760820943160006,50.022224582044565],[37.76082087915999,50.02222460104455],[37.760820752159994,50.02222464004456],[37.7608204961601,50.02222471904454],[37.76081998816,50.0222248790445],[37.7603424671601,50.02237571904459],[37.760342399160095,50.02237574004456],[37.7603423301601,50.02237576104456],[37.7603421931601,50.02237580404457],[37.7603419191601,50.0223758910446],[37.7603413711601,50.022376071044526],[37.7598668841601,50.02253087004459],[37.7598668271601,50.022530889044496],[37.7598667681601,50.02253090704463],[37.7598666511601,50.022530946044604],[37.7598664181602,50.02253102204451],[37.75986595216009,50.022531179044606],[37.759394593160195,50.02268990504454],[37.75939452816019,50.02268992704458],[37.75939446316019,50.02268994904453],[37.7593943331602,50.02268999204455],[37.759394073160195,50.022690080044526],[37.7593935541602,50.022690259044595],[37.75892549516019,50.02285285704462],[37.75892542916019,50.022852881044614],[37.7589253621602,50.022852904044626],[37.758925228160294,50.02285295004466],[37.7589249611602,50.022853042044616],[37.758924431160196,50.02285323204461],[37.75845961116029,50.02301972004469],[37.75845955516031,50.02301974004467],[37.7584594991603,50.02301976004462],[37.7584593881603,50.023019800044615],[37.7584591641603,50.02301988104456],[37.75845871816029,50.02302004404461],[37.757997176160394,50.02319041004468],[37.757997125160294,50.023190429044675],[37.7579970711603,50.02319045004455],[37.757996967160395,50.02319048804469],[37.757996756160395,50.023190565044565],[37.75799634016029,50.023190724044674],[37.75753829616039,50.02336488604476],[37.7575382371604,50.02336491004466],[37.7575381761604,50.023364934044686],[37.7575380571604,50.02336497904466],[37.7575378161604,50.02336506904466],[37.7575373351604,50.02336525804463],[37.75708283916039,50.023543201044625],[37.75708278716039,50.02354322104469],[37.75708273516041,50.02354324204468],[37.75708263016039,50.02354328504469],[37.7570824191604,50.02354336504471],[37.7570820001604,50.02354353404468],[37.75663112216049,50.02372522704475],[37.756631062160494,50.02372525204472],[37.7566310021605,50.023725275044704],[37.7566308831605,50.023725324044705],[37.756630642160495,50.02372542104471],[37.7566301641605,50.023725620044694],[37.756183052160495,50.023911003044816],[37.75618299016049,50.023911028044786],[37.7561829291605,50.023911054044795],[37.7561828061605,50.02391110504473],[37.75618255916049,50.02391120704475],[37.7561820711606,50.023911415044644],[37.75573874516059,50.024100479044805],[37.7557386851606,50.02410050604476],[37.7557386221606,50.02410053304482],[37.7557384961606,50.02410058704479],[37.7557382471606,50.02410069304476],[37.755737751160595,50.02410090904474],[37.7552982711606,50.02429362904474],[37.7552982091606,50.024293656044776],[37.755298148160705,50.02429368404476],[37.7552980251606,50.024293737044786],[37.75529777716059,50.02429384504474],[37.7552972881606,50.024294065044785],[37.75486167116069,50.02449043204483],[37.7548616161606,50.02449045804482],[37.75486156016069,50.024490482044804],[37.7548614491607,50.02449053304483],[37.7548612251606,50.02449063304485],[37.7548607811607,50.02449083904483],[37.7544291331607,50.024690806044866],[37.7544290731607,50.024690834044755],[37.75442901416069,50.02469086104489],[37.75442889716069,50.02469091604477],[37.7544286611607,50.02469102304486],[37.75442819516069,50.02469124504475],[37.75400059316079,50.02489477704482],[37.75400053916079,50.02489480404484],[37.754000485160795,50.02489483004482],[37.7540003771608,50.02489488104485],[37.7540001611607,50.024894983044824],[37.75399973216081,50.02489519404482],[37.7535762351608,50.02510226204493],[37.7535761801608,50.02510229004489],[37.7535761241608,50.02510231804486],[37.7535760141608,50.02510237104485],[37.75357579316079,50.02510247804487],[37.75357535316079,50.02510270004488],[37.7531560551608,50.025313261044964],[37.7531560011608,50.025313288044856],[37.7531559481608,50.025313314044844],[37.7531558421609,50.025313368044934],[37.75315562816089,50.02531347504492],[37.753155205160795,50.025313693044815],[37.7527401191609,50.025527738044886],[37.7527400721609,50.025527763044906],[37.75274002516089,50.02552778904491],[37.7527399291609,50.02552783704492],[37.7527397371609,50.02552793504488],[37.7527393581609,50.02552813604495],[37.7523285841609,50.02574561804494],[37.7523285351609,50.02574564304485],[37.752328486161,50.025745669044866],[37.75232838616089,50.025745722044924],[37.752328188160895,50.02574582504494],[37.7523281461609,50.02574585404497],[37.7523281021609,50.02574588104495],[37.7522431491609,50.02580083604493],[37.75224310116089,50.025800868044946],[37.7522430511609,50.02580089904492],[37.752242958161,50.025800965044944],[37.7521625931609,50.02585871404489],[37.7521625231609,50.02585876404498],[37.752162456161,50.025858817044984],[37.7520868971609,50.02591920304492],[37.75208682616099,50.02591925904501],[37.752086759161,50.02591931904498],[37.752016228161,50.02598216704493],[37.752016168161,50.02598222204486],[37.752016111161,50.02598227704499],[37.751950800161,50.026047419045014],[37.75195074416099,50.02604747504488],[37.751950690160996,50.026047535044995],[37.75189077916101,50.02611479004498],[37.751890734160895,50.026114842044926],[37.751890691161,50.02611489704492],[37.751836340161,50.026184087044996],[37.751836301161,50.02618413804495],[37.75183626416089,50.02618419104494],[37.751787627160994,50.02625512604501],[37.75178759716099,50.02625517004497],[37.751787570161,50.02625521604499],[37.751744779160994,50.026327706045045],[37.751744755161,50.02632774504489],[37.751744733161004,50.02632778804503],[37.75170791716099,50.026401609044996],[37.751707892160994,50.02640166204504],[37.751707868161,50.02640171904502],[37.751677129160996,50.026476670045035],[37.751677109161,50.02647671904502],[37.75167709316099,50.026476771045076],[37.751652504161,50.026552678044965],[37.751652494161,50.02655271004495],[37.751652485160996,50.02655274404492],[37.75163411916089,50.026629387045],[37.75163411016099,50.02662942404499],[37.751634102161,50.026629476045],[37.75161760016099,50.026735475045],[37.751617596161,50.026735508044986],[37.751617592161,50.02673554304499],[37.751607532161,50.026841889045016],[37.7516075281609,50.02684192504491],[37.75160752916099,50.02684196104494],[37.751603926661,50.026948499044956],[37.751603926161,50.02694852904497],[37.751606793160995,50.027055072045],[37.751606793160995,50.02705510804496],[37.751606797160896,50.027055146044944],[37.7516161221609,50.02716150704502],[37.75161612516099,50.02716155004501],[37.751616131161,50.02716159704503],[37.75163190666099,50.02726766754501],[37.751631914160896,50.02726770604505],[37.75165411816089,50.02737333004492],[37.7516827221609,50.02747834804501],[37.75171767416089,50.02758256704501],[37.7517589231609,50.027685832045066],[37.751806406160895,50.02778798604496],[37.7518600501609,50.02788887104499],[37.75191977516089,50.02798833704504],[37.7519854871609,50.02808623004496],[37.7519992851609,50.02810476404503],[37.7520570921609,50.02818240704504],[37.7521344771608,50.02827671604498],[37.7521430461608,50.02828624004497],[37.7522175231609,50.02836901404502],[37.7523061091608,50.02845916604501],[37.752400098160805,50.02854703304493],[37.7524997701608,50.02863282604494],[37.75260459216079,50.028716048045005],[37.7527144021607,50.02879657004488],[37.7528290361607,50.02887426904503],[37.75294825616069,50.02894899104498],[37.75294832016069,50.02894903004508],[37.7530719811607,50.029020685045],[37.7530720371607,50.02902071704501],[37.7530720651607,50.029020732045005],[37.75310998716069,50.029041036045044],[37.7531999801607,50.02908921504501],[37.7532000541607,50.029089253045],[37.75320008316069,50.029089268045],[37.7532376611607,50.029107835045025],[37.75333206716069,50.02915447904505],[37.753332148160695,50.029154518044926],[37.7533321791607,50.02915453304487],[37.753354973160704,50.02916490904499],[37.7534680201606,50.02921636804494],[37.75346810516059,50.02921640604493],[37.7534681481606,50.02921642604493],[37.75351612416059,50.02923650104505],[37.7536076621606,50.02927480204496],[37.75360774416059,50.02927483604495],[37.7536077861606,50.029274852044956],[37.753654901160694,50.029292921044934],[37.7537507681606,50.02932968304498],[37.7537508751606,50.02932972304499],[37.75389706316059,50.02938091004487],[37.7538971661606,50.02938094504494],[37.75389719916059,50.02938095604496],[37.7539354681606,50.02939313104498],[37.75404646116059,50.029428447044985],[37.7540465311606,50.02942847004496],[37.7541985721606,50.029472171044965],[37.754198644160496,50.02947219104495],[37.7543532631605,50.02951204604489],[37.7543533041606,50.02951205604491],[37.75451027516049,50.029548000044926],[37.75466931516049,50.029579972044914],[37.7610503201597,50.03028799504471],[37.76112584415969,50.03029703104468],[37.7612017111597,50.03030479204471],[37.761329730159694,50.03031493704469],[37.761458321159594,50.030321447044685],[37.7615872341596,50.0303243120447],[37.7617162181596,50.0303235240447],[37.76184502215959,50.030319083044716],[37.761973397159494,50.03031100204468],[37.76210109315959,50.030299294044724],[37.762227861159595,50.03028398304471],[37.7623534561595,50.030265097044676],[37.7624911931595,50.03023999404469],[37.7626268521595,50.03021059304467],[37.7626653471595,50.03020291804468]]]},"properties":{"pub_date":"2026-10-07"}},{"type":"Feature","geometry":{"bbox":[34.2131208005166,51.69694369790821,34.2436982596579,51.71044759137114],"type":"Polygon","coordinates":[[[34.2275127016348,51.7069689102204],[34.2289416849205,51.70658940131554],[34.23139136970959,51.706130823555235],[34.23248862439289,51.70549829551184],[34.23371020608939,51.70521274286522],[34.2345412976023,51.705228350179006],[34.2352968353174,51.705197135538235],[34.23637977232781,51.704931814805356],[34.2382686178511,51.703792475324086],[34.2409633716497,51.70185709452665],[34.241945571077494,51.70093619884237],[34.24285221671389,51.70049915559307],[34.2436982596579,51.70025818436155],[34.243302279627294,51.70019432943763],[34.2426859244439,51.70008522527159],[34.2423876725204,51.70001557830784],[34.2419473757733,51.69987606116576],[34.2414832208648,51.699703960011256],[34.2412640612258,51.699586370205296],[34.2411563117025,51.69951042462642],[34.24106611448969,51.69940431763058],[34.240969262609,51.69930684635384],[34.2408422804543,51.69919969846563],[34.240685837208,51.699107139748925],[34.24053445564769,51.69903165416916],[34.2403392448248,51.69894949587709],[34.2400659138552,51.698866732490956],[34.2398435372764,51.698799133620945],[34.2395377040255,51.698703866016615],[34.2394090983493,51.69862100158769],[34.239335410729595,51.698530420368],[34.23931318132199,51.69847355615119],[34.2392962055505,51.69835668321343],[34.23927705086199,51.6982441161777],[34.2392471133908,51.69815735543938],[34.2391900103377,51.69808515725276],[34.23908024400569,51.698019224025344],[34.2388494260259,51.6979788353961],[34.2386124220445,51.69796420343229],[34.2384052321615,51.6979478325712],[34.2381470147647,51.69791343865668],[34.2378746665708,51.69786634733042],[34.237705935299395,51.69782815680276],[34.2374747304871,51.69777349365142],[34.23729945862419,51.69774821629772],[34.23712457688149,51.69773721226368],[34.2369078530699,51.69770809027702],[34.2367779679332,51.69766235079614],[34.23664512300319,51.69759237578656],[34.2365606245819,51.697526174794966],[34.2365014612617,51.697462561274726],[34.2364579862877,51.69730028773301],[34.2364091028904,51.69719231468622],[34.23637107569859,51.697145608715886],[34.236305764098596,51.697109181778956],[34.2362158934281,51.697098707673625],[34.2360596571665,51.69709749693226],[34.23587512406739,51.697153683422236],[34.23563158121419,51.69723618342025],[34.2354122505873,51.6972798854671],[34.2351918673322,51.697285058231714],[34.234996593718,51.69728425682509],[34.23486024828689,51.697254285170445],[34.2346787958795,51.69717054520703],[34.234492091315,51.69706259076339],[34.234345511775,51.6969941855935],[34.2341582577701,51.69695047423098],[34.233988089263896,51.69694369790821],[34.2337746375118,51.69695022083556],[34.23359843510929,51.69697491089737],[34.2334777695448,51.697014720479046],[34.2333760612579,51.69707574053164],[34.2332774605353,51.697166707182575],[34.2331703759982,51.69728345741881],[34.232909418036094,51.69748604072154],[34.2327267780827,51.69761214862006],[34.23261358265991,51.6976732892974],[34.232490698069704,51.697715974532166],[34.232350846254,51.697726005306265],[34.232207535550295,51.69769325037431],[34.23209454200741,51.69767730619049],[34.231952161199196,51.697678799227475],[34.2317993823873,51.697720370215016],[34.2316270981067,51.69780497143393],[34.2312858566441,51.69809689428767],[34.231079150734,51.69826750460001],[34.2308463286643,51.69840698035689],[34.2304644529074,51.6986408022983],[34.2301371069397,51.69885264029344],[34.2298927577531,51.69899080970888],[34.2296435810287,51.699120462190464],[34.2292126514561,51.69932481729036],[34.22904300087221,51.69942223242415],[34.228961910233195,51.69948160753639],[34.2289039384084,51.69954644829744],[34.2288646113482,51.699621087211],[34.2288690723806,51.69970098013036],[34.2289276555674,51.69991305966766],[34.2289533277899,51.700012713269565],[34.2289347845735,51.70009141831541],[34.22884551250839,51.70018799170842],[34.228709531888896,51.70025650737294],[34.2285546408319,51.70030523393423],[34.226902464038794,51.70035540735526],[34.2258140438654,51.70038959838897],[34.225330834364,51.70014579456209],[34.22477197127099,51.70015537447314],[34.2244213081281,51.700869488434],[34.2234851880578,51.70145994609913],[34.2231613121671,51.701474538969705],[34.2227643774001,51.70152149600245],[34.2224030364532,51.70161089846823],[34.2219002149568,51.70170653861608],[34.2216240256233,51.70201655565771],[34.2214632128961,51.70239864709329],[34.2212371429416,51.702676973323676],[34.221098138916794,51.70277596132315],[34.22042840884979,51.70307317237934],[34.21955425120999,51.70331540154532],[34.2192250192491,51.70274783481478],[34.2187486323395,51.70268854031707],[34.2182270189258,51.702655886404614],[34.2180952075361,51.70259539656816],[34.2174791708122,51.70246854919713],[34.2171250997059,51.70254359405955],[34.2168013198236,51.70260642339626],[34.21608818821159,51.70257098563417],[34.2156285229139,51.70256384837151],[34.21486134235089,51.70265504890359],[34.214424843783995,51.702654804792815],[34.2139467933325,51.702819149202405],[34.2131208005166,51.702999721397205],[34.2149532679156,51.706306641141374],[34.217305677348094,51.70779116600796],[34.2196788100987,51.709230082339246],[34.2200870915374,51.70954632121691],[34.220367784112995,51.7098625586536],[34.2205719251943,51.710052299828696],[34.22118434636761,51.71028947538773],[34.22154159215249,51.71044759137114],[34.2220519422651,51.71043177931184],[34.2224091887891,51.71024203982617],[34.222664363704,51.70979931104599],[34.222842988626,51.70943563979806],[34.2233788570891,51.70892965627696],[34.2239657617551,51.7086450366281],[34.2243740418067,51.70839204122849],[34.225267156137,51.70796510597694],[34.22605820049349,51.707427479025526],[34.2275127016348,51.7069689102204]],[[34.2241352080727,51.701430653824],[34.223848818114895,51.70144356001051],[34.22415691605849,51.701407898509125],[34.2241470401037,51.70142800906379],[34.2241352080727,51.701430653824]],[[34.2241639882063,51.70142422036626],[34.2241854405972,51.70140459691593],[34.2243229615475,51.701388679321056],[34.2241639882063,51.70142422036626]]]},"properties":{"pub_date":"2026-10-07"}},{"type":"Feature","geometry":{"bbox":[37.1914798093003,48.40209729601538,37.22499414429589,48.407031146015015],"type":"Polygon","coordinates":[[[37.196110828299794,48.40549204001598],[37.1962966992997,48.40542085601596],[37.1964145642998,48.40537571701591],[37.1964388212997,48.40536978001594],[37.196515871299695,48.405350925015824],[37.1968289012997,48.40527431701593],[37.19688233329959,48.4052651500159],[37.19722225729959,48.405206830015864],[37.1978669972996,48.40513982201584],[37.2001902462992,48.40508971901575],[37.2002997332993,48.405086156015734],[37.2004087352992,48.40507844201578],[37.2005168942992,48.40506660401576],[37.2006238562992,48.40505067901561],[37.2007292712992,48.405030718015716],[37.2008327942992,48.4050067890157],[37.2008331272992,48.40500677801576],[37.2008332922992,48.405006772015625],[37.2008333752992,48.405006769015735],[37.200833459299204,48.405006766015596],[37.2011251132991,48.404996854015735],[37.2014167672991,48.40498694301564],[37.20141747029909,48.40498691901569],[37.20141782029909,48.4049869110156],[37.2014179962991,48.40498690601574],[37.20141808429909,48.40498690401572],[37.20141817229909,48.40498690101572],[37.2017100092991,48.40497926901574],[37.202001855299,48.40497163601573],[37.202002456299,48.40497162101569],[37.2020027562991,48.404971616015715],[37.20200290529899,48.40497161301559],[37.202002980299,48.40497161201564],[37.202003055299,48.40497161001569],[37.202295068299,48.40496625701564],[37.202587081298994,48.40496090501561],[37.202587672299,48.4049608950156],[37.202587969298904,48.4049608920156],[37.202588118299,48.40496089101561],[37.20258819229899,48.40496089001559],[37.20258826529889,48.40496089001559],[37.2028803562989,48.40495781901561],[37.2031724362989,48.404954750015634],[37.20317304029891,48.40495474301563],[37.2031733412989,48.40495474301563],[37.2031734922988,48.40495474301563],[37.2031735682989,48.40495474301563],[37.20317364329879,48.404954742015576],[37.2037577782988,48.40495316801553],[37.2037584752988,48.40495316501559],[37.20375882329879,48.40495316801558],[37.203758998298795,48.40495316901565],[37.2037590862988,48.40495317101549],[37.2037591722988,48.40495317101549],[37.2040511662988,48.40495466501553],[37.204343274298694,48.40495616001554],[37.2043438982987,48.40495616301551],[37.2043442092987,48.4049561690155],[37.204344365298695,48.4049561710155],[37.20434444429869,48.4049561710155],[37.2043445212987,48.40495617201556],[37.2046365282987,48.404959950015524],[37.2049286412986,48.40496372801555],[37.204929226298596,48.40496373701552],[37.2049295202987,48.4049637440155],[37.2049296652987,48.40496374701554],[37.2049297392986,48.40496374801552],[37.2049298132986,48.40496374801552],[37.2052217432986,48.40496980901552],[37.20551376729849,48.4049758700154],[37.2055143802986,48.40497588501553],[37.205514687298596,48.4049758940155],[37.205514841298594,48.40497589801552],[37.2055149162986,48.404975899015476],[37.2055149942986,48.404975902015565],[37.2058067992985,48.40498424201555],[37.20609869029849,48.40499258501552],[37.2060992792985,48.40499260401555],[37.20609957429849,48.404992614015406],[37.2060997202985,48.40499262001551],[37.206099794298495,48.40499262201553],[37.2060998672985,48.40499262401542],[37.2063914772985,48.40500324401542],[37.2066831622984,48.405013866015445],[37.206683840298396,48.40501389101542],[37.2066841812984,48.40501390701541],[37.20668434929839,48.405013914015406],[37.20668443529839,48.405013918015435],[37.2066845192984,48.40501392201546],[37.2069759282983,48.405026819015426],[37.20726740229829,48.405039721015456],[37.2072679842983,48.40503974601544],[37.2072682742983,48.40503976201542],[37.20726841929831,48.40503976901542],[37.2072684922983,48.40503977301547],[37.2072685652983,48.40503977701542],[37.20755976429831,48.40505495301544],[37.2078510192982,48.40507013201531],[37.2078516282982,48.40507016501534],[37.20785193229829,48.40507018501531],[37.2078520852982,48.40507019201532],[37.2078521602982,48.40507019801542],[37.2078522362983,48.40507020101546],[37.2081431482982,48.40508765201547],[37.2084341052982,48.40510510601545],[37.2084346922982,48.40510514201537],[37.20843498529819,48.40510516201537],[37.2084351322982,48.40510517201534],[37.2084352052982,48.40510517701538],[37.208435279298094,48.40510518201538],[37.20872584029819,48.40512490301537],[37.2090164362981,48.405144628015336],[37.2090170962981,48.405144674015354],[37.20901742729809,48.40514469801538],[37.2090175912981,48.40514471101533],[37.2090176732981,48.40514471801536],[37.20901775629811,48.40514472401539],[37.209307920297995,48.40516671301534],[37.2095981102981,48.40518870401539],[37.209598758298,48.40518875401536],[37.20959908429799,48.40518878201526],[37.209599245297994,48.40518879501537],[37.209599326298,48.40518880201531],[37.209599408298,48.40518880801528],[37.209889165297994,48.40521306501527],[37.210178935298,48.40523732001531],[37.2101795982979,48.40523737601532],[37.2101799322979,48.4052374050153],[37.2101800962979,48.405237421015315],[37.210180180298,48.405237430015255],[37.21018026329789,48.405237437015295],[37.210469574297896,48.405263956015304],[37.21075888729791,48.40529047401529],[37.2107595362979,48.40529053401529],[37.210759863297795,48.40529056701526],[37.2107600252978,48.40529058401529],[37.2107601052978,48.40529059101523],[37.2107601862978,48.40529059901531],[37.2110490602978,48.40531938201533],[37.2113379272978,48.4053481650153],[37.2113384922978,48.40534822101519],[37.2113387762978,48.40534825301526],[37.2113389162978,48.405348267015334],[37.2113389872978,48.4053482740152],[37.2113390572978,48.40534828201535],[37.211627402297694,48.405379322015214],[37.2119157302977,48.40541035701523],[37.2119163852977,48.405410429015234],[37.21191671229769,48.405410466015255],[37.2119168752977,48.405410485015196],[37.2119169572977,48.40541049501524],[37.2119170382977,48.40541050301522],[37.2122048332977,48.40544379601524],[37.2124926022976,48.405477085015235],[37.212493134297596,48.4054771460153],[37.21249340029761,48.40547717901524],[37.21249353429759,48.405477196015255],[37.212493599297595,48.405477204015256],[37.21249366629759,48.40547721201521],[37.2126658472976,48.405498520015136],[37.21278088329759,48.40551275601515],[37.213068066297595,48.405548293015165],[37.2130686602976,48.40554836801522],[37.2130689572975,48.405548407015196],[37.2130691062975,48.40554842501516],[37.2130691792976,48.40554843501516],[37.2130692542976,48.40554844501517],[37.2133558042975,48.40558622801518],[37.2136423082975,48.4056240040151],[37.213642883297496,48.405624082015215],[37.21364317029751,48.40562412101518],[37.2136433142975,48.40562414101521],[37.213643385297495,48.4056241510151],[37.2136434582975,48.405624161015204],[37.2139293272974,48.40566418101518],[37.2142151412974,48.405704194015115],[37.21421572329739,48.40570427701514],[37.2142160162974,48.40570432001511],[37.2142161622974,48.4057043410151],[37.214216234297396,48.40570435301513],[37.214216306297395,48.4057043630151],[37.2145014262973,48.405746612015086],[37.2147864822973,48.405788850015114],[37.2147871022973,48.40578894401512],[37.2147874132973,48.40578899101513],[37.2147875682973,48.405789016015135],[37.214787646297296,48.40578902801513],[37.2147877232973,48.40578904001517],[37.2150720552973,48.40583350901507],[37.2153563152973,48.405877970015084],[37.2153569402972,48.40587806901507],[37.2153572522972,48.40587812001508],[37.2153574092972,48.40587814501509],[37.2153574882972,48.405878158015085],[37.2153575662972,48.40587817001513],[37.2156411562972,48.40592487101509],[37.215924663297194,48.40597155801511],[37.2159251582972,48.40597164301511],[37.2159254072972,48.405971684015135],[37.2159255312972,48.405971705015126],[37.21592559329721,48.405971716015145],[37.2159256542972,48.40597172601507],[37.2162084432971,48.40602064801504],[37.2164911362971,48.406069553015136],[37.2164916782971,48.406069648015055],[37.2164919492971,48.406069697015035],[37.2164920862971,48.406069720015054],[37.2164921532971,48.40606973401514],[37.2164922212971,48.406069745015145],[37.216774129297,48.40612087401502],[37.21679596329701,48.40612483601509],[37.217055934296994,48.40617198601505],[37.21705642229699,48.40617207601509],[37.21705666429699,48.40617212101505],[37.217056786297,48.40617214301509],[37.217056847296995,48.40617215501504],[37.217056908296996,48.40617216701504],[37.21733789329699,48.40622549401506],[37.217618764296994,48.4062788030151],[37.2176190372969,48.40627885501503],[37.21761917229689,48.40627888101498],[37.217619241296894,48.406278895015],[37.2176193102969,48.40627890701501],[37.2176193592969,48.40627893801497],[37.2176194072969,48.406278970014995],[37.2177082752969,48.40633562401504],[37.217797142296895,48.40639227701505],[37.2177972382969,48.40639234001503],[37.217797283296896,48.406392370015055],[37.21779733329689,48.406392402015015],[37.2178836762969,48.40645062001505],[37.2179702172968,48.40650897101496],[37.2179703102969,48.40650903501495],[37.21797035729689,48.406509068014955],[37.2179704032969,48.40650910101499],[37.2180542692969,48.40656890901502],[37.2181383092968,48.40662884401498],[37.2181383922968,48.406628905015005],[37.2181384322968,48.406628934014975],[37.2181384732969,48.40662896401502],[37.21821980029689,48.40669032301499],[37.21830128229681,48.406751797015005],[37.2183013492968,48.406751851015],[37.2183014182968,48.40675190401506],[37.21838015329679,48.406814774014975],[37.2184590202968,48.406877749015],[37.21845905729679,48.406877779014984],[37.2184590922968,48.406877808015],[37.2185351602968,48.40694213101501],[37.218611340296796,48.40700654901502],[37.21861138729679,48.40700659001498],[37.2186114332968,48.407006630015026],[37.2186387872967,48.407031146015015],[37.2187976912967,48.40700241001502],[37.2199721082966,48.40689446001498],[37.2211845282964,48.40690828901486],[37.2233232432962,48.40679858501474],[37.223382603296194,48.406801277014736],[37.22499414429589,48.40687438101477],[37.224894136295994,48.40680692201477],[37.224745529295994,48.40670668401475],[37.22474536029599,48.40670656901472],[37.224745280296,48.406706518014744],[37.224745204296,48.406706466014704],[37.224745049296,48.4067063630147],[37.22474487329599,48.40670624901474],[37.22474379929599,48.406705541014716],[37.22444299829599,48.40650904801475],[37.22444278329599,48.40650890701477],[37.224442702296,48.40650885401472],[37.2244426192961,48.40650880001477],[37.224442456296,48.40650869701478],[37.224442322296,48.406508612014676],[37.224441263295994,48.40650793601478],[37.2241355702961,48.40631454701481],[37.2241354272961,48.40631446001482],[37.2241353642961,48.40631442001472],[37.2241353042961,48.406314381014724],[37.22413517929609,48.406314304014856],[37.22413499129609,48.40631418601487],[37.22413375029599,48.40631342301478],[37.223823761296195,48.40612351201476],[37.2238235402962,48.406123379014765],[37.2238234882961,48.40612334701472],[37.2238234382962,48.40612331401473],[37.2238233352961,48.406123252014766],[37.22382312729609,48.406123128014755],[37.2238229292961,48.40612300901472],[37.223821774296106,48.40612232001474],[37.22350718729619,48.40593569901474],[37.2235069742962,48.40593557401483],[37.2235069292962,48.405935547014764],[37.2235068842962,48.4059355200147],[37.2235067942962,48.40593546801478],[37.223506610296205,48.40593536101467],[37.2235064502962,48.405935267014776],[37.2235050402962,48.40593445301465],[37.223186166296294,48.40575130401488],[37.2231859472962,48.40575118001474],[37.2231859022963,48.40575115301476],[37.2231858512962,48.40575112701474],[37.22318576129619,48.40575107201473],[37.223185570296195,48.405750965014725],[37.22318533829629,48.405750838014725],[37.223023039296294,48.405660593014744],[37.222860737296294,48.40557034601477],[37.22286053329619,48.405570235014764],[37.2228604802963,48.40557020601475],[37.2228604252963,48.40557017601476],[37.22286031429629,48.40557011601478],[37.22286009729619,48.40556999701475],[37.222859891296295,48.405569883014756],[37.222695396296295,48.405481358014775],[37.2225309032964,48.4053928330148],[37.222530727296295,48.40539273701473],[37.2225306372963,48.40539269201482],[37.2225305472963,48.40539264201471],[37.2225303672963,48.40539254901485],[37.22253016229631,48.405392438014836],[37.2223635792964,48.40530568801482],[37.22219699729639,48.40521893601476],[37.2221967622964,48.40521881501482],[37.22219670529639,48.40521878601479],[37.22219665129639,48.405218757014765],[37.2221965392964,48.40521869901481],[37.222196313296394,48.40521858601474],[37.2221961092964,48.4052184800148],[37.2220274712964,48.40513352001478],[37.221858837296395,48.40504856101487],[37.221858621296406,48.40504845601485],[37.22185855929639,48.40504842401485],[37.2218584972964,48.40504839301485],[37.2218583712964,48.405048329014896],[37.22185812129639,48.40504820801472],[37.221857850296495,48.40504807301483],[37.2216872222964,48.40496493701482],[37.2215165942965,48.4048817990148],[37.221516367296495,48.40488169101481],[37.2215163112965,48.404881664014766],[37.2215162532965,48.40488163501477],[37.22151613929649,48.40488157801479],[37.2215159062965,48.40488147101478],[37.22151566129649,48.40488135201475],[37.2213430402965,48.404800037014894],[37.2211704202965,48.40471872301485],[37.2211701742966,48.404718607014814],[37.2211701112965,48.40471857801483],[37.2211700502966,48.40471854901484],[37.2211699212966,48.40471848801482],[37.22116967029649,48.40471837401488],[37.2211694672965,48.404718280014855],[37.2209949342965,48.40463882301482],[37.2208204002966,48.40455936701482],[37.2208201082966,48.40455923601478],[37.220820034296594,48.40455920301479],[37.2208199632966,48.4045591700149],[37.2208198172966,48.40455910301481],[37.220819524296594,48.40455897401482],[37.2208192162966,48.40455883701488],[37.2206428632966,48.40448127901474],[37.2204665072966,48.404403722014855],[37.2204661932966,48.404403586014894],[37.2204661232966,48.40440355601486],[37.220466051296604,48.40440352301488],[37.2204659092966,48.40440346101484],[37.2204656222967,48.404403339014834],[37.2204653022966,48.40440320101483],[37.2202870682967,48.40432751701485],[37.2201088382967,48.40425183301484],[37.22010856729669,48.4042517210148],[37.2201084992967,48.404251692014896],[37.2201084292967,48.40425166301489],[37.2201082882967,48.40425160201479],[37.2201080102967,48.404251489014825],[37.2201076862967,48.40425135401487],[37.2200391962967,48.40422328101477],[37.2200253632967,48.40419641301493],[37.2199276362967,48.404156362014824],[37.2197475952968,48.40408258101483],[37.2197473312968,48.40408247501484],[37.2197472582968,48.40408244501484],[37.2197471862968,48.404082416014845],[37.2197470412968,48.40408235601484],[37.21974674929669,48.404082241014855],[37.2197464762968,48.40408213101483],[37.2195646652968,48.40401027001485],[37.219382854296796,48.40393840801481],[37.2193825632968,48.40393829501479],[37.219382492296795,48.40393826701482],[37.219382420296796,48.403938239014785],[37.219382275296795,48.40393818201484],[37.21938218829679,48.40393815601479],[37.2193820992968,48.40393813001495],[37.2193819202968,48.403938076014896],[37.2193815582968,48.40393796701479],[37.2191686762968,48.403874782014896],[37.2189557942969,48.4038115950149],[37.218955436296895,48.403811490014895],[37.2189553402969,48.4038114630149],[37.2189552442969,48.40381143401487],[37.2189550532969,48.403811378014886],[37.2189546682969,48.40381126801486],[37.2189542452968,48.4038111450149],[37.2187399942969,48.40375013401485],[37.2185257422969,48.40368912101482],[37.2185253782969,48.40368902001486],[37.2185252762969,48.403688992014914],[37.2185251732969,48.403688962014925],[37.2185249712969,48.40368890401492],[37.2185245652969,48.4036887940149],[37.2185241732969,48.40368868401492],[37.218308521297,48.40362983901493],[37.218092869297,48.40357099201494],[37.218092473297,48.403570886014904],[37.218092388296995,48.40357086301492],[37.218092302296995,48.40357083901487],[37.218092131297,48.40357079401491],[37.218091789297,48.40357070401494],[37.218091425297,48.403570607014906],[37.217874429297,48.403513942014925],[37.2176574342971,48.40345727701499],[37.21765706929709,48.40345718401496],[37.2176569602971,48.40345715601485],[37.21765685229709,48.40345712701498],[37.2176566322971,48.403457070014895],[37.217656195296996,48.40345696001497],[37.21765586829709,48.40345687701483],[37.2174375752971,48.40340240801495],[37.2172192812971,48.40334793701494],[37.2172189282971,48.40334785101493],[37.2172188412971,48.40334782901495],[37.2172187512971,48.40334780701491],[37.2172185742971,48.403347763014914],[37.2172182222971,48.40334767901494],[37.21721779929711,48.40334757501492],[37.216998334297095,48.40329533001494],[37.2167788662972,48.403243084014925],[37.216778447297195,48.40324298701488],[37.21677835029719,48.403242964014886],[37.2167782542971,48.40324294201487],[37.2167780612971,48.40324289501486],[37.2167776792972,48.40324280901488],[37.21677726229719,48.40324271201491],[37.216556651297196,48.40319269601488],[37.21633603829729,48.40314268201498],[37.2163356062972,48.403142586015015],[37.216335505297195,48.40314256401497],[37.2163354012972,48.403142540014976],[37.2163351942973,48.40314249301501],[37.2163347842972,48.40314240401496],[37.216334377297294,48.403142314014865],[37.2161126542973,48.40309453801496],[37.21589092929731,48.40304676001497],[37.2158905042973,48.40304667001495],[37.21589039729731,48.40304664901507],[37.2158902912973,48.40304662501491],[37.2158900772973,48.40304657801496],[37.2158896502973,48.403046491014926],[37.2158891802973,48.403046393014904],[37.2156663942973,48.40300086501503],[37.2154436082974,48.40295533501505],[37.2154432432974,48.40295526301504],[37.215443134297395,48.40295524001504],[37.2154430262974,48.402955219014984],[37.2154428112974,48.40295517401491],[37.21544237929741,48.40295509101505],[37.21544195029739,48.40295500501498],[37.2152181632974,48.40291173701504],[37.2149943742974,48.402868469015004],[37.2149939272974,48.40286838401501],[37.2149938192974,48.402868364015006],[37.2149937142974,48.40286834501499],[37.214993500297396,48.40286830201497],[37.214993074297496,48.40286822501498],[37.214992589297395,48.402868134014994],[37.2147678562975,48.402827136015006],[37.214543121297496,48.40278613801505],[37.21454268229749,48.402786060014996],[37.2145425742975,48.402786042015066],[37.21454246529749,48.40278602101496],[37.2145422482975,48.402785981014986],[37.2145418162975,48.40278590701508],[37.214541430297494,48.40278583801506],[37.2143157122975,48.402747106014935],[37.2140899962976,48.40270837301505],[37.2140895512975,48.40270829801508],[37.2140894542975,48.40270828201506],[37.21408935829749,48.40270826601505],[37.2140891612976,48.40270823101503],[37.2140887732975,48.40270816901506],[37.214088317297595,48.40270809301506],[37.2138617502976,48.40267164801509],[37.21363518329759,48.40263520301501],[37.213634776297596,48.40263513901501],[37.2136346692976,48.40263512301502],[37.213634561297596,48.402635105015044],[37.21363434529759,48.402635070015116],[37.2136339122976,48.402635005015],[37.2136334632976,48.402634935015044],[37.2134061082976,48.40260078701501],[37.2131787542977,48.40256664001512],[37.21317836429769,48.40256658401511],[37.2131782502977,48.40256656701509],[37.2131781352977,48.402566550015116],[37.2131779012977,48.402566514015064],[37.2131774392977,48.40256644901511],[37.2131770452977,48.402566392015],[37.2129489652977,48.402534551015115],[37.2127208862978,48.402502710015106],[37.21272041429769,48.402502647015105],[37.212720355297705,48.4025026390151],[37.2127202962977,48.4025026310151],[37.21272017729769,48.402502614015106],[37.2127199392978,48.402502580015074],[37.2127194662978,48.40250251901509],[37.2127190492977,48.4025024630151],[37.212490230297696,48.40247292701506],[37.212261411297796,48.402443391015105],[37.2122610052978,48.402443340015076],[37.21226089729781,48.40244332701515],[37.2122607862978,48.40244331301511],[37.21226056529779,48.40244328401503],[37.21226012429779,48.40244323201513],[37.212259673297794,48.40244317501517],[37.21203023729781,48.402415959015094],[37.211800800297894,48.40238874301516],[37.2118006892979,48.40238873101517],[37.2118005782979,48.40238871701516],[37.21180035629779,48.40238869301516],[37.21180029729779,48.402388687015126],[37.2118002382978,48.40238867901515],[37.211800120297795,48.40238866601505],[37.2117998822979,48.40238863601515],[37.211799407297896,48.40238858501517],[37.211798916297795,48.40238853001518],[37.2115689412979,48.40236364201515],[37.2113389652979,48.40233875501514],[37.21133851029789,48.402338708015115],[37.21133844529789,48.40233870101516],[37.21133838329789,48.402338695015125],[37.21133825629789,48.402338681015124],[37.2113380002979,48.40233865301516],[37.211337494297894,48.40233860401516],[37.21133697329789,48.40233855001513],[37.211106438298,48.40231598901514],[37.210875902298,48.40229342801508],[37.210875480298,48.40229338801525],[37.210875367297994,48.40229337701523],[37.210875254298,48.40229336701524],[37.210875026298,48.40229334401512],[37.210874572298,48.40229330401526],[37.210874128297995,48.4022932640151],[37.210643059298,48.402273031015206],[37.2104119922981,48.402252799015194],[37.21041157429799,48.40225276401521],[37.210411511298,48.40225275901522],[37.2104114482981,48.402252754015215],[37.210411322298,48.40225274301519],[37.2104110672981,48.40225272101522],[37.210410558298,48.40225268101512],[37.21041009029809,48.40225264201519],[37.210178659298094,48.402234755015186],[37.2099472262981,48.40221686601523],[37.2099467622981,48.402216832015206],[37.2099466952981,48.40221682701523],[37.2099466302981,48.40221682201523],[37.2099464972981,48.402216812015205],[37.20994622929809,48.402216791015185],[37.2099456942981,48.402216755015196],[37.2099451982981,48.40221671901523],[37.2097134042982,48.40220117401521],[37.20948161029819,48.40218562801519],[37.20948114829821,48.40218560001516],[37.20948108129819,48.4021855950152],[37.20948101629819,48.40218559101531],[37.209480886298195,48.402185582015164],[37.2094806222982,48.40218556401531],[37.209480094298094,48.40218553401525],[37.2094795832981,48.40218550301522],[37.209247476298195,48.402172304015295],[37.209015366298196,48.4021591040153],[37.20901484029831,48.4021590760153],[37.20901478029819,48.402159073015284],[37.2090147172982,48.40215906901528],[37.209014596298196,48.4021590620152],[37.20901435129829,48.40215904901528],[37.2090138612982,48.4021590250152],[37.20901333029829,48.40215899801532],[37.2087808962983,48.4021481440153],[37.2085484632983,48.4021372900152],[37.2085480032983,48.40213727101529],[37.20854788529831,48.40213726601525],[37.2085477662983,48.40213726001525],[37.20854752729829,48.4021372480153],[37.2085470502983,48.40213723101527],[37.2085465272983,48.40213720901518],[37.208313877298295,48.40212870601526],[37.2080812262984,48.40212020201528],[37.2080811172984,48.402120200015254],[37.2080810072983,48.40212019601529],[37.2080807862984,48.40212018901527],[37.2080807212984,48.40212018601528],[37.208080653298296,48.402120184015295],[37.208080523298406,48.402120179015235],[37.2080802572984,48.402120170015245],[37.2080797272984,48.40212015601531],[37.20807917229839,48.40212013901538],[37.20784640329839,48.40211398901527],[37.2076136342984,48.402107841015294],[37.207613149298396,48.4021078290153],[37.2076130862984,48.402107828015254],[37.20761302529839,48.402107827015236],[37.20761290129839,48.40210782401523],[37.2076126492984,48.4021078160153],[37.207612150298395,48.40210780801531],[37.2076116892984,48.402107798015294],[37.20737874329849,48.40210400201526],[37.207145797298494,48.40210020501536],[37.2071452852985,48.40210019901535],[37.207145166298496,48.402100197015265],[37.2071450482985,48.402100197015265],[37.2071448122985,48.402100192015354],[37.2071443402985,48.40210018801527],[37.2071438462985,48.40210018301534],[37.206910849298495,48.40209874201535],[37.20667785129859,48.40209730001526],[37.206677306298495,48.40209730001526],[37.2066771922985,48.40209729901538],[37.206677081298594,48.40209729901522],[37.2066768552986,48.40209729601538],[37.2066764072985,48.40209729801531],[37.2066758942986,48.40209729701536],[37.20620991929861,48.402099125015376],[37.2062094482986,48.40209912901536],[37.2062093762986,48.40209912901536],[37.2062093052986,48.40209913001538],[37.206209165298596,48.402099131015376],[37.206208885298594,48.402099132015344],[37.2062083252986,48.40209914001539],[37.20620783729859,48.40209914401535],[37.2059749522986,48.40210241201535],[37.20574206829869,48.402105681015335],[37.2057415002987,48.40210569101538],[37.2057414392987,48.402105692015404],[37.2057413782987,48.40210569301536],[37.2057412562987,48.40210569501538],[37.205741012298695,48.40210569801536],[37.2057405242987,48.40210571001537],[37.2057399832987,48.40210572101537],[37.20550717729869,48.40211134201536],[37.2052743742987,48.40211696501539],[37.2052738622988,48.40211698101536],[37.2052737982987,48.40211698201538],[37.2052737342987,48.40211698401534],[37.2052736022987,48.40211698701535],[37.2052733432987,48.40211699201539],[37.2052728272987,48.4021170100154],[37.20527228229879,48.40211702601534],[37.2050396322987,48.40212500201539],[37.20480698229879,48.40213297801538],[37.2048064752988,48.40213299701549],[37.204806414298794,48.402132999015386],[37.20480635329879,48.402133001015386],[37.20480623229879,48.40213300601537],[37.20480598929879,48.40213301301548],[37.2048055042988,48.40213303501539],[37.2048050032988,48.402133055015376],[37.2045725422988,48.40214338101547],[37.204340081298895,48.402153708015454],[37.2043395422988,48.40215373501539],[37.2043394802988,48.402153738015386],[37.2043394202989,48.402153741015404],[37.20433929829879,48.402153746015394],[37.204339055298895,48.40215375701549],[37.2043385702989,48.402153783015414],[37.2043380992988,48.40215380601542],[37.2041059112989,48.40216648101535],[37.2038737202989,48.40217915601543],[37.2038731582989,48.40217918901538],[37.20387309629889,48.40217919301546],[37.203873032298894,48.40217919701547],[37.203872905298894,48.40217920301541],[37.2038726532989,48.40217921701547],[37.2038721462989,48.402179249015525],[37.20387163029889,48.4021792800154],[37.2036398152989,48.40219429701548],[37.203408003298996,48.40220931401547],[37.20340745029899,48.40220935301543],[37.203407380299,48.402209356015526],[37.203407309299,48.40220936201553],[37.203407168298995,48.40220937101552],[37.20340688629899,48.402209389015376],[37.20340632329889,48.40220943201549],[37.203405796299,48.402209468015535],[37.203174359299,48.40222682601548],[37.202942922299,48.40224418401542],[37.202942444299,48.402244222015504],[37.202942372299,48.40224422801548],[37.202942299299,48.402244233015566],[37.202942156299,48.40224424501552],[37.2029418662991,48.4022442660155],[37.202941290299,48.402244315015494],[37.202940820299,48.40224435201551],[37.2027097492991,48.40226405301555],[37.202478678299094,48.4022837540155],[37.2024781682991,48.402283799015535],[37.202478051299,48.40228381001553],[37.20247793429909,48.40228381901551],[37.2024777002991,48.402283840015514],[37.20247723329901,48.402283884015496],[37.2024766932991,48.4022839330155],[37.20224614329909,48.402305963015586],[37.202015594299105,48.40232799201555],[37.2020150472991,48.40232804701557],[37.2020149782991,48.402328054015534],[37.202014909299095,48.40232806101556],[37.202014772299094,48.40232807401554],[37.2020144962992,48.40232810101554],[37.2020139462991,48.40232815801555],[37.2020133632991,48.402328217015516],[37.20178338629919,48.402352571015555],[37.2015534072992,48.40237692401554],[37.2015529232992,48.40237697801558],[37.2015528512992,48.402376985015515],[37.201552782299196,48.40237699401557],[37.2015526422992,48.40237700901557],[37.20155236029921,48.402377038015565],[37.20155180029919,48.40237710301557],[37.20155129329919,48.40237715901554],[37.2013218532992,48.40240384001565],[37.2010924152993,48.40243052101559],[37.201092350299305,48.40243052901556],[37.2010922862993,48.40243053701557],[37.2010921592993,48.40243055201557],[37.2010919022992,48.402430583015594],[37.2010918422992,48.402430591015616],[37.2010917792992,48.402430599015595],[37.2010916532993,48.40243061201555],[37.20109140029929,48.40243064201554],[37.2010908992993,48.4024307050156],[37.2010904392992,48.40243076101562],[37.20086158629929,48.402459764015575],[37.200632735299294,48.40248876801561],[37.2006322312993,48.40248883401563],[37.2006321682993,48.40248884301566],[37.20063210529929,48.40248885001558],[37.20063197829929,48.40248886601555],[37.2006317242993,48.40248889901556],[37.20063121829929,48.40248896701556],[37.2006307412993,48.40248903101556],[37.200402612299406,48.40252033901566],[37.20017448129939,48.40255164801563],[37.2001739532994,48.40255172401568],[37.2001738882994,48.40255173301557],[37.20017382429939,48.40255174301562],[37.2001736942994,48.402551759015616],[37.200173435299405,48.4025517950157],[37.2001729202994,48.40255187101564],[37.2001723782994,48.40255195001557],[37.19994502929941,48.4025855540156],[37.1997176822994,48.40261916001571],[37.1997171962994,48.40261923401562],[37.199717127299394,48.40261924501562],[37.19971705729941,48.4026192550156],[37.19971692129939,48.4026192770156],[37.1997166452994,48.40261931701573],[37.1997160942994,48.40261940301563],[37.1997155832994,48.402619482015716],[37.199489008299494,48.40265538601561],[37.1992624332995,48.40269129001561],[37.1992619712995,48.40269136501563],[37.1992619062995,48.402691376015675],[37.1992618412995,48.40269138601563],[37.19926171329949,48.402691407015716],[37.199261454299496,48.40269144801563],[37.1990930892995,48.40269544001569],[37.1989247142995,48.402699430015645],[37.1987562662995,48.402701557015725],[37.1985878202996,48.40270368201566],[37.1982508662996,48.402704201015645],[37.198082417299595,48.40270259401576],[37.1979139472996,48.40270098601574],[37.19774555729969,48.40269751401575],[37.19757715529969,48.40269403901577],[37.1974088702997,48.402688702015745],[37.19724058629969,48.40268336201577],[37.1970724512998,48.402676159015705],[37.1969043302998,48.40266895801574],[37.1967364072998,48.40265989501588],[37.1965684842999,48.40265083001585],[37.1959785232999,48.40258427201582],[37.19507541029999,48.40248238401575],[37.1950828023,48.40264016801583],[37.1950725743,48.40283709901586],[37.1950715753,48.40284196501579],[37.195004782299996,48.40303200701584],[37.1949957943,48.40305161201585],[37.194927525299995,48.40314873301588],[37.1949081093,48.40313282901586],[37.1949385993001,48.403158855015924],[37.1949655423,48.40327538901581],[37.1949699233,48.40333631701596],[37.19497747729999,48.40344134901588],[37.1949737903,48.40355920101594],[37.194960812299996,48.40361543101595],[37.1948874753,48.403724719015926],[37.1945570553,48.40400923401594],[37.1942209593001,48.4042986330159],[37.1941134343001,48.40438719701597],[37.194005907300095,48.404475759016016],[37.1938396103001,48.40461272701604],[37.1918792143003,48.406449066016165],[37.1915211283003,48.40675306401615],[37.1914798093003,48.40680792001618],[37.1914866963003,48.406837634016185],[37.1915142413003,48.40685592001616],[37.191552116300294,48.40687649101618],[37.1916278663003,48.40687877701617],[37.1917001713003,48.4068696340162],[37.1917449323003,48.406862776016204],[37.191848226300294,48.40680563401617],[37.1936387543001,48.40535869201601],[37.19384996230009,48.40528079501598],[37.1940377043,48.405260023015856],[37.1943584283,48.405270409016005],[37.19459310629989,48.405280796016044],[37.19483560429989,48.40534830501606],[37.1954786282999,48.40551094301595],[37.19567155429979,48.40556075001598],[37.1957519412998,48.405567865015904],[37.1958916682998,48.405565721015954],[37.196110828299794,48.40549204001598]]]},"properties":{"pub_date":"2026-10-07"}},{"type":"Feature","geometry":{"bbox":[36.94285396033919,48.24863574601926,36.97983449333509,48.270414031021545],"type":"Polygon","coordinates":[[[36.9796013713353,48.24863574601926],[36.9795375663353,48.249036602019274],[36.97949909933529,48.24926713801936],[36.9792638963353,48.24956128101937],[36.9788916033353,48.249831522019406],[36.9785192973354,48.250101771019416],[36.978144779335395,48.250370645019515],[36.97777025233539,48.25063952301944],[36.97739352333549,48.25090702301953],[36.9770167853355,48.25117452401949],[36.9766378543356,48.25144064001953],[36.9762589183356,48.25170675701958],[36.9758777963356,48.25197148001967],[36.9754966723357,48.25223620501962],[36.9751133703357,48.25249952901969],[36.9747300713358,48.252762852019615],[36.9743446033358,48.25302477001979],[36.9739591403358,48.25328668201974],[36.973571516335895,48.2535471860197],[36.9731839003359,48.253807682019776],[36.972794131336,48.25406676401986],[36.972404375336,48.25432583501984],[36.97201248133601,48.254583480019804],[36.971620588336094,48.254841123019915],[36.95812385333749,48.26120971402073],[36.9581237913376,48.261209742020675],[36.9581237303376,48.26120977202077],[36.9581236083376,48.261209829020686],[36.9581233613376,48.26120994502069],[36.9581233053375,48.261209971020804],[36.9581232513375,48.2612099980208],[36.95812313833749,48.26121005002069],[36.9581229163375,48.261210155020734],[36.9581220223376,48.26121057502082],[36.9579111403376,48.26131072902068],[36.9577005043376,48.26141076402079],[36.95769937033759,48.26141130702077],[36.9576988563376,48.26141155402076],[36.95769880133759,48.26141158002077],[36.9576987453376,48.261411607020754],[36.9576986343376,48.26141166002078],[36.957698411337596,48.2614117670208],[36.95769796633759,48.261411982020775],[36.95769791233759,48.26141200802075],[36.957697858337596,48.26141203402074],[36.9576977503376,48.26141208602072],[36.9576975353376,48.26141219102076],[36.95769671333759,48.26141258802077],[36.9574877553376,48.261514620020776],[36.9572789533376,48.261616577020696],[36.95727798133769,48.26161705602081],[36.957277451337596,48.26161731702082],[36.9572773963377,48.26161734402072],[36.9572773403376,48.261617373020826],[36.95727722933769,48.261617426020734],[36.9572770063376,48.26161753502081],[36.95727656333771,48.26161775702086],[36.95727650233759,48.26161778602079],[36.9572764423376,48.26161781702071],[36.9572763213377,48.261617876020836],[36.9572760813376,48.26161799702078],[36.957275037337695,48.26161851502072],[36.95706835933769,48.26172225302076],[36.9568616633377,48.261825997020786],[36.95686064533769,48.26182651302082],[36.956860169337695,48.2618267550208],[36.956860111337704,48.26182678502081],[36.9568600553377,48.26182681302086],[36.9568599413377,48.26182687002079],[36.9568597143377,48.261826985020804],[36.9568592603377,48.26182721702083],[36.95685920933769,48.26182724302086],[36.9568591583377,48.26182726802081],[36.956859057337695,48.261827321020796],[36.9568588533377,48.26182742502078],[36.95685774333769,48.26182799202079],[36.956653200337705,48.26193350302079],[36.9564483963377,48.262039146020875],[36.9564475523377,48.262039586020826],[36.9564474953377,48.26203961602073],[36.9564474373378,48.26203964602083],[36.95644732533769,48.26203970502085],[36.9564470963377,48.26203982402088],[36.9564470333377,48.26203985602085],[36.9564469743377,48.262039888020865],[36.9564468523378,48.26203995102086],[36.9564466073377,48.262040078020846],[36.9564461193377,48.26204033602087],[36.95644605733779,48.26204036702088],[36.9564459963377,48.262040400020865],[36.95644587533769,48.26204046402083],[36.95644563233779,48.262040591020835],[36.9564445793377,48.262041144020834],[36.95624213033769,48.26214844802088],[36.9560393853378,48.262255908020826],[36.9560393383378,48.26225593302083],[36.9560392913378,48.26225595802091],[36.9560391963378,48.26225600802092],[36.9560390083378,48.262256109020775],[36.95603863333779,48.26225630902094],[36.956038220337796,48.26225653002077],[36.9560381633378,48.26225656202079],[36.9560381053378,48.2622565930209],[36.9560379893378,48.26225665502086],[36.9560377563378,48.262256778020785],[36.9560372933378,48.26225702902094],[36.9560372323378,48.262257061020804],[36.956037172337794,48.2622570950208],[36.9560370493378,48.26225716102081],[36.9560368043378,48.26225729202093],[36.956035836337804,48.262257814020785],[36.9558355053378,48.26236689902096],[36.955634989337796,48.26247608402086],[36.9556342113378,48.262476510020896],[36.95563375333779,48.26247676202086],[36.9556336883378,48.26247679902092],[36.955633623337796,48.26247683402086],[36.9556334933378,48.26247690502085],[36.9556332323378,48.262477048020834],[36.955632714337796,48.2624773370209],[36.9556326573378,48.262477368020896],[36.9556326013378,48.26247740002089],[36.95563248633779,48.26247746202087],[36.9556322603378,48.26247758802085],[36.95563131433779,48.26247811202089],[36.9554331293378,48.26258896202092],[36.9552347853378,48.26269990202095],[36.9552340053379,48.26270034202095],[36.9552335853379,48.262700580020834],[36.9552335263379,48.26270061302096],[36.95523346533789,48.262700646020825],[36.955233347337895,48.262700714020944],[36.9552331083378,48.26270084802095],[36.95523263133789,48.262701120020935],[36.9552325813378,48.262701147020955],[36.9552325343379,48.26270117502099],[36.9552324343379,48.26270123202086],[36.95523223833789,48.26270134402082],[36.9552314263379,48.26270180602087],[36.9550352943379,48.262814478020864],[36.9548392243379,48.2629271120209],[36.954838356337895,48.262927616020924],[36.9548378783379,48.262927893020915],[36.9548378243379,48.2629279250209],[36.9548377703379,48.262927956020924],[36.954837664337894,48.262928018020986],[36.95483745133791,48.26292814002089],[36.9548370233379,48.26292839002091],[36.95483697333789,48.26292842002091],[36.9548369213379,48.262928451020876],[36.9548368183379,48.262928511020924],[36.9548366113379,48.26292863102088],[36.95483570733789,48.262929161020935],[36.9546418723379,48.263043515020925],[36.954448027338,48.26315787502096],[36.9544471403379,48.263158403020995],[36.95444674133789,48.26315864002096],[36.954446690337996,48.26315867102087],[36.954446637338,48.263158701021],[36.95444653533799,48.263158763020975],[36.95444632933799,48.26315888502094],[36.95444591733789,48.26315913202097],[36.9544458643379,48.263159165021],[36.9544458103379,48.26315919702097],[36.9544457033379,48.26315926102097],[36.9544454883379,48.26315939002101],[36.954444528338,48.26315996602096],[36.954253039338,48.26327597402099],[36.954061474338,48.26339202602103],[36.954060600338,48.26339256102097],[36.95406021633799,48.26339279602091],[36.954060166338,48.26339282602108],[36.954060115338,48.26339285702103],[36.954060015338,48.263392919020916],[36.95405981333789,48.26339304102101],[36.954059409338,48.26339329002095],[36.95405936433799,48.26339331702093],[36.95405931933799,48.26339334602095],[36.95405922733799,48.263393401021055],[36.95405904533799,48.263393514021075],[36.954058304338,48.263393971020925],[36.95386891733799,48.26351178102108],[36.953679767338,48.26362944002103],[36.953678796338,48.26363005102103],[36.953678343338,48.263630335021034],[36.95367829633799,48.26363036402102],[36.953678249338,48.26363039402101],[36.95367815433799,48.263630452021026],[36.953677967338,48.263630570021036],[36.95367759333809,48.26363080602105],[36.95367753433799,48.26363084302105],[36.953677476337994,48.263630881021015],[36.953677359338,48.263630955021],[36.953677125338096,48.26363110302108],[36.95367633033809,48.263631606021],[36.953489400338,48.26375099902106],[36.9533025423381,48.263870345021026],[36.953301681338,48.26387089902098],[36.9533012513381,48.26387117502104],[36.9533012023381,48.26387120702113],[36.9533011523381,48.26387123902107],[36.95330105433809,48.263871302021],[36.9533008613381,48.26387142702112],[36.9533004713381,48.263871681021],[36.95330041633811,48.263871716021136],[36.9533003633381,48.26387175202109],[36.953300254338096,48.26387182202101],[36.953300037338,48.263871963021025],[36.9532992323381,48.26387248602111],[36.953114673338,48.26399351402103],[36.95293012733809,48.26411453402106],[36.9529293153381,48.26411507102105],[36.95292893333809,48.26411532402109],[36.9529288853381,48.26411535602105],[36.9529288393381,48.26411538702107],[36.95292874533809,48.264115449021034],[36.9529285563381,48.26411557402107],[36.95292818033809,48.26411582502107],[36.9529281283381,48.264115860021064],[36.952928076338104,48.26411589402109],[36.95292797433811,48.26411596302105],[36.9529277683381,48.26411610002108],[36.952926934338095,48.26411665702106],[36.9527448163382,48.264239276021094],[36.95256265533819,48.26436192202111],[36.9525618703382,48.264362455021015],[36.9525615293381,48.26436268802104],[36.95256147833819,48.26436272202102],[36.9525614273381,48.26436275702115],[36.9525613253381,48.26436282702116],[36.9525611213381,48.26436296502116],[36.9525607143381,48.264363243021016],[36.9525606613382,48.264363281021026],[36.9525606053381,48.264363318021054],[36.9525604983381,48.26436339302106],[36.9525602813381,48.26436354202103],[36.95255933333819,48.26436419002104],[36.95237980833821,48.26448829502116],[36.9522000093382,48.26461258802115],[36.9521999683382,48.26461261702107],[36.9521999263382,48.26461264602111],[36.95219984333811,48.26461270402109],[36.952199676338196,48.264612821021124],[36.95219934233819,48.264613053021094],[36.9521989813382,48.264613307021065],[36.9521989353382,48.26461333802112],[36.9521988893382,48.264613370021145],[36.9521987973382,48.26461343302113],[36.952198618338194,48.26461356002111],[36.9521982563382,48.2646138140211],[36.952198204338195,48.264613850021114],[36.9521981533382,48.26461388602113],[36.9521980503382,48.2646139590211],[36.9521978423382,48.264614105021145],[36.9521970443382,48.26461466702113],[36.9520198593382,48.264740430021135],[36.9518427353382,48.26486614702117],[36.9518418803382,48.26486676002115],[36.9518415013382,48.26486703202115],[36.9518414523382,48.264867068021175],[36.95184140333819,48.264867103021196],[36.9518413053382,48.2648671720212],[36.9518411093382,48.26486731202119],[36.95184072133819,48.26486759302106],[36.9518406733382,48.264867628021115],[36.9518406263382,48.264867662021175],[36.951840530338195,48.264867732021195],[36.9518403383382,48.26486786902107],[36.95183960633819,48.26486839902121],[36.95166484033821,48.26499576902115],[36.9514900113382,48.265123186021185],[36.951489345338196,48.26512367502116],[36.951488987338294,48.26512393902114],[36.9514889463383,48.265123969021175],[36.95148890633829,48.265123999021135],[36.9514888223382,48.265124059021204],[36.951488659338295,48.26512418002113],[36.9514883313383,48.26512442302116],[36.9514882853382,48.26512445702117],[36.9514882403383,48.26512449102119],[36.951488149338296,48.26512455902116],[36.951487965338295,48.26512469502118],[36.9514872793383,48.265125205021185],[36.9513150443383,48.26525410102108],[36.951142935338304,48.26538290402122],[36.951142130338305,48.26538351202126],[36.9511417273383,48.265383816021206],[36.95114167733829,48.26538385402123],[36.9511416263383,48.26538389202116],[36.95114152633829,48.26538396702116],[36.9511413263383,48.26538411802117],[36.9511409283383,48.26538442202126],[36.9511408843383,48.265384454021266],[36.951140841338294,48.26538448702119],[36.9511407553383,48.265384554021175],[36.951140581338294,48.265384687021125],[36.9511398223383,48.26538526502121],[36.9509702623383,48.26551558002119],[36.9508006913383,48.26564590402122],[36.9507999503383,48.2656464790211],[36.9507995643383,48.265646778021214],[36.9507995163383,48.26564681502121],[36.9507994663383,48.26564685302122],[36.9507993693383,48.26564693002125],[36.9507991733383,48.26564708002121],[36.9507987853383,48.26564738402124],[36.95079874233829,48.265647419021235],[36.9507986973383,48.26564745402134],[36.950798608338296,48.26564752402123],[36.9507984303383,48.26564766202122],[36.9507976693383,48.265648259021226],[36.9506306953383,48.26578005702126],[36.950463629338394,48.265911931021186],[36.9504629693384,48.26591245702119],[36.9504626063383,48.26591274502117],[36.9504625643383,48.26591278002131],[36.9504625203383,48.265912814021206],[36.950462433338295,48.26591288402123],[36.9504622603383,48.26591302202128],[36.950461913338295,48.26591330102128],[36.950461874338394,48.26591333102121],[36.9504618353384,48.26591336202119],[36.9504617573383,48.2659134250212],[36.950461602338294,48.2659135500212],[36.9504609173384,48.26591410102133],[36.9502964483383,48.266047451021244],[36.9501319843384,48.266180798021274],[36.9501313013384,48.266181356021285],[36.9501309773383,48.266181622021264],[36.9501309343383,48.26618165602128],[36.9501308933384,48.26618169102129],[36.9501308083384,48.26618175902127],[36.9501306413384,48.26618189602133],[36.9500500323384,48.26623429202131],[36.9499691853384,48.26628684002136],[36.9498861543384,48.26633754502134],[36.94980289833839,48.26638838602135],[36.94971752533839,48.26643735202131],[36.9496319403384,48.266486436021275],[36.9495443063385,48.26653361402131],[36.9494564783385,48.266580893021306],[36.94936666833839,48.26662623602133],[36.94927668333851,48.266671666021296],[36.94918478033849,48.26671513102134],[36.94909272433849,48.26675866802134],[36.948998824338496,48.26680021202141],[36.9489047883385,48.266841813021294],[36.948808979338494,48.2668813950213],[36.948713051338494,48.26692102302139],[36.9486154243385,48.266958602021326],[36.9485177003385,48.26699621702131],[36.948418350338606,48.267031758021446],[36.9483189263385,48.267067326021355],[36.94821794933859,48.26710079402137],[36.948116923338596,48.267134278021345],[36.94801441733859,48.267165641021336],[36.9479118853386,48.26719701002135],[36.947807947338696,48.267226236021365],[36.9477040103386,48.26725546002137],[36.947598743338595,48.26728252202136],[36.947493502338695,48.26730957302142],[36.947387006338694,48.2673344410214],[36.947280563338694,48.26735929402145],[36.947172944338696,48.267381946021416],[36.947065402338694,48.26740457902145],[36.9469567613387,48.26742498902145],[36.9468482263388,48.26744537902144],[36.94673867033881,48.26746352902144],[36.9466292473388,48.26748165802144],[36.94651888233879,48.267497529021455],[36.9464086763388,48.26751337802147],[36.946297608338796,48.2675269550215],[36.946186728338795,48.26754051002152],[36.9460750653389,48.2675517810215],[36.9459636183389,48.267563028021456],[36.945851468338894,48.26757197902147],[36.9457395643389,48.26758091002151],[36.9456270353389,48.2675875310215],[36.9455147813389,48.26759413802148],[36.9454019843389,48.2675984240216],[36.945289489339,48.26760269802156],[36.94517669633889,48.2676046410215],[36.945063905339,48.26760658402162],[36.945063837339,48.26760658502158],[36.945063768339,48.26760658402162],[36.945063692339,48.2676065830216],[36.94506361633899,48.2676065830216],[36.945063372339,48.2676065800215],[36.944940919339,48.267606876021624],[36.944940813339,48.267606877021485],[36.944940706339,48.26760687902151],[36.944940585339,48.26760688102149],[36.944940521339,48.26760688202149],[36.944940458339,48.26760688302149],[36.944940329339,48.26760688802152],[36.944940254339,48.26760688902158],[36.944940178338996,48.26760689102153],[36.94493988033899,48.26760690002161],[36.944878855339,48.267609377021536],[36.944817810339,48.267611853021485],[36.944817533339,48.26761186802158],[36.944817389339,48.26761187602147],[36.94481731433899,48.26761188002159],[36.944817239338995,48.26761188402157],[36.94481708933899,48.2676118950216],[36.944817015339,48.267611899021574],[36.944816939339,48.2676119040216],[36.944816645339,48.26761192302152],[36.944755931339,48.26761672302149],[36.94469513833899,48.26762152702162],[36.944695030339,48.26762153602162],[36.94469492333899,48.267621547021655],[36.94469478133911,48.26762155902157],[36.944694716339,48.267621566021504],[36.944694651339,48.2676215690216],[36.944694524339006,48.26762158302163],[36.944694455339,48.26762159102159],[36.944694387339,48.26762159802158],[36.944694141339,48.267621625021626],[36.94463388633899,48.26762873202155],[36.944573658339,48.26763583802158],[36.944573388339,48.2676358730216],[36.94457324633909,48.2676358920215],[36.944573171339094,48.26763590202151],[36.944573098339,48.26763591202152],[36.94457295333899,48.26763593202161],[36.944572888339,48.26763594102153],[36.944572823339,48.26763595102153],[36.944572561339,48.26763598902159],[36.94451304133909,48.2676453770216],[36.944453466339,48.26765477602161],[36.94445336433899,48.2676547940215],[36.9444532603391,48.2676548110216],[36.9444531133391,48.267654836021606],[36.94445304633899,48.26765484802155],[36.944452977339,48.267654859021604],[36.944452840339096,48.267654885021635],[36.944452772339,48.267654898021505],[36.94445270433899,48.267654910021584],[36.94445241733911,48.267654963021535],[36.9443938283391,48.2676666000215],[36.9443351983391,48.26767824302151],[36.9443349543391,48.267678294021636],[36.9443348283391,48.26767832102156],[36.94433475533909,48.26767833802159],[36.9443346843391,48.26767835302151],[36.944334538339,48.26767838602153],[36.9443344683391,48.26767840202162],[36.944334398339095,48.26767841702166],[36.94433412033909,48.26767848002161],[36.9442766253391,48.267692329021486],[36.9442190633391,48.26770619702151],[36.94421896033909,48.26770622202151],[36.9442188563391,48.26770624902163],[36.9442187333391,48.26770628002165],[36.9442186693391,48.26770629702163],[36.9442186023391,48.26770631402163],[36.94421847133909,48.26770635002167],[36.94421840333909,48.26770636702162],[36.94421833833909,48.26770638502149],[36.9442181143391,48.267706445021496],[36.9441618513391,48.26772247702152],[36.94410560833909,48.26773850302164],[36.94410536733909,48.26773857502165],[36.9441052293391,48.26773861802166],[36.94410517233909,48.26773863402152],[36.94410511533909,48.267738652021514],[36.9441050003391,48.26773868802153],[36.9441049333391,48.26773870902166],[36.9441048643391,48.26773873102166],[36.9441045883391,48.267738818021634],[36.9440498613391,48.26775694502162],[36.9439951563391,48.26777506502166],[36.94399486533909,48.26777516502153],[36.94399472233909,48.26777521502163],[36.9439946573391,48.26777523702166],[36.9439945933391,48.26777525902165],[36.9439944673391,48.267775306021626],[36.9439943983391,48.26777533202156],[36.9439943293391,48.26777535602156],[36.9439940873391,48.26777544402155],[36.9439409763391,48.26779563902155],[36.943887866339196,48.26781583402168],[36.9438876283391,48.26781592802158],[36.9438875193391,48.26781597102159],[36.943887461339095,48.26781599502164],[36.9438874013391,48.26781601802169],[36.9438872853391,48.267816066021645],[36.943887228339094,48.267816090021554],[36.943887172339096,48.26781611402168],[36.9438869443391,48.267816207021674],[36.9438356483391,48.26783839602155],[36.9437843743391,48.26786057502158],[36.9437841303391,48.26786068502154],[36.9437840143391,48.26786073702156],[36.9437839523391,48.26786076502166],[36.9437838913392,48.267860792021686],[36.94378376733909,48.26786085102169],[36.943783713339094,48.26786087602156],[36.9437836583391,48.26786090202153],[36.9437834443391,48.2678610030216],[36.943734136339195,48.2678851110216],[36.9436848533391,48.26790920602156],[36.9436846183391,48.26790932602162],[36.94368451133911,48.26790938002163],[36.9436844543392,48.26790941002156],[36.9436843983391,48.26790943802158],[36.9436842853391,48.26790949802155],[36.94368422933909,48.26790952702166],[36.9436841753392,48.267909556021586],[36.9436839483392,48.267909677021564],[36.94363681233909,48.26793561302158],[36.94358961733919,48.26796158402163],[36.9435895363392,48.2679616300216],[36.9435894563392,48.26796167602158],[36.9435893523392,48.267961735021565],[36.9435893023391,48.26796176502162],[36.9435892513392,48.26796179302157],[36.9435891503392,48.26796185302156],[36.9435891013392,48.267961882021574],[36.9435890533392,48.26796191102161],[36.943588874339206,48.26796201702161],[36.943544000339195,48.26798973502163],[36.94349915833919,48.26801743402158],[36.9434989533391,48.268017564021655],[36.9434988653392,48.26801762102165],[36.9434988143392,48.26801765502165],[36.9434987613392,48.26801768802161],[36.943498658339195,48.268017756021635],[36.9434985763391,48.26801781002159],[36.943498412339196,48.26801792002164],[36.94345598533909,48.268047310021515],[36.94341355233921,48.26807670302168],[36.943413476339195,48.26807675902162],[36.9434133983392,48.26807681402164],[36.9434133123392,48.26807687602165],[36.9434132693392,48.268076908021655],[36.943413226339196,48.268076938021665],[36.9434131423392,48.26807700002164],[36.94341306533919,48.26807705902165],[36.94341290233919,48.26807718002162],[36.9433730783392,48.26810813302165],[36.9433332393392,48.268139096021685],[36.9433331683392,48.268139152021625],[36.9433330983392,48.26813920902167],[36.9433330073392,48.268139283021654],[36.9433329663391,48.26813931602165],[36.9433329253392,48.26813934902164],[36.943332844339196,48.26813941802166],[36.943332803339196,48.268139452021686],[36.9433327623392,48.26813948602165],[36.9433326133392,48.268139611021546],[36.94329551833919,48.26817202802167],[36.9432584173392,48.268204449021674],[36.9432582813392,48.26820457302168],[36.9432581993392,48.26820464802171],[36.943258161339195,48.26820468302169],[36.94325812033921,48.2682047180216],[36.9432580463392,48.2682047890216],[36.9432579853392,48.268204846021675],[36.9432578503392,48.26820497502167],[36.9432235873392,48.268238766021646],[36.9431893033392,48.2682725790216],[36.943189250339195,48.26827263402171],[36.9431891983392,48.26827268802171],[36.9431891283392,48.2682727590217],[36.9431890943392,48.26827279402164],[36.9431890603392,48.2682728280217],[36.9431889943392,48.268272899021724],[36.9431889323392,48.26827296602171],[36.9431888193392,48.268273088021616],[36.9431574983392,48.2683081520217],[36.9431261933392,48.26834319802172],[36.9431260723392,48.2683433400216],[36.9431260173392,48.26834340302158],[36.94312596933919,48.26834345802167],[36.9431259243392,48.26834351402161],[36.9431258773392,48.268343572021635],[36.9431257783392,48.26834369202169],[36.9430975063392,48.26837991402167],[36.9430692443392,48.26841612202164],[36.9430691933392,48.268416188021625],[36.9430691433392,48.268416256021624],[36.943069104339195,48.26841630902168],[36.9430690543392,48.26841637602163],[36.9430690063392,48.268416443021735],[36.9430689643392,48.268416505021655],[36.94306888433919,48.26841661602163],[36.9430437623392,48.268453868021666],[36.9430186383392,48.26849112802165],[36.943018604339194,48.26849118302168],[36.9430185703392,48.26849123502167],[36.9430185363392,48.26849128902166],[36.9430185023392,48.268491342021676],[36.94301847033919,48.268491395021684],[36.9430184343392,48.26849145702159],[36.9430183553392,48.268491585021664],[36.9429964853392,48.26852972302166],[36.9429746143392,48.26856786102166],[36.9429745793392,48.2685679250217],[36.942974544339194,48.26856798902167],[36.9429745133392,48.26856804602168],[36.9429744783392,48.26856811102159],[36.94297444433921,48.26856817602168],[36.942974415339194,48.26856823302167],[36.9429743593392,48.268568345021684],[36.9429557943392,48.268607275021665],[36.94293721933919,48.26864622302174],[36.9429371993392,48.26864626902167],[36.9429371783392,48.26864631502172],[36.942937151339194,48.26864637602171],[36.942937128339196,48.268646431021686],[36.942937103339204,48.2686464880217],[36.9429370813392,48.26864654202174],[36.9429370433392,48.268646633021625],[36.9429218393392,48.26868624702162],[36.94290664333919,48.26872584502166],[36.94290662333919,48.26872590002164],[36.9429066023392,48.26872595502168],[36.9429065863392,48.26872600602164],[36.94290657133919,48.26872604502161],[36.94290655733919,48.26872608602162],[36.9429065433392,48.268726133021765],[36.942906507339195,48.26872624402165],[36.94289473433919,48.26876637202164],[36.9428829513392,48.268806537021675],[36.9428829303392,48.26880661302163],[36.9428829203392,48.26880665602163],[36.9428829113392,48.26880669302168],[36.942882901339196,48.268806731021655],[36.9428828933392,48.26880676702165],[36.9428828643392,48.26880689402167],[36.9428745613392,48.26884739802166],[36.9428662473392,48.26888796002169],[36.942866235339196,48.268888031021646],[36.942866229339195,48.26888807002169],[36.9428662233392,48.26888811002169],[36.9428662163392,48.26888815202171],[36.942866211339194,48.2688881960217],[36.9428661953392,48.268888293021654],[36.9428613873392,48.2689290830217],[36.9428565733392,48.26896990502172],[36.9428565663392,48.26896997002172],[36.9428565623392,48.268970027021716],[36.9428565593392,48.26897006802172],[36.9428565553392,48.268970119021695],[36.94285396233921,48.26905204202172],[36.94285396033919,48.26905211702172],[36.942853961339196,48.26905214602177],[36.94285396233921,48.26905218202163],[36.9428539633392,48.26905222802175],[36.9428539653392,48.26905229802171],[36.942856191339196,48.26909323802165],[36.9428584193392,48.26913420502166],[36.9428584223392,48.26913423602174],[36.9428584283392,48.26913429602166],[36.9428584333392,48.269134346021666],[36.9428584403392,48.26913440702176],[36.9428641863392,48.26917520702169],[36.9428699323392,48.269216017021726],[36.94286994333919,48.26921608302169],[36.9428699503392,48.26921613002169],[36.942869966339195,48.26921620202169],[36.9428792133392,48.269256726021716],[36.9428884623392,48.269297269021706],[36.9428884733392,48.26929731202172],[36.9428884833392,48.2692973510217],[36.94288849233919,48.26929738002171],[36.94288850333919,48.26929742002172],[36.94290122933919,48.26933755902171],[36.942913973339195,48.269377748021746],[36.9429301523392,48.26941739702161],[36.9429463213392,48.26945701602174],[36.9429463403392,48.269457057021775],[36.9429658963392,48.26949601102167],[36.94298546033921,48.269534979021664],[36.9430083403392,48.26957313702169],[36.9430312233392,48.269611296021665],[36.9430573473391,48.26964851702175],[36.94308347333919,48.26968574302173],[36.9431127553391,48.26972190802173],[36.9431420403392,48.26975807902179],[36.94326820233909,48.26979533802166],[36.94339436833909,48.269832602021786],[36.94352192133909,48.26986770302171],[36.943649476339,48.269902811021666],[36.94377833533909,48.2699357330217],[36.943907195339,48.26996866102169],[36.94403727333899,48.269999382021616],[36.944167356339,48.270030108021636],[36.944298571339,48.27005860602169],[36.9444297903389,48.27008711202164],[36.944562057338906,48.27011337002166],[36.9446943253389,48.27013963402163],[36.9448275573389,48.27016363602166],[36.9449607923389,48.270187644021625],[36.9450949003388,48.27020937102164],[36.9452290113388,48.27023110602155],[36.945363910338806,48.27025054702156],[36.9454988113388,48.270269995021714],[36.94563441233879,48.27028713602158],[36.94577001633879,48.27030428502159],[36.9459062303387,48.2703191160216],[36.9460424493387,48.270333953021606],[36.94617918933871,48.270346462021664],[36.94631593033869,48.27035898002166],[36.9464531053387,48.270369160021595],[36.9465902833386,48.27037934902161],[36.9467278043386,48.27038719502156],[36.9468653273386,48.27039504702164],[36.94700310433859,48.270400553021524],[36.9471408853386,48.27040606502166],[36.94727882833859,48.27040922502156],[36.947416775338496,48.270412394021555],[36.947692818338496,48.270414031021545],[36.947830824338496,48.27041249802157],[36.947968834338496,48.27041097402151],[36.9481067363385,48.270407096021565],[36.9482446433385,48.27040322602141],[36.9483823513384,48.270397006021504],[36.9485200643384,48.27039079302141],[36.948657489338395,48.270382232021554],[36.94879491833841,48.27037368002156],[36.9489319713383,48.27036278502152],[36.9490690263383,48.27035190002139],[36.9492056153383,48.27033868002155],[36.9493422103383,48.270325468021525],[36.94947824733829,48.27030992902154],[36.9496142893383,48.2702943990215],[36.9497496863382,48.27027655302152],[36.949885087338195,48.27025871502138],[36.95001975533819,48.270238575021374],[36.9501544283382,48.270218441021385],[36.9502882793382,48.27019601602142],[36.9504221353382,48.27017360002149],[36.950555083338095,48.2701489070215],[36.9506880363381,48.27012422102135],[36.95081999233809,48.27009727602135],[36.9509519543381,48.27007034002144],[36.9510828343381,48.27004115902145],[36.951213718338,48.270011988021395],[36.95134343733799,48.269980592021376],[36.95147315833799,48.26994920502132],[36.951601630338,48.26991561502137],[36.951730106338,48.269882031021396],[36.951857246338,48.26984626702126],[36.95198439033799,48.269810512021365],[36.952110117337895,48.26977260002139],[36.9522358493379,48.26973469302132],[36.9523600793379,48.2696946550213],[36.9524843153379,48.26965462402134],[36.95260696933789,48.269612486021295],[36.9527296293379,48.26957035602131],[36.9528506253379,48.26952614802131],[36.9529716283379,48.269481946021266],[36.9530908893379,48.269435693021244],[36.9532101563378,48.26938945002122],[36.9533276053378,48.269341185021204],[36.9534450593378,48.269292927021176],[36.9535606163378,48.26924268202127],[36.953676178337794,48.26919244402121],[36.9537897703377,48.269140251021234],[36.9539033693377,48.26908806402127],[36.9540149223377,48.26903395602112],[36.954126479337695,48.268979855021236],[36.9542359203377,48.268923869021194],[36.95434536633769,48.26886788802117],[36.9544526223377,48.26881005802116],[36.9545598843377,48.268752237021125],[36.9546648863377,48.26869260202113],[36.9547698943376,48.26863297502109],[36.95487257433759,48.26857157502119],[36.954975261337594,48.26851018202118],[36.95507555033759,48.26844705702117],[36.9551758483376,48.26838393702113],[36.9552736853376,48.26831912502107],[36.9553715253376,48.2682543230211],[36.9554668433376,48.26818786902115],[36.95556216633759,48.26812142402102],[36.9556549033376,48.268053372021],[36.9557476453375,48.267985326021126],[36.95583774233749,48.267915720021094],[36.955927842337495,48.267846120021034],[36.95601523833749,48.267775005021164],[36.95610263833749,48.26770389502106],[36.9561872783375,48.267631316021],[36.9562719213375,48.26755874502112],[36.9563537473375,48.26748475102106],[36.9564355783375,48.26741076202108],[36.956514539337505,48.267335401021036],[36.9565935053375,48.26726004602102],[36.9566695493375,48.26718336502095],[36.9567455973375,48.26710669302106],[36.956818673337494,48.26702874602101],[36.9568917563375,48.26695080402101],[36.956961817337394,48.266871639020984],[36.9570318833374,48.26679248102094],[36.95703190533751,48.26679242402091],[36.9570319273375,48.26679236602097],[36.9570664593374,48.26669964502106],[36.957100992337494,48.266606924021],[36.9571010333374,48.26660681802097],[36.9571010533374,48.266606765021024],[36.9571010753374,48.26660671202103],[36.957138989337395,48.266514670020975],[36.95717696633739,48.26642247402092],[36.9571770213375,48.266422343020935],[36.95717705033739,48.266422279021],[36.9571770803375,48.266422212020956],[36.9572183863374,48.26633081502089],[36.9572597553374,48.266239278020954],[36.9572598073374,48.266239168021016],[36.957259833337396,48.266239113020895],[36.9572598593374,48.266239058020936],[36.9573045323374,48.26614836202096],[36.957349266337395,48.26605754202096],[36.9573493363374,48.266057403020945],[36.95734937333749,48.26605733502093],[36.9573494093374,48.26605726702094],[36.9573974113374,48.265967344020936],[36.9574454733374,48.26587731402103],[36.9574455573374,48.26587715902096],[36.9574456013374,48.26587708302097],[36.95744562333749,48.26587704402099],[36.9574456453375,48.26587700602091],[36.95749695433741,48.265787903020865],[36.9575483183374,48.26569870402093],[36.9575484123374,48.265698545020896],[36.9575484603374,48.265698467020954],[36.9575484843374,48.265698427020915],[36.957548508337396,48.26569838802089],[36.957603106337395,48.26561013602088],[36.9576577523374,48.26552180502088],[36.9576578373374,48.265521670020874],[36.9576578813374,48.26552160302088],[36.95765792433739,48.265521536020856],[36.957715778337395,48.26543418802097],[36.9577736753374,48.26534677502091],[36.9577737673374,48.26534663902094],[36.9577738133374,48.2653465730208],[36.957773859337394,48.265346505020936],[36.9578349283374,48.26526012602093],[36.957896033337406,48.2651736950209],[36.9578961313374,48.26517356002085],[36.9578961803374,48.26517349402088],[36.95789622933739,48.26517342602088],[36.9579604733374,48.265088073020856],[36.9580247473374,48.26500267902083],[36.9580248563374,48.2650025370208],[36.9580249103374,48.26500246702084],[36.9580249403374,48.26500243002083],[36.9580249663374,48.26500239502086],[36.9580923423374,48.26491812202089],[36.9581597403374,48.2648338220209],[36.958159860337396,48.264833673020874],[36.9581599233374,48.26483359902092],[36.95815995433739,48.26483356202086],[36.95815998533741,48.26483352502091],[36.9582304623373,48.264750374020835],[36.9583009493374,48.26466720902083],[36.9583010673374,48.26466707102081],[36.9583011293374,48.26466700302078],[36.9583011893374,48.264666934020845],[36.9583747193374,48.2645849600208],[36.9584482513374,48.26450298502085],[36.958448390337395,48.26450283102088],[36.958448462337394,48.264502755020914],[36.9584484973374,48.264502718020886],[36.95844853233739,48.26450267902088],[36.9585250683373,48.264421936020845],[36.9586015933373,48.26434120402082],[36.95860173733729,48.264341054020875],[36.9586018113374,48.26434098102088],[36.9586018483374,48.26434094302083],[36.95860188433729,48.26434090602083],[36.9586813903373,48.264261432020795],[36.9587608733373,48.2641819810208],[36.9587610173373,48.264181838020775],[36.958761091337294,48.264181768020805],[36.9587611283373,48.264181731020784],[36.9587611663373,48.26418169602077],[36.95884359733729,48.264103538020855],[36.9589259893373,48.26402541402072],[36.958926136337304,48.264025277020835],[36.9589262103373,48.26402521102072],[36.9589262463373,48.26402517602084],[36.95892628533729,48.26402514202072],[36.95901157533731,48.2639483590207],[36.9590968153373,48.263871622020766],[36.9590969893373,48.263871468020746],[36.9590970773373,48.26387139302081],[36.9590971203373,48.263871356020765],[36.959097164337294,48.2638713170208],[36.9591852513373,48.26379596902076],[36.959273271337295,48.26372067602074],[36.9592734763373,48.26372050402079],[36.95927357933729,48.263720419020736],[36.9592736323373,48.263720376020764],[36.9592736823373,48.263720334020725],[36.9593645233373,48.26364645602075],[36.95945527933729,48.263572644020854],[36.9594554893373,48.26357247602073],[36.9594555963373,48.26357239302071],[36.9594556483372,48.26357235102079],[36.959455702337195,48.263572310020834],[36.9595492643373,48.26349992502075],[36.9596427293373,48.26342761702076],[36.95964291933719,48.26342747202076],[36.9596430143373,48.26342740202072],[36.9596430623372,48.26342736602077],[36.9596431103373,48.263427330020754],[36.959739340337194,48.26335648702071],[36.9598354513372,48.263285728020705],[36.95983565033729,48.26328558302083],[36.9598357503372,48.26328551302075],[36.9598358003373,48.26328547602069],[36.9598358513372,48.263285442020745],[36.9599346623372,48.263216199020675],[36.960033339337194,48.263147051020766],[36.9600335673372,48.26314689402066],[36.960033682337205,48.26314681802067],[36.960033740337195,48.26314677802077],[36.9600337963372,48.263146738020644],[36.9601351483372,48.26307913002077],[36.960236347337194,48.26301162102073],[36.960236551337196,48.2630114880207],[36.9602366533372,48.26301142102067],[36.9602367053372,48.263011389020626],[36.960236756337196,48.263011357020666],[36.9603405983372,48.26294541202073],[36.9604442693372,48.262879578020716],[36.9604444773372,48.2628794460207],[36.9604445843371,48.26287938102074],[36.9604446363372,48.262879349020736],[36.9604446903372,48.262879316020715],[36.9605509383372,48.2628150950207],[36.9606569893371,48.26275098902068],[36.9606571053372,48.26275092002079],[36.960657163337196,48.26275088602062],[36.9606572203371,48.262750850020666],[36.9609214993371,48.262648058020744],[36.9611857823371,48.262545270020574],[36.96144824633699,48.26244043602064],[36.961710712337094,48.26233560602062],[36.96197132533699,48.26222874202062],[36.962231940337,48.26212188802055],[36.962490666337,48.26201301002062],[36.9627493953369,48.261904140020626],[36.9630061993369,48.26179326502046],[36.9632630053369,48.2616823960205],[36.963517853336796,48.261569538020524],[36.9637727033368,48.261456686020615],[36.9640255593368,48.261341859020455],[36.9642784183368,48.26122703702053],[36.9645292493367,48.26111025802045],[36.9647800833367,48.26099348402045],[36.965028854336595,48.26087476802042],[36.9652776283366,48.260756056020355],[36.9655243063366,48.26063541902031],[36.9657709883366,48.26051478602028],[36.9660155383365,48.260392244020366],[36.966260093336494,48.26026970802033],[36.9665024843365,48.26014527802027],[36.9667448793365,48.26002085302034],[36.96698507733651,48.259894553020345],[36.967225281336404,48.259768257020276],[36.9674632533364,48.259640101020224],[36.96770123133639,48.259511951020166],[36.9679369463364,48.25938195802022],[36.968172666336294,48.259251972020245],[36.96840609333629,48.259120162020125],[36.9686395233363,48.25898835502016],[36.9688706273363,48.258854742020105],[36.969101738336306,48.25872113602016],[36.9693304893362,48.25858573902013],[36.96955924733619,48.25845034902008],[36.9697856173361,48.25831318702015],[36.970011991336094,48.258176033020106],[36.9702359453361,48.258037126020135],[36.9704599043361,48.25789822502004],[36.9706814153361,48.25775758902011],[36.970902930335996,48.257616961020005],[36.971121966336,48.257474617019994],[36.971341006336,48.25733228001991],[36.97155753733599,48.25718824801999],[36.971774074336,48.25704422102],[36.9719880723359,48.25689851901992],[36.9722020743359,48.25675282301999],[36.9724135103359,48.25660547001993],[36.972624949335795,48.25645812501989],[36.972833793335894,48.25630914301994],[36.9730426423358,48.256160165019914],[36.9732488673358,48.256009573019824],[36.9734550953358,48.25585898701989],[36.9734551563358,48.255858942019906],[36.9734552153358,48.25585889601981],[36.9735139143358,48.255813966019794],[36.9735726153357,48.25576903601977],[36.9735727353358,48.25576894401984],[36.9735727973358,48.25576890001987],[36.9735728593358,48.25576885501976],[36.9736340193357,48.25572555501988],[36.9736954063358,48.25568209401987],[36.9736955333358,48.25568200701984],[36.9736955963357,48.255681964019864],[36.9736956613357,48.25568192101984],[36.9737593093358,48.255640226019864],[36.9738231693357,48.255598391019824],[36.9738233023357,48.255598305019795],[36.97382337133569,48.25559826301979],[36.9738234403357,48.255598221019845],[36.9738894703357,48.255558199019845],[36.9739556983357,48.25551806001983],[36.9739558533357,48.25551796601978],[36.9739559313357,48.25551792201979],[36.9739560103357,48.255517877019805],[36.9740243253357,48.25547959101978],[36.97409281333571,48.25544120701983],[36.974092985335695,48.25544111201977],[36.9740930723357,48.25544106701981],[36.97409315833569,48.25544102101975],[36.9741636623357,48.25540452201974],[36.9742343213357,48.25536794501976],[36.974234492335704,48.2553678580198],[36.97423457633569,48.25536781601978],[36.97423466333571,48.25536777301976],[36.97430725433569,48.25533311701974],[36.97437997733571,48.25529839901989],[36.9743801583357,48.255298314019825],[36.974380250335706,48.25529827301976],[36.9743803393357,48.255298232019854],[36.9744549113357,48.25526546901988],[36.9745295873357,48.25523266101974],[36.97452976833559,48.25523258401973],[36.97452985833569,48.25523254701972],[36.9745299483357,48.25523250901981],[36.9746063883357,48.255201690019824],[36.9746829073356,48.25517084001979],[36.974683094335596,48.255170767019656],[36.9746831893356,48.2551707320198],[36.9746832833357,48.25517069701983],[36.9747614733357,48.25514187201981],[36.9748397153356,48.255113027019775],[36.97483990733559,48.25511295701979],[36.9748400063356,48.25511292401976],[36.97484010233559,48.25511289001978],[36.974919924335595,48.255086103019806],[36.97499976933559,48.25505930701973],[36.9749999713356,48.255059241019765],[36.9750000723356,48.25505921001976],[36.9750001733356,48.255059178019806],[36.9750815253356,48.25503446401975],[36.9751628663356,48.255009752019724],[36.9751630443356,48.25500970101972],[36.9751631333356,48.25500967501974],[36.9751632223356,48.25500965101975],[36.9752459833356,48.254987047019775],[36.975328702335595,48.25496445501976],[36.97532887933559,48.2549644080197],[36.9753289683356,48.254964386019715],[36.975329058335596,48.25496436401972],[36.975413077335595,48.25494391401971],[36.9754970273355,48.254923481019716],[36.975497229335495,48.25492343301961],[36.9754973313356,48.25492341101976],[36.97549743333549,48.254923389019694],[36.9755825883356,48.25490512201972],[36.9756676413355,48.25488687901969],[36.97566783933549,48.254886837019704],[36.9756679403355,48.25488681901967],[36.9756680403355,48.2548867990197],[36.975754206335495,48.254870745019716],[36.97584023333549,48.254854715019725],[36.9758404543355,48.254854677019665],[36.97584056633549,48.254854658019724],[36.9758406763355,48.25485464001972],[36.9759277383355,48.25484081901968],[36.9760146283355,48.25482702501965],[36.9760148123355,48.25482699701972],[36.97601490633551,48.2548269850197],[36.9760149983355,48.25482697201965],[36.976102825335495,48.25481540701971],[36.976190448335494,48.25480386701969],[36.9761906523354,48.25480384301972],[36.97619075533551,48.2548038320197],[36.97619085833549,48.25480382101967],[36.97627930033549,48.25479453101967],[36.9763675023354,48.25478526701969],[36.97636770933539,48.254785246019715],[36.9763678123354,48.254785239019704],[36.9763679183355,48.2547852300197],[36.97645684333539,48.25477823201966],[36.97654549233539,48.2547712550197],[36.97654571533539,48.25477124001966],[36.9765458273354,48.254771233019675],[36.976545939335395,48.25477122601967],[36.9766352193354,48.254766530019644],[36.9767241873354,48.254761849019665],[36.97672440433539,48.25476184001963],[36.9767245143354,48.254761836019654],[36.97672462233539,48.254761831019664],[36.9768141473354,48.25475944401969],[36.976903324335396,48.254757065019675],[36.9769035063354,48.25475706201965],[36.9769035963354,48.25475706101964],[36.9769036863354,48.254757060019685],[36.9770825483354,48.2547569120197],[36.9770827523354,48.2547569130197],[36.9770828553354,48.25475691501972],[36.9770829563354,48.25475691801969],[36.9771722953354,48.254759153019684],[36.9772616613353,48.25476138801966],[36.9772618703353,48.2547613950196],[36.9772619763353,48.25476140001967],[36.9772620813353,48.25476140401965],[36.9773512473353,48.25476594801955],[36.9774404063353,48.254770489019606],[36.9774405943353,48.25477050001968],[36.9774406873353,48.25477050601967],[36.97744078233531,48.25477051401973],[36.977529643335295,48.254777357019684],[36.9776184633353,48.25478419801959],[36.9776185583353,48.254784206019714],[36.9776186533353,48.25478421301959],[36.9784797203352,48.25505577801957],[36.9787682243351,48.25518383901957],[36.9789317113351,48.25531190001956],[36.9790278793351,48.25547197501959],[36.9790855753351,48.255568015019506],[36.979191362335,48.25585614801959],[36.979200979335,48.25618909801964],[36.979162512335,48.256387586019684],[36.979238843335,48.25675081701967],[36.9792844723349,48.25683768101955],[36.979284561335,48.256837750019606],[36.97935279633499,48.25656210401965],[36.979413667334896,48.256257401019646],[36.979470451335,48.25595234501968],[36.97952312533489,48.25564696201953],[36.979580698335,48.255281653019544],[36.979632403335,48.2549159540195],[36.979678241335,48.2545499020195],[36.979718198335,48.25418354601948],[36.979752274335,48.253816923019485],[36.97978047033509,48.25345007201948],[36.97980413633509,48.25305688701945],[36.97980414833499,48.253056560019466],[36.9798210463351,48.25266354201945],[36.9798210563351,48.252663020019455],[36.9798253633351,48.252496116019536],[36.9798311903351,48.2522700920194],[36.97983449333509,48.25188577601945],[36.97983449333509,48.25188569701941],[36.9798310433351,48.251494094019385],[36.9798203553351,48.251090345019385],[36.9798114533352,48.250888550019404],[36.9798025533352,48.25068676601936],[36.9798025543352,48.2506867050194],[36.97980254833519,48.2506866370194],[36.9797900973352,48.25048498301939],[36.9797828893352,48.25036833101938],[36.9797776323352,48.25028333401935],[36.9797776263352,48.250283289019336],[36.979777633335196,48.25028322701936],[36.979777621335195,48.25028314501937],[36.9797616073352,48.2500815640194],[36.9797455893352,48.24988000501932],[36.9797455833353,48.249879970019336],[36.9797455833353,48.24987993801932],[36.97974557633519,48.24987990001934],[36.9797276003352,48.24969476201933],[36.9797260223352,48.24967850301937],[36.9797240293353,48.24965800601938],[36.97970645233519,48.24947705201931],[36.9797064443352,48.249476991019286],[36.9797064373353,48.249476923019316],[36.9796833153353,48.24927568701934],[36.979683304335296,48.24927562401934],[36.9796761553353,48.24921329001925],[36.9796602033353,48.24907447601935],[36.9796601933352,48.24907442401932],[36.9796601793353,48.24907437301925],[36.9796601713353,48.249074345019324],[36.979660174335294,48.24907420401928],[36.9796482423353,48.248984234019375],[36.9796068503353,48.24867217401937],[36.9796068403353,48.24867212901925],[36.9796068333353,48.248672082019276],[36.979606827335296,48.24867203701927],[36.9796068233353,48.24867199901928],[36.979606816335306,48.24867195701928],[36.9796013713353,48.24863574601926]]]},"properties":{"pub_date":"2026-10-07"}},{"type":"Feature","geometry":{"bbox":[34.7542180494898,51.129545097183396,34.804065321483996,51.16405768618467],"type":"Polygon","coordinates":[[[34.804065321483996,51.129545097183396],[34.7970962344848,51.13185582418372],[34.7875088124859,51.13514163818417],[34.7852536764861,51.13554931218426],[34.778065729487,51.137041925184654],[34.7712166074878,51.13893985518497],[34.7659400614884,51.14100746718514],[34.7659400334884,51.141007476185166],[34.7646163484886,51.14135112918521],[34.7634191764887,51.14152638818526],[34.761902760488894,51.1415514241854],[34.7593487944893,51.14137616718542],[34.7574508794895,51.14109375018552],[34.757276916489495,51.141073905185536],[34.7568646924896,51.14107705918558],[34.7560696534897,51.14107705918558],[34.755316458489794,51.14121488918567],[34.754979615489795,51.14133168018576],[34.754918938489794,51.14135271818568],[34.754888206489795,51.14138228318563],[34.754667547489895,51.14159456018566],[34.7544116604898,51.14203913918569],[34.75431988348989,51.14219617518567],[34.7542180494898,51.14256034418568],[34.7542180494898,51.14277692518578],[34.75431219848979,51.143052573185756],[34.754421835489794,51.14317740318563],[34.7548713744897,51.1434171281857],[34.75545878648959,51.143593379185674],[34.7565059124895,51.14384974418557],[34.7573997994894,51.143977925185666],[34.75847246548929,51.144138152185604],[34.759672828489,51.144490649185556],[34.760282796488994,51.144735131185506],[34.760755122488895,51.14507340218539],[34.7613839854888,51.145900609185475],[34.761894778488596,51.147198376185365],[34.7624841404885,51.148333201185416],[34.7625256804885,51.148450715185476],[34.76275276248839,51.14899977518542],[34.7630196964884,51.1493644011854],[34.7638137854882,51.15044908618528],[34.764207224488096,51.150790986185406],[34.7648232054881,51.15124326018534],[34.7657755194879,51.15194217518525],[34.76720394848769,51.152806958185195],[34.7692481174873,51.1539431791852],[34.77166163148699,51.154948513185005],[34.7774396244862,51.15705048318483],[34.778091511486,51.157198001184774],[34.778591664486,51.157394171184706],[34.7809621474856,51.15839132918462],[34.7823524834854,51.15926739518466],[34.7842595934851,51.16047720718453],[34.78507230448499,51.161165401184554],[34.7851411254849,51.16159020018459],[34.78487471548489,51.16221394218452],[34.784195716485,51.16332907518464],[34.783745419485,51.16405768618467],[34.78448520348489,51.163776296184565],[34.7852410234848,51.16351988618451],[34.785911079484706,51.163292566184445],[34.786954898484595,51.16293844818451],[34.788250475484496,51.162532212184395],[34.79167161548399,51.162069600184175],[34.792288586484,51.162069602184296],[34.7927273844839,51.16203567518419],[34.7929413244839,51.16201913418418],[34.7932012484839,51.16197969818415],[34.793495702483796,51.161935022184124],[34.7938980734837,51.16195745118418],[34.7964213134835,51.160049548184],[34.7999635944832,51.156329006183825],[34.8015754854832,51.15378469018365],[34.801575498483096,51.15378466218383],[34.8025073184831,51.15164272718367],[34.8022250224831,51.15137657018373],[34.8012703224834,51.150476433183734],[34.7981826034839,51.14802058518374],[34.7938119044846,51.14554243618407],[34.7933873764846,51.145327937184085],[34.790891818485,51.14428454618406],[34.7905865924851,51.14415692918417],[34.7898273864851,51.143896268184136],[34.7883857334854,51.143401295184184],[34.7863126314857,51.14281270918424],[34.7850196054858,51.142864775184364],[34.7842775024859,51.143088854184306],[34.783797710486,51.1433493141844],[34.78364202148601,51.143433833184375],[34.783208101486,51.1435195151844],[34.783108149486,51.143506434184445],[34.7828682114861,51.14347503418451],[34.7826430344861,51.14339214818449],[34.78245361748609,51.143241803184466],[34.782389181486195,51.1429436661845],[34.7823963824862,51.142884152184436],[34.7824066724862,51.14282735418446],[34.7824163994862,51.1427736661845],[34.7824429914862,51.14266372418444],[34.7824761174862,51.14255448318447],[34.7825157344862,51.14244609618447],[34.7825617854862,51.14233871518442],[34.7826142074862,51.14223249018441],[34.7826729244862,51.14212756818451],[34.78273785648619,51.14202409918445],[34.7828089124862,51.14192222518447],[34.782885994486094,51.14182209018447],[34.7829689894862,51.14172383318443],[34.7830577854861,51.14162759318437],[34.783152257486094,51.14153350218435],[34.7832522734861,51.141441696184465],[34.7833576914861,51.14135230218441],[34.7834683674861,51.141265442184405],[34.7835841434861,51.14118124118443],[34.7837048554861,51.141099815184376],[34.7838303424861,51.141021281184344],[34.78396042348609,51.140945746184265],[34.7840949124861,51.14087331518442],[34.784233628486,51.14080409218436],[34.78446413148599,51.14073386018437],[34.784696988486004,51.140666756184395],[34.7849320964859,51.14060281618436],[34.784932400486,51.140602738184334],[34.7851406794859,51.14054940518436],[34.7851693434859,51.14054206218433],[34.785408314485906,51.14048460118432],[34.785408614485895,51.14048453018433],[34.7854085544858,51.140484524184316],[34.7855755014859,51.14043041718434],[34.7857421804859,51.1403763951843],[34.7903212324853,51.139052084184065],[34.7926931084851,51.137409787184026],[34.8009962834843,51.131660170183615],[34.803698990484,51.12978849818337],[34.803977330484,51.12959573818341],[34.804000552484,51.1295823601834],[34.80406286348399,51.1295465151834],[34.80406294548399,51.12954646418342],[34.80406300948399,51.12954642918345],[34.804063084484,51.12954638618344],[34.804063155483995,51.129546344183424],[34.804063974484,51.1295458711834],[34.804065321483996,51.129545097183396]]]},"properties":{"pub_date":"2026-10-07"}},{"type":"Feature","geometry":{"bbox":[34.8074036841727,51.082291508369906,34.9226422359624,51.138478145478786],"type":"Polygon","coordinates":[[[34.8736429685853,51.13433615859232],[34.874805495405305,51.1343323259962],[34.8763117466872,51.13439723111722],[34.8775822014427,51.13435786951891],[34.8791886420171,51.134134715155064],[34.8795892452857,51.13407906746312],[34.879953009793695,51.13402853519462],[34.8812102723477,51.1338538851224],[34.8835322031333,51.13353133964358],[34.8841542075759,51.13389058814344],[34.8859988004813,51.134013310352515],[34.8878306309843,51.13378841342039],[34.8899412162173,51.13278885282927],[34.8933261189889,51.13003995500243],[34.8951017259213,51.127998775272545],[34.8958593062687,51.12712785796272],[34.8981844491022,51.124566659873224],[34.898565805113,51.12405474208392],[34.8992613481545,51.12312105913761],[34.89967035048589,51.12257201502039],[34.901069860841496,51.12069325693282],[34.9016457115576,51.119407143861196],[34.9018483722345,51.11895451162866],[34.9032538284249,51.115815370141696],[34.90525043210409,51.11135550800683],[34.9055444141754,51.11090278664665],[34.9055725309829,51.11085949110098],[34.9055999054552,51.110817331850996],[34.9062694203803,51.10978629130078],[34.90787984250309,51.10730620177182],[34.9084507418956,51.10700922606069],[34.9092009593496,51.10688696088786],[34.9094010561893,51.10690144646249],[34.9096002099532,51.10692035726428],[34.90979817211049,51.10694367197847],[34.9099947007772,51.10697136220058],[34.910189551968,51.10700339057047],[34.9103824803315,51.10703972002561],[34.91057324202241,51.10708030282313],[34.9107616051498,51.10712509333145],[34.911452015957,51.10750080618501],[34.9118435261356,51.10801787570351],[34.9118435282581,51.10906796935449],[34.9118230911799,51.11171201589602],[34.9119061435321,51.11352331592593],[34.9117507100808,51.11349179497222],[34.9116983335728,51.11448637523343],[34.9116696249624,51.11503153317517],[34.9115658154663,51.11566129684453],[34.911426749773405,51.116504937863404],[34.9112966529296,51.11729415284668],[34.91129528168761,51.11730247411147],[34.911294949745994,51.11730448617768],[34.9112944107046,51.11730776406006],[34.9112900612876,51.117334138246285],[34.9113655104537,51.1176591144067],[34.91137968797919,51.11773920737493],[34.911381732197796,51.11775074988518],[34.9113822638375,51.11775375294002],[34.91139264528239,51.117812397379346],[34.9116639640447,51.11811895992441],[34.9119410521552,51.11848492096337],[34.912085399167,51.118692786874874],[34.91212886833299,51.118755385587114],[34.9122173644548,51.118882821110525],[34.912396531148794,51.11914082620455],[34.9130205702621,51.119822057203656],[34.9130784069496,51.11990470168327],[34.9130978363897,51.11993246534641],[34.913116768915195,51.11995951703796],[34.9132662809646,51.12017315509985],[34.9133219780405,51.120252742819886],[34.9138023133568,51.121182360471664],[34.9138238151482,51.121245339940394],[34.9138412224688,51.121296326803936],[34.9140566815337,51.121927434254204],[34.9140069817307,51.122629434044995],[34.9140043075319,51.12266718926174],[34.9140041851306,51.12266893934997],[34.913980251332696,51.12300698265295],[34.9139719061585,51.123124844954695],[34.913717543103495,51.12402952625813],[34.91346317675269,51.124987400947916],[34.9134612339965,51.12503356007284],[34.913423543683,51.12593226689479],[34.9134229710929,51.12594591942897],[34.91342210424299,51.12596658915833],[34.91342076844239,51.12599844815443],[34.9133810235082,51.12643496928959],[34.913377674443495,51.126471740229206],[34.9133658371932,51.12660176726455],[34.9133359804717,51.12692967957275],[34.9133359801357,51.12769782026985],[34.9133359790021,51.12818015830039],[34.914497427104,51.125463922239845],[34.9153327903672,51.1225802408412],[34.9164814168098,51.12061399095385],[34.9179433063057,51.11864765839218],[34.9202555484097,51.115444418457464],[34.92097150428369,51.11445253289889],[34.92212013147219,51.11183038745664],[34.9226422359624,51.10986368037866],[34.9225378342014,51.106389014157784],[34.922537820623496,51.10638895874443],[34.9221778364347,51.10525882830382],[34.921598057217494,51.1034385745872],[34.9215980390688,51.103438519225854],[34.92134377459989,51.10160645769495],[34.921343752362596,51.10160640322228],[34.9195561220323,51.0974743484989],[34.9195561057345,51.0974742936772],[34.9195180591553,51.09694879725882],[34.9194800231541,51.09599333307414],[34.919936454947,51.094918410925644],[34.91988971778589,51.09475696999079],[34.9197843284536,51.09439293705373],[34.91978430542649,51.094392886518634],[34.91935000142439,51.09361133712599],[34.9186022340505,51.09226564985723],[34.9186022012572,51.092265608975396],[34.9181178211744,51.091809274429494],[34.918117780999495,51.09180923138651],[34.917828346709,51.09150682566047],[34.917828303411,51.09150678517894],[34.9175115340864,51.0912912371162],[34.91751147732909,51.09129120520752],[34.9097913007121,51.08801342461011],[34.9097912414315,51.08801341489793],[34.9097910402396,51.08801332400175],[34.9090245553449,51.08790093756358],[34.9081796982048,51.0879838554698],[34.907308439198594,51.08821602665854],[34.90656918737999,51.088730114424855],[34.90567152815599,51.090653749032214],[34.9039382558542,51.09505707100427],[34.90345392672351,51.095545356800955],[34.9028269007802,51.095902586928375],[34.9025796797908,51.095983947988856],[34.9008323472769,51.09654481389051],[34.8988520380648,51.09693497997991],[34.8966775783213,51.09703252005762],[34.8947749279816,51.096934980501416],[34.89419837082399,51.096832860029565],[34.89237883038539,51.09692620109581],[34.8914842038528,51.09721047513562],[34.8906982696196,51.09777066140881],[34.889948314658,51.098296363598585],[34.8896162333886,51.09927844771906],[34.88871149084369,51.100337604977724],[34.8876157511178,51.10076807463404],[34.88583782518259,51.10109477869006],[34.8831241363743,51.10130221168691],[34.8824261373067,51.1010495994821],[34.88161822236209,51.1008307880341],[34.8809175714778,51.10091105508933],[34.88041967154909,51.10108974588235],[34.879844133940196,51.10160951395066],[34.8790072508041,51.1021631984107],[34.8777337034412,51.10258593062388],[34.87720395,51.10277321753153],[34.8766848990324,51.10279462184877],[34.8763044769836,51.10263452664732],[34.8759536166212,51.10104637616875],[34.8753145521611,51.099953929683906],[34.87375376452769,51.09805048386987],[34.8724261482382,51.097404615889666],[34.87117029543111,51.096274348094305],[34.869555625766,51.09550289527097],[34.8679588982596,51.09523378378093],[34.866810689538006,51.095126139505325],[34.8655067544439,51.095195747976035],[34.863993989766605,51.094892909441775],[34.86227167794169,51.09474938308437],[34.8613777374803,51.09464027562786],[34.86052713490881,51.09461763771354],[34.8599397784438,51.09450130997202],[34.8592356576067,51.09418218079222],[34.8584848209458,51.09371271648474],[34.8578962073577,51.09235830898661],[34.85759757431819,51.09017377516375],[34.8568564319587,51.087572002539204],[34.85562201488119,51.08604110868135],[34.8535559189279,51.0848222599322],[34.8490521267193,51.08268184450281],[34.8469228346347,51.082291508369906],[34.846426324148496,51.08262176349607],[34.8462166010031,51.08286499187103],[34.8461359371174,51.08330077027149],[34.8461843345409,51.083696007603606],[34.84623273216759,51.08393922992212],[34.8463779263129,51.08436486489777],[34.846636049271,51.08525665809563],[34.8468619049424,51.086685518231334],[34.8467966861817,51.087607546934535],[34.8458966821106,51.08962895211999],[34.8422492700999,51.10078820260534],[34.8421554587481,51.10158334404457],[34.84229616129989,51.10326195562475],[34.8418740613974,51.10435156111393],[34.8409200436128,51.10738878760477],[34.84026741523739,51.112100803332595],[34.8389621572526,51.114559054601635],[34.83772817710379,51.11554496630541],[34.8371674303138,51.115992977312736],[34.837077661250994,51.116174558434345],[34.8362495885763,51.116975979866446],[34.8346284189831,51.1177196478246],[34.8326954871872,51.118189327840234],[34.83013902806319,51.11858072385077],[34.82714610027439,51.119011255382894],[34.8249014028681,51.119715753353205],[34.8212225955571,51.12159436216509],[34.81791790528441,51.12425559337572],[34.8164214410664,51.12613401710128],[34.8124308703929,51.12871672552335],[34.810703099938095,51.129194298658426],[34.8094118147801,51.12948151793809],[34.8085128191955,51.12963538351981],[34.8074036841727,51.1297874775968],[34.8078774898294,51.12978747864877],[34.8086532783508,51.12978747794574],[34.8094479947733,51.12978748003862],[34.8100724102407,51.129775605233775],[34.8100725656753,51.129775565998244],[34.8107914059679,51.12976368959309],[34.8112076833705,51.12975181615518],[34.81177533524179,51.12973994097604],[34.812238993385705,51.12969934017876],[34.81258897003389,51.1296686947176],[34.8131187781874,51.12965681909856],[34.81378103940119,51.12964494564751],[34.8145469889179,51.129660144288586],[34.8151040439534,51.12969814520598],[34.8156853189717,51.129720939137925],[34.8160970563555,51.129751338421386],[34.8164966825496,51.129819735016056],[34.816956860347,51.129941330381484],[34.8172838264107,51.13004772548641],[34.8176713430758,51.130154119490896],[34.81808308046849,51.130260513362146],[34.8186159173272,51.13038970732871],[34.81893077416769,51.13055689802011],[34.8192456322003,51.13083808067232],[34.8195968202059,51.13099007010945],[34.819984336388494,51.131104060793376],[34.82028708325169,51.131149657227574],[34.8206503802517,51.131180056421854],[34.8212361970165,51.13120047905056],[34.8216163062016,51.13128858624151],[34.821831337932394,51.13133842800301],[34.821848746828,51.13136136308114],[34.8218601731123,51.13137641724089],[34.82199106592329,51.13154886933409],[34.82218785411499,51.13189287830626],[34.8223738623465,51.1323354600257],[34.8226000752985,51.13302668360201],[34.8229959170792,51.133492128259284],[34.8231798981105,51.13355618896414],[34.8233736558358,51.133575641950614],[34.8235984160061,51.1335415969529],[34.8238929277988,51.13348323793501],[34.82418744225429,51.13343460331297],[34.8245258722664,51.133352465581815],[34.8248427761565,51.13329194342509],[34.8249510793693,51.13323368884696],[34.8250864929368,51.133125816197435],[34.82522396293809,51.13282650097407],[34.8262969552821,51.13148419614945],[34.82659048192539,51.1311169878828],[34.8268559502302,51.13078488351817],[34.82744252426559,51.13064239382843],[34.8278777233263,51.130416783078594],[34.8282940031608,51.13014367293572],[34.82871028128249,51.12991805824518],[34.8294482303134,51.129419329416635],[34.82976989697549,51.12911058840618],[34.830205097676995,51.12887309508656],[34.830354560265,51.1287871151893],[34.83065921808579,51.128611850067706],[34.8311890253647,51.128314978907916],[34.8317756000294,51.12793498213911],[34.8324000181043,51.12763810620048],[34.83317580843149,51.12725810437398],[34.8335353190989,51.12694934922883],[34.8335594110752,51.12689391325037],[34.83364885080609,51.12668809431003],[34.8336299285133,51.12649808886883],[34.83366888093,51.125943100229655],[34.833576489872605,51.12533424521664],[34.83353531921859,51.12489489158742],[34.8337245400014,51.12460987206503],[34.833932676336595,51.12438423237751],[34.8342165025221,51.12417046588637],[34.8345381711097,51.123944820841004],[34.8347841538009,51.12364792117015],[34.8348598414116,51.12322038114385],[34.8349544489657,51.12278096051207],[34.834964288673895,51.1224626739225],[34.8348916295717,51.122303056055244],[34.834794750223196,51.12212063344243],[34.8346706224879,51.12196481215817],[34.8346514367735,51.12194072887784],[34.8346252115163,51.12190780722114],[34.83447989339701,51.121763389134095],[34.834311110539005,51.121581439012104],[34.834182432560496,51.12145131321293],[34.83414734054259,51.12141581905675],[34.8341474561084,51.1214158439205],[34.8341475210339,51.12141585810019],[34.8341475813847,51.12141587232873],[34.8344791485885,51.12149094632952],[34.8344793738615,51.12149099920615],[34.8344794890261,51.12149102603847],[34.8344795742558,51.121491046174846],[34.8348088381466,51.12157004759848],[34.8348089040353,51.12157006345129],[34.8348089685596,51.121570079599394],[34.8348090897434,51.12157010889267],[34.8348091321975,51.121570121347894],[34.8348092234465,51.121570143945505],[34.83480928748939,51.12157015925673],[34.8348093501678,51.12157017486329],[34.83513612976589,51.12165306104356],[34.8351363072084,51.12165310545024],[34.83513637357869,51.12165312213972],[34.8351364335286,51.12165313833656],[34.8351364939598,51.12165315537017],[34.8351365552741,51.121653171271795],[34.8351366152239,51.12165318746866],[34.83546085153339,51.12173994109652],[34.8354609207127,51.121739960000845],[34.8354610853147,51.12174000342193],[34.8354611360356,51.121740016911026],[34.8354612103508,51.1217400394087],[34.8354612689365,51.121740055900645],[34.835461328886495,51.12174007209729],[34.8357829035201,51.12183066330984],[34.8357829616246,51.12183067896482],[34.8357830210935,51.12183069432464],[34.8357831323261,51.12183072765241],[34.83578323152079,51.12183075605753],[34.83578330214469,51.12183077747189],[34.8357833593661,51.121830794259004],[34.8361022109953,51.121925204370214],[34.83610238225891,51.12192525669961],[34.8361024690143,51.1219252821507],[34.836102552157996,51.12192530932426],[34.8364185391962,51.122023497496286],[34.8364186302051,51.12202352767236],[34.8364187442475,51.12202356321455],[34.8364188204095,51.122023586253164],[34.8364188610986,51.122023600971914],[34.8364189142272,51.122023618644384],[34.8367318784716,51.12212553916625],[34.8367319334464,51.12212555738012],[34.836731990267,51.122125576135495],[34.8367320563171,51.12212559759828],[34.8367321404244,51.12212562644503],[34.8367322245317,51.12212565529172],[34.8370421429261,51.12223130001491],[34.8370422441282,51.12223133457162],[34.8370422843362,51.122231348453305],[34.837042352312295,51.122231373263006],[34.8373490961007,51.1223407023375],[34.8373491570952,51.122340723012314],[34.8373492033225,51.12234073935522],[34.837349279164,51.12234076716743],[34.83765268475639,51.12245372287565],[34.8376527555422,51.12245374990006],[34.8376528031341,51.12245376594747],[34.83765286148,51.12245379001822],[34.837652918862894,51.12245381241547],[34.83795283221589,51.12257033497398],[34.8379528882347,51.122570357666405],[34.8379529451365,51.12257037922669],[34.8379530145581,51.122570406546096],[34.837953054365194,51.122570422396315],[34.838249432987,51.12269049657106],[34.8382494760846,51.122690515472954],[34.83824951821929,51.12269053270123],[34.8382495839495,51.12269055893753],[34.83854233486359,51.122814148426855],[34.8385424168861,51.12281418431067],[34.8385424840611,51.122814213057026],[34.8388314864388,51.122941267826576],[34.8388315397297,51.12294129110897],[34.838831591174596,51.12294131384998],[34.839116796013094,51.12307181536879],[34.83939803408029,51.12320568549815],[34.8396751643896,51.123342857864564],[34.8396752033952,51.123342877651794],[34.8396752428823,51.123342898275645],[34.83994810758869,51.12348329321646],[34.8399481921013,51.12348333608846],[34.8399482720389,51.123483379009706],[34.8402168627346,51.12362698990804],[34.8402169138597,51.12362701742275],[34.8404812242199,51.12377384661988],[34.8407410802551,51.123923794421636],[34.84099868432649,51.12407821343778],[34.8409988044767,51.12407828623508],[34.840999622493094,51.124078790450646],[34.8412514680473,51.12423564025853],[34.8412517813066,51.12423584063468],[34.8412526835222,51.124236424486774],[34.8412538432161,51.12423714645168],[34.8413414790356,51.124293875319985],[34.84147221339399,51.124378467016406],[34.841499555502104,51.12439615720936],[34.8414999160377,51.12439639440153],[34.84150009935549,51.124396515630934],[34.8415037879431,51.12439894952103],[34.84150385977729,51.124398997018496],[34.841504073434,51.124399138969586],[34.8415042170223,51.124399231159146],[34.841504287492,51.124399278951955],[34.841504345762,51.12439931621163],[34.8417428610518,51.12455971416304],[34.84174312607791,51.124559892044346],[34.8417432559422,51.12455998438119],[34.84174868704991,51.12456370758195],[34.8417490590656,51.124563962049606],[34.8417492901408,51.12456412093186],[34.8417494049961,51.12456420052063],[34.8417494633468,51.12456424058577],[34.8417495230619,51.124564280355635],[34.8419812561928,51.12472623451239],[34.8419813202425,51.124726281812755],[34.8419815282036,51.12472643252402],[34.8419853094672,51.12472917663123],[34.8419894002252,51.124732037241884],[34.84208971317139,51.12480496856442],[34.8420898501003,51.124805067840796],[34.8420899235411,51.124805123459204],[34.8422143955439,51.12489548345797],[34.8422192871211,51.12489917287202],[34.842224308083296,51.124902825813955],[34.842323816602295,51.12497805308325],[34.842442287034395,51.12506745084087],[34.8424480911729,51.12507200321326],[34.8425464871238,51.1251492016901],[34.84254673803029,51.125149397682364],[34.842663746258694,51.12524119329957],[34.842670902023,51.1252470301925],[34.8426781865312,51.12525276017893],[34.8427695140586,51.12532748185221],[34.842769566552,51.12532752506684],[34.8427696012265,51.125327553318826],[34.8428799081997,51.12541754449759],[34.8428884142499,51.125424762179726],[34.842896987721296,51.12543177707527],[34.842986002137295,51.12550758654107],[34.8429860748581,51.125507648902],[34.84307978312539,51.125587179273914],[34.8430906940916,51.12559643964039],[34.843100417934394,51.12560502915007],[34.84319670147549,51.12569007797302],[34.8432960270106,51.12577781447523],[34.84330689835689,51.12578781360975],[34.8434014910728,51.125874823334584],[34.84349583315879,51.125961602189506],[34.8435077682341,51.12597304131452],[34.843519867128606,51.12598422385349],[34.84360013626299,51.12606157232648],[34.8436002040896,51.1260616395106],[34.8436003094814,51.12606173996683],[34.8436548770789,51.12611403866444],[34.8436814470596,51.12613950363636],[34.8436900411422,51.12614774015403],[34.84370297591699,51.12616066794512],[34.84379321910309,51.12625085108002],[34.8438785798033,51.12633615815941],[34.843892420548,51.126350593023254],[34.8439064184476,51.12636466641307],[34.84398022679449,51.12644215803077],[34.8440613840006,51.1265267884568],[34.8440760625099,51.12654277715064],[34.8440908651015,51.12655832025403],[34.844161279207405,51.126635589576225],[34.8441613117973,51.12663562486626],[34.844161350086296,51.12663566739143],[34.8442116270612,51.12669042386731],[34.8442272812075,51.12670747547253],[34.8442383840134,51.12671956334654],[34.84424128516609,51.12672287056555],[34.8442481281054,51.126730663699064],[34.84425378817329,51.126737105673016],[34.8442693355175,51.12675416628128],[34.8443364995871,51.12683127996255],[34.8444095155753,51.126914413946885],[34.8444255685085,51.12693354160329],[34.8444417612522,51.126952133694616],[34.844505571933,51.12702887227922],[34.8445056112664,51.127028919283276],[34.8445226712177,51.12704924702885],[34.84455477399939,51.12708749925278],[34.8445747211582,51.127111267093746],[34.8445769649442,51.12711407202985],[34.8445807099126,51.12711874639821],[34.8445913075362,51.12713197963765],[34.8446080810825,51.127152148247966],[34.8446686894024,51.12722859290847],[34.8447339383342,51.127310054445616],[34.84473622236539,51.12731304921778],[34.8447400531934,51.12731806727969],[34.844743737040694,51.127322891320624],[34.8447509783869,51.12733237855494],[34.8447682268777,51.12735413436591],[34.8448255428841,51.127430054275834],[34.8448362375845,51.12744406634041],[34.8448439681613,51.12745419011521],[34.844868027599595,51.12748570887523],[34.8448871090864,51.12751070200058],[34.844888810110895,51.127513043834256],[34.84489200400791,51.127517443213584],[34.8449045409438,51.12753469811737],[34.844976209054394,51.12763334706557],[34.8449945871325,51.12765864018159],[34.8450145615901,51.127686135935114],[34.8450341810131,51.12771314018542],[34.845038597557,51.12771954080281],[34.84504506250529,51.12772890533036],[34.8450518785037,51.12773878104461],[34.8451206858404,51.12783846514797],[34.8451750964915,51.127917293028155],[34.8451929547141,51.12794457498987],[34.8452110725803,51.12797117500274],[34.8453097472392,51.128122993894756],[34.8453097787883,51.128123040701894],[34.84530980945459,51.12812308864101],[34.8454094393924,51.12826689444289],[34.84655400109939,51.129918963992175],[34.8476737726826,51.131402461037446],[34.8486534964308,51.132768691953785],[34.8487935446069,51.1329639848682],[34.8494156411503,51.13452545592265],[34.8501803649415,51.13681151656127],[34.850211236615,51.13687623043373],[34.85041827797829,51.137148667845736],[34.850471769908395,51.13721905484365],[34.850539874948595,51.137295974840455],[34.8506216040161,51.137360074855195],[34.850622521726095,51.13736073816732],[34.8506281880971,51.1373648254744],[34.8507397298546,51.137445312311755],[34.8507578151319,51.137458361989005],[34.8508940264149,51.137543828911035],[34.8510642905292,51.13763784187084],[34.851189981274494,51.13769642625313],[34.8512348678432,51.137717347322656],[34.8513026620749,51.13774894739269],[34.8517794042112,51.13797115983286],[34.8521539867385,51.138116451187194],[34.8525424940067,51.138243633009175],[34.8526239181896,51.13827028734466],[34.85281461519351,51.13832584090115],[34.85320281811969,51.13841557964715],[34.8536182652353,51.138478145478786],[34.854348085905805,51.138478145443436],[34.8549100873775,51.138419375578664],[34.85499199623919,51.13840535847857],[34.8555093492184,51.13831682737371],[34.855824129076,51.138262963880095],[34.8558787064032,51.13825362484031],[34.8559404244715,51.13824306258822],[34.85599876521891,51.138219768315594],[34.8562879666243,51.138166703919666],[34.8562883437923,51.13816663920077],[34.85657848491209,51.13811655209719],[34.8565790512259,51.138116458659596],[34.8568702444272,51.138069322642686],[34.8568706851801,51.13806925638828],[34.857163173290196,51.13802502923948],[34.8575014529679,51.137977728970334],[34.857501848843995,51.13797767807587],[34.857841062130696,51.13793434330325],[34.8578415019225,51.137934291368204],[34.85818188910991,51.13789488607284],[34.8584894919796,51.13785936086712],[34.858489970947296,51.13785930232893],[34.858796055241996,51.13782045665171],[34.8587962102671,51.137820435318154],[34.859101482408995,51.1377781792558],[34.859101882131796,51.137778119052896],[34.8594056790843,51.13773254346712],[34.8594058366755,51.1377325159307],[34.8594080729902,51.13773215591232],[34.8595937464207,51.13770212961977],[34.85967080006439,51.137689670067104],[34.8597079877011,51.13768365496708],[34.8597085532017,51.13768356545231],[34.85970897812691,51.1376834903795],[34.860010011169,51.137631256063166],[34.8602288360141,51.137591033987164],[34.8602294870027,51.13759090901905],[34.860446822207,51.137549058249874],[34.86182184621299,51.1372794210847],[34.86231656248669,51.137186777362295],[34.86276089991329,51.13710356600041],[34.8628398052251,51.13708301552356],[34.86377021682339,51.13676969525495],[34.864865322143494,51.13630195358818],[34.86552493384739,51.1359739693612],[34.86615949525579,51.13564602340986],[34.8667532860045,51.1354343389269],[34.8673470794225,51.13522265248542],[34.8691639333784,51.13484304615816],[34.870317262521894,51.13469826302903],[34.8714845981932,51.134530720317485],[34.8725846839838,51.13440868734537],[34.8736429685853,51.13433615859232]]]},"properties":{"pub_date":"2026-10-07"}},{"type":"Feature","geometry":{"bbox":[36.1848183373435,50.32343166511265,36.2430304903346,50.38150739311242],"type":"Polygon","coordinates":[[[36.2058231973399,50.34476309911223],[36.2048338173401,50.34453760311221],[36.2040093373402,50.34407157411228],[36.2031612983404,50.34328983711231],[36.2010142423408,50.340456475112376],[36.199942887340896,50.33924918811238],[36.199608089341,50.33827692611229],[36.19962482934099,50.33787092111236],[36.199708528341,50.33759312711235],[36.199758970341094,50.33750941811234],[36.199983196341,50.337235366112346],[36.199997167341,50.337162249112346],[36.200016726341005,50.33707486411235],[36.200027901341,50.3369214951123],[36.19993849234109,50.3366183231123],[36.1996750493411,50.33625755011231],[36.19921616334119,50.33551620711233],[36.1990846443412,50.33538735311233],[36.1981731403414,50.33422896911232],[36.1936406423422,50.328301093112394],[36.1933060883423,50.32796386811237],[36.1929187113424,50.327828977112446],[36.1925489413424,50.327705328112394],[36.1918446183425,50.327559195112464],[36.1914396323426,50.32740182211255],[36.1910874723426,50.32724444811254],[36.1893970963429,50.32537840011254],[36.18890407034299,50.325052398112554],[36.188534300343,50.324906257112616],[36.185919150343395,50.323656689112596],[36.18550393034349,50.32345324211266],[36.1853590863435,50.32343166511265],[36.185098368343596,50.32344707811265],[36.1849824933436,50.3234840681127],[36.1848569613436,50.32354571811267],[36.1848183373435,50.32374299911273],[36.18486661834359,50.323829309112774],[36.1854252043435,50.324445833112726],[36.19357151834199,50.33335589211252],[36.1963029363416,50.33621933211243],[36.1964657353415,50.33653106711241],[36.1964295593415,50.33687743611242],[36.196393381341494,50.33718916611247],[36.1962582473415,50.33803079711246],[36.1963074843414,50.338575520112485],[36.1958157393414,50.34048329511259],[36.19533973934141,50.34122896711254],[36.19533973934141,50.341753692112604],[36.1956426483413,50.34269265911267],[36.19720046534109,50.34429438411263],[36.20336072933989,50.35270205111249],[36.2068037563392,50.35864611511247],[36.2122358343382,50.36664314811238],[36.2136987413379,50.36920026111232],[36.2139524453378,50.370260025112344],[36.2140147043377,50.3708974701124],[36.21471516833759,50.37187386811235],[36.2150210903375,50.373505717112366],[36.2155517673373,50.37633635411238],[36.2160638003371,50.37953845611245],[36.21616826133711,50.38019169211241],[36.21694410933689,50.380979751112406],[36.2170431033369,50.38120443311244],[36.2170356243369,50.38133321011244],[36.21689618833689,50.38150739311242],[36.217204893336906,50.381244636112505],[36.23085000433559,50.37179997711175],[36.2334200053356,50.36372997611142],[36.24099959533489,50.358941799111086],[36.24203543533479,50.358287401111056],[36.242462617334695,50.35811361611092],[36.2430304903346,50.35793117711092],[36.2422607673347,50.35805636811095],[36.24187730033479,50.35811873311096],[36.24184628633479,50.358119102110926],[36.2411265843349,50.35812776111107],[36.23903331733519,50.35813099911119],[36.2372617053354,50.35803870111114],[36.2297848593364,50.357238337111454],[36.2259182143369,50.35710053311162],[36.22248829633731,50.356672768111785],[36.2215483733374,50.3563541891118],[36.22019429133759,50.35557915711183],[36.2189764623379,50.35443214311182],[36.2173011913382,50.35202310411181],[36.2153589963385,50.349840377112045],[36.2147024643386,50.349102514111976],[36.212671753338995,50.347420684111995],[36.211320730339196,50.34644801511209],[36.21098669633919,50.346207524112096],[36.21078881333919,50.34612354411211],[36.2094103133394,50.34553851511207],[36.2078435633397,50.34518179611218],[36.207277016339695,50.34505280411222],[36.2072260343397,50.34505382111223],[36.2058231973399,50.34476309911223]]]},"properties":{"pub_date":"2026-10-07"}},{"type":"Feature","geometry":{"bbox":[37.7035629611852,49.57303914703443,37.70770479518459,49.57926337603445],"type":"Polygon","coordinates":[[[37.7069107361847,49.57381031803431],[37.70722908318459,49.573769031034246],[37.70770479518459,49.57377341603421],[37.7076736641846,49.57377018503429],[37.70729940718469,49.57372686403424],[37.7069264051847,49.5736792470343],[37.7065547691847,49.573627341034246],[37.70618461318481,49.57357116103435],[37.7058160471849,49.57351071003433],[37.7054492021849,49.57344603303433],[37.7050841951849,49.57337714303431],[37.70472111418499,49.57330404203442],[37.7043601031851,49.57322678403437],[37.704001270185096,49.57314537003445],[37.70366907318509,49.57306568003442],[37.70364472518519,49.57305984203442],[37.7035629611852,49.57303914703443],[37.7038517541851,49.573175024034306],[37.7039493641851,49.573228828034324],[37.70404697818509,49.57328263203436],[37.704310531184994,49.57345986803428],[37.704388619184996,49.57355481703434],[37.704782540185,49.57435827203438],[37.7060152961846,49.57854164703449],[37.7061328151846,49.5789404280345],[37.7061596021846,49.57906580103452],[37.706211168184595,49.57912355503453],[37.7063049251846,49.57919042503454],[37.7063846181845,49.57924209903443],[37.7065393201845,49.57926337603445],[37.70666589318449,49.57926033603447],[37.7067362101845,49.57923906003449],[37.70680184018449,49.57916610903444],[37.7068112161845,49.57905972403441],[37.7066290101846,49.57826662003449],[37.70662733918449,49.57824170903442],[37.70640910118459,49.577459691034406],[37.7060250131847,49.576069138034434],[37.70584897118479,49.57501062803436],[37.7058559251848,49.57474005703436],[37.7059650021848,49.5745305830343],[37.706153042184795,49.57430494403441],[37.7065478221848,49.57393005203425],[37.7067260961848,49.573847478034324],[37.7069107361847,49.57381031803431]]]},"properties":{"pub_date":"2026-10-07"}},{"type":"Feature","geometry":{"bbox":[37.60881021219121,49.70960599704183,37.61068899019109,49.71151392704182],"type":"Polygon","coordinates":[[[37.6095292321912,49.70960599704183],[37.6094364651912,49.70962050204178],[37.6093820261912,49.70963558904181],[37.6093161591913,49.70968496904183],[37.60900846619119,49.71056602804187],[37.6089462691913,49.71076377604184],[37.60881021219121,49.71119864904185],[37.6088102131912,49.71126411104187],[37.6088385571913,49.711308624041905],[37.60888714919119,49.71134789904187],[37.6089802831912,49.71138717704189],[37.609105812191196,49.71141859804187],[37.6093892621912,49.71146049304177],[37.6097334541911,49.71149976904184],[37.6098545641911,49.71151296104185],[37.60991161119111,49.71151392704182],[37.6099673421911,49.71151003404184],[37.610000505191095,49.71150320004178],[37.6100232051911,49.711490722041795],[37.6100623531911,49.71145275004182],[37.6100819271911,49.71141650404189],[37.6101055311911,49.711349805041884],[37.610342621191094,49.71069099604181],[37.61068899019109,49.7098962340418],[37.61067820119109,49.70983172504179],[37.6106393161911,49.70978646304179],[37.6105562871911,49.7097487070418],[37.6095292321912,49.70960599704183]]]},"properties":{"pub_date":"2026-10-07"}},{"type":"Feature","geometry":{"bbox":[37.81865232521209,48.57462092499675,37.81945151421199,48.575103661996685],"type":"Polygon","coordinates":[[[37.81866822921209,48.57495634199673],[37.8186960612121,48.57498001899672],[37.81871017721209,48.57499212399677],[37.8187925192121,48.57502419199664],[37.8188650442121,48.575044786996685],[37.81894011221209,48.57507172599669],[37.8190320382121,48.575095769996686],[37.81912348821211,48.575103661996685],[37.819230842212,48.575048417996676],[37.8193541002121,48.574972127996645],[37.81945151421199,48.57484453599668],[37.819447538212,48.57477613799667],[37.819379944212095,48.57470379299666],[37.81923084321209,48.57465906999665],[37.819041979212095,48.5746222399966],[37.8189226962121,48.57462092499675],[37.8188729962121,48.57463276399668],[37.8188014272121,48.5747169459967],[37.8187000372121,48.57483927599669],[37.81865232521209,48.57491293499673],[37.81866822921209,48.57495634199673]]]},"properties":{"pub_date":"2026-10-07"}},{"type":"Feature","geometry":{"bbox":[36.184671947343595,50.32159893911269,36.1854624433436,50.32205868511269],"type":"Polygon","coordinates":[[[36.18493266234359,50.32205340011261],[36.1854147753436,50.32190015211269],[36.18544564334359,50.32188577011255],[36.1854624433436,50.32186610511264],[36.18545202134359,50.321842024112634],[36.18525752034359,50.32160950811261],[36.18523269034359,50.32159893911269],[36.185209930343596,50.32159893911269],[36.1851850993436,50.3216029031126],[36.1846967783437,50.321768041112634],[36.1846740173436,50.32178785811267],[36.184671947343595,50.32180371111269],[36.1848519643436,50.32203622511271],[36.184870587343596,50.32205340011269],[36.1848933473436,50.32205868511269],[36.18493266234359,50.32205340011261]]]},"properties":{"pub_date":"2026-10-07"}},{"type":"Feature","geometry":{"bbox":[37.597986507172294,50.203957493053885,37.6274232071691,50.214049600054935],"type":"Polygon","coordinates":[[[37.6191631541698,50.20972341805432],[37.6200981351697,50.20989437905427],[37.620471182169695,50.210371859054305],[37.6207900011696,50.21214997405436],[37.62319000216941,50.208379974054075],[37.6268000021691,50.20442997405395],[37.6274232071691,50.203957493053885],[37.62569748016929,50.204346929054005],[37.624164167169496,50.20465983805405],[37.6221641931697,50.20517186505413],[37.6203086621699,50.20579055905416],[37.61905312317,50.20628124105429],[37.6173864791702,50.20694258805434],[37.614831661170506,50.20787316705442],[37.6113865601708,50.20859235805455],[37.60823413817119,50.209093169054775],[37.6074421681713,50.20928922505472],[37.6068228681714,50.20959010705472],[37.60614513617149,50.21009323905478],[37.6052776351715,50.21059636505489],[37.6040034971717,50.21099539205493],[37.6029549511718,50.21113451005501],[37.6021506351719,50.211185258055],[37.6003328641721,50.211238211055125],[37.59916546517219,50.21146751505506],[37.598552869172295,50.21174119805513],[37.598102091172294,50.212177609055075],[37.597986507172294,50.21280633005523],[37.59874120217219,50.21347536505514],[37.6006064361719,50.21380361005503],[37.60287902817169,50.21391571705502],[37.6052954451714,50.214049600054935],[37.608825819171,50.21371335105483],[37.6102215481708,50.213009322054674],[37.6114569971707,50.21156890505472],[37.6132433991706,50.21049123005452],[37.6157148331703,50.20971532205447],[37.61846605417,50.20959595205434],[37.6191209171699,50.2097156940543],[37.6191631541698,50.20972341805432]]]},"properties":{"pub_date":"2026-10-07"}},{"type":"Feature","geometry":{"bbox":[35.370633289425996,50.80177877615483,35.3726935344257,50.80310233615483],"type":"Polygon","coordinates":[[[35.3726935344257,50.80177877615483],[35.3715891464258,50.80181905915496],[35.3712545454259,50.801851320154924],[35.370875324425896,50.80192881415495],[35.370756444426,50.80200069915494],[35.3706356354259,50.80208313815491],[35.370633289425996,50.80221892715493],[35.370638765425895,50.80236565315483],[35.370742770425906,50.80248889715489],[35.3708757464259,50.802583505154914],[35.3710654654258,50.80268310715493],[35.3713271704258,50.802790438154865],[35.3725883474256,50.80309899815482],[35.3725991204256,50.80310233615483],[35.3725697264257,50.80272615315482],[35.3726378834257,50.8018969521549],[35.3726935344257,50.80177877615483]]]},"properties":{"pub_date":"2026-10-07"}},{"type":"Feature","geometry":{"bbox":[37.1936105242999,48.409816487016144,37.1946507222998,48.41052481501627],"type":"Polygon","coordinates":[[[37.194429714299794,48.409860748016165],[37.194272545299796,48.409816487016144],[37.194096323299796,48.40981964901616],[37.19387961929979,48.409857587016106],[37.1937106832999,48.409958790016184],[37.193639101299894,48.41010734401623],[37.1936105242999,48.410281224016146],[37.1936233432999,48.41034178101618],[37.1936342152999,48.41036597801614],[37.1936587622999,48.410420606016224],[37.1937330672998,48.41046821901622],[37.19384627929989,48.41050094601622],[37.1940320502998,48.41052481501627],[37.1942972112998,48.410512339016115],[37.19444162229979,48.41047407501613],[37.194570216299695,48.410428233016106],[37.1946392382997,48.41032795801619],[37.1946507222998,48.41019845701616],[37.1946226052998,48.410015662016214],[37.1945535462998,48.4099223970162],[37.194429714299794,48.409860748016165]]]},"properties":{"pub_date":"2026-10-07"}},{"type":"Feature","geometry":{"bbox":[34.28663634452259,51.71331734420966,34.3089505355206,51.75739452020944],"type":"Polygon","coordinates":[[[34.2901667335214,51.753450309210095],[34.2910346255213,51.75443528521009],[34.2921535295211,51.75485825020997],[34.292915817521,51.75501554221005],[34.2940910125208,51.75525147920986],[34.2952662075207,51.755585722209865],[34.2961555445205,51.75601826720981],[34.2973942625204,51.756293521209855],[34.2987282685202,51.75645080820978],[34.3002210835199,51.75684402420977],[34.3015233255198,51.757197915209616],[34.30269852051959,51.757315878209575],[34.3046360045193,51.75739452020944],[34.3059382475192,51.75704063120936],[34.3063829155191,51.75625419920937],[34.3063829155192,51.7553891092094],[34.3063319275192,51.75473518920933],[34.3047133965195,51.753466074209506],[34.30427356251959,51.75281679220945],[34.302959652519895,51.750877145209536],[34.30134081152029,51.747035235209594],[34.3013408115205,51.7429424052096],[34.301340811520596,51.7388492052095],[34.30161061852079,51.735256908209536],[34.301522801520896,51.73252135420954],[34.3015623715209,51.73250399520958],[34.3016404925209,51.73244241820951],[34.3017780795209,51.73231872320954],[34.3020007115209,51.73202571920955],[34.302059343520895,51.7318691152095],[34.3020593445209,51.731277396209485],[34.3019509785209,51.730706907209544],[34.3019509795209,51.73041986920951],[34.3019472235209,51.730390925209484],[34.301916049521,51.73015064620957],[34.30191036252099,51.730106807209566],[34.301920830521,51.730047011209514],[34.30194732952099,51.72989564620946],[34.30198311052099,51.729716646209454],[34.302247795521,51.728392480209415],[34.3029350185211,51.72495426220943],[34.303814440521094,51.72251514620937],[34.3039121135211,51.72236244020935],[34.3056243205209,51.720972884209246],[34.3058640465209,51.7208480022093],[34.3073481605207,51.72032772320923],[34.3077178385207,51.720248447209194],[34.3088359885205,51.720185093209146],[34.3088926105205,51.72018419220916],[34.3089505355206,51.72017996320919],[34.3089329655205,51.72017913020917],[34.3089170025205,51.720178303209174],[34.3088840055205,51.72017667220905],[34.3088032785205,51.72016924520921],[34.30878903952049,51.72016793520919],[34.3085797445206,51.72007401720914],[34.30836682252059,51.7199832812091],[34.3081503985207,51.71989578220919],[34.307930605520696,51.719811570209174],[34.3078397105207,51.71977234320923],[34.307751537520694,51.71973080420921],[34.307666236520696,51.71968702220916],[34.3075839565207,51.71964107420914],[34.3075048425207,51.71959303820921],[34.3074167945208,51.71953452220926],[34.3073334405208,51.71947342320925],[34.3072549815208,51.719409886209164],[34.3071815995208,51.71934406220922],[34.3071134695208,51.719276106209264],[34.307085464520796,51.71923432320923],[34.3070765795208,51.719221065209254],[34.3070340655208,51.71916760620913],[34.306744047520894,51.718931428209274],[34.306674833520894,51.718893131209306],[34.3066019235209,51.718857561209276],[34.3065256015209,51.71882485420931],[34.3064461585209,51.718795136209174],[34.3063638985209,51.71876852120927],[34.306279137520896,51.7187451112093],[34.306192201521,51.718724995209236],[34.306103421520994,51.71870825220926],[34.30601313952099,51.71869494420923],[34.305968956521,51.718662289209234],[34.305717325521,51.71842601020929],[34.305691848521,51.71839533520926],[34.3056443955211,51.718329432209245],[34.3055257845211,51.71820430920922],[34.3054112695211,51.71807773220934],[34.3053008975211,51.71794974820929],[34.30519471052109,51.71782041220928],[34.30509275452119,51.717689775209365],[34.304944164521196,51.717525855209296],[34.3047900245212,51.717363912209265],[34.3046304025212,51.717204020209316],[34.3044653725213,51.71704624920927],[34.30429500652129,51.716890669209356],[34.3041193805213,51.716737351209304],[34.3039385725214,51.71658636320939],[34.30375266252139,51.71643776920932],[34.30356173352139,51.7162916402093],[34.3034053655215,51.71614969520943],[34.3032451905215,51.71600938920936],[34.3031842345214,51.71595784420937],[34.3029990835215,51.71516851220937],[34.3030378385215,51.715155529209355],[34.303093853521595,51.7151412392094],[34.3031519765215,51.71513066820947],[34.3031793725215,51.71508821120937],[34.3032006055215,51.7150444212094],[34.30321551152151,51.71499963920936],[34.3032239745215,51.714954216209385],[34.3032259265215,51.71490850820945],[34.3032213535215,51.71486287020943],[34.3032102895215,51.71481766420938],[34.30319282352149,51.7147732392094],[34.3031690905215,51.714729942209416],[34.3031392775215,51.71468811520939],[34.3031036175216,51.71464808220938],[34.3030623855216,51.71461015920936],[34.3030159095216,51.71457464120934],[34.302964549521604,51.71454180620934],[34.30290870852149,51.71451191120932],[34.3027013555216,51.71440799620942],[34.3024896835216,51.71430748020943],[34.30243186752169,51.71428148520945],[34.30227383652169,51.7142104312095],[34.30216389852169,51.714163672209345],[34.3019175915218,51.714118138209436],[34.3011169855218,51.71397012820951],[34.3007632225219,51.713923957209566],[34.2961154505226,51.71331734420966],[34.295325643522595,51.7146430322098],[34.2951783675226,51.71489022820972],[34.2934587175227,51.71689815120992],[34.2909453825229,51.720258150210014],[34.2895290965229,51.72346967521001],[34.2888335925229,51.72608319421004],[34.2888077205229,51.726199776210066],[34.2881068085228,51.729358125210155],[34.28663634452279,51.733502426210144],[34.28663634452259,51.737763192210174],[34.2874457645222,51.74310946721014],[34.28798537752199,51.74820454621026],[34.28892970152161,51.75204635721012],[34.2901667335214,51.753450309210095]]]},"properties":{"pub_date":"2026-10-07"}},{"type":"Feature","geometry":{"bbox":[35.2500209986014,47.6492892640793,35.253714709601,47.65208978107963],"type":"Polygon","coordinates":[[[35.2501513656014,47.65166044307967],[35.2500209986014,47.65182632407957],[35.2503251866014,47.65204099207955],[35.250658345601295,47.65208978107963],[35.2509915036012,47.65204099207955],[35.2513391466012,47.65192390107951],[35.253540887601,47.64994305707941],[35.253714709601,47.64952345907926],[35.253613313601,47.64934781307931],[35.2531497896011,47.6492892640793],[35.2527731756011,47.649318539079395],[35.25249795760119,47.649513701079385],[35.2501513656014,47.65166044307967]]]},"properties":{"pub_date":"2026-10-07"}},{"type":"Feature","geometry":{"bbox":[35.8375761235238,47.56004450504557,35.8395345405236,47.56125267604559],"type":"Polygon","coordinates":[[[35.8386328485237,47.56112070904569],[35.8386892305237,47.561088620045545],[35.8387619435237,47.56101229304561],[35.8388590965236,47.56087493004558],[35.8389516285236,47.56077918704557],[35.8390299265236,47.56071386204552],[35.83908734252359,47.56068256804558],[35.8392384565236,47.560600205045624],[35.8394235095236,47.560512792045586],[35.8395122965236,47.56043043304554],[35.8395345405236,47.56034108704551],[35.839423508523595,47.56014752804558],[35.8392569615236,47.56006323704556],[35.839002513523596,47.56004450504557],[35.8387989545237,47.56007260204554],[35.8387571555237,47.56008280404551],[35.8385815175237,47.56012567504557],[35.83836407952369,47.56019435704561],[35.83813276452369,47.56029738104563],[35.837864436523795,47.56047532904558],[35.83773875752381,47.560604900045604],[35.83769788852379,47.560647034045616],[35.8376007355238,47.56081249304567],[35.8375761235238,47.560932248045695],[35.8375964825238,47.561017161045655],[35.83763568752379,47.56107561404564],[35.83769055552379,47.561128766045705],[35.83779041552379,47.5611839960456],[35.837956963523794,47.56124955504561],[35.8382021585237,47.56125267604559],[35.83843347452369,47.56121209304562],[35.8386328485237,47.56112070904569]]]},"properties":{"pub_date":"2026-10-07"}},{"type":"Feature","geometry":{"bbox":[35.8103839675278,47.554628699046525,35.8159635955271,47.55830580504678],"type":"Polygon","coordinates":[[[35.8141386965274,47.554628699046525],[35.8140876385274,47.554666028046526],[35.8139814215274,47.55475563304657],[35.8135439805274,47.55512466004655],[35.8134502895275,47.55517361204673],[35.8134201515275,47.55518935904661],[35.8124906425276,47.5556750140468],[35.8113013905277,47.55624829304687],[35.8103839675278,47.556683980046856],[35.8105198815278,47.556959150046886],[35.81096160452769,47.55734897004687],[35.8117431125276,47.55776171804682],[35.8121643015275,47.558121751046805],[35.8122268425275,47.558175211046766],[35.8123000015275,47.55822087904687],[35.8123723865275,47.55824451504687],[35.81255218052749,47.55827287904677],[35.81272497052739,47.558283909046764],[35.8127895325274,47.55830580504678],[35.8129946085274,47.55820544504676],[35.8154302455271,47.55701347104658],[35.8157116445271,47.556557809046616],[35.8159635955271,47.556149823046496],[35.8155479035271,47.555629101046534],[35.8154284355272,47.555490432046604],[35.8147644735273,47.55497823304656],[35.814274423527394,47.554704511046566],[35.8141386965274,47.554628699046525]]]},"properties":{"pub_date":"2026-10-07"}},{"type":"Feature","geometry":{"bbox":[37.448502145191696,50.17949620705955,37.4683278671893,50.18827445905991],"type":"Polygon","coordinates":[[[37.4653884601895,50.187622490059475],[37.4654859061895,50.18761909405946],[37.46563237118949,50.187620364059406],[37.4656992491895,50.18762189305949],[37.46581150718949,50.18762801005947],[37.4658913601895,50.18764242905952],[37.4662603691894,50.18766868105942],[37.46651093118939,50.18765701305951],[37.4666188091894,50.18765141305946],[37.4667937461894,50.18761221005938],[37.4669920091893,50.187539404059365],[37.4671465371893,50.18745539805935],[37.4672777401893,50.187371392059305],[37.467443931189294,50.187238848059366],[37.467757636189305,50.18695964605931],[37.468137790189196,50.18615987305935],[37.4682735601893,50.185273154059324],[37.4683278671893,50.18464722405936],[37.46778479018939,50.18426470805924],[37.46645425018949,50.18417777205928],[37.4650150951898,50.183986512059356],[37.4634673241899,50.183638765059385],[37.46205532219011,50.1833605650594],[37.4610506291903,50.18282154905945],[37.46034462819039,50.182230363059546],[37.45923770619059,50.18130751505961],[37.4577090051908,50.179988355059585],[37.456393196190994,50.17949620705955],[37.4557328141911,50.17949620705966],[37.4552288381911,50.179674270059714],[37.4546379701912,50.17991910405961],[37.45446418519119,50.18016393705972],[37.4544989421912,50.1805311850597],[37.454655348191096,50.181432599059725],[37.45474224119109,50.18191112005977],[37.4546727271911,50.182233841059734],[37.4545336991911,50.1823785080598],[37.4539254521911,50.18250091905979],[37.4533693411912,50.1826233290598],[37.45211809019139,50.18296830105984],[37.4510927601915,50.18314635105987],[37.450413776191596,50.1833412960599],[37.449723308191594,50.18345980505989],[37.44912537719169,50.18359654505995],[37.4487694661917,50.183783423060056],[37.4485701561917,50.18402499605999],[37.448502145191696,50.184172338060044],[37.4486294291917,50.18468851806005],[37.4492234201916,50.18612836006001],[37.45062354119139,50.1874866620601],[37.4522782301911,50.18827445905991],[37.45363592419089,50.18827445905991],[37.4557148931907,50.188084303059824],[37.4577090051905,50.18764965605977],[37.458981843190394,50.1873236680597],[37.46131537919009,50.18721500505956],[37.4624609331899,50.18726933605963],[37.4639459111897,50.18754099305959],[37.4650066091896,50.18773115205954],[37.4653884601895,50.187622490059475]]]},"properties":{"pub_date":"2026-10-07"}},{"type":"Feature","geometry":{"bbox":[37.5894509891922,49.741385611043185,37.600534553191,49.74839155904347],"type":"Polygon","coordinates":[[[37.5900071571921,49.74766736704361],[37.5920704281918,49.74794503904352],[37.5932099101917,49.74839155904347],[37.5934034591917,49.74813779304356],[37.593696769191595,49.74760476004353],[37.593971747191596,49.747261247043426],[37.5945033711915,49.7468585050435],[37.59523664519149,49.7468703500434],[37.5961165741914,49.746680823043356],[37.5971064951913,49.74612408304331],[37.5978031051912,49.74581609604325],[37.5988480221911,49.74542518704323],[37.5994163091911,49.74465520604321],[37.600094588191,49.74395628904304],[37.600534553191,49.74313890004316],[37.600534553191,49.74260581204306],[37.6000945881911,49.742072718043005],[37.5990863361912,49.741764706043064],[37.5983347291913,49.741527772043106],[37.5971064951915,49.741385611043185],[37.5958965921916,49.74139745804317],[37.5950349941917,49.741432998043294],[37.59377009619179,49.74191871204333],[37.5929451621919,49.74251104004335],[37.592431870191994,49.74352982704343],[37.592120229192,49.744370902043435],[37.592065233191896,49.7449039710434],[37.591350290192,49.74538965004346],[37.590598684192095,49.74556733604355],[37.5898654101921,49.74602931804359],[37.5894509891922,49.74639514004361],[37.5894542281922,49.746419973043544],[37.5894542301922,49.74642000704357],[37.5894542301922,49.7467374270436],[37.589454267192195,49.7467374980436],[37.589484800192196,49.746798700043556],[37.5895102921922,49.746849800043584],[37.5895103261922,49.74684986904358],[37.589851735192106,49.74753420004356],[37.5897978051921,49.74763919304359],[37.5897978681921,49.74763920204362],[37.5897978371921,49.74763926004361],[37.5897925461921,49.74763921904356],[37.5900071571921,49.74766736704361]]]},"properties":{"pub_date":"2026-10-07"}},{"type":"Feature","geometry":{"bbox":[37.6344946681686,50.19497058505346,37.6375603351682,50.1970567620534],"type":"Polygon","coordinates":[[[37.6358726341684,50.196918510053315],[37.635877657168294,50.196921935053396],[37.63590531116831,50.1969422810534],[37.6359586801683,50.19700067605341],[37.6364497781683,50.1970567620534],[37.63668612016819,50.1968836350534],[37.63712722116821,50.19656190005332],[37.63737927116819,50.19636827405339],[37.6375603351682,50.19621353405334],[37.637544733168106,50.19619816105329],[37.6375432641682,50.196196821053306],[37.6374992101682,50.196156602053364],[37.6374095531682,50.19607474805328],[37.6373653991682,50.19604592805329],[37.637046524168206,50.19583779305332],[37.636590957168295,50.19557349505334],[37.63622792816831,50.19539122005342],[37.63602659816839,50.19531131105333],[37.6358720171684,50.1952499560534],[37.6358554071684,50.19524682905333],[37.63567258116839,50.19514790405341],[37.635558872168396,50.19509750805337],[37.6354451621685,50.19505644405333],[37.63527022516849,50.19501351505336],[37.6351338771685,50.194988420053456],[37.6350369751685,50.19497058505346],[37.6349174341685,50.19497431805336],[37.6348066401685,50.194991116053366],[37.63471917116849,50.19503031305346],[37.63463170216849,50.195129238053404],[37.634618057168595,50.19515162405338],[37.63458505316849,50.19520576505342],[37.6345296561686,50.19532148905334],[37.6345063311686,50.19539054905347],[37.6345026321685,50.195443377053415],[37.63449809216859,50.19550819305343],[37.6344946681686,50.19559586405341],[37.63452691116849,50.19567842905339],[37.6345763061685,50.19580491005336],[37.6346841841685,50.19602328905341],[37.6348999401685,50.196241666053325],[37.6351570621684,50.19645642605343],[37.6354486241684,50.196651820053454],[37.6357265301684,50.196822309053374],[37.6357766321683,50.1968530460534],[37.6358726341684,50.196918510053315]]]},"properties":{"pub_date":"2026-10-07"}},{"type":"Feature","geometry":{"bbox":[37.1462085353052,48.427907440018856,37.148674821304894,48.429326474018865],"type":"Polygon","coordinates":[[[37.14670834730519,48.42793462501883],[37.1466018293052,48.427907440018856],[37.146544474305195,48.42794549901887],[37.1462085353052,48.42850006801892],[37.1462740843052,48.42854356301891],[37.1479783613049,48.42929929001888],[37.1482405583049,48.429326474018865],[37.1483962373049,48.429282979018865],[37.148674821304894,48.42889696201883],[37.148674821304894,48.42882084601883],[37.1486420463049,48.42875016601877],[37.14670834730519,48.42793462501883]]]},"properties":{"pub_date":"2026-10-07"}},{"type":"Feature","geometry":{"bbox":[37.1032597323082,48.48698490702283,37.104404727307994,48.487373378022966],"type":"Polygon","coordinates":[[[37.1033185843081,48.48731388302295],[37.1033785923082,48.487349580022844],[37.103424690308195,48.48736222002286],[37.1034871633082,48.487367563022836],[37.1035551573081,48.487373378022966],[37.10396212130809,48.48734340802283],[37.1041550523081,48.487331420022805],[37.104255419308,48.48730622302282],[37.10430837830799,48.487284798022934],[37.1043415083081,48.4872650680228],[37.104363565308,48.48724337702291],[37.1043827783081,48.48720753202293],[37.104396421308095,48.48718618202292],[37.104404727307994,48.4871464040228],[37.104403589308,48.48712045002288],[37.104396181308,48.48707789502285],[37.104376299308,48.48704626902286],[37.1043531413081,48.48702606402285],[37.1043228193081,48.48700468902285],[37.1042827533081,48.48698893502285],[37.1042272143081,48.48698490702283],[37.10348809230809,48.487016841022886],[37.1034044313082,48.48703771402288],[37.1033501693082,48.48706169002288],[37.1032898773082,48.487117634022944],[37.1032597323082,48.487171580022924],[37.1032624773082,48.4872190820229],[37.1032782823082,48.48726412502291],[37.1033185843081,48.48731388302295]]]},"properties":{"pub_date":"2026-10-07"}},{"type":"Feature","geometry":{"bbox":[36.13136140547589,47.69682291003647,36.1613560654712,47.717673568036425],"type":"Polygon","coordinates":[[[36.1359519004756,47.69682291003647],[36.13527234747569,47.6971358490365],[36.1346979384757,47.697450295036546],[36.134329467475695,47.69771888003662],[36.13430981047569,47.697800739036516],[36.1341980074758,47.69827562903658],[36.1340897034757,47.69875088103665],[36.134089058475695,47.69875375903662],[36.1340881124757,47.698756375036645],[36.1340852674757,47.69876423603655],[36.1339671114757,47.69908264903654],[36.1339643324757,47.69908994103662],[36.133964182475694,47.699090340036655],[36.1339640364757,47.69909072003661],[36.1339640234757,47.69909075103659],[36.1339611934757,47.69909817903664],[36.13383717147569,47.69941518503667],[36.13383419147569,47.69942261303664],[36.1338339544757,47.69942321503662],[36.133833754475695,47.69942370603664],[36.1338337174757,47.69942380203666],[36.13383067347569,47.69943138303665],[36.1337008504757,47.699746879036724],[36.1336974994757,47.699755025036644],[36.1336939964757,47.69976313103663],[36.1335583904757,47.70007710503664],[36.133554951475794,47.70008488103677],[36.1335546904757,47.700085480036634],[36.133554434475705,47.700086051036735],[36.13355092847569,47.70009398203665],[36.1334094904757,47.700406566036776],[36.1334058984757,47.70041433303677],[36.1334058704757,47.70041439203675],[36.1334056994757,47.700414766036644],[36.1334054944757,47.70041520303673],[36.1334018434757,47.70042309403672],[36.1332546564757,47.70073414303674],[36.1332507904757,47.700742137036734],[36.1332507764758,47.70074216603679],[36.1332505004757,47.70074274803675],[36.1332502254757,47.70074330403679],[36.1332502024758,47.70074335403673],[36.133246266475695,47.700751491036726],[36.1330934084757,47.701060864036755],[36.133089165475695,47.701069451036766],[36.13308479047579,47.70107794003677],[36.1329261344758,47.701385908036876],[36.1329216254758,47.701394665036716],[36.1329169504757,47.701403378036744],[36.13275263847579,47.70170968903673],[36.1327481224758,47.701717942036865],[36.1327481074758,47.70171797103671],[36.1327479064757,47.70171834003688],[36.1327476804758,47.70171875203689],[36.1327430964758,47.70172712903674],[36.1325732394758,47.70203159503674],[36.1325681834758,47.702040658036765],[36.1325629604757,47.7020496700369],[36.1323874494758,47.702352516036875],[36.1323823394758,47.70236133203686],[36.13237706147581,47.70237010803687],[36.1321959274758,47.70267128603684],[36.13219077947579,47.70267969003684],[36.1321904044758,47.70268031203689],[36.13218999947579,47.70268096203689],[36.13218478147579,47.70268948403687],[36.1319981444758,47.70298880803688],[36.1319925534758,47.70299777403687],[36.13198681747579,47.70300665703688],[36.1317947224758,47.70330408103686],[36.1317890474758,47.70331271703695],[36.1317886274758,47.70331336403685],[36.1317882034758,47.70331399703683],[36.1317824374758,47.7033227740369],[36.13158488447589,47.70361830603698],[36.1315788494758,47.70362733303687],[36.13157265547579,47.70363629403698],[36.131378499475794,47.70391714903692],[36.1313780014758,47.70391786703696],[36.1313695834758,47.703930047036955],[36.1313631134758,47.70393940703697],[36.13136140547589,47.70394183803697],[36.1318774834757,47.70406686703693],[36.13203824547569,47.704105813036904],[36.1324676824756,47.70420984203699],[36.1330155764756,47.704342564036864],[36.1330211424756,47.70434228603687],[36.133021321475596,47.70434227803687],[36.13338571547549,47.70432309903695],[36.13338589247551,47.704323088036894],[36.133399376475595,47.70432231203688],[36.1333996934756,47.70432228903689],[36.1333998714755,47.70432228003689],[36.1337621514755,47.704299222036866],[36.1337623284755,47.704299211036876],[36.1337787544755,47.704298076036864],[36.1338138864755,47.70429545003691],[36.1341389874754,47.70427116103685],[36.1341474554754,47.70427053203685],[36.1341559944754,47.704269800036876],[36.1345158594754,47.70423892203685],[36.13453149147539,47.70423749103685],[36.1345316664754,47.70423747003683],[36.1348927134754,47.70420247303684],[36.1348928894753,47.70420245503683],[36.1348933124753,47.70420241303683],[36.1349054654753,47.70420115703669],[36.1349055414753,47.704201150036795],[36.1349057184753,47.70420113003682],[36.1352670254753,47.704162058036836],[36.1352672034753,47.70416204103684],[36.13526726147529,47.70416203503683],[36.135278148475294,47.704160796036724],[36.1356411194752,47.70411746003682],[36.1356459524753,47.704116885036825],[36.13565021247519,47.70411632703671],[36.1356522354753,47.70411607303678],[36.136014183475204,47.70406875403668],[36.1360216394752,47.70406773903671],[36.1363856064751,47.70401602103676],[36.1363888464751,47.70401556403674],[36.1363921124752,47.70401506203673],[36.1367555464751,47.70395924903666],[36.1367583574751,47.703958817036614],[36.13676139547509,47.703958317036644],[36.137120984475,47.703898951036656],[36.1371304684751,47.70389732903675],[36.137487512475,47.703834217036594],[36.137493028475,47.703833247036584],[36.140613367474494,47.704660599036565],[36.14289333647421,47.70526512103648],[36.1428939884742,47.70526529403649],[36.14661338847359,47.70623038703631],[36.1484112044734,47.706696873036215],[36.1485410524733,47.70678710403621],[36.1486800484733,47.70688453503628],[36.1487958794733,47.70700145203622],[36.14880855947331,47.70702012003621],[36.1488885404733,47.707137851036244],[36.1489131254733,47.707185413036235],[36.1489357334732,47.70722915003613],[36.1489495954732,47.707255970036265],[36.148970163473294,47.70729576203614],[36.1489812054732,47.707317125036305],[36.148980639472995,47.71352328503653],[36.1493083314729,47.71439636503653],[36.151389984472395,47.716775891036534],[36.1523848114723,47.7172421940365],[36.15336207347211,47.71753599303648],[36.154452464471994,47.717673568036425],[36.16022012147119,47.71746716303609],[36.1613560654712,47.715422979035914],[36.1610278884714,47.71134525803576],[36.1573067634721,47.707302652035764],[36.152078532473,47.70426281003597],[36.145616444474,47.7018771520362],[36.14062081247479,47.70024414103627],[36.1378859724752,47.69937236503643],[36.1359519004756,47.69682291003647]]]},"properties":{"pub_date":"2026-10-07"}},{"type":"Feature","geometry":{"bbox":[35.9014771045167,47.509940386037385,36.0193625025001,47.53153417704086],"type":"Polygon","coordinates":[[[35.9043089805164,47.52573275704082],[35.9014771045167,47.526449827040956],[35.9015111025167,47.526615125040955],[35.9016108645166,47.52694232004105],[35.9017961365166,47.527303194041025],[35.9018948115166,47.52754117804104],[35.9019054075166,47.52754799204099],[35.902284254516495,47.52814488104111],[35.9024150865165,47.52835101104095],[35.9025677275164,47.52865162204105],[35.9029247665164,47.52935476804108],[35.9031215415163,47.5296079190411],[35.903254015516296,47.529793696041025],[35.90339944951629,47.529997644041075],[35.9035847205162,47.53027189204118],[35.90389113151609,47.53056538504102],[35.9041619135161,47.53084925304104],[35.904560960516,47.531075384040975],[35.904778077516,47.531174251041044],[35.904846550516,47.531205431040966],[35.9061754475158,47.53106327204089],[35.90661628851579,47.53103221204089],[35.9071829895157,47.53099228604088],[35.90781775651559,47.53099434204088],[35.9080853975155,47.531104680040855],[35.908374518515494,47.531288061040904],[35.9085585045155,47.53140637004081],[35.9087600135155,47.53149510204083],[35.9091359415154,47.53151956604074],[35.9093604425154,47.53153417704086],[35.910634919515196,47.53131763804078],[35.91104669851519,47.531122427040735],[35.91190753651511,47.530420831040615],[35.9141131965148,47.52908015604049],[35.9148017955147,47.52891829904048],[35.91690620051439,47.52851910904027],[35.9178732735143,47.5283188350402],[35.922111987513794,47.52740408304004],[35.928330205513,47.52600890503962],[35.9342428645123,47.52479266303932],[35.936407568512,47.524311913039156],[35.9377704385118,47.523879435039134],[35.9386261995117,47.52369031503898],[35.9394951555116,47.523476387039054],[35.939967786511595,47.52333762503896],[35.9404472825115,47.52319085203895],[35.94103578051139,47.52301488203887],[35.9415244325113,47.522892215038844],[35.94244127751119,47.52265702203887],[35.9537221165098,47.52060212203812],[35.96475356050829,47.519111536037514],[35.9765870715067,47.5180358240369],[35.9841981515056,47.518804439036586],[35.9888511315049,47.51984198203637],[35.9971939365036,47.521803468036126],[36.00250334450289,47.523051354035815],[36.0069919145021,47.52456018703568],[36.01316757750119,47.52578388103534],[36.0182190275004,47.52912716303532],[36.0193625025001,47.530540770035344],[36.0122457555016,47.52173522003531],[36.0112278845018,47.52046355403525],[36.0102609075019,47.51953556003525],[36.0087849915022,47.51853880903528],[36.0058331645027,47.51743892503547],[36.0017998475033,47.516876083035555],[35.99830091350379,47.51676867003582],[35.993450119504395,47.51676866803597],[35.9899511885049,47.516983495036136],[35.9794702895065,47.51582342403672],[35.975449700507,47.515273459036834],[35.97193804150749,47.51455161503701],[35.96868085150799,47.51376101403718],[35.965118301508596,47.512351654037225],[35.9608482015093,47.51070895403737],[35.9607263845093,47.510596332037345],[35.9593192495095,47.509940386037385],[35.96158934950909,47.51206418103743],[35.9620420605089,47.51410125603747],[35.95944319050919,47.51610111803769],[35.9547209955098,47.51760090503795],[35.9209798115142,47.52327715803988],[35.9166906025147,47.52379883804013],[35.9109241915155,47.52436940304039],[35.90529472251631,47.52548315304074],[35.9043089805164,47.52573275704082]]]},"properties":{"pub_date":"2026-10-07"}},{"type":"Feature","geometry":{"bbox":[36.14068919346819,47.795869146035656,36.23499678145699,47.837036046041646],"type":"Polygon","coordinates":[[[36.20697558345999,47.81323258003783],[36.2069756274599,47.81323256503783],[36.20697573146,47.81323253903766],[36.20697582846,47.813232497037724],[36.20697595146,47.81323247503769],[36.207003636459895,47.813223111037715],[36.2073646054599,47.81369632603773],[36.207620656459795,47.81439486603776],[36.2076846694598,47.81507190403773],[36.2077166764597,47.81577042603779],[36.2077326794597,47.81646893903778],[36.207668666459604,47.81743609503779],[36.20778068945959,47.81836024903788],[36.2079887304596,47.818779336037935],[36.20835680445949,47.818854557037966],[36.2089169164594,47.81881157403789],[36.2094290194593,47.818628895037854],[36.2097010734593,47.81823129803778],[36.20979709345939,47.817371618037754],[36.2098931124594,47.81660864103771],[36.20998913145941,47.81548027303771],[36.210101154459494,47.814330386037625],[36.2101811694595,47.81347064203766],[36.2103412024595,47.81273984803752],[36.2104767734595,47.81235056703753],[36.21057464945951,47.812177010037416],[36.2106813234595,47.81202930203752],[36.21075940345949,47.81197317303747],[36.21081255945949,47.8119349290375],[36.2108128134595,47.81193484403747],[36.21793967045859,47.80952448103694],[36.2225270554581,47.80766394703671],[36.2253840194578,47.80621285803655],[36.2260225404577,47.805875844036535],[36.2275241454576,47.80471269803639],[36.229531308457396,47.8028821270363],[36.23499678145699,47.795869146035656],[36.2305194124575,47.798091886036005],[36.223961844458195,47.80226361603642],[36.2189448004587,47.8050515520368],[36.214702424459304,47.80560931503702],[36.2127366354596,47.804351346037166],[36.2059211124603,47.808857449037575],[36.1923590964619,47.81399001603838],[36.1766645754639,47.81789210103936],[36.1574610804662,47.8226336900405],[36.14918980846729,47.82485248104098],[36.1449202064678,47.82634433804125],[36.1443404214679,47.82652842204129],[36.142658414467995,47.82741112004135],[36.1415381594682,47.828267527041454],[36.1406922554682,47.82957095904159],[36.14068919346819,47.83012276504162],[36.1407303384681,47.83145051904162],[36.140960046467995,47.83222889604167],[36.1417313274678,47.835207056041746],[36.1427979164676,47.83646402304175],[36.14381630046739,47.836891911041675],[36.1447294624673,47.837036046041646],[36.148331583466806,47.83674386004142],[36.15118307946639,47.83632263004134],[36.15404997646609,47.835679407041134],[36.15654151046581,47.834971665041],[36.1614463694652,47.833586596040796],[36.1667930594645,47.8317833150404],[36.1818195134628,47.824693442039354],[36.1924873094617,47.81925890503867],[36.2042239794603,47.81416314203788],[36.20697558345999,47.81323258003783]]]},"properties":{"pub_date":"2026-10-07"}},{"type":"Feature","geometry":{"bbox":[37.7788952522175,48.55979604699735,37.794624265215795,48.569607974997595],"type":"Polygon","coordinates":[[[37.77923868321749,48.56747402899796],[37.7794802822175,48.56749085799798],[37.7819929712171,48.56695752299781],[37.7837826692169,48.56705948499787],[37.787138051216495,48.56756588899759],[37.78744583821639,48.567709097997614],[37.78890273921619,48.56849866199769],[37.788906325216196,48.56850069999769],[37.79022885421599,48.569322277997614],[37.790380203216,48.569414344997625],[37.7904741982159,48.56945280999765],[37.7907911952159,48.56955756199757],[37.7909768222159,48.569607974997595],[37.7913607342159,48.56773614099751],[37.7916294612159,48.566100108997524],[37.791754868215996,48.56517537199741],[37.791917476216,48.564790587997344],[37.79319273421589,48.56277701899735],[37.794545826215796,48.56090725799708],[37.7946110092158,48.56074434299711],[37.794624265215795,48.56059519899721],[37.794591414215795,48.560519100997155],[37.7945096592158,48.56040241799708],[37.79432490221579,48.56024582099718],[37.7939638872159,48.56011716599713],[37.793179689216,48.55992595199718],[37.7927212172161,48.55986854499716],[37.7924161292162,48.55983034399728],[37.7921519482162,48.55984379399715],[37.791999219216194,48.559851569997285],[37.7919294842162,48.559845702997244],[37.7916710572162,48.55985673699723],[37.7912959202163,48.55988984099727],[37.7909958122163,48.55993949699715],[37.790762394216394,48.55992846199731],[37.79023720321639,48.55989535899725],[37.789820385216494,48.55985673699723],[37.78952861321649,48.559862253997245],[37.7891701492165,48.55979604699735],[37.78892005921659,48.559829150997366],[37.788828359216595,48.55994501399726],[37.7889200592165,48.560138118997344],[37.7889307862165,48.560358224997316],[37.788936731216495,48.56048018899733],[37.7889200582165,48.56078915499734],[37.7887116502165,48.56113121999732],[37.7885532582165,48.56141811199745],[37.7884865672166,48.561666383997505],[37.788703313216494,48.56195327299748],[37.789053439216495,48.56212981899739],[37.7893452122164,48.562350501997386],[37.7895036032164,48.56252704599745],[37.7894619222164,48.56292978799742],[37.7893535492164,48.56321666899739],[37.7891701492164,48.56367457399747],[37.7889367312164,48.56411040599747],[37.7885615952164,48.56473932399747],[37.788445662216404,48.564998257997566],[37.7884137362164,48.56503112199755],[37.7882461522165,48.565116819997606],[37.7879576402165,48.56522015999762],[37.787469643216596,48.56526741999756],[37.7867793082166,48.56522803699759],[37.785958047216795,48.56510988799758],[37.784898737216906,48.56495235599762],[37.7846550092169,48.564897055997584],[37.7817843672173,48.56469851499784],[37.7816715372173,48.56468451399776],[37.7814060442173,48.56461925599785],[37.781186066217295,48.564629295997825],[37.781072284217394,48.56468451499782],[37.7810495282174,48.56483008999777],[37.7811253822173,48.5651513599978],[37.7811892952173,48.566086076997856],[37.7812012362173,48.56626072899794],[37.7811481382173,48.56635108399786],[37.78103435621729,48.56646151699788],[37.7807157672174,48.566571949997886],[37.7801013442174,48.566767717997834],[37.7799951462174,48.566802854997974],[37.7797675822174,48.56684301199799],[37.77955519021749,48.56686309099802],[37.779335210217496,48.56689320899805],[37.77918350021749,48.56691830699786],[37.7789786922176,48.566978542998044],[37.7788952522176,48.56704379799791],[37.7788952522175,48.56718434799796],[37.7789407652175,48.56723454399801],[37.77900903521749,48.56737509299803],[37.77905454721749,48.567425289998035],[37.77923868321749,48.56747402899796]]]},"properties":{"pub_date":"2026-10-07"}},{"type":"Feature","geometry":{"bbox":[37.47257867118719,50.224639517060005,37.6274900031667,50.263106525055335],"type":"Polygon","coordinates":[[[37.5994552861705,50.253537413056],[37.6025508581701,50.25353741405591],[37.6054168761698,50.253660857055834],[37.60625869916969,50.253728847055754],[37.6090442731693,50.254184863055805],[37.6102790351691,50.25447162805578],[37.6123136001689,50.254942626055644],[37.6141646081687,50.25535322005562],[37.6149563531686,50.25543421505552],[37.6159351031684,50.255534340055576],[37.6172610691683,50.25582108705552],[37.6180841571681,50.25630419905542],[37.6229773991674,50.26032987105544],[37.625833774167,50.261851580055286],[37.6274192141667,50.263106525055335],[37.6274900031667,50.262619974055276],[37.626724155167096,50.25482428605514],[37.62659205716721,50.25347949105508],[37.6264378421673,50.25190950905501],[37.6257700031676,50.245109974054884],[37.6260009341676,50.244466688054814],[37.626380673167596,50.243408862054906],[37.6264370211676,50.24325189705482],[37.6264598641676,50.243188263054876],[37.6266092521676,50.242772113054855],[37.627310002167704,50.240819974054745],[37.62657217616779,50.23965875505478],[37.6184838441692,50.22692718005473],[37.618354601169294,50.22672371405473],[37.61761291616939,50.2255560770547],[37.6175055351694,50.225387026054754],[37.61752527916939,50.22564759405474],[37.6174480121694,50.22630257205478],[37.61735670716939,50.22664406405476],[37.617213225169394,50.226832949054824],[37.61644400716949,50.22726095105485],[37.6130611291699,50.22797265405488],[37.6090289631703,50.22863638505518],[37.6049496371709,50.2290587540553],[37.6040983491709,50.22902016205528],[37.6009018431713,50.228642276055496],[37.5994451901715,50.22825400005548],[37.5964876031719,50.22765556705557],[37.59376596117231,50.2273527580557],[37.5913886771726,50.227248322055765],[37.5855197821733,50.22764078605595],[37.5836333891735,50.22745976605605],[37.5812989771738,50.226886530056134],[37.5722542551749,50.22574859205637],[37.571557641175,50.22570745405644],[37.5659135511757,50.22536953505668],[37.5592130811766,50.225263331056915],[37.5578701231767,50.22536129305689],[37.5559344161769,50.22595504605698],[37.55407479817709,50.22610376005702],[37.5518664991774,50.2258806890572],[37.54698500017809,50.22521146905734],[37.5447767031783,50.22521146905743],[37.5418710491787,50.226103760057505],[37.5409660121787,50.22650182405759],[37.539318954178896,50.226990361057716],[37.5250182521806,50.228408765058134],[37.521880145181,50.22952405105831],[37.521235485180995,50.23037633205843],[37.5201367521811,50.231828892058466],[37.5160384171816,50.230851177058646],[37.5123632841821,50.23044427805872],[37.50890017818249,50.22954004305883],[37.5063558561828,50.22917834505895],[37.50515437018301,50.22845493905894],[37.503034101183296,50.227821950059095],[37.5007724811836,50.22759588105916],[37.497238699183995,50.227776737059294],[37.4954718081843,50.227641095059326],[37.49285681018459,50.227595880059454],[37.4898884331849,50.227867164059504],[37.4880508681851,50.22827408605951],[37.486852610185295,50.22821131105956],[37.4849397831855,50.22791758705975],[37.4836081411857,50.22739903705973],[37.48106065118609,50.22651008205976],[37.4790631881863,50.226121158059904],[37.47781839318651,50.22610263805985],[37.4755893401868,50.22558406805992],[37.475155109186794,50.224917328060016],[37.4745182371869,50.224639517060005],[37.474026108187,50.224676559059986],[37.47324449218709,50.224713600060106],[37.472810260187096,50.225139576060016],[37.47257867118719,50.22580631306009],[37.4726944671871,50.22643600106014],[37.472983953187,50.22701012106009],[37.4740550561869,50.227676831060066],[37.4755314421867,50.22810278106004],[37.4772205441865,50.22809429705998],[37.4815334021859,50.22854740705986],[37.483569146185594,50.2292195560597],[37.4854898101854,50.229584315059746],[37.4858950911853,50.23032506505962],[37.48621352718519,50.231269503059785],[37.48725568318509,50.23219540505967],[37.4882399391849,50.23319536005975],[37.48974527218469,50.234028640059634],[37.4917137871844,50.2343063960596],[37.49911019018359,50.23432144105929],[37.5057593541827,50.234350374059154],[37.5122275871819,50.23437930705886],[37.5141725801817,50.23478436405873],[37.5146875881816,50.23551259505875],[37.51451065818159,50.235674267058876],[37.514325442181594,50.23612991405878],[37.514325443181505,50.23702152205883],[37.5140150891816,50.23783232605882],[37.5138641781816,50.23806398105883],[37.5136076301816,50.23829563605894],[37.5131096221817,50.23843076605894],[37.51261161318169,50.23844041905894],[37.4982142581834,50.23894739305939],[37.49797689518349,50.238987876059475],[37.4978819501835,50.239089086059536],[37.4978265651835,50.23922065805949],[37.49784634518349,50.23936235105949],[37.4979037081835,50.239512898059374],[37.49802115218349,50.23960778105944],[37.4982269191834,50.23966201105943],[37.50706938918229,50.23969217305909],[37.5109119871819,50.23978412505901],[37.51251842718159,50.23982256705901],[37.514895965181395,50.23999888105884],[37.5171143871811,50.2403482750588],[37.5205976251806,50.24123937405872],[37.5207878541806,50.24128803905866],[37.5219434151805,50.241371704058686],[37.52536693018,50.24112147205853],[37.52587884418,50.240930489058464],[37.52676137017989,50.240805060058435],[37.5280105581798,50.240746601058426],[37.528936099179596,50.2409728760584],[37.5293786881796,50.24116413405843],[37.5305856621794,50.24157716605835],[37.53566348817879,50.24222293005817],[37.53646291817859,50.24241094905817],[37.5370144811785,50.24284417505815],[37.53724067517851,50.24316440305799],[37.537436600178495,50.243916248058106],[37.5373442201784,50.245013014058074],[37.5369182101785,50.24576386305821],[37.5363080631785,50.24634692105828],[37.5290927051792,50.25170394905856],[37.5288094451792,50.25207135205866],[37.5287059601792,50.252320835058605],[37.5287198941792,50.25253165705868],[37.5287998471791,50.25274127505862],[37.5290192061791,50.25296234105856],[37.5293246891791,50.253086053058645],[37.529682985178994,50.25314544805864],[37.530191579179,50.25310800505861],[37.5306598941789,50.253008146058576],[37.5461182911774,50.24296841705775],[37.5462405871774,50.242805552057725],[37.5464055941774,50.2427046460577],[37.5467075781774,50.242580335057696],[37.54715334217741,50.24242612505776],[37.5489608461772,50.24127013905765],[37.55213895617679,50.24006905405747],[37.5531466561767,50.2398112550574],[37.5549137991765,50.239655362057334],[37.556435407176295,50.23982710005723],[37.5583751671761,50.240229462057336],[37.5633225761753,50.24266848205712],[37.5638838701753,50.243202082057174],[37.5641522451752,50.243588257057155],[37.56453515517509,50.24476366905716],[37.56697590517479,50.24625020105709],[37.569881560174395,50.24662182605699],[37.573019667174,50.248108299056966],[37.57627400017349,50.25041224205687],[37.57896952217309,50.25147291105681],[37.58080682117289,50.25219586205668],[37.58293895817259,50.25295930905669],[37.584229992172396,50.253250258056546],[37.5919645341714,50.25345921905641],[37.5931539211713,50.253414485056275],[37.5994552861705,50.253537413056]]]},"properties":{"pub_date":"2026-10-07"}},{"type":"Feature","geometry":{"bbox":[37.1879455233008,48.405472337016235,37.19066093330049,48.40713641501628],"type":"Polygon","coordinates":[[[37.1900609873005,48.40575113201621],[37.18989531130061,48.405658834016215],[37.1896643393006,48.405530593016145],[37.18953854930059,48.40548653501627],[37.1894338703006,48.405472337016235],[37.1893044293007,48.40548130401625],[37.1891198333007,48.40551194001615],[37.18900840030069,48.40554855401617],[37.1888622403007,48.40564210701624],[37.1885178833007,48.40590973801629],[37.1882701143008,48.406110461016326],[37.1879573883008,48.40643470501627],[37.1879455233008,48.40645526201629],[37.1879464413008,48.40647326001628],[37.187953817300794,48.40649502401629],[37.1879792263008,48.40651624301628],[37.1880769393008,48.4065732350163],[37.1883037103007,48.4067126220163],[37.18893495430059,48.407051845016305],[37.18906962930059,48.407118293016254],[37.1891333263006,48.407133998016235],[37.1892152233006,48.40713641501628],[37.1892898403006,48.40711950101633],[37.1894026763006,48.407060303016216],[37.18961814530059,48.406949583016214],[37.189781966300494,48.406864430016164],[37.19028639130051,48.40653014201614],[37.19053324330051,48.406366549016134],[37.1906233403004,48.40630531301618],[37.1906569773005,48.40626328301616],[37.19066093330049,48.40621140201618],[37.1906342233004,48.406162804016155],[37.1900694913005,48.40575844701616],[37.1900609873005,48.40575113201621]]]},"properties":{"pub_date":"2026-10-07"}},{"type":"Feature","geometry":{"bbox":[37.6320409531878,49.72350382504108,37.6394857901869,49.725426201041394],"type":"Polygon","coordinates":[[[37.63380427118759,49.72413156004133],[37.6334913151876,49.724164192041236],[37.6326836891878,49.72424685804139],[37.6323875601878,49.72429036704142],[37.63216546218779,49.72437085704135],[37.6320813341878,49.72446440104145],[37.6320409531878,49.724612330041396],[37.6320645081878,49.72477331004136],[37.6320813331878,49.724999551041385],[37.6321141441878,49.72517467204137],[37.6321404331878,49.72530723504135],[37.6321824971878,49.72540240804135],[37.6322718831878,49.725426201041394],[37.632555814187704,49.72541940204138],[37.63278190818771,49.72539900804139],[37.6331236771876,49.725297038041376],[37.6333655441876,49.7252392540413],[37.6341700181875,49.7251610770413],[37.6347115901875,49.72512368604132],[37.6350586171874,49.72513728304117],[37.63528889618739,49.72513728304117],[37.6353211961874,49.72515303504134],[37.6353907161874,49.725173317041204],[37.63546693018739,49.72518188404122],[37.63556673818729,49.72517633504123],[37.6356936811873,49.725144134041244],[37.63600809618729,49.72504163304122],[37.6362713301873,49.7249492020413],[37.6372135231871,49.7247040750412],[37.639117479187,49.7243011690411],[37.6393263271869,49.72424798204107],[37.639433916186896,49.72414979104104],[37.63948454518691,49.724027050041094],[37.6394857901869,49.72381725504115],[37.639308413186995,49.72361085004111],[37.639048261187,49.72350382504108],[37.6387171591871,49.72351911404109],[37.63812590418709,49.72358791504111],[37.6374045741872,49.723702585041124],[37.6365176911873,49.7238096090412],[37.6360446871874,49.72385547804123],[37.6354880981874,49.72391535104119],[37.635098655187505,49.72396782904117],[37.6350244921875,49.72398136504122],[37.6348327111875,49.72400980104127],[37.6346108711876,49.72404043304134],[37.6343050321876,49.72407384904134],[37.6338373761876,49.72413037104126],[37.63380427118759,49.72413156004133]]]},"properties":{"pub_date":"2026-10-07"}},{"type":"Feature","geometry":{"bbox":[36.882696501260796,50.2020472950818,36.907148759257595,50.22503613708188],"type":"Polygon","coordinates":[[[36.892237121258994,50.22113282608205],[36.8934385332588,50.22221803008208],[36.8944279302587,50.222218030082],[36.89753746625819,50.223438854081884],[36.8998693832579,50.22503613708188],[36.902555126257596,50.22443357708171],[36.9026964682577,50.2220823810816],[36.9012830432581,50.21647521308167],[36.905452648257594,50.21606821708144],[36.9070074162575,50.2138522800814],[36.907148759257595,50.21100306908128],[36.9047459352579,50.20937487108138],[36.9009296872584,50.21023420408157],[36.8993749192587,50.20706816308151],[36.89513464425931,50.20490304308162],[36.889056914260195,50.2020472950818],[36.8836152282608,50.20322340108201],[36.882696501260796,50.20661585508216],[36.8870781192602,50.20856075108197],[36.888562215259896,50.21018897708205],[36.8886328872597,50.213671383082065],[36.89016709825949,50.21684763008207],[36.8920957792591,50.21914322308204],[36.892237121258994,50.22113282608205]]]},"properties":{"pub_date":"2026-10-07"}},{"type":"Feature","geometry":{"bbox":[37.6103886521913,49.70291819404154,37.6116501711913,49.70397087204167],"type":"Polygon","coordinates":[[[37.6103886521913,49.703490925041635],[37.6104067181913,49.70382066404172],[37.61042703719129,49.703848261041635],[37.6104970961913,49.703918417041635],[37.6105567061913,49.70395479804151],[37.6107721181913,49.70397087204167],[37.6111942061913,49.70395481504165],[37.6113688071912,49.70392463704167],[37.61144801019119,49.7038905840416],[37.6115280141912,49.70383348904163],[37.61157767119119,49.703756770041565],[37.6116052581912,49.703408852041605],[37.61164388119119,49.703078773041604],[37.6116501711913,49.70304144804161],[37.6116042651912,49.70296379804155],[37.6115512971913,49.702935251041545],[37.61144545419119,49.70293334404159],[37.6113045551913,49.70292889904156],[37.6109017791913,49.70291819404154],[37.6107391231913,49.702927258041605],[37.6105237211914,49.70294667004156],[37.610426613191294,49.70299463004161],[37.6103941701914,49.70304130504162],[37.6103886521913,49.703490925041635]]]},"properties":{"pub_date":"2026-10-07"}},{"type":"Feature","geometry":{"bbox":[35.377477150430096,50.66523296615177,35.40686630742649,50.70229392015266],"type":"Polygon","coordinates":[[[35.37918459542979,50.694997614152996],[35.389359132428396,50.69759396815275],[35.3910779994282,50.698121233152555],[35.3916893814281,50.69839117115262],[35.392286427428,50.69878284015258],[35.39261172142789,50.699100261152616],[35.39285388942779,50.699486544152606],[35.39286019242779,50.69986955015261],[35.3922625924279,50.70153913415258],[35.39170943842791,50.701929773152656],[35.3911280284279,50.70229392015266],[35.402930008426594,50.69842860415212],[35.4029742474266,50.69799640315201],[35.4036619574266,50.69662005815201],[35.4039834224266,50.69615797715201],[35.404041010426596,50.695756882152],[35.4040621154266,50.69574711715201],[35.4041439084266,50.695709283151956],[35.4044665074265,50.695430982152004],[35.4045554574265,50.69533573315199],[35.4045555114266,50.695335666152005],[35.404591400426504,50.69528407915196],[35.404618286426505,50.69526844415198],[35.40485310942649,50.69501698215195],[35.4050922094265,50.69485318115196],[35.4052897074265,50.694805582151965],[35.4053947344264,50.69481711215199],[35.40540956642649,50.694808489151995],[35.4056384944264,50.69446019215188],[35.40550100842639,50.69442508215185],[35.4055344074265,50.694361682152014],[35.4055733064265,50.69432998215188],[35.40555670742639,50.69425248215193],[35.4056762074265,50.69408328215193],[35.405741444426496,50.693946050151986],[35.4057708084264,50.693884282151934],[35.405795276426495,50.69381448115192],[35.4057855054264,50.69371774615193],[35.4058552234264,50.69360337265189],[35.4058598094265,50.6934103801519],[35.4059293064264,50.693262380151914],[35.4060656074264,50.69310378015189],[35.4062686064264,50.69297168115197],[35.4064160064264,50.692857180151904],[35.4065052064264,50.69276998015173],[35.406535806426405,50.69260088015184],[35.4065024074264,50.69242998015179],[35.4063801074264,50.69225738015187],[35.4062800084265,50.69205648115195],[35.4062883064265,50.69157908115188],[35.4063523084265,50.69112278015174],[35.4064023074265,50.690872581151865],[35.4065064064265,50.69065188215177],[35.4065787064265,50.69035588115177],[35.406584308426496,50.69020598115186],[35.406655107426495,50.690019181151825],[35.4067534074265,50.689804880151776],[35.40680450742649,50.689700179151835],[35.4067935074265,50.68964628015187],[35.4068132064265,50.68958268115184],[35.4068565074265,50.689507981151806],[35.40686630742649,50.689449380151736],[35.40686097542649,50.6894333571518],[35.4068532334265,50.68940680315179],[35.4068413784265,50.68937554315181],[35.4068234354265,50.689323451151765],[35.4057869814268,50.687657763151826],[35.404050528427,50.686502615151895],[35.40365276442701,50.68620491615192],[35.4020882874273,50.68529169115201],[35.4018611264273,50.68519597515196],[35.4014753064275,50.68485237815202],[35.4014534184274,50.68484188215201],[35.4013946044274,50.68481367915194],[35.4012083064275,50.68460577915195],[35.4010053074275,50.68435197915196],[35.4010192074275,50.684277978151925],[35.4009636054275,50.68424977815205],[35.400869007427495,50.68399427815195],[35.4007828054276,50.68382337915207],[35.40079104642761,50.68378448315198],[35.40060254442759,50.68337687915193],[35.400588107427595,50.68336527815201],[35.4005848684276,50.68333866015193],[35.4004768064276,50.68310498715198],[35.4004018054277,50.683023378152036],[35.4001932064277,50.682651578151955],[35.4001459064277,50.682352078152],[35.4002433074277,50.68214767815204],[35.4004099744277,50.681941999152],[35.40045180642769,50.68189037815195],[35.4006020064277,50.68174767915198],[35.4006715054277,50.681712378151936],[35.40067994442771,50.68171074415189],[35.40068234542769,50.68170091215191],[35.4007530334277,50.681574392151994],[35.4006743054277,50.68141107815197],[35.40065660542769,50.68125277815194],[35.4006316054277,50.68102017815199],[35.400630704427705,50.68097257815193],[35.4006288074277,50.680877479151924],[35.4005989274277,50.68081113615188],[35.40057160542771,50.68076082015189],[35.40054044242769,50.680719560152006],[35.4004836064277,50.68065307815195],[35.40048672142769,50.680634488151945],[35.4004975044277,50.680570178152],[35.4005364074278,50.68051737815197],[35.4006505054277,50.68045747815196],[35.4005976054277,50.68035517815195],[35.4005782054277,50.68029887915196],[35.40070890742769,50.68027067915187],[35.400786706427695,50.68021247815199],[35.40083960642771,50.68008557915192],[35.400987007427695,50.679889979151895],[35.4011947054277,50.67968457815194],[35.4013854064277,50.679564978151916],[35.40143660542759,50.67946407815193],[35.4018279064276,50.67913877915191],[35.40208350742759,50.67894187815186],[35.4023431054276,50.67865907915181],[35.4026597054275,50.678321380151786],[35.4027679054275,50.67823787915178],[35.4028406054276,50.67809577715183],[35.4028190044276,50.678018579151875],[35.4029243054276,50.677874280151805],[35.4030668064275,50.67773947815185],[35.4033401054275,50.677293280151744],[35.4037472074275,50.676794879151714],[35.404038206427494,50.676533178151786],[35.4042820064274,50.67643717715177],[35.4043277004275,50.67642485915179],[35.4044865544274,50.67608582715179],[35.4043633954275,50.675083662151735],[35.4042014024276,50.67471669115174],[35.4041037764276,50.67449553315182],[35.4040450544276,50.67436250815168],[35.4030227884278,50.67336861815174],[35.40269181142779,50.672876974151784],[35.4026164524278,50.672765034151794],[35.4025900124279,50.672027603151726],[35.4023240544279,50.6715349541517],[35.4009651654282,50.67011012215174],[35.4001993754283,50.66923647815184],[35.3993077234285,50.668289763151904],[35.3988999564286,50.66742187515181],[35.39871069942859,50.6664687101519],[35.399047993428695,50.66523296615177],[35.3986101194287,50.66583791315185],[35.3978037394287,50.66695194415188],[35.39671332142879,50.668710951151866],[35.39531413542889,50.67035620315202],[35.3933510224291,50.67207537915219],[35.390749798429304,50.67399771715227],[35.38918058542939,50.67522156415235],[35.3890228894294,50.676099159152365],[35.389441188429394,50.676799646152375],[35.3905922844291,50.67817795215235],[35.3922239054289,50.67931427715227],[35.3932789544286,50.68114773715228],[35.3935484074286,50.681633381152224],[35.3935490944286,50.68166978615217],[35.3935511064286,50.681776181152244],[35.3936401064285,50.68191358115228],[35.39402670642849,50.68223958015228],[35.394463307428396,50.68252858115222],[35.3946274064284,50.68282108115224],[35.3946135064284,50.68298317915224],[35.3944689064284,50.68325278015229],[35.3942186054284,50.683384879152214],[35.3940684064284,50.68359108015215],[35.3938376054285,50.683804279152305],[35.39369020742839,50.68396988015227],[35.3937681074284,50.684096781152284],[35.39453191042829,50.68532498115227],[35.395074254428195,50.68595316315224],[35.39591599542799,50.68709762815226],[35.3964374214279,50.68778797815225],[35.3968196324278,50.688953436152275],[35.39674157842779,50.689719358152274],[35.3965138804278,50.69142621315225],[35.39652439742779,50.691742807152224],[35.395813403427695,50.693072826152225],[35.3954606864278,50.693453402152336],[35.3950705304279,50.69367835615238],[35.3946233954279,50.69376814715244],[35.3922691674282,50.69362204615248],[35.390383329428396,50.693400016152516],[35.3879741404288,50.69299881415271],[35.38658938442901,50.69271704615267],[35.3817053304296,50.69175984115295],[35.3807754714298,50.691651536152946],[35.3796854084299,50.691680446153065],[35.37890332743,50.691896133153094],[35.37826148143011,50.69226173115302],[35.3779365144301,50.6924927911531],[35.3776661554301,50.69298380815312],[35.377477150430096,50.69371954215311],[35.37750119343009,50.69393277515317],[35.37768309743009,50.69423686615311],[35.37790302243,50.6944114171532],[35.37807063643,50.694557670153166],[35.37918459542979,50.694997614152996]]]},"properties":{"pub_date":"2026-10-07"}},{"type":"Feature","geometry":{"bbox":[37.589077200193096,49.7158068290422,37.6110203911907,49.73160197904258],"type":"Polygon","coordinates":[[[37.6089486861905,49.728033212042384],[37.6088347081905,49.72763013104234],[37.6087654741906,49.72736973804229],[37.60874570719059,49.72726850404236],[37.6087408381906,49.72716581004233],[37.6107043111906,49.72176497004211],[37.6109254241905,49.72137529204202],[37.610974678190594,49.721188160042075],[37.6108342881906,49.72028087404203],[37.610812718190594,49.72022974104215],[37.6107731611907,49.71990367304203],[37.6108530231907,49.719479025042],[37.611013227190696,49.71910943604205],[37.6110203911907,49.71887823404194],[37.610945213190696,49.71873409204202],[37.6108337421907,49.718628501041984],[37.610680792190706,49.71852123304194],[37.61037473019079,49.718387961042005],[37.6102382301908,49.71834626604202],[37.6096651391908,49.71817121204208],[37.60946140519089,49.71807683204205],[37.6092349431909,49.717918921042106],[37.608579247190995,49.71723484604207],[37.6082846641911,49.71692798504204],[37.6080064481911,49.71672693704209],[37.6077445981912,49.71651530604215],[37.6074991131912,49.71635658304211],[37.607285836191195,49.71622291604207],[37.606990887191294,49.71610155804202],[37.6067294561913,49.716010539042145],[37.606548465191395,49.71592818904204],[37.6063741781914,49.71588051204206],[37.60626692319129,49.71585017204207],[37.606112747191396,49.715815497042186],[37.6059049421914,49.7158068290422],[37.6057440611914,49.71581983204217],[37.6055496631915,49.71582850004214],[37.6052815281915,49.71588918004222],[37.6051809781915,49.715954194042105],[37.6050938331915,49.71609722404212],[37.605021353191496,49.716323145042125],[37.6049899321915,49.716885236042216],[37.6049480351915,49.71760984804222],[37.604926793191495,49.71817297404228],[37.6048601121914,49.718427589042236],[37.6048057091915,49.71863532204222],[37.6047175871915,49.718811273042355],[37.60459940819149,49.71893530404227],[37.60444438519149,49.71903743404233],[37.6043689981915,49.71908003204232],[37.6036305251915,49.719497307042325],[37.60228835819169,49.72078686804235],[37.6015508091917,49.721292600042524],[37.600807796191795,49.72197435904244],[37.600537659191794,49.72213329904254],[37.60009870719189,49.72257615104257],[37.59939954119189,49.72315705804256],[37.599063310191895,49.72323177804262],[37.598661568192,49.72322178904259],[37.5981980201921,49.72314187504265],[37.5962974701923,49.722462606042725],[37.5960656971924,49.72243263804268],[37.5958957281924,49.72247259504271],[37.5939831391926,49.72316445304283],[37.5935999591926,49.72331393904284],[37.5935346021926,49.72332046004282],[37.5934500021927,49.72330649504281],[37.59338160219261,49.72326809404283],[37.592344668192894,49.722526000042855],[37.5921730071928,49.722388388042795],[37.591925815192894,49.72222858104286],[37.5918022181929,49.722188629042854],[37.5915756241929,49.72217975104282],[37.5914108301929,49.722188629042854],[37.59132843319299,49.722201946042816],[37.591074374193,49.72227741104284],[37.590937045192995,49.72233068004283],[37.590792848193,49.72241502404285],[37.590758517193,49.72250380604293],[37.590758517193,49.7226813690429],[37.590854648192995,49.722943274042855],[37.591067507193,49.72330727604295],[37.5913147001929,49.723618006042926],[37.591513827192806,49.72392873404287],[37.591575625192796,49.724039708042895],[37.591616824192805,49.72417731604284],[37.5916511551928,49.72431936204285],[37.591678622192795,49.72441257904288],[37.5916483981928,49.72453990804296],[37.591130566192895,49.72488861304295],[37.5908599971929,49.72508851204295],[37.590411625193,49.72527841604295],[37.58987048619299,49.72570319704307],[37.589373280193,49.72603296104303],[37.58915600919309,49.726147382043095],[37.58910534619311,49.726241995042976],[37.589077200193096,49.72640574704304],[37.589116604192995,49.726613166043116],[37.589360359192995,49.72690679704308],[37.5895777101929,49.727045223043135],[37.5899328401929,49.727213586043085],[37.59027330819289,49.72733365404294],[37.5906646391929,49.727439195043004],[37.5909644921928,49.72753571104301],[37.5910844541928,49.72754599804305],[37.59149519519269,49.72763777904293],[37.5922435641926,49.727862380043014],[37.5929244661925,49.728110463042945],[37.593518709192395,49.728350542042925],[37.5939891521924,49.72856661204288],[37.5945462541923,49.72878268204298],[37.5950181811922,49.72896449904291],[37.5951110591922,49.7289929380429],[37.5955833681922,49.72918126204286],[37.59663965719201,49.72946006904283],[37.60464134319089,49.73157201704258],[37.6051357951908,49.73160197904258],[37.6054757291908,49.73160197904258],[37.6059392791908,49.73149211704257],[37.6065109881907,49.73129236704251],[37.6075535361906,49.73066722304246],[37.6083515431905,49.730138822042406],[37.6088770611905,49.72971735504243],[37.60910089119051,49.72930217504228],[37.6091300871905,49.728698270042344],[37.6089486861905,49.728033212042384]]]},"properties":{"pub_date":"2026-10-07"}},{"type":"Feature","geometry":{"bbox":[36.70215274008661,47.94903852623733,36.76733093444491,47.98876670851348],"type":"Polygon","coordinates":[[[36.7586379646169,47.98432414341645],[36.76093640837609,47.981435867242105],[36.76273015223659,47.97916892013474],[36.7659587946118,47.97302751440199],[36.7667497440974,47.97163841433725],[36.7672000753206,47.97072674860547],[36.76733093444491,47.96976922521566],[36.76711603518209,47.96879231678656],[36.766871236922896,47.968599774014244],[36.765338575598896,47.967394236539754],[36.7641361069191,47.96697989201412],[36.762373752127395,47.9666386175734],[36.758786346504,47.96679220256677],[36.75361915206789,47.967013419209174],[36.7479628350869,47.96734395433112],[36.74437848242519,47.967986393452804],[36.7407620364976,47.968750679362465],[36.740756774387094,47.96875179137849],[36.7407560570056,47.96875166024384],[36.7396027664155,47.968995288820544],[36.7384926658484,47.96743252547558],[36.7384926184906,47.96743248876715],[36.7384925618659,47.96743240241713],[36.7370467894734,47.96539698622076],[36.73674931046569,47.96497818161263],[36.7348410165354,47.964045886560626],[36.731352466192,47.96234137757507],[36.7247932364661,47.959128295373205],[36.7156347506409,47.95519100590179],[36.70215274008661,47.94903852623733],[36.7089539224779,47.954801726037694],[36.7118102872604,47.95771392655259],[36.712226702004,47.95825093026296],[36.71461218801609,47.96132711929806],[36.7153812700473,47.962800476696856],[36.71596895168479,47.963926296379164],[36.716699976297996,47.96661363340025],[36.716912884321,47.9681394572049],[36.716986552602,47.97047045906709],[36.71986758310649,47.97159905826164],[36.7212941893365,47.97215141452447],[36.7262914573238,47.973766681457576],[36.727569423305695,47.97449044753762],[36.72943064124569,47.97610820777533],[36.7309244592867,47.978115217326014],[36.73244959714649,47.98027448126288],[36.734009915063204,47.98226004498086],[36.7354831185154,47.983245484071496],[36.7360312690356,47.98360557785651],[36.7377941545251,47.98425542861288],[36.738789499705895,47.98438275123476],[36.7392280060932,47.98418200232628],[36.7395760046049,47.984107003792914],[36.73986900640459,47.98409400343448],[36.74013500519909,47.98408200220133],[36.7403580063405,47.98407200321694],[36.7406940063657,47.984057002276224],[36.74236300616699,47.98367700330473],[36.74366800360111,47.98282600289545],[36.7449230047049,47.982274003694684],[36.7459770044768,47.982920002653366],[36.7470450070467,47.98324100281312],[36.7480889264806,47.98326130821689],[36.74853600459469,47.983270002716935],[36.7496060063194,47.984511003292766],[36.7506813650467,47.98528976934463],[36.7511070052096,47.98559800203636],[36.7515050054046,47.9859700036315],[36.75208093364779,47.98653452070669],[36.7530557884498,47.987571875273986],[36.7536717330754,47.988082280253444],[36.753724766107496,47.98814672331115],[36.7541481936538,47.98876670851348],[36.7548574925361,47.988064935633645],[36.7586379646169,47.98432414341645]]]},"properties":{"pub_date":"2026-10-07"}},{"type":"Feature","geometry":{"bbox":[37.6780239801929,49.45637194703144,37.69896499419039,49.472445443031965],"type":"Polygon","coordinates":[[[37.690763999191496,49.45637194703144],[37.69047857519159,49.4563763380314],[37.6901934101916,49.45638537603145],[37.6899086821916,49.45639905403156],[37.6896245721916,49.456417364031466],[37.68934125719169,49.45644029503157],[37.6890589131918,49.45646783103153],[37.6887777221918,49.45649995803152],[37.688497854191795,49.4565366530316],[37.68821949019179,49.45657789503155],[37.6879428021919,49.4566236550316],[37.6876679641919,49.45667390703147],[37.686753098192,49.45727155703166],[37.685195201192194,49.458289219031734],[37.6843449921922,49.45903690103173],[37.6831503561924,49.458344381031765],[37.6829581261924,49.45835400903173],[37.68276651919239,49.45836794303175],[37.6825757671925,49.45838615803178],[37.6823860921925,49.45840863603188],[37.682197723192495,49.45843535303187],[37.682010886192494,49.45846627503191],[37.6818257961926,49.45850136103175],[37.6816426771925,49.45854057503191],[37.6814617471926,49.458583868031795],[37.6813601531926,49.45861079703183],[37.6813601841926,49.458610750031845],[37.6813601381926,49.458610761031814],[37.6812832011926,49.458631154031835],[37.68110729019259,49.45868244803186],[37.680934204192596,49.458737651031846],[37.6807641471927,49.458796700031854],[37.6805973231927,49.45885952503188],[37.68043393019269,49.458926048031856],[37.6802741611927,49.45899619403191],[37.6801182081928,49.459069878031954],[37.6799662551928,49.45914701203198],[37.6798184831927,49.45922750403198],[37.6796750681928,49.4593112590319],[37.67953617719281,49.45939817703192],[37.6794019801928,49.45948815503194],[37.6792726341928,49.45958108703198],[37.6791482941928,49.45967686003199],[37.679029105192804,49.45977536303206],[37.6789152121928,49.45987647803198],[37.67880675019279,49.459980083032015],[37.6787038451929,49.46008605703205],[37.67860662219291,49.46019427303207],[37.678515195192894,49.46030460303196],[37.67842967419289,49.46041691803202],[37.67835015919291,49.46053107903203],[37.6783439591929,49.46053217203199],[37.6782933501929,49.46061149603203],[37.678245719192894,49.46069159603212],[37.6782010971929,49.46077242203197],[37.678159511192895,49.460853931032],[37.67812098519289,49.460936073031995],[37.6780855401929,49.46101879803205],[37.6780531991929,49.46110205903197],[37.6780239801929,49.46118580503211],[37.6781063421929,49.46122517803201],[37.6781072541929,49.461225612032024],[37.6781082561929,49.46122603203199],[37.6781940091929,49.46126224403201],[37.678195049192894,49.46126268303218],[37.67819619819289,49.46126310803212],[37.67828474019289,49.46129591303206],[37.678287397192804,49.461296830032076],[37.6783785181929,49.46132616903207],[37.6783812331928,49.46132697903206],[37.67847481719289,49.461352829032045],[37.6784761791928,49.46135320603204],[37.679243710192694,49.46179190403196],[37.6798073971927,49.462114082032045],[37.6807693521925,49.46266387103201],[37.68099286519249,49.46276155503192],[37.6812100691924,49.462854831032054],[37.6812175736924,49.46285808153197],[37.681217599192394,49.46285810603197],[37.6811812641924,49.46295825803198],[37.6811495661924,49.46305908603196],[37.6811442671924,49.463069026532025],[37.6811900131924,49.46316942103202],[37.68124321419239,49.46328300203207],[37.6813386691924,49.46348677903208],[37.6813516741924,49.46348549753199],[37.68143174919239,49.46364628103209],[37.681602255192296,49.46398864803198],[37.681602288192295,49.46398871003206],[37.68181276519229,49.464411345032076],[37.6818418721923,49.464469791032016],[37.6818767611923,49.464539849032],[37.6818767911923,49.46453990703203],[37.6818768111923,49.464539943032],[37.6818768271923,49.464539972032014],[37.6818768471923,49.46454000903199],[37.681876936192296,49.46454016803201],[37.6818770486923,49.46454037003199],[37.68188289619229,49.464551005032106],[37.6819734641923,49.46471572503205],[37.682012964192296,49.46478652203196],[37.68201321169229,49.464786966032094],[37.682013556192196,49.464787582031974],[37.6820139681923,49.464788323031954],[37.6820141351922,49.46478862003198],[37.6820152541923,49.46479062303197],[37.6820153021922,49.46479070703208],[37.6820153191922,49.46479073703197],[37.6820153631923,49.46479081803199],[37.68201538419229,49.46479085603197],[37.6820154351923,49.464790947031965],[37.682015467192294,49.464790999032076],[37.68209988219219,49.46483294903211],[37.6821881391922,49.46487141303201],[37.6822554281922,49.46489694803201],[37.682276152192195,49.46490481403199],[37.68227990619221,49.464906236032],[37.6823748301922,49.46493730003204],[37.6830960471921,49.46529641203198],[37.68329291719209,49.46539986503197],[37.6833536651921,49.46543178103192],[37.683977757192,49.465759722032054],[37.6847435591919,49.46616211203191],[37.6847962171919,49.466197256031954],[37.6851096111918,49.46640643603193],[37.6856832111917,49.46678928803204],[37.68604054319171,49.46702778903191],[37.6873687641914,49.46830288903194],[37.68783935119139,49.46901182803191],[37.6878393741914,49.4690118760319],[37.6879518801913,49.46932665303188],[37.687951896191294,49.4693267000319],[37.6880299261914,49.46954502303196],[37.6881350951913,49.469839288031906],[37.6883800191912,49.47052457303206],[37.6883800361913,49.47052462203193],[37.688407576191196,49.470601677031965],[37.6884517331912,49.470725222031874],[37.6886094501912,49.47116651103196],[37.688609476191196,49.47116657203199],[37.688887551191094,49.47209787703208],[37.6888875731911,49.472097922031956],[37.689165664191,49.47234814103204],[37.689529314191,49.47244543303196],[37.68999993319089,49.472445443031965],[37.69040637619089,49.472362032031874],[37.69066308119089,49.472167428031916],[37.6907486491909,49.47168090803193],[37.6906844721909,49.47059663303194],[37.69066308119099,49.46905357803179],[37.6907914291911,49.46816387703176],[37.691262041191,49.4674548700317],[37.6919893611909,49.46682927703164],[37.69198937319099,49.46682924103174],[37.69205940919089,49.466308181031714],[37.6920507661909,49.46595349703165],[37.692013302191,49.4656789270316],[37.69193645919099,49.46548915003169],[37.691785613190994,49.465317814031714],[37.691506149191,49.46514958303162],[37.6911219301911,49.46504970103163],[37.6907530791912,49.464939830031724],[37.6904149671912,49.46481996903169],[37.69007685219129,49.46465016403174],[37.68986168919129,49.46453030403174],[37.68964652719129,49.464360499031635],[37.68964650919129,49.46436046503176],[37.6894620851914,49.46414071703173],[37.6893852411914,49.463940946031656],[37.689323765191396,49.46372119703172],[37.68938524219139,49.46354140103174],[37.6895389301914,49.46332165003166],[37.6898924111913,49.46307193203163],[37.690153680191294,49.4629420790317],[37.6904463591913,49.46283336703164],[37.69083942319129,49.46266021803163],[37.69111010919119,49.462463829031556],[37.6912989611912,49.46226743903163],[37.6915318781912,49.46204650003156],[37.6920748701911,49.46143502403158],[37.69207492419121,49.46143493003161],[37.6928169431911,49.46098104503143],[37.69317282519099,49.46086911903153],[37.693199508191,49.46086072003155],[37.6974776571906,49.459186319031296],[37.69896499419039,49.45855151703121],[37.698827552190494,49.45846274503117],[37.6986877271905,49.45837550103127],[37.6985456021904,49.458289837031245],[37.6984012251905,49.45820579103119],[37.6982546311905,49.458123372031196],[37.698105866190495,49.45804261603117],[37.69795497719059,49.457963541031255],[37.6978020111906,49.457886177031234],[37.6976470081906,49.457810542031204],[37.6974900151906,49.45773665803113],[37.69733108319069,49.45766455203116],[37.697170256190695,49.45759423903125],[37.69700758419069,49.45752574503121],[37.6968431141907,49.45745908903119],[37.6966768961907,49.45739429003127],[37.69650898019079,49.45733136803123],[37.6965037181907,49.457332294031254],[37.696253505190796,49.457242921031245],[37.695999924190794,49.4571576460312],[37.6957431371909,49.457076530031266],[37.6954833051909,49.456999622031304],[37.69522059219099,49.456926967031265],[37.694955158191,49.45685861203126],[37.694687175191,49.456794602031316],[37.694416808191,49.45673497503129],[37.6941442311911,49.456679770031265],[37.69386960919109,49.45662902003129],[37.6935931181911,49.45658276003129],[37.693314931191196,49.45654101303129],[37.69303522419119,49.45650381203134],[37.6927541691913,49.456471177031446],[37.69247194519129,49.45644313003141],[37.69218873019129,49.45641968603137],[37.691904698191394,49.456400862031444],[37.6916200311914,49.456386666031435],[37.69133490619149,49.45637711403144],[37.6910495021915,49.45637220703139],[37.690763999191496,49.45637194703144]]]},"properties":{"pub_date":"2026-10-07"}},{"type":"Feature","geometry":{"bbox":[35.423001161582,47.51964680906439,35.5295251545681,47.56254061306539],"type":"Polygon","coordinates":[[[35.4389791595819,47.51964680906439],[35.4385790565819,47.51972994706453],[35.43810663858199,47.51982230306449],[35.4360403015822,47.520634207064624],[35.4325087415827,47.52192815206481],[35.43111866058279,47.522689282064924],[35.428977183582994,47.524110029065135],[35.4277749515832,47.525048714065235],[35.4268357075833,47.52616496806537],[35.4261218815832,47.52806761606546],[35.425783751083095,47.531238546565575],[35.4247539545828,47.540051617065906],[35.4247337165828,47.540172509065954],[35.4247039155828,47.54038373906592],[35.424703885582794,47.540383946066065],[35.42468116658271,47.540595134065995],[35.424681104082794,47.540595788566044],[35.4246689025828,47.54075092506607],[35.4246688955827,47.540750972066036],[35.4246688925828,47.540751011066064],[35.4246688855827,47.54075111906607],[35.424660484582695,47.54090600906602],[35.4246604815828,47.54090605306599],[35.4246604785827,47.54090609706601],[35.4246604755827,47.540906186066124],[35.42466046558269,47.540906359066135],[35.4246604635828,47.540906406066085],[35.4246604625827,47.54090644906602],[35.4246604605827,47.54090652506612],[35.4246604555827,47.540906687066034],[35.4246554915828,47.54108247206605],[35.424655461582695,47.54108332806606],[35.4246554765827,47.54108336306604],[35.42464264158269,47.54131859206602],[35.4246229225827,47.54167141806616],[35.4245957525827,47.54214183306613],[35.4245887975827,47.54225941306613],[35.42458878158269,47.54225979006614],[35.42455309058259,47.54284793306615],[35.42451583458259,47.54343602206611],[35.424477011582596,47.54402405606618],[35.4244366265826,47.54461203506617],[35.4243947015825,47.54519955806619],[35.4243600395825,47.54566953706621],[35.4243512105825,47.54578701706623],[35.4243511505825,47.545787816066266],[35.4243333125825,47.546022956066246],[35.42430607958249,47.54637563406624],[35.4242594335825,47.546963377066355],[35.4242112695825,47.54755050006631],[35.4241816205824,47.54790275206644],[35.4241615385824,47.548137547066375],[35.424161450582396,47.5481386680664],[35.4241101185824,47.54872618206635],[35.4240572215824,47.54931362406648],[35.4240572155824,47.54931369006648],[35.4240027615824,47.54990098606644],[35.423946746582295,47.55048821106643],[35.4239467255823,47.550488425066554],[35.4239008335823,47.550957684066475],[35.4238891975823,47.55107498106653],[35.4238301195823,47.551661468066506],[35.42382997858219,47.55166285006652],[35.4238179660823,47.551780296566534],[35.42376927308229,47.552249971066615],[35.42370699758229,47.55283698106657],[35.423643242582195,47.55342309806666],[35.42361730558219,47.5536575230666],[35.423577925582194,47.55400912306665],[35.4235777505822,47.55401075906664],[35.42357774358221,47.554010820066644],[35.4235777365822,47.55401087706663],[35.4235377755822,47.55436268806665],[35.4235108185822,47.55459718606671],[35.4234972545822,47.5547144730667],[35.4234423440822,47.5551835520667],[35.42344226658219,47.55518420306668],[35.42337222758209,47.55577037206671],[35.4233006305821,47.55635645506677],[35.42330052958209,47.55635727006677],[35.4232421875821,47.55682559906671],[35.423227440582096,47.55694265006672],[35.4231528025821,47.557527942066756],[35.423152543582,47.55752995706674],[35.4231525415821,47.55753003206672],[35.423152532582,47.55753009706674],[35.4231525115821,47.557530217066876],[35.4230916095821,47.557998997066804],[35.42307622908199,47.558116182566785],[35.423001161582,47.55868110406691],[35.4237585225819,47.55878684006673],[35.4262467435815,47.55973325306671],[35.4277849165813,47.560343832066636],[35.429730253581,47.56101546106653],[35.43194703058061,47.56156497106654],[35.43551658558,47.56218941706631],[35.4538626585775,47.56254061306539],[35.4574817545769,47.56228622706527],[35.4591405065767,47.56198096106515],[35.4599698815767,47.561166908065],[35.4618548275767,47.5556717250647],[35.4620056235768,47.554450496064675],[35.4629103975766,47.553738099064546],[35.4648707395764,47.55358544006452],[35.46829250157591,47.55376405206431],[35.487568505572995,47.55596558706336],[35.493944411572095,47.556465921063],[35.4958224985719,47.556589375062934],[35.4977022445716,47.55658937506285],[35.50010053957119,47.55658937406274],[35.502045104571,47.55637065506269],[35.5036007565708,47.55597695806258],[35.50401994857081,47.55570752906259],[35.504122369570695,47.55560939106249],[35.504192205570796,47.555512511062474],[35.5043055425708,47.55528580706255],[35.5045637475708,47.554151958062384],[35.5047921365708,47.55351152606236],[35.5049249965708,47.55332220606241],[35.5051977925707,47.55315855106238],[35.5054392165707,47.55305294006236],[35.506208534570604,47.55278813106224],[35.5063040925706,47.552764974062235],[35.50709009957049,47.55248445806211],[35.5073634525705,47.55236884406222],[35.5077917815704,47.55213119306213],[35.5079688415704,47.55201171806211],[35.50855560757041,47.55138425206215],[35.5113790145701,47.54836490606184],[35.5173423465695,47.54372713706133],[35.521101836569095,47.54101428906102],[35.523694590568795,47.53987660206079],[35.5260928865685,47.53930774906074],[35.5291393715681,47.53900144106052],[35.5295251545681,47.53902476406051],[35.526625978568596,47.53752270606063],[35.5200926685695,47.536626127061],[35.5188755495697,47.53645909806104],[35.5135593585705,47.53572953406114],[35.503030208572,47.534939690061755],[35.48275493557501,47.533426194062805],[35.4534813305791,47.532050963064236],[35.4534724855791,47.5320502670641],[35.4527597875793,47.53199415806431],[35.45275578957919,47.531993841064214],[35.4527516095792,47.531993536064235],[35.4527480025792,47.53199326906417],[35.452036539579396,47.531941434064294],[35.452033126579394,47.531941191064185],[35.4520295465794,47.53194092806419],[35.4520263795793,47.5319407170643],[35.4520225005794,47.53194045406422],[35.45131046257949,47.53189275206424],[35.4513026615795,47.53189223006429],[35.45129512157949,47.531891768064256],[35.4505782415795,47.531847954064325],[35.4489267355798,47.53139074706444],[35.44791235158,47.53093414606439],[35.447198516580094,47.53062972706449],[35.4463719950803,47.53017313106445],[35.44535760158049,47.52948820506454],[35.4443056475806,47.52844812606446],[35.4429155665809,47.52682454906455],[35.44250229858099,47.52593663406445],[35.442502297581,47.525915087064476],[35.442502282580996,47.52591505306447],[35.4425022815811,47.52492564306446],[35.4425022825811,47.52426602706449],[35.442647381581295,47.52139531906428],[35.4426090845812,47.52124593506433],[35.4422876975813,47.52074838906424],[35.4417337095815,47.52027034306435],[35.44121051058149,47.51993779506438],[35.44088734458159,47.51984426606434],[35.4401025265817,47.51968837906436],[35.4395177605818,47.5196675940644],[35.4389791595819,47.51964680906439]]]},"properties":{"pub_date":"2026-10-07"}},{"type":"Feature","geometry":{"bbox":[35.3535533575904,47.58499350907159,35.353950303590295,47.5854044850715],"type":"Polygon","coordinates":[[[35.3537316695904,47.5854044850715],[35.3538123135903,47.58540267207157],[35.3538454665904,47.58538635307152],[35.3538777245903,47.58535613407146],[35.3539063985903,47.58530536807149],[35.353931487590394,47.585219545071524],[35.3539431365904,47.58513795507154],[35.353950303590295,47.58505757307149],[35.353921631590396,47.58500741007147],[35.3538508435904,47.584995928071564],[35.3537684085904,47.58499350907159],[35.3536859715904,47.58499894907156],[35.353649233590396,47.58502433307159],[35.353614287590396,47.58507510007149],[35.35358292659039,47.585145208071545],[35.3535667975904,47.58519476607155],[35.3535533575904,47.58528602707155],[35.3535578375904,47.58531382707144],[35.3535659025903,47.58535794707154],[35.3535900945904,47.58538816507151],[35.3536438575904,47.585397231071525],[35.3537316695904,47.5854044850715]]]},"properties":{"pub_date":"2026-10-07"}},{"type":"Feature","geometry":{"bbox":[37.6445102132364,48.528913810001974,37.6460802972361,48.52948017500194],"type":"Polygon","coordinates":[[[37.6460386182361,48.52937460000193],[37.646068984236194,48.52919193600181],[37.6460802972361,48.529107752001885],[37.64607839623619,48.529064577001925],[37.6460763432362,48.52903742000189],[37.6460695912361,48.52901610900187],[37.6460675662362,48.5290128260019],[37.6460632142362,48.529010279001895],[37.64605582523609,48.52900726200193],[37.6460361972362,48.5290022090019],[37.646017790236094,48.5289985820019],[37.6459972202362,48.528994864001874],[37.6459624152362,48.52899000500189],[37.64579598523619,48.528977893001866],[37.64518016523629,48.5289349700019],[37.64463390923639,48.528913810001974],[37.64460722023641,48.528916429001974],[37.6445938762364,48.528923137001954],[37.64458127323629,48.52893655800193],[37.644569426236295,48.52895564600186],[37.6445506692364,48.52906625100203],[37.6445102132364,48.52930005200188],[37.64451715123641,48.52933088400203],[37.6445326562363,48.52935059100201],[37.6445590682363,48.52936385800201],[37.6446000382363,48.52937429000201],[37.6446974402363,48.52938297800196],[37.6452237892363,48.52942990100191],[37.6457121802362,48.52947012000195],[37.645899439236196,48.52948017500194],[37.64597158923619,48.52948009600189],[37.6459994452361,48.52947977200183],[37.6460105792362,48.52947809700194],[37.6460193852362,48.529475751001954],[37.6460246492361,48.529472868001925],[37.6460283952361,48.52946918200191],[37.64602950723611,48.529465293001806],[37.6460310252361,48.52945294400188],[37.64603197423621,48.529437652001924],[37.6460386182361,48.52937460000193]]]},"properties":{"pub_date":"2026-10-07"}},{"type":"Feature","geometry":{"bbox":[37.6716145761868,49.62889990403704,37.690807491184295,49.63637353203681],"type":"Polygon","coordinates":[[[37.677712346186,49.63003640303704],[37.677596985186,49.63000394503707],[37.67747900518609,49.62997571203701],[37.67735877318609,49.629951792037026],[37.67723666618609,49.62993226203701],[37.6771130641861,49.629917179037015],[37.676988356186094,49.62990659403709],[37.6768629281861,49.62990053903698],[37.67673717518609,49.62989903103701],[37.676611488186204,49.62990207703702],[37.676486260186195,49.62990966603702],[37.6763618821862,49.62992177603698],[37.6762585561862,49.6298843650371],[37.676158873186196,49.62984301203698],[37.6760631921862,49.629797869037084],[37.675971856186294,49.62974909503706],[37.6758851941863,49.629696867037076],[37.6758035151863,49.62964137103704],[37.675727112186294,49.62958280603711],[37.6756562601863,49.62952138303701],[37.6755912141863,49.6294573230371],[37.6755322081863,49.629390853037094],[37.67547945018641,49.62932221403708],[37.6754331341864,49.62925165403701],[37.67539587018639,49.629183874037075],[37.6753934241863,49.629179422037126],[37.6753604611863,49.62910578103708],[37.675265827186394,49.6289970880371],[37.67501436918639,49.628908840037056],[37.67464198118649,49.62889990403704],[37.6737159241866,49.62895719203718],[37.67323116918661,49.62897135203716],[37.6727531151867,49.62906389303722],[37.67236125218669,49.6291745910372],[37.6720815381868,49.62928427603728],[37.671767560186794,49.629488127037185],[37.6716145761868,49.629688798037286],[37.6716145771868,49.6299166970372],[37.6716733371868,49.63006470803727],[37.6716918811867,49.63011142303722],[37.6717030141868,49.6301394640373],[37.6717164981867,49.63017343203726],[37.671838805186795,49.63032610103723],[37.6719333911867,49.630398580037195],[37.6721001731867,49.630531706037324],[37.67236687218669,49.63063546603719],[37.6726908961866,49.6306963210372],[37.673049289186594,49.630693801037225],[37.6734890541865,49.6306645520372],[37.674057622186396,49.630638979037116],[37.67447268218639,49.63060057403718],[37.6744789101864,49.63059986003721],[37.6745622921864,49.630590279037065],[37.6746600941864,49.63057904403707],[37.6746630931864,49.63057877003708],[37.6746661271864,49.630578422037075],[37.674728542186394,49.63057278303711],[37.67472878418639,49.63057276103708],[37.6748485611864,49.63056180303721],[37.6748498761864,49.63056171503718],[37.674854632186396,49.63056138903714],[37.6748606891863,49.63056084203717],[37.6749328011864,49.63055605103708],[37.67501076118639,49.630550729037076],[37.6750378501863,49.63054887903708],[37.67504205018629,49.63054869003722],[37.6750470501863,49.63054846303704],[37.67505610918629,49.63054786103721],[37.6751304581864,49.63054468903714],[37.675130513186296,49.63054468503706],[37.6752277241863,49.63054028503708],[37.6752313591863,49.63054020303717],[37.6752400471863,49.6305400090371],[37.675252130186294,49.63053949403709],[37.6753264831863,49.63053807703707],[37.6753819861863,49.63053683703714],[37.67541794818629,49.63053603303708],[37.6754334051863,49.630536041037146],[37.6754484901863,49.63053575303704],[37.675521708186295,49.63053608503707],[37.6755636051863,49.63053610503714],[37.67560828618631,49.63053612703716],[37.6756169871863,49.63053633003711],[37.6756268161863,49.630536560037065],[37.6756449311862,49.630536641037054],[37.675716323186194,49.63053864903704],[37.6757985001862,49.630540566037034],[37.6758108961862,49.63054114003707],[37.67582012918619,49.63054156603708],[37.6758411921863,49.6305421590371],[37.6759102511863,49.63054573603707],[37.6759430131862,49.63054725103708],[37.6759883541862,49.63054934903705],[37.675995257186294,49.63054982703706],[37.6760130521862,49.630551060037085],[37.6760370141862,49.63055230003711],[37.676103479186196,49.63055732503704],[37.676177612186194,49.63056246003711],[37.6762053001862,49.63056502103706],[37.6762321341862,49.6305670490371],[37.6762958431862,49.63057339403713],[37.6763660381862,49.63057988503709],[37.67639667218619,49.630583436037085],[37.67642629818619,49.63058638603713],[37.6764870401861,49.630593911037096],[37.6765221131861,49.63059797503708],[37.6765534001861,49.63060160303709],[37.6765868981861,49.63060628003706],[37.67661924818619,49.6306102860371],[37.67667690118619,49.630618848037074],[37.676720536186195,49.630624941037084],[37.6767394631861,49.630627585037075],[37.6767529501861,49.6306297930371],[37.6767757741861,49.63063353003707],[37.6768107261861,49.63063872003698],[37.676865171186094,49.630648166037105],[37.676923995186094,49.630657799037095],[37.6769477051861,49.6306622630371],[37.67696302918609,49.63066514703701],[37.6770004801861,49.63067164703704],[37.6770517181861,49.630681845037124],[37.6770808911861,49.63068733703703],[37.6771067671861,49.63069220903702],[37.677148400186,49.63070109003697],[37.67718825818609,49.630709024037],[37.677236199186105,49.63071981803699],[37.67728755518599,49.63073077203704],[37.677302240185995,49.630734280037025],[37.677331712186096,49.630741323037036],[37.677373814186,49.63075080103713],[37.677418465186,49.63076205003703],[37.677446147186,49.630768664037035],[37.677466129186,49.630773439037064],[37.677512678186,49.63078578503702],[37.677556899186,49.630796925037004],[37.67759825518599,49.63080848203707],[37.677605364186,49.630810368037054],[37.67764227218599,49.63082015703699],[37.677691107186,49.63083443103705],[37.67773727118599,49.63084733203703],[37.677775320186,49.630859047037035],[37.67780189118599,49.630866814037084],[37.677815761186,49.630870868037064],[37.677900111186,49.630897276037],[37.67790505718601,49.63089890903696],[37.677908726186,49.63090012203696],[37.67791469218601,49.630901958036965],[37.677933681186,49.63090836303696],[37.677960763186,49.630917307037045],[37.67802162118589,49.63093740703706],[37.67805815718601,49.630950238037094],[37.6780662501859,49.63095307903696],[37.6780889271859,49.630960729037],[37.678107750185895,49.63096765403698],[37.678141522185896,49.63097951403701],[37.6782215111859,49.63100932003697],[37.6782593701859,49.631023429037],[37.6782597451859,49.63102356903698],[37.67836154218589,49.63107999803706],[37.6784587451859,49.63113973003704],[37.6785510971859,49.631202607037054],[37.6786383561858,49.631268465036975],[37.67872029518589,49.631337130036975],[37.6787966971858,49.63140842403702],[37.6788673621858,49.631482157037034],[37.67893210418579,49.63155813703706],[37.6789907561858,49.63163616603694],[37.679043161185795,49.631716038036984],[37.67908918218579,49.631797541036995],[37.67918573418579,49.63185860603705],[37.67928663418579,49.63191664803707],[37.6793916571858,49.63197153603692],[37.6795005691857,49.63202314703697],[37.67961312418569,49.632071369036964],[37.67972907118569,49.632116088036966],[37.6798481521857,49.63215721003697],[37.67997010218559,49.632194639036996],[37.6800946461856,49.63222829603693],[37.68022150718559,49.63225810103692],[37.6803504001856,49.63228399003703],[37.680481039185594,49.63230590303692],[37.6806131311856,49.63232379603694],[37.6807463811856,49.63233762303691],[37.6808100981856,49.63234224703698],[37.6808804951856,49.63234736303696],[37.681015166185496,49.63235298103697],[37.6817167101854,49.63242974703687],[37.6824367861853,49.6326015730369],[37.68297999918529,49.632752942036824],[37.68715556418459,49.63471968103677],[37.6880438151845,49.6351799050368],[37.688547157184395,49.63559538103679],[37.6887544141844,49.63601085303682],[37.688906068184394,49.63637353203681],[37.6896881311844,49.63387618303667],[37.690621356184394,49.632130625036595],[37.690807491184295,49.631803168036605],[37.6901601941844,49.632123649036565],[37.68852556718459,49.632193566036705],[37.6860736271849,49.631744101036716],[37.6832824251853,49.63053552003682],[37.6812468521856,49.63016594703686],[37.67931922618579,49.63014597003694],[37.677824728185996,49.63007298503705],[37.677712346186,49.63003640303704]]]},"properties":{"pub_date":"2026-10-07"}},{"type":"Feature","geometry":{"bbox":[35.3399859385926,47.57595725607118,35.3701703645883,47.58285572507104],"type":"Polygon","coordinates":[[[35.364525088589,47.58285572407082],[35.3676403845885,47.58249773707071],[35.3698490075883,47.58146605607055],[35.3701703645883,47.58129637507053],[35.3699296405883,47.5813404200705],[35.369817918588296,47.581350115070556],[35.3696255905883,47.58136680507054],[35.3695015635883,47.58137756807056],[35.36942518558839,47.58135501807051],[35.3693609325884,47.58133472707056],[35.3693481715884,47.581330547070536],[35.369335438588394,47.58132632807055],[35.3693227345884,47.581322069070545],[35.3693100625884,47.581317769070594],[35.36929741558839,47.581313428070544],[35.3692848045884,47.58130904907063],[35.3692722195884,47.58130463007059],[35.369259653588394,47.58130016607049],[35.369247803588394,47.58129590907054],[35.369235996588394,47.581291625070506],[35.3692242165884,47.58128730407055],[35.3692124645884,47.58128294607047],[35.3692007425884,47.58127855507052],[35.3691890475884,47.58127412907059],[35.3691657505884,47.581265171070484],[35.3691644285884,47.5812647990705],[35.3690329865884,47.5812270770705],[35.3689007125884,47.581190704070586],[35.3688993825885,47.581190330070605],[35.3688992455884,47.581190293070605],[35.3688974645884,47.5811898340706],[35.3686737215885,47.58113191507056],[35.3686715835885,47.5811313620706],[35.36867140058849,47.58113131607056],[35.3686693305885,47.58113082207064],[35.3684574025885,47.58108004407063],[35.3684552095885,47.58107951907054],[35.3684548645885,47.58107944107052],[35.3684515745885,47.58107870307055],[35.3683125945885,47.58104753707062],[35.368309279588495,47.58104679307053],[35.3683089045886,47.58104671107066],[35.36830457658849,47.58104579007064],[35.3681947385886,47.58102236307066],[35.3681941025885,47.581022228070616],[35.3681906625885,47.58102149607062],[35.3681906175885,47.58102148607063],[35.3681842305886,47.58102018007064],[35.36810570758859,47.58100411107063],[35.3680993455885,47.58100281007059],[35.3680982265885,47.58100260307062],[35.3678971885886,47.580963861070636],[35.3676949275886,47.58092813607057],[35.3676938615886,47.58092794107062],[35.3676915575886,47.58092757207063],[35.3674737925887,47.580892752070696],[35.3674714965887,47.58089238507073],[35.3674698995886,47.58089214507066],[35.3674666055887,47.5808916620706],[35.3673538195886,47.58087513607066],[35.367348765588694,47.5808743930707],[35.36734245758869,47.58087351907068],[35.3672663355887,47.58086297807069],[35.367264404588695,47.580862714070676],[35.3672586675887,47.58086192107068],[35.36724093458869,47.58085955607068],[35.36721550858869,47.580856165070685],[35.367162521588696,47.58084698907069],[35.3670702605887,47.58082823407065],[35.3669814455887,47.58080669707067],[35.3669103825887,47.58078687007068],[35.3669102945887,47.580786844070644],[35.3668812815887,47.58077806307064],[35.3668239695888,47.580759466070695],[35.3667534175888,47.580734231070615],[35.36671843058879,47.58072069607066],[35.36670975358881,47.58071723207066],[35.3667011055888,47.58071373507075],[35.36669248758879,47.580710204070634],[35.36668347758881,47.58070646807066],[35.36667449858879,47.58070269507064],[35.36666555258879,47.58069888807071],[35.36665664158879,47.58069504707075],[35.3666300965888,47.580683303070614],[35.3666020665888,47.5806704210706],[35.3665928195888,47.580666055070616],[35.3665924355888,47.580665830070615],[35.3664768635888,47.580598469070694],[35.36635869458879,47.58053318807067],[35.36635825158889,47.58053294407067],[35.3663577395888,47.58053256707067],[35.3663354545888,47.58051632707067],[35.36633475558881,47.580515818070644],[35.36633156058879,47.580513597070656],[35.36632607658889,47.58050981907065],[35.366320546588895,47.58050607307068],[35.36630933458879,47.58049867207067],[35.3663033315888,47.58049325307068],[35.3663009795888,47.580491207070665],[35.366300853588804,47.58049111507078],[35.3662825915888,47.58047669507063],[35.36626267958889,47.58046330607062],[35.366262553588896,47.580463234070656],[35.3662380915888,47.58044942107065],[35.366211906588894,47.58043712807075],[35.3662116835888,47.58043701407064],[35.3662111465889,47.580436804070615],[35.36619013058889,47.580428553070654],[35.36618946858879,47.58042829307066],[35.36618841658889,47.58042792907072],[35.3661794005888,47.580424814070746],[35.3661789365889,47.580424660070726],[35.36617775758889,47.58042425107074],[35.3661762525889,47.58042377907066],[35.3661674425889,47.580421008070736],[35.3661658475889,47.58042050707065],[35.3661649715889,47.58042026307067],[35.3661492705889,47.580415894070754],[35.3661481715888,47.58041558807076],[35.36614744358889,47.58041542007074],[35.3661269825889,47.58041065907063],[35.36612619558889,47.58041047507073],[35.3661239375889,47.58041002907062],[35.3661180445889,47.580408864070634],[35.36611774658889,47.5804088060706],[35.3661158625888,47.580408434070634],[35.3661148875889,47.58040827407073],[35.36609492258889,47.580405003070744],[35.3660940045889,47.580404853070746],[35.3660938865889,47.580404838070635],[35.3660934555889,47.58040478807076],[35.3660724215889,47.58040227507064],[35.36607147058889,47.580402163070744],[35.3660703125889,47.58040207407075],[35.3660519685889,47.580400654070736],[35.36605080758889,47.58040056407062],[35.366050292588895,47.58040055607073],[35.3660045615889,47.580399942070635],[35.36600402758889,47.5803999350707],[35.3660035885889,47.580399970070694],[35.365957538588894,47.580403436070725],[35.3659541985889,47.580403848070745],[35.36595378158889,47.58040388107061],[35.36591946058889,47.580403254070724],[35.3657826565889,47.58039816107065],[35.36565915558899,47.58038998607072],[35.365539398589,47.58037877607071],[35.365434061589,47.58036620507069],[35.365319690589,47.580349620070706],[35.365319573589,47.58034959907076],[35.365200042589,47.58032892107073],[35.36507521658899,47.58030355807081],[35.3649521095891,47.580274631070836],[35.3647626505891,47.58022204907077],[35.3644381215891,47.58019037607075],[35.3644379085891,47.58019035407091],[35.3640187315892,47.58014758507082],[35.364018572589195,47.5801475680709],[35.3634873625893,47.58009034507086],[35.3629569535893,47.58002982507079],[35.3629538375893,47.58002945807079],[35.3627993755894,47.580011193070796],[35.362798081589396,47.5800109000708],[35.3625440405894,47.5799516390709],[35.3622886375895,47.579895104070864],[35.36228691958949,47.5798947150709],[35.3622867635894,47.57989468207091],[35.3622845245894,47.57989421807086],[35.362101945589494,47.57985568107087],[35.3619187355895,47.579818538070846],[35.3619163125895,47.579818036070826],[35.36184890158949,47.57980476107084],[35.36184791358949,47.57980458707084],[35.36156566458959,47.57975121707091],[35.3612820905896,47.57970115307104],[35.3609972735897,47.5796544050709],[35.3609962425896,47.579654223071],[35.36099611658959,47.57965420507094],[35.360994328589705,47.5796539420709],[35.3607430295897,47.5796156340709],[35.360490898589696,47.57957991207096],[35.3604890755897,47.57957964507095],[35.3604871155897,47.57957939807101],[35.3602320665898,47.57954603807097],[35.3599762915898,47.57951532307099],[35.359974352589795,47.57951507907098],[35.359971037589794,47.57951472107098],[35.3596520105898,47.57948028707105],[35.3596488905898,47.57947995107095],[35.35964628858979,47.57947969107106],[35.359642624589895,47.57947933307093],[35.35951291758979,47.57946658807094],[35.3595053875899,47.57946584907104],[35.3594702495898,47.57946833507106],[35.3594349365898,47.57946916607105],[35.35938022858989,47.579467169071016],[35.3593427395899,47.57946346507103],[35.359305763589894,47.57945788207095],[35.3592914495899,47.57945518607103],[35.3592462925899,47.57944461607095],[35.3592119485899,47.57943431907104],[35.3591880695899,47.579425892071036],[35.35918794458989,47.57942584307102],[35.3591644035899,47.57941642007105],[35.3591191395899,47.57939474307102],[35.3591148965899,47.57939243807097],[35.3591106885899,47.57939010407099],[35.3590982995899,47.57938291807103],[35.3590823975899,47.579372984071014],[35.35907852358989,47.57937042707102],[35.3590746875899,47.57936784307104],[35.3590707645899,47.57936514107099],[35.35906688559,47.579362411070974],[35.3590630485899,47.57935965007102],[35.3590592595899,47.579356863070984],[35.3590555155899,47.57935404707101],[35.359051817589894,47.57935120207097],[35.3590445685899,47.57934542907098],[35.35903699658989,47.57933912407101],[35.3590260655899,47.579329438071],[35.35900605658999,47.579309616070994],[35.3589968415899,47.579299369071],[35.358993891589996,47.57929590607111],[35.358990998589896,47.579292420070985],[35.35898816759,47.579288910071014],[35.3589853975899,47.57928538007095],[35.3589826865899,47.579281828071096],[35.3589826385899,47.579281763071],[35.35898004058999,47.57927825507109],[35.35897999159,47.57927818907096],[35.35897745459,47.579274660071064],[35.35896697459,47.57925886607106],[35.3589490845899,47.57922505607096],[35.35894282459001,47.57920961707102],[35.35893841958989,47.57919658107107],[35.3589411015899,47.579183281070925],[35.3589384025899,47.579175024070956],[35.35896104458999,47.57906275407097],[35.3590129615899,47.57884036307091],[35.35907177759,47.57861875207098],[35.3590854175899,47.57857292707095],[35.35913217758999,47.57841580807094],[35.3581067685901,47.577685836070955],[35.354511795590795,47.57595725607118],[35.3547964515907,47.57616934007112],[35.3553293805906,47.57688574807114],[35.3557869755905,47.5784779310711],[35.3559152975904,47.57903282707125],[35.35586480959039,47.57924645107119],[35.35577476359039,47.57944209607111],[35.355720975590394,47.57952126107124],[35.3554473655904,47.57979363407123],[35.3551382505904,47.58007969407119],[35.35483709359039,47.58024511807132],[35.3542951685905,47.58039795807136],[35.3535774985906,47.580491744071374],[35.35258385859079,47.580523273071336],[35.3494238045912,47.58061623907162],[35.3467632785916,47.58013364407166],[35.3447727775919,47.57970212007179],[35.3431507235922,47.578718823071796],[35.34135747959251,47.57825128307189],[35.3405454995926,47.578472645071926],[35.3399859385926,47.57938113707201],[35.34089423559249,47.58047711707206],[35.3421076875922,47.581417169071926],[35.3449177955917,47.582596579071804],[35.3470994865914,47.58268496507175],[35.34893304259119,47.58260578707172],[35.3505092765909,47.582422728071585],[35.3526429305907,47.58231157107142],[35.3538963945905,47.582259278071454],[35.35527603259029,47.582320903071334],[35.35754317359,47.58246987507116],[35.3588998015898,47.58268538107116],[35.3607117635895,47.58283443207112],[35.36191131858939,47.58285572507104],[35.3630224865892,47.58285146607088],[35.364525088589,47.58285572407082]]]},"properties":{"pub_date":"2026-10-07"}},{"type":"Feature","geometry":{"bbox":[37.0710096741175,50.22920899869565,37.22342093831389,50.377930192602044],"type":"Polygon","coordinates":[[[37.1880383528371,50.35634564063341],[37.1773411498379,50.3469059647288],[37.1689893638711,50.33736633568061],[37.1722945736212,50.334355167270346],[37.1734278084506,50.33286323261321],[37.1746318701751,50.33132603881529],[37.1750539765105,50.32985243641185],[37.17501742389889,50.32923408515157],[37.17501103340249,50.32921803218796],[37.1747808966451,50.32863991534173],[37.17404088468129,50.32783172530332],[37.1735675915113,50.32732725832734],[37.17285263137819,50.32681199610011],[37.17225437835909,50.32627458026176],[37.17157113147739,50.32586104339735],[37.17136486841759,50.325717326243506],[37.17096004579421,50.32546017938447],[37.1705632041237,50.32523700661468],[37.1701170515673,50.325090079297176],[37.1698425910377,50.32509724013468],[37.169826955289,50.325088138705965],[37.168603061528,50.325232837457634],[37.167560485381394,50.32589844345598],[37.16692587304599,50.32667979365102],[37.1659739568863,50.327229626301836],[37.1641364764765,50.32754954810846],[37.1639794633082,50.32757688628668],[37.1621161070787,50.327388765070516],[37.1601267274002,50.324285330020274],[37.1592589377383,50.32293151310087],[37.1591246276235,50.32272197493433],[37.15905458066089,50.32261269522496],[37.1590542635279,50.32261220059175],[37.1590355283247,50.32258297074504],[37.1584485326516,50.32130689504408],[37.1594103134805,50.31659839330756],[37.1597901183565,50.31139322729848],[37.16406485725089,50.30709022237845],[37.1650561046268,50.303247538233144],[37.1612233628755,50.3000394391233],[37.1552651456749,50.295399780834494],[37.1477928952988,50.2906920301017],[37.1470411540685,50.287134687201835],[37.1490488217252,50.284429502743656],[37.1608817866657,50.27535725000902],[37.17446301581549,50.26247112732266],[37.182113880587,50.25685556527932],[37.1850201590013,50.2511488016996],[37.18800584168869,50.244715183287084],[37.191986750781105,50.236135671260385],[37.1930176993425,50.23192407008294],[37.18886336440261,50.2299133865792],[37.1839956936887,50.22920899869565],[37.180267525872196,50.2302588260277],[37.1770846325884,50.23327947407131],[37.1744205441423,50.23851266203258],[37.17199864643699,50.24326960620347],[37.170114063661906,50.2465907219276],[37.165474050117,50.250761258854666],[37.157770250502,50.25686153939303],[37.1521442652653,50.26135183961927],[37.1453033531812,50.26651681421035],[37.1411781685871,50.271194837405254],[37.13562631097399,50.27848249764688],[37.12910171622839,50.28596861474554],[37.12480449038959,50.2922165723731],[37.1237960293446,50.294479975277156],[37.1280641932395,50.29892274731783],[37.1308844957023,50.30269307490665],[37.1297366959236,50.30576684105578],[37.1217793523073,50.306196135447586],[37.121522620100095,50.30622043228908],[37.12111789348751,50.30620839769166],[37.1208246253148,50.30620839733276],[37.1205245363756,50.306195330496166],[37.1200948631157,50.30610821029275],[37.1195287870555,50.30595575233021],[37.118969529601195,50.305785867333036],[37.1183557102523,50.305629051588234],[37.1174349834221,50.3055332189436],[37.11619234147379,50.30554297654155],[37.1156379959502,50.30564612704824],[37.1148959559152,50.3058886690388],[37.1145205727515,50.306108907749355],[37.11411026957569,50.30645738292552],[37.1138396440137,50.30663580183933],[37.11356028783679,50.30672779906136],[37.1133529236677,50.3067687354004],[37.1130801457866,50.30682258435229],[37.112757141322206,50.30688391501332],[37.1122513677376,50.30696244826698],[37.110657737126296,50.307073883023676],[37.10686259530579,50.30727843527213],[37.10642002708369,50.30730228923957],[37.10449522992051,50.307258123353826],[37.10303702365529,50.30722466223932],[37.10236178860279,50.307207867298914],[37.102126637963494,50.30716040917211],[37.0994029631625,50.306610730277185],[37.096850874082,50.306166303314974],[37.0961735059185,50.3059307411477],[37.095939736808,50.305755088120755],[37.09584347774851,50.30550916988867],[37.095912234595495,50.30524568558292],[37.09662729601909,50.304639663853266],[37.09734235803919,50.30406876697828],[37.0976586344107,50.30361204532065],[37.0978511521625,50.30304113735695],[37.0980024140801,50.30230333707846],[37.0979886644834,50.30168849599112],[37.0977961473911,50.30135472102311],[37.0973011038055,50.30113513190892],[37.0968060607234,50.30110878160538],[37.0963662499293,50.301199404821496],[37.0959639359366,50.30133890709958],[37.0957142411571,50.3014983987231],[37.095197171423,50.301960784287274],[37.0948533914388,50.30279520477894],[37.09446835748469,50.30335733368435],[37.09368453877109,50.304007285613196],[37.0928044636322,50.30463966457279],[37.0919931430836,50.30490315165636],[37.0905630179649,50.30483288779539],[37.0886378510626,50.30465723080135],[37.088252817986,50.30450791956555],[37.087771527029695,50.30417416534387],[37.0868914497669,50.302979654615974],[37.0864514106983,50.30224185476542],[37.0863689041942,50.301723630845636],[37.0861145065034,50.3010818809347],[37.0857277529649,50.30024468389341],[37.0852550557875,50.29942119809971],[37.0847393863008,50.299036899294904],[37.083879938447694,50.29892710111597],[37.082827112003194,50.299091800052395],[37.082300769843,50.299474927823],[37.0819573429009,50.299777234170975],[37.0818315703633,50.30011076729023],[37.081752799231296,50.30049172705905],[37.0816238806676,50.30135636768154],[37.0813015883685,50.30242685453074],[37.08108672605339,50.30311304989624],[37.0806999731397,50.303675722521525],[37.0804206521238,50.30403253719262],[37.0801843039606,50.3042109439795],[37.079629357885906,50.304315527410665],[37.0791744465252,50.30462264007884],[37.078615803446,50.305185296190636],[37.078100134537095,50.305940066768294],[37.0777747348619,50.306568748194145],[37.0777222779649,50.30821036614565],[37.07766982099649,50.31025393485568],[37.07866649722099,50.312263915272084],[37.0797156314871,50.314139821148565],[37.0801352850212,50.31544621183246],[37.07997791401709,50.316652078871186],[37.079138608709094,50.318326844212784],[37.0783517580636,50.31959962593],[37.0766206889517,50.320805388046814],[37.0750994455309,50.321776673714496],[37.0733683775259,50.32308285448707],[37.072791353093,50.324054094223975],[37.0723717006376,50.325326722676465],[37.07163730765289,50.32616395984557],[37.0712460232768,50.32719225365258],[37.0710096743087,50.32798782618578],[37.0710096741175,50.32887939936283],[37.07113859172049,50.32979838785572],[37.0714608854077,50.33053905331467],[37.0718906091214,50.33100539117805],[37.07326572840181,50.33154030349821],[37.07455490372019,50.331951770150845],[37.075285436863,50.33236323371249],[37.0757151606532,50.33284326917611],[37.075833844694,50.33322206342437],[37.075833845423695,50.33187224765758],[37.075833844116495,50.33168935954526],[37.0758338442831,50.33105307161192],[37.0758405696573,50.33105549485242],[37.0758631358733,50.328928632474316],[37.0759087272637,50.32825744363941],[37.07617449110549,50.32777292321401],[37.07672274757109,50.32735305967458],[37.0789287858401,50.32730258586352],[37.0803451152614,50.32730258542907],[37.0803457547484,50.32730258390877],[37.0822860105934,50.327302584826754],[37.0827453753551,50.32728862320547],[37.0837821180047,50.32743605421316],[37.0842755362549,50.32794489360893],[37.08437042356739,50.328744488692664],[37.0839457418817,50.333642171646495],[37.083909384261496,50.333962350536055],[37.0833924819608,50.33851401546738],[37.0826364209794,50.34516996519921],[37.082401417255795,50.346776777348964],[37.0828378567775,50.34741948707891],[37.0836435897364,50.347805106942204],[37.084516468224,50.34814787853807],[37.0857519875154,50.34852819813895],[37.0857520174855,50.34852820452661],[37.08913901656789,50.3490933119304],[37.09181743547109,50.3494774605618],[37.094331471105,50.3498316349077],[37.0965395515701,50.35013226979408],[37.1004633116961,50.35084722816239],[37.10339656705969,50.35133638065113],[37.1054743314626,50.351612887580885],[37.1056102936825,50.35170092186919],[37.1056864853897,50.35195106184715],[37.10574604375329,50.352303196870004],[37.105892949234196,50.35284079577815],[37.105920636733,50.35316120612931],[37.105883473828094,50.35331250324243],[37.105762815386996,50.35353103135355],[37.1051235040345,50.354271408339514],[37.1047198531321,50.35476776727257],[37.1042093293413,50.355707135156756],[37.103316049778,50.35732063633925],[37.106609936018295,50.357650549951956],[37.10892884776419,50.35787204401982],[37.11151333564829,50.358130513116315],[37.1137141729562,50.35840608568343],[37.1170570654466,50.3587839673674],[37.1195627991205,50.359034336202875],[37.1205725175289,50.359155631042505],[37.121813191727796,50.35923657831715],[37.1229574058418,50.35936379169247],[37.1234641266915,50.359413644344166],[37.1237439217779,50.359421562104686],[37.1239093238451,50.35946211194989],[37.1240469012918,50.35950364813709],[37.1243628684294,50.35954241924462],[37.125981050280494,50.359663476073784],[37.12743476229199,50.35981892740111],[37.1280398060397,50.35984384114417],[37.1286828810618,50.35992096430977],[37.1298011578461,50.36007045696627],[37.1309290238522,50.36020174391426],[37.13158199782409,50.36026421492709],[37.1321518094056,50.360333213227584],[37.1349770777963,50.36066115225398],[37.1362830491435,50.36078604137845],[37.13839999822989,50.36092843966275],[37.1385563679428,50.36091288960005],[37.1418621676467,50.359347395659874],[37.143405620086,50.35860371861779],[37.148118906180294,50.35626065319542],[37.1488773286009,50.355805028952005],[37.1508831327855,50.35601901700647],[37.1517694983049,50.35613373559967],[37.1525102607008,50.356242942500565],[37.153017005786296,50.35635694640705],[37.1535256227301,50.35649230744804],[37.1562694998266,50.357358295747375],[37.15703013806619,50.35756675246072],[37.15914061384599,50.358337506636786],[37.160804862523996,50.358779768690944],[37.1620155640308,50.35908296362938],[37.16529356974941,50.35971294851609],[37.1717737136898,50.36112297426063],[37.174685568999195,50.36181822720349],[37.19884013118661,50.36982731655685],[37.2081152873217,50.372757880339165],[37.2101478374624,50.3733460384873],[37.2128002065457,50.373954528221994],[37.2145704213682,50.374437853444164],[37.22342093831389,50.377930192602044],[37.2087109989855,50.37006252798295],[37.1880383528371,50.35634564063341]]]},"properties":{"pub_date":"2026-10-07"}},{"type":"Feature","geometry":{"bbox":[37.6368209271899,49.659027123039316,37.6374224641898,49.659468321039455],"type":"Polygon","coordinates":[[[37.63691879718989,49.65904030803934],[37.6368619491899,49.65905166603929],[37.63684067418989,49.659062331039365],[37.6368209271899,49.65909670203934],[37.6368453101899,49.6594075440394],[37.6368636041899,49.659440587039406],[37.6368879931899,49.65945568903945],[37.63695283618989,49.659468321039455],[37.6373485191898,49.659452169039454],[37.6373899301898,49.659440011039464],[37.6374055391898,49.659424636039326],[37.6374224641898,49.65938690503942],[37.6374086771898,49.65906433803934],[37.6373959111898,49.65904178203944],[37.6373863661898,49.659033545039314],[37.6373409701898,49.659027123039316],[37.63691879718989,49.65904030803934]]]},"properties":{"pub_date":"2026-10-07"}},{"type":"Feature","geometry":{"bbox":[34.3177080035142,51.8234970012086,34.350687891509395,51.84148610020802],"type":"Polygon","coordinates":[[[34.34841444550969,51.84075940920787],[34.3486437145097,51.84075546920781],[34.3488730715096,51.840755647207814],[34.3491023245096,51.84075995020786],[34.3493312755096,51.84076837020785],[34.3495597345095,51.84078090120781],[34.3497875075095,51.84079753320777],[34.3500144005095,51.84081825020777],[34.3502402225094,51.84084303420778],[34.350464783509494,51.84087186720778],[34.350687891509395,51.84090472320773],[34.34462497751029,51.83911109620796],[34.3445571495103,51.83911220920803],[34.3376524005113,51.83707226320825],[34.336920204511394,51.83686980920831],[34.3369199615114,51.83686976020831],[34.33688996651139,51.836861468208305],[34.3365688805114,51.836757474208376],[34.3348685815116,51.83620678520844],[34.3336595445119,51.83581519720848],[34.33156933151219,51.83511987620861],[34.3304397005123,51.8345241952086],[34.330439679512295,51.83452417020855],[34.3299022665124,51.83378185520863],[34.329839042512496,51.83319580920859],[34.32999710351249,51.832512080208645],[34.3301867785125,51.831652520208685],[34.33050290251249,51.83104691120856],[34.3308190255125,51.830421756208565],[34.3314512755124,51.82965984020851],[34.3317643285124,51.82903694020852],[34.33189384851241,51.82840948520855],[34.3320519105124,51.827725682208545],[34.3320519105125,51.82696371920843],[34.3319629405125,51.826041938208505],[34.3316392295126,51.82519363320856],[34.3315485905127,51.82486551120853],[34.3314579515127,51.824353316208516],[34.3313932085127,51.82394515620849],[34.3311989825128,51.82364103420857],[34.330991837512805,51.82351300420856],[34.3308364475128,51.8234970012086],[34.33059043051279,51.82351300820859],[34.3305256865128,51.823537018208604],[34.3303703045129,51.823593042208664],[34.3302667175128,51.82363305620855],[34.3302149235128,51.82376911220857],[34.3302149255129,51.824025212208525],[34.3301569165128,51.824443616208626],[34.3300983895129,51.82479351120857],[34.3299559555129,51.825193659208715],[34.329865315512805,51.82558580220864],[34.3297487805128,51.82600995220858],[34.329761729512796,51.8273704092087],[34.3298135225127,51.827578474208565],[34.3298135235127,51.828090634208614],[34.329606347512694,51.82853876620863],[34.3292826365127,51.82890687420867],[34.32860931851279,51.82929898520867],[34.3280266375129,51.829427021208716],[34.327081402512995,51.82959506720874],[34.3262656495131,51.82974710720875],[34.3253592595132,51.82997116620882],[34.3248672165132,51.830091198208855],[34.3237536535134,51.83040327820889],[34.3224717575135,51.83070735320889],[34.3217854895136,51.830779370208944],[34.3207755125138,51.83080337720904],[34.3201151395139,51.830803378208955],[34.31939002851399,51.830771369209074],[34.318757961514,51.83077844720905],[34.3185270145141,51.8307810322091],[34.3185227195141,51.83077960420906],[34.318522649514094,51.83077958020908],[34.3183580245141,51.830782699209074],[34.31828406151409,51.830792650209176],[34.3181815655141,51.830806438209066],[34.318124983514096,51.830824735209205],[34.318034373514095,51.83089099620912],[34.3179746915141,51.8309547042092],[34.3179327375141,51.83102982420911],[34.31774969851419,51.83129375820915],[34.3177080035142,51.83139682520911],[34.31782652251399,51.83227571920907],[34.31852560051391,51.83331760620915],[34.3200471265137,51.834130769209104],[34.32144528351349,51.83428323520889],[34.323172627513294,51.83426417420896],[34.32403859851309,51.834355043208845],[34.3421993395105,51.8404330222082],[34.3445938615101,51.84148610020802],[34.3447811405102,51.841416572208026],[34.3449714665101,51.841350276208004],[34.345164692510096,51.84128726220796],[34.345360672510104,51.84122758320806],[34.34555924851,51.841171280207995],[34.34576027551,51.84111839820787],[34.34596360051,51.841068977207996],[34.34616905451,51.84102305520797],[34.34638686651,51.84097865420798],[34.346606667509896,51.840938184207836],[34.3468282885099,51.84090168220783],[34.34705153150989,51.840869179207864],[34.347276206509896,51.840840700207934],[34.347502130509795,51.840816268207995],[34.3477291115098,51.840795910207824],[34.3479569495098,51.840779637207966],[34.3481854585097,51.84076746820782],[34.34841444550969,51.84075940920787]]]},"properties":{"pub_date":"2026-10-07"}},{"type":"Feature","geometry":{"bbox":[37.18392737230129,48.404521980016355,37.1851058153012,48.40635923401642],"type":"Polygon","coordinates":[[[37.18392737230129,48.406157732016496],[37.18480227630119,48.40635923401642],[37.1850701043012,48.40548210101638],[37.1851058153012,48.40459310001632],[37.1847487113013,48.404521980016355],[37.1841059253014,48.404521980016355],[37.18405236030139,48.405138357016334],[37.18392737230129,48.406157732016496]]]},"properties":{"pub_date":"2026-10-07"}},{"type":"Feature","geometry":{"bbox":[37.682922943919195,49.42825398301676,37.77606204233239,49.45452621494151],"type":"Polygon","coordinates":[[[37.7572731458287,49.448309612494945],[37.75745399489809,49.44826280175414],[37.75745426832739,49.44826273233959],[37.7574959831986,49.448251934691335],[37.7576219425402,49.448221111657425],[37.757622656291396,49.448220937156684],[37.7578046803717,49.448176395565625],[37.757804926839704,49.44817633586521],[37.75784803640259,49.448165787748216],[37.75797385046509,49.44813675499469],[37.7579744944793,49.44813660584997],[37.7581588735788,49.448094056800414],[37.758159140253,49.44809399579655],[37.75820253083629,49.4480839837622],[37.758314918461195,49.44805959445498],[37.7583156567871,49.448059432846556],[37.7585085703474,49.44801757066505],[37.7585088274231,49.44801751592448],[37.758559343479,49.44800655396627],[37.75866720641479,49.44798461139216],[37.758667842355194,49.447984480558844],[37.758860331630395,49.44794532415826],[37.75886070142389,49.44794525036817],[37.75891834381209,49.447933524801165],[37.7590210623042,49.447914010286645],[37.759021677235395,49.447913891482635],[37.759214338122604,49.447877286718054],[37.7592146700721,49.44787722444836],[37.7592794054602,49.44786492452839],[37.7593766168705,49.44784774551584],[37.7593771048068,49.44784765895205],[37.7595701009214,49.44781355281143],[37.7595704854628,49.44781348579951],[37.7596423976572,49.4478007767853],[37.75973386166109,49.44778581540692],[37.7597342645968,49.44778574659481],[37.75992774113729,49.44775409743817],[37.75992814328271,49.44775403456701],[37.7600071924945,49.44774110257207],[37.7600925547712,49.44772825076798],[37.7600929405866,49.4477281929992],[37.7602873329366,49.44769892378213],[37.7602876633038,49.44769887339269],[37.76037365583969,49.447685927341574],[37.7604526128771,49.447675057456706],[37.76045296292439,49.44767500972467],[37.76064841079219,49.447648101247474],[37.760648804624196,49.44764804909588],[37.7607416605787,49.447635266155565],[37.760814093608,49.44762622180997],[37.7608144560865,49.447626174747946],[37.7610109447332,49.447601639368834],[37.76101148675469,49.447601574468145],[37.7611110733733,49.44758913852823],[37.7611768405693,49.44758176249874],[37.7611771864545,49.447581722519125],[37.761375111798,49.44755952573996],[37.76137567868219,49.44755946217928],[37.761481761403395,49.44754756480162],[37.76154072275819,49.44754169557626],[37.7615409828753,49.44754166971796],[37.76174074418359,49.44752178479724],[37.76174132633349,49.447521728840854],[37.7618535934301,49.447510553435514],[37.761905607634596,49.44750602983294],[37.7619058573847,49.447506006606105],[37.76210769738401,49.44748844941803],[37.76210856424,49.447488375709334],[37.762226433528696,49.44747812460742],[37.76227140462209,49.44747477393172],[37.76227172353659,49.44747474845175],[37.7624765007431,49.44745949428752],[37.7624774025451,49.44745943083964],[37.762600152538695,49.44745028529657],[37.7626379892113,49.4474479374977],[37.7626382557863,49.44744791956568],[37.76284736049999,49.447434941680825],[37.7628483078778,49.447434883880675],[37.7629746132622,49.4474270464386],[37.76300522757929,49.447425524868294],[37.7630054464822,49.44742551234242],[37.7632210216843,49.44741480623431],[37.76322210555849,49.44741475300244],[37.7633496852449,49.447408415345365],[37.763373008429895,49.447407545187666],[37.7633732475294,49.44740753614439],[37.763599272424905,49.447399101795824],[37.7636010007781,49.4473990370493],[37.7637252302582,49.4473944013045],[37.763741238608596,49.44739400299513],[37.7637414556891,49.447393994757874],[37.76398932234479,49.44738780031983],[37.763991962987696,49.447387734511324],[37.764101116563296,49.447385007173025],[37.7641098107273,49.447384896876414],[37.7641100008589,49.44738489356823],[37.764433878380295,49.44738078522773],[37.76443977861689,49.44738071171113],[37.7644772085344,49.447380236796974],[37.7644785132471,49.44738023655732],[37.7644787212471,49.447380235409],[37.7648430741541,49.44738002659919],[37.76524947806709,49.44749914542164],[37.7652523109555,49.44749944222675],[37.765444929517,49.44751965615471],[37.765457052443196,49.44752069693042],[37.7654680577278,49.44752183780892],[37.765526831681,49.44752667948565],[37.765641215364695,49.447536486930275],[37.7656658988368,49.447538130052045],[37.765687649055494,49.44753992097932],[37.76574856045969,49.44754364464935],[37.7658381643912,49.447549616145835],[37.765875742697,49.44755140923148],[37.7659080289906,49.44755338170524],[37.765963272867594,49.4475555868183],[37.76603561751719,49.44755903921182],[37.76608659775409,49.447560506083654],[37.766128959722195,49.447562199980936],[37.7661758692348,49.44756308345816],[37.766233404799195,49.44756474377294],[37.76629862123039,49.44756539597085],[37.7663502137756,49.44756636753043],[37.7663875021268,49.44756628490067],[37.7664313671567,49.447566725241465],[37.7664342545277,49.44756672494316],[37.766449874363495,49.44756672061358],[37.766449923321495,49.44756671966284],[37.7664654895899,49.44756668970246],[37.766465592162994,49.44756669044585],[37.7665463646615,49.447565937204175],[37.7665715605583,49.447565880698804],[37.76658448400029,49.44756557935885],[37.76660632864179,49.44756537685416],[37.7667469929613,49.44756218293232],[37.7667702258509,49.44756126612386],[37.76679276480141,49.447560742761944],[37.766868256482695,49.44755739662885],[37.7669579281728,49.447553856710634],[37.76698626956719,49.44755216206323],[37.76701360083249,49.44755095073236],[37.7670854651778,49.44754624634143],[37.7671683627082,49.44754129856694],[37.76720177568839,49.44753862778802],[37.7672338328289,49.44753652621105],[37.767309731716296,49.44752999418033],[37.7673781022096,49.44752452435933],[37.76740723707529,49.44752159654345],[37.7674383017032,49.44751892116914],[37.7675168267217,49.44751059288242],[37.76758694739969,49.44750354928264],[37.76761350731719,49.44750032900036],[37.767641863673504,49.44749732325048],[37.7677229717853,49.44748707469993],[37.76779469226971,49.44747838737241],[37.7678186855742,49.44747498160242],[37.76784432958049,49.44747174221225],[37.7679279945627,49.447459459473],[37.768001147610406,49.447449072321945],[37.76802257437609,49.44744557483098],[37.76804551774019,49.447442206966606],[37.7681317833493,49.447427753555864],[37.76820611076819,49.44741562593011],[37.7682249907426,49.44741213792883],[37.76824524621671,49.4474087436208],[37.7683341645165,49.447391972332866],[37.7684093871006,49.44737808040266],[37.76842572733861,49.44737470441177],[37.768443332287,49.447371384224546],[37.76853514322589,49.44735210013367],[37.7686107830002,49.44733646959839],[37.7686246107648,49.44733330683398],[37.76863959815951,49.44733015670615],[37.76873451270559,49.447308147365675],[37.7688101089837,49.44729083876969],[37.76882146580299,49.44728798204049],[37.76883386264589,49.44728510516898],[37.7689325347082,49.44726001883524],[37.76900717272579,49.44724123102215],[37.76901608742519,49.44723877923416],[37.7690259520813,49.44723626893627],[37.7691294575754,49.447207588303925],[37.76920178579059,49.447187688475324],[37.76920832607009,49.44718573066088],[37.7692156909816,49.44718369162244],[37.7693265934049,49.447150355998026],[37.76939376153899,49.44713026332021],[37.7693979870534,49.447128897253116],[37.769402905414694,49.447127419320324],[37.7695297607544,49.447086225851656],[37.7695829218703,49.44706901419281],[37.7695848702664,49.44706833366801],[37.7695874273952,49.44706750522613],[37.76976908506249,49.44700399873728],[37.769769145455605,49.44700397765607],[37.7699577366605,49.44693306862528],[37.77014275760779,49.44685829098336],[37.770324024725696,49.44677972581643],[37.7705013575636,49.44669744959153],[37.770672410993996,49.44661264650876],[37.77083927992499,49.44652439500055],[37.7710018051589,49.44643277188194],[37.7711598202082,49.44633787591654],[37.7713131668986,49.446239795145274],[37.7723511239866,49.445726287121055],[37.773333348303694,49.4452281661897],[37.773470859852,49.44511321327846],[37.7753388969398,49.443751745447614],[37.7760355447364,49.44330808660162],[37.77606204233239,49.44263608901643],[37.77573570391019,49.44201720210379],[37.775735686620195,49.44201716726208],[37.77527225174429,49.44109542858817],[37.7752722352253,49.44109539737844],[37.7750730729691,49.44074251063934],[37.77507305515479,49.4407424797586],[37.7741817688883,49.43916319350827],[37.7741817508126,49.439163164607976],[37.7741066530877,49.43904108037671],[37.774106633208895,49.439041046192976],[37.7734729572709,49.43801090435409],[37.7734268643187,49.43785224192545],[37.77342683962781,49.43785214963393],[37.77309441464149,49.43670777962175],[37.7730875500663,49.43654979390948],[37.7730863945015,49.43654535831949],[37.769218898863194,49.435191810324234],[37.7663779091924,49.434731672209985],[37.762924282079794,49.43466697292157],[37.7586735115216,49.432954535859146],[37.75397042075159,49.43119131254721],[37.750513295978,49.43073320426445],[37.7467662808262,49.43004028471436],[37.74350862080709,49.42892610844082],[37.741118392871094,49.42825398301676],[37.735776641143296,49.42840529893548],[37.73093985391301,49.42983844580388],[37.7261859258461,49.43137589201294],[37.7222953387294,49.4329623878984],[37.71918502060579,49.434493511001925],[37.714798570300395,49.43584571606807],[37.7075067981771,49.436151623462884],[37.70472372393599,49.43560373266193],[37.7015122221047,49.43556721436322],[37.6876270763217,49.43556517151392],[37.6848623031655,49.43581171827029],[37.68403516634049,49.43605304617305],[37.6834371561614,49.43641326174768],[37.683041115048795,49.43693831156766],[37.682922943919195,49.43735372893332],[37.68304426908799,49.43783681685992],[37.68329521501249,49.43824313730636],[37.683922534712096,49.43872224601247],[37.6850367134478,49.43910227189994],[37.6874444937904,49.43938524215237],[37.6950956176696,49.43926478789484],[37.7010306266383,49.439319759038945],[37.7030381928648,49.43953610620372],[37.70522330941179,49.43985418073003],[37.7081876589758,49.44059854386329],[37.7126041641402,49.442067667186556],[37.7244217597869,49.445420273485894],[37.7253797867133,49.44565274344324],[37.7372424204583,49.44820809597893],[37.746032198463,49.451274339823385],[37.7464145177853,49.45155394921134],[37.74717552110779,49.45211050374768],[37.74717558084,49.45211054886886],[37.7471755830806,49.45308612379782],[37.74693414847399,49.45430248214856],[37.7468897445435,49.45452621494151],[37.7470608302762,49.45430894977086],[37.7470609017358,49.454308859880726],[37.747061148334396,49.45430855046146],[37.74708737840239,49.454276735556576],[37.7470940933051,49.454268589765746],[37.747238002386304,49.45409405380006],[37.74723804707389,49.454094000363014],[37.74723884810139,49.45409303073238],[37.74729029142179,49.45403337771259],[37.7472951712889,49.45402771631486],[37.74742129543339,49.45388145985574],[37.74742138972831,49.45388135364626],[37.7474227894596,49.45387972978794],[37.7474865333075,49.45380898544566],[37.74749054730349,49.45380452634831],[37.7476107896273,49.4536710776981],[37.7476108691137,49.45367098864077],[37.7476129063518,49.45366872940751],[37.7476846011629,49.453592502805776],[37.74768690880699,49.45359004674729],[37.74780633660669,49.45346306644133],[37.7478064033494,49.45346299783942],[37.7478091262676,49.453460103440534],[37.747886663523694,49.45338106126008],[37.7478890436127,49.4533786346489],[37.74800786643549,49.4532575088511],[37.7480079614734,49.45325741584697],[37.7480113816216,49.453253926401615],[37.7480933767506,49.45317372881337],[37.74809556495439,49.453171586252246],[37.7482153266274,49.45305445073474],[37.7482154297047,49.45305435377658],[37.7482195991324,49.45305027329392],[37.748305557582,49.452969553811606],[37.7483076453399,49.45296759172952],[37.7484286470254,49.452853962476986],[37.7484287503542,49.45285386832497],[37.7484337052704,49.45284921631422],[37.7485230184281,49.45276864696914],[37.7485249372351,49.45276691432438],[37.748647733069795,49.4526561378775],[37.7486478631329,49.452656021632485],[37.7486536218543,49.45265082501372],[37.74874606704561,49.452570671823516],[37.7487478589978,49.45256911583647],[37.7488725328147,49.45246101878206],[37.7488726389862,49.45246092677827],[37.748879272508,49.452455174226564],[37.7489747112273,49.45237560722344],[37.74897604644729,49.452374490525344],[37.74910292785349,49.4522687088708],[37.74910305867169,49.45226860104423],[37.74911057673119,49.452262332180595],[37.749208591512,49.45218372613959],[37.7492099824166,49.45218260965705],[37.7493388935002,49.45207922872152],[37.7493390110705,49.452079135737854],[37.7493474496237,49.452072367264236],[37.7494476726489,49.451995029829234],[37.7494489627528,49.45199403077313],[37.7495803438152,49.45189264985801],[37.7495804533333,49.45189256561473],[37.7495898075864,49.4518853475367],[37.749692151672,49.45180933621876],[37.74969347177029,49.451808356335974],[37.7498270480675,49.45170914848156],[37.74982721129431,49.45170902764485],[37.7498375618409,49.451701342373056],[37.7499421058655,49.451626600782326],[37.7499433789091,49.45162568737272],[37.75007914844719,49.45152862053999],[37.750079269363994,49.451528535316754],[37.750090628292895,49.45152041421992],[37.7501970173119,49.45144718167916],[37.7501979599517,49.45144653486187],[37.7503364095878,49.45135123480262],[37.750336534128095,49.45135115057284],[37.75034891222099,49.45134263013576],[37.7504570583039,49.45127095573859],[37.75045795029149,49.451270364827934],[37.750598779586596,49.4511770283273],[37.750598880511795,49.45117696157173],[37.75061232124861,49.45116805371484],[37.75072220939679,49.451097927861454],[37.7507231290875,49.451097340441315],[37.75086609707499,49.451006103268675],[37.7508662226346,49.451006025476744],[37.75088076248749,49.450996747726],[37.750992374320894,49.450928167415825],[37.75099345323749,49.45092750322365],[37.7511383067882,49.45083849849753],[37.7511384717762,49.450838397303315],[37.7511541412538,49.4508287696543],[37.7512672153275,49.45076187873081],[37.7512682480081,49.45076126549738],[37.7514154445362,49.450674189585285],[37.751415573454594,49.4506741147671],[37.751432358705294,49.45066418473944],[37.75154686940769,49.45059897342888],[37.75154778011469,49.450598453339886],[37.7516971878889,49.45051336932176],[37.7516973284702,49.45051329154306],[37.7517153147315,49.45050304897658],[37.751831250444,49.45043950586753],[37.7518321963775,49.45043898448872],[37.75198358432979,49.45035601031872],[37.7519837402093,49.45035592578626],[37.752002905074995,49.45034542132839],[37.7521200064959,49.45028366484937],[37.752120866010195,49.450283209413406],[37.752274525201095,49.45020217170037],[37.7522746696574,49.450202097721075],[37.7522950348185,49.45019135647519],[37.7524132301934,49.450131394307625],[37.752414125966794,49.45013093923333],[37.75256981626169,49.45005195823469],[37.7525700042854,49.45005186267209],[37.7525915911699,49.45004091172182],[37.75271080847149,49.44998275831538],[37.7527119142607,49.44998221644483],[37.7528694585819,49.44990536675504],[37.75286964322179,49.449905277791416],[37.7528924730055,49.44989414141401],[37.753012631675,49.44983780477314],[37.7530136541655,49.44983732422657],[37.7531733113721,49.44976246741672],[37.75317348277691,49.44976238850924],[37.75319757118909,49.44975109427779],[37.7533186954209,49.44969653859733],[37.7533196618506,49.44969610289371],[37.7534811521715,49.44962336545944],[37.753481365056196,49.44962327123882],[37.75350677657789,49.449611823827006],[37.7536288721492,49.44955902467388],[37.753629811303995,49.4495586198098],[37.753793022774694,49.449488038772856],[37.753793247321596,49.44948794159116],[37.7538199777059,49.44947638225364],[37.753942707622,49.44942545865143],[37.753943697038295,49.449425047723466],[37.7541088908025,49.449356505123404],[37.7541090782608,49.449356427879934],[37.7541370644182,49.44934481663445],[37.7542602690662,49.449295801443135],[37.75426123743549,49.449295416903475],[37.75442833730091,49.4492289397261],[37.7544286227536,49.4492288270827],[37.754457923203795,49.44921717107268],[37.754581769126,49.44916997035127],[37.7545827511966,49.449169595725365],[37.7547515611887,49.44910525954122],[37.75475175096249,49.44910518840618],[37.75478243562511,49.44909349379476],[37.7549068391641,49.44904811538347],[37.7549075427642,49.44904785736721],[37.75507832476299,49.448985562206445],[37.7550784852353,49.44898550424944],[37.7551104918041,49.44897382989952],[37.7552353045088,49.44893029808686],[37.7552360531878,49.44893003532262],[37.7554083356684,49.44886994679754],[37.7554085650863,49.44886986942482],[37.755441967633395,49.44885821853138],[37.7555672173297,49.44881649850837],[37.7555680953319,49.4488162048268],[37.755741725654396,49.44875836933469],[37.7557419786502,49.448758288846456],[37.7557767467639,49.44874670643598],[37.7559023197402,49.44870681080443],[37.7559030782097,49.44870656851287],[37.75607833353361,49.448650888903565],[37.756078541424706,49.44865082273462],[37.7561147128721,49.44863933078594],[37.75624045447659,49.44860127871494],[37.7562412823833,49.44860102740481],[37.7564179761254,49.44854755582306],[37.7564182342918,49.4485474788042],[37.7564557434219,49.44853612841958],[37.75658159931519,49.448499909787415],[37.7565824922548,49.448499649619706],[37.756760563799695,49.44844840432076],[37.7567607797065,49.44844834377003],[37.7567997112143,49.44843713831781],[37.7569257797292,49.448402696591664],[37.7569265438144,49.44840248731138],[37.7571058986133,49.44835348751187],[37.7571061432815,49.44835342252938],[37.757146500716495,49.448342396501964],[37.75727254660719,49.44830976844323],[37.7572731458287,49.448309612494945]]]},"properties":{"pub_date":"2026-10-07"}},{"type":"Feature","geometry":{"bbox":[35.80115359553229,47.48983723704182,35.855723193525,47.54178399504508],"type":"Polygon","coordinates":[[[35.82078965552719,47.54089359704561],[35.8215881925271,47.540966983045635],[35.82276774052689,47.54104504804553],[35.8247799105266,47.54115434004553],[35.8273934205262,47.541388535045385],[35.8312558635257,47.54151343904517],[35.8330598775254,47.541653955045035],[35.8338642675253,47.54178399504508],[35.8341114975253,47.54098290104501],[35.83443004252529,47.54065207204494],[35.8347581985253,47.54031125904495],[35.83514177752521,47.540230312045026],[35.8354670005252,47.54019011204485],[35.835572248525196,47.54017710304484],[35.83579357652509,47.54017438704488],[35.8359057115252,47.54017301104488],[35.8360705835251,47.5402134660449],[35.8360510285251,47.54019148304488],[35.8371511165251,47.537021762044695],[35.8379459275251,47.534731540044575],[35.8410101435253,47.52420811904396],[35.8435875595251,47.51970509704361],[35.8498405655247,47.511356636043],[35.8539201115245,47.504483168042384],[35.8540630625245,47.5042023570424],[35.8540075135245,47.503508120042426],[35.8540352875245,47.502870163042424],[35.8539698985246,47.50238602704239],[35.85431912352469,47.49851673504223],[35.8543358875249,47.49464904604202],[35.854894650525,47.49167399504186],[35.855126162525,47.49089829804183],[35.855401728524996,47.48997497104171],[35.855723193525,47.48983723704182],[35.85263384852539,47.49079995304197],[35.85176586752549,47.49107043604206],[35.8517652615255,47.4910706190421],[35.8517652885254,47.491070652042076],[35.8431842495265,47.49374461104252],[35.83377594352769,47.4966750460431],[35.83355166752771,47.49674489804319],[35.82576305152859,47.49939015804361],[35.821837282529195,47.500638172043935],[35.8178801995297,47.50182834704417],[35.8126503075306,47.49826003304436],[35.809879918531,47.496369721044346],[35.8083730625313,47.495812099044485],[35.805442474531695,47.49571698104454],[35.80115359553229,47.49557777504482],[35.8011987175323,47.495597015044716],[35.803203827532,47.49608504304469],[35.8050818115317,47.49690166304463],[35.8066444635314,47.497822911044636],[35.8076617995312,47.49860262204458],[35.808700664531,47.49982729604467],[35.8093362525309,47.501072197044664],[35.811195678530396,47.50460846004464],[35.811934108530295,47.50609271904462],[35.81306152953,47.50835877504477],[35.813113793529894,47.5084638200448],[35.81484021952969,47.5088205160446],[35.81669373052941,47.50923784904455],[35.818856158529094,47.509394348044445],[35.82179088352869,47.50949868004428],[35.8238760825284,47.50913351604421],[35.82565236352819,47.508611849044165],[35.8282781695279,47.50793367304396],[35.830440598527595,47.506890309043804],[35.8337614715272,47.50652512704357],[35.8356922115268,47.50756849904348],[35.8370051145265,47.510176836043634],[35.8376229515262,47.51346315604368],[35.83700511452619,47.51654063404382],[35.8364645075261,47.519617932043985],[35.835846671526,47.52311227104418],[35.8343793085261,47.52650208004435],[35.8332980935261,47.52858800804449],[35.8325223615261,47.52998793504469],[35.83258523652609,47.53025144204468],[35.832617083526095,47.53077994704462],[35.832443822526,47.53186722004467],[35.8324305745261,47.53195035304469],[35.83237905752599,47.53224714904471],[35.832131994526,47.53367047204475],[35.831389023526,47.535387171044874],[35.8307316965261,47.536170622044935],[35.8304918035261,47.53645654104501],[35.82952604852619,47.53710343704501],[35.8292930105262,47.53716418704511],[35.8285558715263,47.53735635004509],[35.82708785852649,47.53761262704518],[35.8270864455265,47.537612874045195],[35.8262241855266,47.5377072630453],[35.825236808526796,47.537649578045276],[35.823775794526895,47.53847373404533],[35.823449600527006,47.53870418804545],[35.8214928555271,47.54008659404562],[35.82078965552719,47.54089359704561]]]},"properties":{"pub_date":"2026-10-07"}},{"type":"Feature","geometry":{"bbox":[36.90074088934911,48.16854293001916,36.9426605453428,48.19469992701895],"type":"Polygon","coordinates":[[[36.9142813573477,48.16854293001916],[36.911218016348,48.169112944019204],[36.9070856023486,48.169568359019436],[36.9027504283491,48.16961326301966],[36.901945092349195,48.16966071101963],[36.902091057349196,48.1697580040197],[36.9024119063492,48.1701084910197],[36.902550203349094,48.170370432019695],[36.90246169434909,48.17073198401969],[36.902317864349094,48.1714366330197],[36.9021076533491,48.17231466301976],[36.90191671634909,48.1726446700198],[36.901633100349095,48.172968909019815],[36.90120092234909,48.17352731901982],[36.90087678934919,48.17405870301989],[36.9008252973491,48.17470434901999],[36.90074088934911,48.175337605019955],[36.9007499483491,48.17534052201983],[36.901339077349,48.1755301250199],[36.901348136349,48.175533042019914],[36.9022115683489,48.17579776301991],[36.9023511663489,48.176053763019894],[36.90302725434879,48.17660030201986],[36.9041846873486,48.17727739701984],[36.9062033593482,48.178056237019824],[36.9064199193482,48.178344135019856],[36.9061169703482,48.17857635501982],[36.9044792553485,48.179710086019966],[36.903957130348495,48.179968438019934],[36.90345039834849,48.18002046702006],[36.90201468034869,48.179549566020036],[36.9021890583487,48.17966775702004],[36.902189091348696,48.17966778302002],[36.9023585493487,48.17978907802006],[36.902358580348704,48.17978910202011],[36.9025230173486,48.17991343402005],[36.902523049348694,48.17991345802004],[36.9026823383486,48.180040732020075],[36.90268237134859,48.18004075802008],[36.9028363943486,48.18017088001999],[36.90283642434859,48.18017090702002],[36.9029850743486,48.18030377802003],[36.902985104348595,48.18030380502007],[36.9031282603485,48.18043933101998],[36.9031282893486,48.18043935901999],[36.9032658533486,48.18057743702002],[36.9032658823485,48.18057746602003],[36.903397748348496,48.18071799102007],[36.9033977763485,48.18071802102006],[36.90352384434849,48.180860891020004],[36.9035238713485,48.18086092202002],[36.9036440533485,48.18100603002003],[36.903644077348496,48.18100606002006],[36.903758279348494,48.18115330001997],[36.9037583033484,48.181153331019985],[36.90377829034849,48.18118091502014],[36.9038122783484,48.18122782402],[36.9038663543484,48.181302462020014],[36.90386644534839,48.18130259002006],[36.9038664663485,48.181302622020056],[36.9039173983484,48.18137810502011],[36.9039311583484,48.18139850601996],[36.9039424793484,48.181415284020126],[36.9039645303484,48.18144797002],[36.9039683733484,48.18145366601996],[36.9039684583484,48.181453794020015],[36.90396847934841,48.18145382602003],[36.904016310348396,48.18153021902001],[36.90405873334841,48.18159797702001],[36.9040618303484,48.18160292002004],[36.9040641743484,48.18160666402003],[36.904064249348394,48.18160678802006],[36.90406427234839,48.181606828020044],[36.9040656943484,48.181609281020066],[36.90406805434839,48.18161336102004],[36.9040902353484,48.181651694020026],[36.90410896734829,48.18168406602005],[36.904131976348395,48.18172382902011],[36.9041351853484,48.18172937401996],[36.9041381223484,48.181734448019995],[36.90415368734829,48.18176134801996],[36.9041537613484,48.181761478020086],[36.9041537793484,48.181761511020106],[36.9041952943483,48.181839529020024],[36.9042121633484,48.18187123202003],[36.9042189503483,48.181883987020036],[36.9042368373483,48.181917598020036],[36.9042369083483,48.181917733020065],[36.9042369253483,48.18191776602005],[36.9042591603483,48.18196347402002],[36.9042701933484,48.181986154020045],[36.9042752383483,48.18199652402003],[36.9043135653483,48.18207530402006],[36.904313631348295,48.18207543802012],[36.90431364834829,48.18207547202006],[36.9043487333483,48.182154911020014],[36.9043838243483,48.18223435702012],[36.9043838533483,48.18223441502005],[36.90438388234829,48.18223448102005],[36.9043839063483,48.182234510020045],[36.9047178083483,48.18247571902014],[36.904717838348304,48.18247574602013],[36.9051835733482,48.18300791402009],[36.9051835963482,48.1830079440201],[36.9052314403482,48.183077379020105],[36.9052314963482,48.18307746102006],[36.905231526348196,48.18307750801996],[36.9052315443482,48.18307754001999],[36.905662162348094,48.18395881402004],[36.905662178348095,48.18395884702002],[36.9056621973481,48.18395888202003],[36.905662229348096,48.183958949020074],[36.9056622503481,48.183958980020044],[36.9065219673479,48.184942064020014],[36.9065219943479,48.184942094020094],[36.90699799834789,48.185376739020086],[36.90699802834779,48.18537676702009],[36.9082970193476,48.18656286102013],[36.9082970513476,48.186562888020056],[36.90993013234729,48.187832346019995],[36.909930217347295,48.18783242102001],[36.91002474634729,48.18767152602007],[36.9101126613473,48.18750897302],[36.9101938973473,48.18734488201998],[36.910268403347295,48.18717937301993],[36.9103361073473,48.18701257401996],[36.91039696634729,48.186844607020014],[36.91045094734729,48.18667559601999],[36.9104979983473,48.18650566301993],[36.9105380773473,48.18633494201994],[36.91057117134729,48.18616355401993],[36.9105964693473,48.18599747401998],[36.910615210347295,48.185831007019935],[36.9106273673473,48.18566426501996],[36.9106329343473,48.18549737001988],[36.9106319093473,48.18533043401983],[36.9106242953474,48.1851635750198],[36.9106100983474,48.18499690201992],[36.9105837273474,48.18493150701981],[36.9105804963474,48.184920595019875],[36.9105640523474,48.184865071019836],[36.910551158347396,48.18479790201991],[36.9105451193474,48.1847303010199],[36.9105459513474,48.18466258501982],[36.9105536443474,48.18459506101988],[36.91056817834739,48.18452803901982],[36.9105894763474,48.18446182501994],[36.9106174433474,48.18439672501989],[36.9106519543474,48.18433303201986],[36.91069284534739,48.18427104501986],[36.9107399393474,48.18421104401982],[36.9107930053474,48.18415330401981],[36.9108006053474,48.184146163019804],[36.9108175473474,48.18413025301992],[36.9108177363474,48.1841299280199],[36.91081749234739,48.184130158019926],[36.910817567347394,48.18413002901981],[36.91081747134739,48.18413011901991],[36.9108287693474,48.184110740019776],[36.9108797603474,48.18404154901989],[36.910911973347396,48.18399783801978],[36.9110479343474,48.183813348019825],[36.91109474334729,48.18372543001977],[36.9111479583473,48.18363914601988],[36.9112074483473,48.18355470601976],[36.9112734583473,48.18347185501978],[36.911345510347395,48.1833912740199],[36.9114234303473,48.18331315601975],[36.9115070273473,48.18323769401982],[36.9115961003473,48.18316506901971],[36.9116904313474,48.18309546001976],[36.9117897923473,48.183029033019785],[36.91189394234729,48.182965953019774],[36.9120026263473,48.18290636901975],[36.9121155823473,48.18285042901972],[36.9122325353473,48.18279826701973],[36.9123532003472,48.182750012019675],[36.9124772853472,48.182705779019656],[36.91260448834719,48.18266567601969],[36.91273450034719,48.18262980101973],[36.912867005347195,48.182598240019715],[36.91300168134709,48.182571072019726],[36.913138202347106,48.182548361019634],[36.9132762353472,48.18253016301975],[36.9134154453471,48.18251652101974],[36.91355549534709,48.182507471019626],[36.9136960433471,48.18250303101969],[36.9138367483471,48.18250321501961],[36.913977270347,48.18250802101959],[36.914117264347,48.18251743801963],[36.914256394347,48.18253144301965],[36.914394319347,48.18255000201961],[36.91453070434691,48.182573069019625],[36.914665221347,48.18260058901955],[36.914797540346896,48.182632495019654],[36.9149273403469,48.18266870901957],[36.91505430734689,48.1827091440196],[36.9151781303468,48.182753700019575],[36.9152985113469,48.18280227101961],[36.9154151573468,48.18285473701959],[36.91552778234679,48.18291097201953],[36.915636116346796,48.18297083801952],[36.91573989434679,48.18303419201952],[36.9158388653468,48.18310087701959],[36.9159270783467,48.183166499019485],[36.9159312123467,48.18316956901961],[36.91593128134679,48.183169625019595],[36.9159327813467,48.18317073501959],[36.9159328163468,48.183170765019604],[36.9160092813467,48.18323361401954],[36.9160198623467,48.18324230401964],[36.9160200613467,48.183242471019604],[36.9160214333467,48.18324358901966],[36.9160884823467,48.18330462001954],[36.9161030433467,48.18331785901953],[36.916103319346696,48.18331812401959],[36.9161045813467,48.183319272019524],[36.9161046143467,48.183319302019655],[36.9161618593467,48.18337718301959],[36.916181277346695,48.18339681901955],[36.91618204034669,48.18339759001953],[36.91618207434669,48.183397622019555],[36.916394796346594,48.183574922019545],[36.916618164346694,48.18370257601959],[36.916777713346605,48.18378058601958],[36.9170648983466,48.18385859601951],[36.91738399334649,48.183922422019535],[36.917671180346396,48.18397206401954],[36.9177949603465,48.18399550801957],[36.917795250346494,48.18399556301959],[36.91779455934639,48.18399551801954],[36.91779529434649,48.183995658019555],[36.9182566223464,48.18402524601959],[36.9190755843463,48.184082405019524],[36.9198937963462,48.1841441480195],[36.9207112093461,48.18421047201944],[36.92152774934599,48.18428136901942],[36.92234337534579,48.184356836019404],[36.9231580113457,48.18443686901928],[36.923445387345694,48.184466747019336],[36.9239716223456,48.18452145901933],[36.9247841323455,48.184610603019244],[36.9255954933454,48.18470429101919],[36.9264056433453,48.184802524019226],[36.92721452734521,48.184905288019145],[36.9280220883451,48.18501257501915],[36.9288282733449,48.1851243820191],[36.9296330143448,48.185240700019015],[36.9304362673448,48.185361518019064],[36.9312379693446,48.18548683101901],[36.932038064344496,48.18561662901889],[36.9328364953444,48.18575090001899],[36.9336332043443,48.18588964101889],[36.9344281413442,48.18603283101888],[36.93522124434409,48.18618047301878],[36.936012462344,48.18633255001884],[36.936104748343894,48.18650544001882],[36.9361906993439,48.18667977501886],[36.9362702673439,48.1868554510188],[36.93634339034389,48.187032368018855],[36.936410036343894,48.18721041801878],[36.93647016334379,48.187389496018795],[36.9365237373438,48.18756949301883],[36.9365707283438,48.187750307018796],[36.9366110983438,48.18793183201884],[36.936644828343795,48.18811395501892],[36.93667191234379,48.18829656901888],[36.93669231634381,48.18847957201889],[36.9367060323437,48.18866284901882],[36.9367130563437,48.18884629301881],[36.93671338234369,48.189029796018865],[36.9367070093437,48.189213249018934],[36.93669394134369,48.18939654501891],[36.9366741863437,48.189579574018936],[36.9366477553437,48.18976222601895],[36.9366146693437,48.18994439501897],[36.9365749383437,48.19012597401897],[36.93642512934369,48.190400343018965],[36.93628151234369,48.19067618401894],[36.9361441293437,48.19095342801893],[36.9360130123437,48.19123201501899],[36.93588818134369,48.191511881019],[36.9357696743437,48.19179296701901],[36.93565751134369,48.19207520501897],[36.9355621783437,48.19232970501904],[36.93547200334369,48.19258503701902],[36.9353870073437,48.19284115601907],[36.9353664143437,48.192914766019086],[36.9353528583437,48.19298909701904],[36.9353463923437,48.1930638490191],[36.9353470253437,48.19313872601913],[36.93535477234371,48.19321342601911],[36.9353695933437,48.19328764901914],[36.9353914363437,48.19336109701905],[36.93542020034369,48.19343347901907],[36.9354557833437,48.193504500019145],[36.9354980383437,48.19357387801914],[36.9355467973437,48.19364133201911],[36.9356018603436,48.19370659501903],[36.935663008343695,48.193769403019125],[36.9357300023436,48.19382950701909],[36.93580257134369,48.19388665901916],[36.9358804073436,48.19394064101913],[36.9359632173436,48.193991230019094],[36.9360506713436,48.19403822001912],[36.93614240834349,48.19408142801914],[36.93623806634359,48.194120677019065],[36.9363372513436,48.19415581401911],[36.9364395753436,48.19418669701912],[36.9368846343434,48.19417910001908],[36.9368846783435,48.194179098019085],[36.9381500213433,48.19434201301892],[36.9384837773432,48.194420963019056],[36.9389654423432,48.19453490201904],[36.939663068343,48.19469992701895],[36.9426605453428,48.19240858901879],[36.9410976283434,48.18293717601844],[36.9367283253443,48.177577847018426],[36.924318662345996,48.17536781901889],[36.9163779623473,48.170017393019094],[36.9142813803476,48.16856424501911],[36.9143038373476,48.16855851301901],[36.9142813573477,48.16854293001916]]]},"properties":{"pub_date":"2026-10-07"}},{"type":"Feature","geometry":{"bbox":[37.64348698118889,49.66320692603922,37.6446214411887,49.66398217903919],"type":"Polygon","coordinates":[[[37.643516993188896,49.66353797203928],[37.64352271418889,49.66367162903921],[37.643542280188896,49.66375568203929],[37.6436092711889,49.6638471020393],[37.64371646218889,49.663929393039204],[37.64393223718881,49.66396179703932],[37.644150293188794,49.66398217903919],[37.6443610111888,49.66397104103925],[37.6444980621887,49.66392707703921],[37.6445989761888,49.663800614039275],[37.6446214411887,49.66363533103923],[37.64459698118879,49.66353026703921],[37.64457669218879,49.66334859003917],[37.6445430581888,49.66328410603926],[37.6444194111888,49.6632183870392],[37.6442322151888,49.66320692603922],[37.6440570271888,49.663217958039176],[37.64385103818879,49.663227581039216],[37.6437161581888,49.66324450103924],[37.6436002921889,49.663270377039204],[37.64348698118889,49.66332177903927],[37.6435017291889,49.66342801203915],[37.643516993188896,49.66353797203928]]]},"properties":{"pub_date":"2026-10-07"}},{"type":"Feature","geometry":{"bbox":[37.7874492252053,48.79581910400236,37.9153504951897,48.85609266300724],"type":"Polygon","coordinates":[[[37.8144176622023,48.822041260005925],[37.8073160672031,48.824334202006305],[37.799975620203995,48.826158781006576],[37.795699096204395,48.82732795600684],[37.791934582204895,48.82810330800694],[37.7892435512052,48.82944892900716],[37.7874492252053,48.831480651007304],[37.788003178205194,48.83343329000733],[37.7905426332048,48.83461837600727],[37.7938554962044,48.83485704700711],[37.798410571203796,48.83474518300694],[37.803923976203095,48.83437589600676],[37.8083633392026,48.83343613900659],[37.8125822692021,48.83187619400634],[37.81462690720189,48.83004994100622],[37.8171716362017,48.82840537600601],[37.8204229072013,48.82629750900583],[37.824133765201005,48.824459621005616],[37.82494886020089,48.824287765005586],[37.8257915562008,48.82417297700556],[37.8268376602006,48.824230371005434],[37.8277094132005,48.82449820800551],[37.828319641200395,48.82501474700549],[37.8287448732004,48.82557465700541],[37.8288760802003,48.82586464700549],[37.8290170432002,48.8265451980055],[37.8289879852002,48.82746344800557],[37.8289879852002,48.82801821500553],[37.8289008102002,48.82863036600564],[37.828399286200195,48.829236481005665],[37.8249101752005,48.83234698500583],[37.8246327062006,48.83282186600586],[37.8246882002005,48.83340633000592],[37.8247414612005,48.83365174300594],[37.8253384672004,48.834230865005885],[37.82592655320029,48.83527177500596],[37.8259693082002,48.83596127300599],[37.8258176382002,48.836801333006015],[37.8254483642003,48.837110820006],[37.82519707620029,48.83721074900603],[37.8230035352006,48.83745884500611],[37.821328038200804,48.83755107000623],[37.82112674420079,48.8375196310062],[37.81973359220099,48.837401855006284],[37.81931545320109,48.83736253800624],[37.8172721602013,48.837198060006344],[37.8168358382013,48.83716293800628],[37.8164022992014,48.837345996006384],[37.8163457232014,48.837408929006415],[37.81586990220139,48.83793821200642],[37.81538927320149,48.83859480100641],[37.8147181792015,48.841726776006624],[37.8118232652016,48.84779316200693],[37.8071761702019,48.85355805600729],[37.806934379201905,48.85413761100731],[37.8077176632018,48.85551451100729],[37.8085963712016,48.856053244007384],[37.80963484420139,48.85609266300724],[37.81073459820139,48.856023208007244],[37.8119202782012,48.85550436300718],[37.815469843201,48.84896042500685],[37.817411990201,48.842951436006544],[37.818363693201,48.84045218400636],[37.818519379201,48.840043331006335],[37.819068969201,48.83963954800636],[37.8207049642008,48.839412418006276],[37.8219703032006,48.83937876900624],[37.82351682920039,48.83958907400621],[37.8253218172001,48.84036229900614],[37.8255117822001,48.84068191800625],[37.825082617200096,48.84315335800618],[37.825285842199996,48.8445353840062],[37.8252181001998,48.84872581200641],[37.8254890661997,48.84997395800646],[37.8258444131996,48.85038965300647],[37.82606666319959,48.850523713006496],[37.8265106131996,48.85061719500641],[37.82706889819949,48.85068717000643],[37.8283098451993,48.85064894600648],[37.8371405781984,48.84761137200585],[37.842071809197904,48.84490707700561],[37.842317543197794,48.844686465005665],[37.8424458841978,48.844466344005546],[37.842544551197896,48.8433300030056],[37.8426663051978,48.84304561100547],[37.843263701197806,48.84249979600552],[37.8436492071978,48.84235618500553],[37.8442301341977,48.842245840005454],[37.85164594419679,48.842096814005096],[37.85209987919669,48.842133026005094],[37.8525971021966,48.84224989800515],[37.8719283981943,48.8390176080043],[37.872631453194195,48.8389617550042],[37.87411197719399,48.8389723630041],[37.8750603541939,48.839007197004165],[37.8757929541938,48.83900719700404],[37.88102591919319,48.838932910003884],[37.8817035351931,48.8389232900039],[37.8820225531931,48.83889635500391],[37.88389287719279,48.83844066200378],[37.884573600192795,48.838353094003736],[37.8860360381926,48.83826936200374],[37.892170910191794,48.838201367003414],[37.895018118191395,48.838394715003375],[37.89591069519129,48.83856575400333],[37.89780777319109,48.83912959600329],[37.898109140191,48.839242713003294],[37.898406952190896,48.8393598340033],[37.8987010861909,48.83948091700327],[37.89899142319089,48.83960590700331],[37.89927784119081,48.83973475400327],[37.8995602191908,48.83986740400328],[37.899838447190795,48.84000380200324],[37.9001124031907,48.84014389500316],[37.9003819811907,48.840287620003195],[37.9006470641907,48.84043492100326],[37.900907544190595,48.84058573800317],[37.901163313190594,48.840740004003166],[37.90141427019049,48.84089765900312],[37.9016603051905,48.84105863800322],[37.9019013191905,48.8412228750032],[37.9021372141904,48.84139029800321],[37.9023678911904,48.84156084100321],[37.9025932541904,48.84173443600322],[37.9028132111903,48.84191100500315],[37.903027671190195,48.84209048000321],[37.9032365451902,48.842272785003296],[37.9034397501902,48.84245784500319],[37.90363719719019,48.84264558400321],[37.9038288051902,48.84283592300311],[37.9040144991901,48.84302878500317],[37.9041941991901,48.8432240910032],[37.9043678331901,48.84342175700318],[37.90453532619,48.843621704003155],[37.90469661318999,48.84382384900315],[37.90485162419,48.844028108003194],[37.90500029819,48.84423439900316],[37.9051425691899,48.84444263400319],[37.905278385189895,48.84465272600317],[37.905407684189896,48.844864590003226],[37.905530413189894,48.84507813900314],[37.9056465241898,48.84529328300316],[37.90575596818981,48.84550993600317],[37.9058587011898,48.845728007003245],[37.90595468018971,48.845947405003216],[37.9060430451897,48.846166019003306],[37.9058915061899,48.84193985000308],[37.9058922071899,48.84193856500312],[37.905891500189895,48.84191883200307],[37.9072702271898,48.839393735002865],[37.9085066541898,48.83626163900278],[37.9117332111897,48.831018870002396],[37.912703160189594,48.828910974002255],[37.913900306189596,48.82408869100209],[37.9153504951897,48.81858765500182],[37.915324384189795,48.81657298800177],[37.91510505518999,48.81179218600166],[37.91495291319029,48.80409427400142],[37.91340686419079,48.79797098300122],[37.9134050841908,48.797963944001154],[37.9133964141908,48.79794910600117],[37.88971529019379,48.79604302000203],[37.8821936461948,48.79581910400236],[37.88043144119509,48.79588474000239],[37.879777234195096,48.79597792000243],[37.8781965781953,48.796385082002494],[37.8768272621955,48.79681884900267],[37.8759428091955,48.79705316300263],[37.8701690391962,48.79925453700294],[37.8700389671962,48.79935816800298],[37.86994855219619,48.799489304002925],[37.8698554481962,48.79967295900298],[37.8697596621962,48.79991290400293],[37.8697385821962,48.79999388600293],[37.8697203871962,48.800101772002996],[37.8697397881962,48.800197901002896],[37.8697904861962,48.80031591100298],[37.8699097581962,48.80045516300292],[37.870260877196095,48.800864058003],[37.870462003196096,48.80101748200306],[37.870670986196096,48.80111352600297],[37.87092180319599,48.80118773200304],[37.871323058196,48.801239134003],[37.8717865401959,48.801224144002916],[37.87238281719579,48.80114278700291],[37.87487485719559,48.80070889300278],[37.8761096201954,48.800601251002725],[37.8771104831952,48.80060924100272],[37.8782933171951,48.80067916200269],[37.879095141195,48.80082966800256],[37.880043418194894,48.80111748400267],[37.8804952861948,48.801242370002626],[37.8818277221946,48.80164269100254],[37.88577368219409,48.80282820300238],[37.882751205194495,48.80249626400256],[37.8813800791947,48.80252282500256],[37.8810977891946,48.80289468900268],[37.8810574611947,48.80350560100263],[37.8815010601946,48.8040368230027],[37.8827108771944,48.80443523700263],[37.884525602194195,48.804913328002584],[37.88815505419359,48.80629445600245],[37.89134090419319,48.80764898700244],[37.89195226519309,48.808076054002484],[37.892261977192994,48.80839901000236],[37.892597501193,48.80901091800242],[37.8927781661929,48.810489664002475],[37.8928442391928,48.8117086630025],[37.8925303941929,48.812274301002574],[37.8897404361931,48.81372978700263],[37.8895541701932,48.81373356700266],[37.8892695031932,48.8137960110027],[37.8890290671932,48.81389044500273],[37.8882417921933,48.81424188700271],[37.8877507271933,48.814510045002805],[37.8871600641934,48.814792076002874],[37.8861709531935,48.81514590300287],[37.8827428931939,48.816022276003004],[37.8823740911939,48.817189056003144],[37.8827303731938,48.81804924300308],[37.8833637621937,48.818596627003146],[37.8847493021935,48.819144005003004],[37.89251885119239,48.82142147700284],[37.89317900219239,48.821614977002824],[37.8935730921923,48.822080356002836],[37.8936983861922,48.82281010100285],[37.8936983861922,48.824047471002885],[37.8935345391922,48.82452972000294],[37.8932839511922,48.824720080003],[37.892696033192294,48.824821605003024],[37.8853229591933,48.82388883600314],[37.882301445193704,48.823343919003285],[37.8769553641944,48.822540810003595],[37.8749706921946,48.82234760600351],[37.874770960194695,48.8223366490036],[37.8730212061949,48.821830686003565],[37.872508433194994,48.821682411003636],[37.8702459061953,48.821028165003774],[37.8698442461953,48.820912016003724],[37.8697110961954,48.82082982800368],[37.866702747195795,48.81997771800386],[37.86234964419639,48.81920306300395],[37.857172980197,48.818846718004124],[37.8541846341974,48.81921855600438],[37.8499727131979,48.820101662004475],[37.846490229198295,48.820907288004584],[37.84369012719859,48.82188331800479],[37.84246655119869,48.8221466880049],[37.841337097198895,48.822177672004855],[37.8303410992003,48.821583152005275],[37.8221392072014,48.82073624800557],[37.8187762622018,48.8201456270057],[37.8144176622023,48.822041260005925]]]},"properties":{"pub_date":"2026-10-07"}},{"type":"Feature","geometry":{"bbox":[36.8927801683503,48.17259038602025,36.8942446043501,48.173476958020224],"type":"Polygon","coordinates":[[[36.8935159303502,48.17340804002017],[36.8937291013501,48.173471808020125],[36.8938072563502,48.173476958020224],[36.8938561743502,48.1734696460202],[36.8939127513501,48.17344035402019],[36.8942446043501,48.172939160020114],[36.8942414303501,48.17289703002013],[36.894228111350095,48.17287964302014],[36.8941905283501,48.172855622020116],[36.8939481443501,48.17278529102023],[36.89321005035029,48.17259038602025],[36.8931480653503,48.17259493402027],[36.89311100335029,48.17259768102023],[36.89307149335029,48.17261704902014],[36.8927801683503,48.17309224702019],[36.8927836943503,48.173139914020176],[36.89280741435031,48.17316627902021],[36.89285034935019,48.17320520602023],[36.8935159303502,48.17340804002017]]]},"properties":{"pub_date":"2026-10-07"}},{"type":"Feature","geometry":{"bbox":[36.1782287863413,50.38428327411295,36.2123199153373,50.406474594114314],"type":"Polygon","coordinates":[[[36.1798635263408,50.39861327211438],[36.18386774834,50.40562808811431],[36.18420422033989,50.40621748911434],[36.1846119843399,50.406474594114314],[36.1865072493397,50.40568645711413],[36.18701380233959,50.405478986114204],[36.1892937093394,50.40455957411406],[36.1916634623391,50.40359301411391],[36.19262994133899,50.403081506113914],[36.1944469983389,50.40197207311377],[36.19452071333879,50.4019168021138],[36.1946985303388,50.40180496411373],[36.1968497523386,50.40035671311362],[36.1983946033385,50.39923199411353],[36.2014077393382,50.39703822211338],[36.202488540338095,50.39625129811329],[36.202667039338095,50.396096120113285],[36.2031380713381,50.39576478811326],[36.203656747338,50.3954499851133],[36.2044413053379,50.395005866113294],[36.2044567593379,50.39499791211329],[36.2050215683378,50.3947072151132],[36.2054471123378,50.39439200111325],[36.20619280433769,50.393648439113164],[36.2065020233377,50.393265025113095],[36.207179738337594,50.39268697311311],[36.2075268493376,50.39245127511305],[36.2076809813376,50.39239048811303],[36.2081784813376,50.39231427411302],[36.2083869593375,50.392231166113],[36.20851990033751,50.392132283113035],[36.208651672337496,50.391947153112994],[36.20895126133751,50.391352754112994],[36.20906975633739,50.39104005611302],[36.20908518333739,50.390855158112934],[36.20903013333751,50.390660310112914],[36.2090096073375,50.390494265112984],[36.20919515033749,50.39003886111294],[36.2094548783375,50.38966751511288],[36.2097216233375,50.38931740011289],[36.2098940083375,50.38914125811295],[36.2100966783374,50.388999996112894],[36.2102794533374,50.38889496811288],[36.2104794713374,50.38871450111281],[36.2105931913374,50.38857925811275],[36.2106676443374,50.38844152311282],[36.2106914913374,50.38821593911285],[36.21069836933739,50.38798724511283],[36.2106148253374,50.38782531611292],[36.21052326933739,50.38771003111288],[36.2104011533374,50.38763842311285],[36.2103265573375,50.387526231112815],[36.21030662033749,50.38739352511293],[36.210721638337496,50.386791313112845],[36.2123199153373,50.38539437311272],[36.21177842133739,50.38526934411277],[36.2117783963374,50.38526936311277],[36.2113064193374,50.38516038711275],[36.2076586683379,50.38440893811296],[36.207427980338,50.38436481011294],[36.20728047433799,50.38434122411296],[36.207280395337996,50.38434121311295],[36.207280317338,50.384341202112935],[36.207280161338,50.38434117911301],[36.20712983033799,50.38432140111291],[36.207129750338,50.38432139211292],[36.207129672338,50.38432138211297],[36.207129513337996,50.384321364112935],[36.20697798533799,50.38430567011296],[36.20697791433809,50.38430566311291],[36.206977842338,50.384305656112964],[36.20697769733799,50.384305643112945],[36.206825238338,50.384294059112946],[36.20682517033809,50.38429405411294],[36.206825104337995,50.384294051112946],[36.20682496933809,50.38429404211295],[36.206671879338096,50.38428659211295],[36.2066718043381,50.38428658811296],[36.20667173133809,50.38428658611293],[36.2066715823381,50.38428658011293],[36.206518159338096,50.38428327611292],[36.20651807833809,50.38428327511295],[36.2065179983381,50.38428327511295],[36.2065178383381,50.38428327411295],[36.2063643313381,50.38428412211292],[36.2063642583382,50.38428412311296],[36.206364185338096,50.38428412511293],[36.2063640393381,50.38428412811297],[36.20621072833809,50.38428912611297],[36.20621064833809,50.384289129113014],[36.2062105663381,50.38428913411293],[36.206210405338105,50.384289141112916],[36.2060575973382,50.384298279112954],[36.2060575083381,50.38429828611293],[36.2060574183382,50.38429829211296],[36.2060572403382,50.384298305113035],[36.2059051773382,50.384311569112974],[36.20590509833809,50.38431157711297],[36.205905019338196,50.38431158411293],[36.2059048613382,50.384311601113026],[36.2057538023382,50.384328966112946],[36.205753720338194,50.384328975112936],[36.2057536393382,50.38432898511304],[36.2057535753382,50.38432899711298],[36.2057535103382,50.384329006113006],[36.2057533803382,50.38432902711303],[36.2057531203382,50.384329071113015],[36.2053265943382,50.38440092511305],[36.205326533338294,50.384400936113046],[36.20532647433829,50.384400946113],[36.2053263563382,50.38440096711311],[36.205326119338295,50.384401008112945],[36.2053256453382,50.384401089112934],[36.20490062633829,50.38447655411299],[36.2049005643383,50.38447656411299],[36.2049005043383,50.38447657611298],[36.204900381338305,50.38447659911296],[36.2049001373383,50.38447664411306],[36.2048996483383,50.384476733112955],[36.2044762233383,50.38455579211302],[36.2044761093384,50.38455581411312],[36.2044759953383,50.384555835113105],[36.2044757673383,50.384555879112966],[36.2044753123384,50.38455596611297],[36.2040536343384,50.384638592113],[36.2040535663384,50.384638605113125],[36.2040534993384,50.38463861911301],[36.2040533613384,50.384638648113125],[36.2040530853384,50.384638703113104],[36.2040525373384,50.38463881211305],[36.20363262733849,50.384725001113054],[36.2036325693384,50.38472501311301],[36.2036325123385,50.38472502511307],[36.2036323973384,50.384725049113186],[36.203632166338394,50.384725098113066],[36.2036317073385,50.38472519311305],[36.2032135943385,50.384814937113035],[36.203213529338505,50.38481495111307],[36.2032134663385,50.38481496511319],[36.2032133393385,50.38481499211317],[36.2032130843385,50.384815048113104],[36.2032130253385,50.38481506111306],[36.2032129653385,50.38481507311309],[36.2032128483385,50.38481510111311],[36.2032126113385,50.38481515211304],[36.2027630223386,50.3849160831131],[36.2027629593385,50.384916097113134],[36.2027628953385,50.384916111113114],[36.2027627683385,50.38491614011318],[36.20276251533849,50.38491620011313],[36.20276200733859,50.38491631611312],[36.20231472033859,50.38502135211322],[36.2023146623386,50.38502136511311],[36.2023146063386,50.385021378113095],[36.2023144933386,50.38502140711313],[36.2023142663386,50.38502146011313],[36.202313814338595,50.38502156811313],[36.20186886033859,50.38513070411315],[36.2018687533387,50.38513073011313],[36.201868646338596,50.38513075711316],[36.201868433338596,50.38513081111317],[36.20186800833859,50.38513091811317],[36.2014255083387,50.385244125113196],[36.201425407338704,50.38524415011315],[36.2014253073387,50.38524417711316],[36.2014251073387,50.385244229113184],[36.20142470633869,50.385244334113175],[36.2009848073388,50.38536157411322],[36.2009847003388,50.385361604113214],[36.20098459233879,50.38536163211323],[36.20098437733879,50.38536169011321],[36.2009839473388,50.385361808113196],[36.2005468433388,50.38548302811325],[36.2005467813388,50.38548304611322],[36.2005467183388,50.38548306511325],[36.2005465913388,50.385483100113234],[36.2005463383388,50.385483171113286],[36.2005458313388,50.38548331511324],[36.2001114863388,50.385608526113295],[36.2001113843388,50.38560855611327],[36.2001112813388,50.385608587113246],[36.2001110753389,50.385608648113276],[36.200110666338894,50.38560876911323],[36.1996791653389,50.3857379441133],[36.1996791043389,50.385737962113275],[36.19967904433889,50.38573798111333],[36.1996789233389,50.3857380181132],[36.1996786823389,50.38573809211331],[36.19967819933889,50.38573823811321],[36.19924971833889,50.385871327113314],[36.19924966033889,50.38587134611329],[36.199249600338895,50.3858713651133],[36.1992494823389,50.38587140211329],[36.199249246338894,50.3858714771133],[36.199248774339,50.38587162711325],[36.199019462338995,50.38594486111325],[36.1960980503393,50.38677872311345],[36.192870123339695,50.38772521111361],[36.1908777533399,50.38838329911365],[36.1790853523413,50.39125409911423],[36.1784110423413,50.3915998701142],[36.1782287863413,50.392693964114294],[36.17958740434089,50.397519184114294],[36.1798635263408,50.39861327211438]]]},"properties":{"pub_date":"2026-10-07"}},{"type":"Feature","geometry":{"bbox":[36.95103937824939,50.27350138208092,36.971265532246605,50.28074463208035],"type":"Polygon","coordinates":[[[36.9675142992473,50.27633413208034],[36.96751424224729,50.27633411708044],[36.9675141832473,50.276334104080306],[36.9675140672473,50.27633407608033],[36.9675138332473,50.27633402508033],[36.96751355424729,50.27633396008029],[36.96736269224729,50.276300418080325],[36.9672118302474,50.27626687408034],[36.9672115852473,50.276266822080395],[36.96721152324739,50.27626680908033],[36.9672114612473,50.27626679508042],[36.967211336247296,50.27626676608026],[36.9672110872474,50.27626671608039],[36.9672108172473,50.276266656080395],[36.9670588852473,50.27623513708035],[36.9669069542473,50.27620361508039],[36.96690673524739,50.27620357108042],[36.9669066702474,50.27620355708037],[36.9669066042474,50.27620354308044],[36.9669064702474,50.27620351408039],[36.9669062052474,50.2762034640804],[36.9669059252474,50.27620340808035],[36.9667530232474,50.27617392908039],[36.9666001182474,50.27614444908034],[36.9665998872474,50.27614440508039],[36.9665998162474,50.27614439208034],[36.9665997452474,50.27614438008035],[36.96659960224739,50.276144351080376],[36.9665993192474,50.27614430108038],[36.9665991002474,50.27614426008035],[36.9664452092474,50.27611681708034],[36.9662913162474,50.27608937708035],[36.966291090247495,50.27608933808038],[36.9662909782474,50.2760893200804],[36.96629086624749,50.27608929808034],[36.9662906422475,50.276089264080376],[36.9662903622475,50.27608921408051],[36.9661356562475,50.27606384308048],[36.9659809512475,50.27603847308046],[36.96598065124749,50.27603842508035],[36.9659805872475,50.27603841408049],[36.96598052424749,50.27603840408046],[36.965980396247495,50.276038383080376],[36.965980141247506,50.276038345080494],[36.9659798832475,50.27603830408045],[36.96582439224749,50.27601500608049],[36.9656689002475,50.275991709080415],[36.9656686062476,50.2759916670804],[36.9656685362476,50.275991657080404],[36.9656684682476,50.275991646080435],[36.9656683302475,50.27599162608049],[36.96566824924749,50.27599160908047],[36.96566816724749,50.27599159208048],[36.96566800424759,50.275991559080474],[36.96566767624759,50.27599149008039],[36.9656669552475,50.27599134008044],[36.9652737982476,50.275910236080435],[36.964880639247696,50.275829132080496],[36.9648800952477,50.27582902008051],[36.9648800142476,50.27582900408052],[36.9648799322476,50.275828987080494],[36.9648797662476,50.27582895308054],[36.964879435247695,50.27582888408052],[36.9648787732477,50.27582875108037],[36.96487816924759,50.27582862808042],[36.9644839832477,50.275749531080436],[36.964089797247794,50.27567043508046],[36.964089244247695,50.27567032608049],[36.9640891542478,50.27567030908044],[36.9640890652478,50.275670290080434],[36.9640888852477,50.27567025308049],[36.96408852624779,50.27567018208046],[36.9640878082477,50.275670042080485],[36.9640871062477,50.275669903080434],[36.9636920752478,50.27559285208042],[36.963297046247796,50.275515799080516],[36.9632963162478,50.27551565908051],[36.9632962342479,50.27551564208049],[36.963296151247896,50.275515627080516],[36.96329598724779,50.27551559408055],[36.963295656247794,50.27551553008048],[36.9632949972478,50.275515404080494],[36.963294403247794,50.27551529008051],[36.9628983282479,50.2754402430805],[36.9625022542479,50.2753651960805],[36.962501583248,50.27536507008058],[36.9625014952479,50.275365054080446],[36.962501408248,50.27536503808061],[36.96250123124799,50.27536500308048],[36.962500876247994,50.275364936080514],[36.962500169248,50.27536480708062],[36.96249953624801,50.275364688080565],[36.962102577248,50.275291676080435],[36.96170562024799,50.27521866608057],[36.96170495824809,50.275218545080506],[36.96170486624809,50.275218528080536],[36.9617047782481,50.27521851108057],[36.9617045972481,50.275218479080564],[36.9617042362481,50.27521841108053],[36.9617035152481,50.275218284080566],[36.96170294724809,50.275218180080536],[36.96130504224809,50.27514719208065],[36.9609071382482,50.27507620508064],[36.960906485248195,50.275076091080614],[36.9609063982481,50.27507607508063],[36.9609063112482,50.27507605908064],[36.9609061362482,50.275076028080626],[36.9609057862482,50.27507596508062],[36.9609050862482,50.275075845080615],[36.9609043912482,50.27507572208063],[36.9605057332482,50.275006794080625],[36.9601070742483,50.27493786308056],[36.9601063502483,50.274937740080574],[36.9601062532483,50.2749377240806],[36.9601061572483,50.27493770708053],[36.960105965248296,50.274937674080554],[36.9601055792482,50.27493760808057],[36.9601048092483,50.27493747908069],[36.9601041592483,50.2749373680806],[36.95970458724829,50.27487046908055],[36.95930501224839,50.27480356908063],[36.9593042682484,50.274803447080615],[36.959304192248396,50.27480343408062],[36.9593041172484,50.27480342208068],[36.9593039672484,50.274803396080664],[36.9593036642484,50.27480334608067],[36.9593030612484,50.27480324908062],[36.9593022942484,50.27480312108063],[36.9589018422484,50.27473826008061],[36.9585013902485,50.27467339808066],[36.9585006982485,50.27467328708064],[36.9585006222485,50.2746732750806],[36.9585005472485,50.27467326208074],[36.9585003972485,50.274673238080645],[36.95850009424849,50.27467318908067],[36.9584994912485,50.274673095080686],[36.9584988162485,50.274672988080574],[36.9580975252485,50.2746101690807],[36.9576962342486,50.27454734808064],[36.95769563124859,50.27454725708067],[36.9576955422486,50.27454724308071],[36.9576954542486,50.27454722908066],[36.9576952772486,50.27454720108063],[36.9576949212486,50.2745471450807],[36.9573460062486,50.274508138080705],[36.9569970632487,50.27446912808078],[36.956648681248694,50.27442820808076],[36.9563002782487,50.27438728508069],[36.95595245524879,50.2743444520807],[36.955604619248895,50.27430161708073],[36.9552573812489,50.27425687608071],[36.95491013624889,50.27421213408083],[36.95456351124899,50.274165489080744],[36.954216883249,50.27411884108091],[36.9538708942491,50.27407029508085],[36.9535249092492,50.27402174508082],[36.9531795822491,50.27397130108083],[36.95283426624919,50.27392085608091],[36.9524896262493,50.273868514080874],[36.9521450042493,50.27381617608091],[36.9518010902494,50.27376194808085],[36.9514571742494,50.27370771708098],[36.9514002022494,50.27365309908085],[36.95103937824939,50.27350138208092],[36.9523576992492,50.27522044108087],[36.95605415924871,50.27661388908077],[36.9620622522479,50.27824546708062],[36.9676539822471,50.279763926080385],[36.971265532246605,50.28074463208035],[36.9711977372468,50.27762504608026],[36.9709244712468,50.27750520108022],[36.970653162246805,50.27738349808029],[36.9703818982469,50.27726181508025],[36.97011264124691,50.27713829508018],[36.969843383246996,50.27701477208031],[36.969843288247,50.2770147400803],[36.969843193247,50.27701470408031],[36.969842976246994,50.27701462808024],[36.96970289124701,50.276965481080275],[36.969562806247,50.276916337080245],[36.969562635247,50.276916276080364],[36.96956257924699,50.27691625708026],[36.9695625212471,50.276916236080375],[36.969562407247,50.27691619808031],[36.96956217924699,50.27691612008027],[36.969561973247,50.27691605008029],[36.9694203202471,50.27686879008028],[36.969278666247,50.27682153008038],[36.969278437247,50.27682145408035],[36.969278354247095,50.27682142708038],[36.96927826924699,50.276821399080305],[36.969278102246996,50.276821345080386],[36.96927791724709,50.27682128508028],[36.9691347232471,50.27677591708034],[36.96899152724709,50.27673055108035],[36.9689913422471,50.276730493080294],[36.9689912792471,50.2767304730803],[36.9689912182471,50.27673045508029],[36.9689910942471,50.276730415080294],[36.9689908452471,50.27673033908034],[36.9689906562471,50.276730282080344],[36.968846052247095,50.27668685108031],[36.9687014472472,50.27664341908028],[36.9687012292471,50.276643354080285],[36.96870117324709,50.27664333908027],[36.9687011172471,50.276643322080304],[36.9687010032471,50.27664328908029],[36.968700776247104,50.27664322308033],[36.9687005942471,50.27664316908031],[36.968408614247195,50.276560192080375],[36.9684083822472,50.27656012608026],[36.9684083182472,50.27656010908026],[36.9684082552472,50.276560091080384],[36.96840812724721,50.276560054080406],[36.9684078722472,50.276559985080254],[36.9684076402472,50.276559922080295],[36.9681130772472,50.276480880080335],[36.9681128662472,50.276480824080345],[36.96811279824719,50.27648080708025],[36.96811273024719,50.27648078908035],[36.96811259324719,50.27648075208036],[36.9681123202472,50.276480682080326],[36.96811211624719,50.27648063008034],[36.9678150152472,50.276405536080325],[36.9678148112473,50.27640548608038],[36.9678147402473,50.276405467080345],[36.9678146702473,50.27640545008031],[36.9678145302473,50.27640541508038],[36.967814248247194,50.276405346080374],[36.9678140362473,50.276405297080345],[36.9675145512473,50.27633418908034],[36.9675142992473,50.27633413208034]]]},"properties":{"pub_date":"2026-10-07"}},{"type":"Feature","geometry":{"bbox":[37.37234406327159,48.50852467601146,37.42391894126379,48.559726024012726],"type":"Polygon","coordinates":[[[37.4222259032642,48.54654856101168],[37.4222181022642,48.54639879301165],[37.4222259042642,48.5462290610117],[37.4222119182642,48.546105611011676],[37.4221768242642,48.54533553301165],[37.4221883252642,48.54526510301162],[37.4222031882642,48.54517408401157],[37.42219368026419,48.54514225601157],[37.4221895622642,48.545124993011676],[37.4221772112642,48.5451131820117],[37.422177126264295,48.545094102011724],[37.4221726822643,48.54508485501166],[37.42216211526429,48.54506287001157],[37.4221385282643,48.545038737011645],[37.4221085072642,48.54501460301165],[37.422059187264296,48.544963497011615],[37.4220055792643,48.544945043011644],[37.42196698126429,48.54492800701164],[37.42190479626429,48.54489819501174],[37.4218619092643,48.54487832101161],[37.421814734264295,48.544851348011605],[37.4217767792643,48.544826986011685],[37.42153878626429,48.54477774901163],[37.4213506462644,48.54477233301167],[37.42113796826439,48.54477233301167],[37.4206717092645,48.544804826011685],[37.42053265026449,48.544815657011725],[37.4201809112645,48.54488605701171],[37.4196901122646,48.54495104101173],[37.4191359282647,48.54496367501172],[37.4189281982647,48.54495036501183],[37.4187015342647,48.544927879011745],[37.418652180264694,48.544922983011816],[37.4185449162647,48.54488605701171],[37.4183322372647,48.5448156560118],[37.4181581402648,48.54473227401178],[37.4169729972649,48.54440031401184],[37.4154187402652,48.54394298701186],[37.4135190912655,48.54329510101194],[37.4128858752655,48.54295209901192],[37.4116194422657,48.54226608801195],[37.4104681422659,48.54150384201203],[37.410074268265994,48.54083741701204],[37.410032673266,48.54076703901204],[37.409950054266,48.54062724601196],[37.4098842572661,48.54051833901193],[37.4094895332661,48.53986497601193],[37.4090290132662,48.53879778001197],[37.4085684912663,48.53750186701187],[37.408338232266495,48.5363202630118],[37.4082231012665,48.535557928011784],[37.4081079712666,48.53380451401181],[37.407935275266595,48.53285154601179],[37.4077203962667,48.531749008011815],[37.407417189266795,48.53094556001173],[37.4071246132669,48.53033450101171],[37.4066688442669,48.529382593011725],[37.4059204972671,48.52801019301174],[37.405729822267205,48.527536654011655],[37.40525689726719,48.52636214801161],[37.40522971726729,48.52629464501163],[37.4044238042675,48.524007151011666],[37.4039057192676,48.52267273301154],[37.4035027622677,48.52160517201155],[37.40292711126781,48.52065197501158],[37.402192313267996,48.51960370001157],[37.40217876326799,48.51958437001155],[37.40171824226799,48.518974301011454],[37.4002215502683,48.51702965901149],[37.3993005072685,48.5156950560115],[37.3984945972686,48.514589217011476],[37.3969403392689,48.51241560101141],[37.39532851526919,48.51069952101148],[37.3936866382695,48.50852467601146],[37.3937027092695,48.50866571101142],[37.39320713126949,48.51002754101143],[37.392640321269496,48.51134179401163],[37.391506702269595,48.512968915011726],[37.38952286726979,48.514283090011844],[37.3857441342703,48.51553465401208],[37.3820598702707,48.516598459012314],[37.379225820271,48.51703649001242],[37.3740300622717,48.51709906401261],[37.37392614827169,48.51709280701258],[37.37361386627169,48.518355699012666],[37.372845301271695,48.520414118012766],[37.3724108952717,48.52174208601291],[37.37234406327159,48.52289296301296],[37.3728787162716,48.524198735012895],[37.3741151032714,48.5251282470129],[37.3753180742712,48.525526604012796],[37.3770891132709,48.52588069601282],[37.37879332127069,48.52581430401265],[37.3806311922705,48.525438081012645],[37.38143317227039,48.52506185401258],[37.3823688162703,48.524331523012414],[37.3831707952703,48.52318067901247],[37.3841732702702,48.5215207610123],[37.386512381270094,48.51804582301213],[37.38788243027,48.51638573601205],[37.390833706269596,48.51581734701188],[37.3914218042695,48.51574336901187],[37.3919989502694,48.515727087011825],[37.3925483022693,48.515727820011676],[37.39304893726929,48.51583690701173],[37.39365221926919,48.51599858701171],[37.3939065072692,48.51620861501179],[37.396710077268594,48.51985127201177],[37.3982114562684,48.52126006301171],[37.39947320626819,48.522443971011825],[37.40108502726789,48.52431215601171],[37.4021312232677,48.52613553801178],[37.4021787642677,48.52621839301174],[37.403214936267496,48.52793394901177],[37.40349854526739,48.528572534011886],[37.40407841126729,48.529878168011855],[37.40442380126709,48.53220351401179],[37.4052297132668,48.535824742011954],[37.4055751042668,48.53673954001197],[37.4056326682667,48.53769244001204],[37.4056902342666,48.53895023301211],[37.4056902342666,48.540284223012215],[37.4056902362666,48.54040943401223],[37.4056902352665,48.54199930401214],[37.40518084826649,48.54419138501229],[37.405028064266496,48.5444538750123],[37.40490403426651,48.544687220012364],[37.4044443032665,48.54514724901242],[37.4036178932666,48.54645823301244],[37.4028396122666,48.54790683401249],[37.4024387752666,48.550138862012645],[37.40210818626661,48.55122593601264],[37.402011607266594,48.551449690012745],[37.4019729762666,48.55161590701268],[37.40198495126659,48.551774963012704],[37.4020220382666,48.55196317001273],[37.4020220382666,48.55213092101274],[37.4020158572665,48.55255642901271],[37.4020467612665,48.552924655012745],[37.4020591222665,48.55337470401274],[37.40200967526649,48.55353426601281],[37.4019725912665,48.553669280012755],[37.4020158572665,48.5537470130128],[37.4021456562664,48.553841114012805],[37.4023249062664,48.553886120012834],[37.40246707226639,48.55391885001276],[37.4026648622664,48.553984311012776],[37.40275757926629,48.554090683012774],[37.40286265226639,48.55415205301281],[37.4030542672663,48.554201150012695],[37.40310328126629,48.55425864501276],[37.4032171202663,48.55431344601279],[37.403268862266295,48.55432885701275],[37.403398225266294,48.554368245012775],[37.40347066726619,48.55440420801278],[37.4035243112663,48.554420131012755],[37.4035557642662,48.55445699401282],[37.403590073266194,48.55449531701278],[37.4036233062662,48.55450416901269],[37.40365236726619,48.554541945012694],[37.40371216526619,48.55461967801272],[37.4075774332655,48.55964396501279],[37.40758753326549,48.55966880201282],[37.4076149802655,48.559677885012825],[37.4076479182655,48.55969060101281],[37.4076904622655,48.5596978680128],[37.4077233972655,48.5596987770127],[37.40775221826549,48.559700593012806],[37.4078222092654,48.55971149201284],[37.4079018062655,48.5597160330128],[37.4079567012655,48.559726024012726],[37.4080102232654,48.55972057501283],[37.4080628332654,48.55970847801276],[37.4081211052654,48.55971467301281],[37.4081749082654,48.55969695901272],[37.4082256852654,48.55966426101283],[37.4082744872654,48.55963915501279],[37.4082929312654,48.5596275300128],[37.4083219172654,48.55961299701267],[37.40833333426539,48.559596720012784],[37.4083552932654,48.55957870001275],[37.408379007265395,48.559547310012775],[37.40841062626539,48.559506037012746],[37.408477939265396,48.559474943012766],[37.408474589265396,48.5593862420127],[37.408452584265405,48.55926827601265],[37.4084312892654,48.55922786201267],[37.4083891092654,48.55914781701275],[37.4083458012654,48.559065628012746],[37.4082727392654,48.55892697901269],[37.4082226942654,48.55883200701278],[37.4081794272655,48.55874989601275],[37.4078787342655,48.55817925301267],[37.4067955222657,48.556181277012676],[37.404298338266194,48.552851806012725],[37.4042882992662,48.552813489012706],[37.4042908532662,48.552809843012696],[37.4043062792662,48.552787812012724],[37.4042998462662,48.55275800501269],[37.4042741132662,48.55272819801269],[37.4042676812662,48.55271116401267],[37.4041861972663,48.55259335401264],[37.4041347332662,48.55251812601259],[37.40408755726621,48.5524627700127],[37.404063969266296,48.552397476012715],[37.4040318042663,48.552346378012565],[37.4040232272663,48.55229102101265],[37.4039996402663,48.55222430801265],[37.40398034126629,48.55219024201264],[37.4039303942663,48.5521686110126],[37.40405537226629,48.55172312801261],[37.4040553882663,48.55172307301265],[37.4045301502663,48.55086437301259],[37.40507957326619,48.55004605601249],[37.4054229632662,48.54952323501247],[37.40581786126619,48.54875036201245],[37.406281435266195,48.54821616201247],[37.4068136892661,48.54746600001234],[37.4072872982661,48.54695343801228],[37.4077065012661,48.54642030201229],[37.408461958265995,48.54560191401224],[37.4089770392659,48.545317749012135],[37.4097668372659,48.54507904901212],[37.4104658372658,48.54499178401203],[37.4124552882655,48.54499178401203],[37.41322896326539,48.54499178401203],[37.41561925026511,48.5452220270119],[37.4168453402649,48.545721538011875],[37.4180714302647,48.546236652011764],[37.41889668526459,48.54667371401186],[37.4203821392644,48.5473449110117],[37.4213017072642,48.54815657701173],[37.4213531552642,48.548270100011834],[37.4214431812642,48.54846875301174],[37.42150124526421,48.54856210101178],[37.42160551126419,48.54872972901184],[37.4216082312642,48.54873409901188],[37.4217732822641,48.54910870901175],[37.4218675972641,48.549686221011775],[37.421914754264094,48.550107645011835],[37.4220090692641,48.55051345801186],[37.422032648264,48.55073197101184],[37.422150544264,48.55104413201191],[37.4224334852639,48.55127825001184],[37.4229286372639,48.55132507401186],[37.4233058962638,48.5513250750119],[37.4238010482638,48.55120021101175],[37.4238953622638,48.55102852401182],[37.42391894126379,48.55074758001171],[37.42391894126379,48.550060821011726],[37.42376567826389,48.54882092601177],[37.422844637264,48.547753916011736],[37.4225908712641,48.54747392701177],[37.42237440426409,48.54717663001178],[37.42229720826409,48.547000605011746],[37.4222773142642,48.54687418001167],[37.422229731264196,48.54657178801171],[37.4222259032642,48.54654856101168]]]},"properties":{"pub_date":"2026-10-07"}},{"type":"Feature","geometry":{"bbox":[37.571697980248494,48.4658222530026,37.6763957882331,48.523007750001135],"type":"Polygon","coordinates":[[[37.660039964234606,48.52250905300113],[37.662296395234804,48.51349308700068],[37.6626073052348,48.51273474100065],[37.6631878192347,48.511827928000585],[37.6640008612346,48.51106008100048],[37.6640854022346,48.510994867000505],[37.6654220722345,48.51006763100035],[37.666994836234295,48.509243638000235],[37.6677496692343,48.50872820500028],[37.6689011082342,48.50790960100015],[37.6693152212341,48.50759509300015],[37.66937582423411,48.507586170000124],[37.6694936592341,48.50760847800013],[37.67001888023399,48.507929676000174],[37.67052052923389,48.50828433300019],[37.67101481423379,48.50858196900014],[37.6715198312338,48.50887820800012],[37.6717355172337,48.50905943600009],[37.671671966233696,48.509147541000104],[37.6711972532338,48.50945757800021],[37.6707222662338,48.50977519800017],[37.67016950423389,48.510203643000224],[37.6694940652339,48.51064453600027],[37.6694057222339,48.51071448300024],[37.669366341234,48.51074030100026],[37.669350598234004,48.51075062300027],[37.669307687233896,48.510783864000274],[37.669437678234,48.51086612600031],[37.6696498522339,48.5111475410003],[37.66982496923389,48.511585858000295],[37.6698043702339,48.511708748000245],[37.66978940123389,48.511798045000276],[37.669787477233896,48.51189651400022],[37.6697945092338,48.51197068300034],[37.66981984023389,48.51204481000023],[37.66987239023379,48.51210180400029],[37.669949169233796,48.51216326700032],[37.670048865233795,48.51221304600033],[37.67019019623379,48.51224037500034],[37.67039903423369,48.51225661900035],[37.6705321622337,48.51223867600021],[37.6706556982337,48.51222202800022],[37.67081729623369,48.51221080100017],[37.6712231762337,48.512211837000216],[37.6715273102336,48.51224984900025],[37.67164110423359,48.512311754000244],[37.6729228042334,48.51300901300012],[37.6733573282334,48.51297220400014],[37.6742639772333,48.51284186200019],[37.6748349902332,48.512726556000196],[37.6748983892331,48.51265037400013],[37.6754547732331,48.51198178000005],[37.67579056723309,48.51133666700005],[37.6758478452331,48.51122663100003],[37.6759286762331,48.511011454999924],[37.6762987522331,48.51002630699998],[37.6763935002331,48.509561309999945],[37.6763957882331,48.50951563399992],[37.6763883112331,48.50932446799987],[37.6763839042331,48.50921182699996],[37.67635712623309,48.509104246999925],[37.6763476982331,48.5090747549999],[37.6763420992332,48.509078388],[37.6763339852331,48.50905455499996],[37.6761893962332,48.508629961999866],[37.676062626233204,48.50851633099991],[37.6757291242332,48.50821739399991],[37.67572910023329,48.508217369999926],[37.6757269762332,48.50821364199983],[37.6755899582333,48.50797334699989],[37.67526882823331,48.50741017399993],[37.6752417502334,48.506818217999914],[37.6752426322334,48.506816514999834],[37.6752417412334,48.50679703799979],[37.675487318233394,48.50632223299979],[37.67556451023331,48.506172992999836],[37.6756032872334,48.50609805299984],[37.6757753902334,48.505814887999804],[37.6759549062333,48.50524179699977],[37.675859915233396,48.504654397999815],[37.6751633292335,48.50423482299977],[37.6736435002337,48.5039411189998],[37.6705721812341,48.504444609999936],[37.66746920023439,48.50484320500008],[37.6651015112348,48.504553187000155],[37.663701297234994,48.50438167400026],[37.6620124122352,48.503911549000264],[37.658897699235595,48.50255743000041],[37.6574071182359,48.501773727000376],[37.6556042392362,48.50103146700044],[37.6541001092364,48.49996441900044],[37.6537119582364,48.49936425600048],[37.65325558823649,48.49860615400043],[37.6527992342366,48.4978480490004],[37.6525778942367,48.496981360000454],[37.6522201232368,48.4957987920004],[37.6518926832369,48.49487287100036],[37.65126507923699,48.49400715600042],[37.650705735237096,48.49287985400036],[37.6502464502372,48.49201216000031],[37.6496886492373,48.49114939700037],[37.6485410122375,48.49002310700031],[37.6474835652376,48.4893385560003],[37.646900078237806,48.48896083200028],[37.6436533752383,48.48737257500032],[37.6407158842387,48.4858867410004],[37.63862871823909,48.48424715000045],[37.6370826682393,48.482607507000466],[37.6353727392396,48.481806110000534],[37.63186011724,48.48095346000066],[37.63062327624029,48.48006800200063],[37.6303234102403,48.479355718000704],[37.6302483092403,48.47917732600067],[37.63002959624039,48.4786577990006],[37.62934925924049,48.47777953400063],[37.6283495242406,48.47745452400065],[37.6265689892409,48.47720554500069],[37.6248873352411,48.47696232100084],[37.6226252232414,48.47673814700085],[37.6209116372417,48.476585540001],[37.62002865224181,48.47648128900095],[37.6195894292418,48.47633681700107],[37.619288640241905,48.476200402001005],[37.6190308772419,48.47604007000095],[37.6181514252422,48.473201176000906],[37.6178139982422,48.47213775700088],[37.6174237962423,48.4713222840009],[37.6168191382424,48.47077178100079],[37.616253637242494,48.47052744900095],[37.6155677442426,48.47028931900095],[37.6149800582427,48.469911563000956],[37.6147570312428,48.46948897100092],[37.614604424242806,48.46913654300084],[37.6146815122428,48.468704992000895],[37.6147062192428,48.46821753400086],[37.61486829524279,48.46789663300086],[37.6149502522428,48.46775614700087],[37.61277324324309,48.46769094800093],[37.612092543243094,48.467758527000946],[37.61189008024319,48.46781380400094],[37.61176175824319,48.467843591000936],[37.6116647032432,48.46791652300097],[37.611620104243194,48.468020631001],[37.6116586712432,48.46844255200099],[37.6113887042432,48.46904346400099],[37.6110223222432,48.46931834600109],[37.6104341832433,48.469606012001],[37.60977192424329,48.469948812001206],[37.6091241282434,48.47036832000117],[37.6087023062435,48.470747872001205],[37.6078435992435,48.47167676200129],[37.6072880762436,48.47279353000127],[37.6065112842436,48.473324126001444],[37.60498124124379,48.47382350600147],[37.6017554592442,48.474357240001616],[37.5952620572451,48.473332270001904],[37.5898508852458,48.47220477800202],[37.5845634002466,48.47078615200223],[37.5806055162471,48.46940848900227],[37.576449738247796,48.46793237900234],[37.5728381682483,48.466292208002486],[37.571697980248494,48.4658222530026],[37.573621901248096,48.46704640100251],[37.574466357248,48.46774629200249],[37.5751014492479,48.46857443500247],[37.5761479302477,48.47065593800248],[37.577062524247395,48.47469831200264],[37.577041592247,48.48377302900302],[37.577182644247,48.48405351000303],[37.5774897302469,48.48429557400298],[37.57829914624679,48.484563824002905],[37.58045549324649,48.48497994000283],[37.5816277092463,48.48508172200288],[37.5827489542462,48.48511951000281],[37.5856187572458,48.48499127600269],[37.5894236642453,48.48471343200248],[37.5929834692449,48.48425205500234],[37.59602167424459,48.48327286200213],[37.5988368892443,48.48159155600209],[37.6007880262441,48.48051992500184],[37.605108406243595,48.47930045700166],[37.6052356902435,48.47925776700173],[37.6056558322435,48.4793034060017],[37.60613112224339,48.47945070800165],[37.6068965212433,48.4797821380016],[37.6073409472433,48.480072648001645],[37.6078038922432,48.48051864000165],[37.6098781972427,48.48457999600166],[37.60992674024269,48.48462075300162],[37.60999470224271,48.48464005800168],[37.6100561892427,48.484650783001655],[37.6101662202427,48.484654000001655],[37.61025845224269,48.484649710001676],[37.6105610382426,48.48461646300163],[37.61066459724259,48.48459930200163],[37.610724468242594,48.48458857700163],[37.6107616832426,48.484574634001646],[37.6107972812426,48.48454138600165],[37.6108087852426,48.48444563200163],[37.6108284582428,48.480109473001555],[37.6109087022428,48.47968802800145],[37.6111247422428,48.47926248800142],[37.61136547324279,48.479004707001444],[37.611704965242794,48.47865690500133],[37.6123592592427,48.47769123200132],[37.6125999892427,48.47741298300137],[37.61282837524259,48.477282042001335],[37.6130502982426,48.47718707900128],[37.6133983592426,48.477134870001244],[37.6171305582421,48.476575023001075],[37.618709883242,48.47652950300099],[37.61947235224189,48.47660931200102],[37.62083249424169,48.4769792280009],[37.62270523924129,48.47839392000093],[37.62350064224119,48.47941407100091],[37.623442118241094,48.480139487000926],[37.623442118241094,48.48071659700099],[37.6232808932411,48.48140056900102],[37.62273272824109,48.48225552300105],[37.6221523182412,48.48289672800112],[37.6179349172416,48.486088823001374],[37.615889054241805,48.48799188500151],[37.6149453942419,48.488801739001595],[37.614077554242,48.48966409500172],[37.613804738242,48.49005715900172],[37.61326630924199,48.4910280350017],[37.613179332242,48.491093152001824],[37.613109322242,48.491143231001764],[37.613032645241994,48.49121835000178],[37.612975974242,48.49130819800183],[37.612930411242,48.49140099300186],[37.61289016724199,48.491512416001875],[37.61262726424201,48.49273632200184],[37.612546074242,48.49317669400185],[37.612528561242,48.493239787001876],[37.61249619424199,48.49335454500189],[37.61250368224199,48.49339671700191],[37.612509299242,48.493408399001915],[37.612521890242,48.49342475400192],[37.612551220242,48.49345321500182],[37.612700754242,48.493581027001866],[37.61280509624199,48.49366832400189],[37.61294617524191,48.49374324100187],[37.6131283382419,48.49379126800194],[37.6134124362419,48.493820234001916],[37.6145051182417,48.493943334001855],[37.6148547772417,48.493968677001746],[37.6148547972417,48.49396871500177],[37.625561762240494,48.487817401001195],[37.62608610424049,48.48764064300114],[37.626297424240505,48.48763189000116],[37.6265219522404,48.487684413001105],[37.6267200652404,48.4878419790011],[37.6268653482404,48.48813960300109],[37.6269681752404,48.488771228001134],[37.62604514924019,48.4957621850014],[37.6257729472401,48.49702483700146],[37.62631735224,48.49909912500145],[37.6272955172398,48.50028105600147],[37.627771523239694,48.50058069500152],[37.6292243962395,48.50098983700152],[37.6297776602395,48.501081486001524],[37.6303780852394,48.501142693001455],[37.6312690312393,48.50102655900147],[37.632441881239096,48.50076751300133],[37.635912447238695,48.500226420001226],[37.638885525238294,48.500092100001076],[37.63907147823829,48.500111588001104],[37.639324322238295,48.50018288700109],[37.6395194452382,48.50029781300114],[37.6397275752382,48.500461582001066],[37.63984991223819,48.50059000700112],[37.6399710012382,48.50082420800104],[37.6401400952381,48.50148245800109],[37.64021763023809,48.502338694001175],[37.64029516623799,48.50317779200117],[37.640191786238,48.50417099200117],[37.640033615238,48.505405273001244],[37.6398847482379,48.50632582600131],[37.6398634022379,48.50681374100133],[37.63986149023789,48.50685744900123],[37.6398574022379,48.506950883001274],[37.6399278452379,48.50721993700134],[37.64009977723789,48.50753128900136],[37.6403478892378,48.5077504610013],[37.64058515023779,48.50784477500134],[37.6406923302377,48.507882848001344],[37.6407449962377,48.507886269001226],[37.640867582237696,48.50789423100124],[37.6415222842376,48.507936756001236],[37.6420846692376,48.507936756001236],[37.6427132192375,48.50789292200122],[37.643037075237494,48.50780709700122],[37.6432804152374,48.50771036600127],[37.6436893452374,48.50741622100119],[37.64382822123739,48.50727820900119],[37.6440695612374,48.506873768001164],[37.6443176722374,48.505986100001095],[37.644598866237395,48.505208009001045],[37.644979304237395,48.50442990600102],[37.64557477123729,48.50299422000094],[37.6460544532373,48.50198592700091],[37.64655067523729,48.501317374000834],[37.6466896012373,48.5011576660008],[37.6467693402373,48.501087922000735],[37.6470208322373,48.50098161800078],[37.6474631102372,48.500875313000684],[37.6478533562371,48.500840836000805],[37.64813563523709,48.5008422320008],[37.6499308152369,48.501173328000654],[37.655419915236095,48.502539227000476],[37.6589613252356,48.50469907300043],[37.6595308102355,48.505090902000404],[37.65999559923541,48.50541069200044],[37.6605430272353,48.505955995000505],[37.66068441023529,48.50633068100047],[37.660761580235196,48.50718178800049],[37.66074471623521,48.50740525000046],[37.6594790832351,48.51376991200079],[37.6591339122351,48.51533237100091],[37.658026582234996,48.519670608001064],[37.6578092422351,48.519637991001055],[37.65715293323511,48.51943341800114],[37.65639045523529,48.51921606000106],[37.65613951323531,48.51911377200114],[37.6559408992353,48.5190805140011],[37.655796783235296,48.5190805140011],[37.655709343235394,48.51909445700114],[37.6556170442354,48.5191513020011],[37.6554907402354,48.519289662001135],[37.6551647012354,48.519836170001234],[37.6548172412354,48.520341202001134],[37.654575951235394,48.520750339001296],[37.6545369892354,48.52084484200126],[37.6545094622354,48.520954239001256],[37.654577470235395,48.5210346770012],[37.6546341462354,48.5210754330013],[37.6547717832354,48.52109902800118],[37.65512644923529,48.521154225001204],[37.6556878172353,48.52128776500128],[37.657623471235,48.52175332700108],[37.657553548235,48.52231194000114],[37.6576246272349,48.52259685300116],[37.6577635972349,48.52273130100117],[37.6578925692349,48.522786824001216],[37.65853071923479,48.52294572000111],[37.65931330223469,48.523007750001135],[37.6595295002347,48.522991386001166],[37.6597054092347,48.52290475200112],[37.659854330234694,48.52275951200105],[37.660039964234606,48.52250905300113]]]},"properties":{"pub_date":"2026-10-07"}},{"type":"Feature","geometry":{"bbox":[37.578481584193,49.759698103044244,37.594820571190596,49.77129164404425],"type":"Polygon","coordinates":[[[37.59123756519109,49.76773003404405],[37.59020603019129,49.76738358004404],[37.5893395411913,49.767134842044214],[37.5888581581915,49.76690387004416],[37.5885319571915,49.76665206504416],[37.58822393619149,49.76581522604417],[37.58798872919161,49.76451677204416],[37.5878025951917,49.76430405804418],[37.5871153321918,49.763850881044185],[37.5865998841919,49.763601170044176],[37.585740493192,49.763219454044226],[37.5850380561921,49.76306417604424],[37.5843980601922,49.76291091204423],[37.583807876192196,49.762759539044254],[37.58339265519229,49.762509822044315],[37.5830070541924,49.762288016044224],[37.5829363181924,49.76178608504418],[37.5829917511924,49.7613537070443],[37.5829487961924,49.76091900104421],[37.58273402619249,49.76032705404427],[37.5824333491925,49.76003107804426],[37.5821899431926,49.759901587044254],[37.5814597261926,49.75977209704428],[37.5809156421927,49.759698103044244],[37.5795809341929,49.76000264804433],[37.5788918901929,49.76017944104442],[37.57854857619299,49.76049511004434],[37.578481584193,49.760882004044355],[37.5789069781929,49.76107982104434],[37.5795411151928,49.7610207410443],[37.5802426961927,49.7607432670443],[37.58071519019269,49.7605582840443],[37.5811326201927,49.760540095044284],[37.5814167731926,49.76067852404433],[37.5814167721926,49.76102999004432],[37.5814167721926,49.761594181044394],[37.5814597261925,49.7621491170443],[37.5814812031926,49.76240346104434],[37.5815713581925,49.762657918044354],[37.5818033571925,49.762861276044376],[37.5831206121923,49.763453191044256],[37.58373628619219,49.76371215204431],[37.58463831919211,49.76397111304429],[37.585401763191996,49.764179643044244],[37.5860412201919,49.76454599704425],[37.5864137501918,49.76496069604422],[37.5866829151917,49.766435729044254],[37.586976814191594,49.767326463044256],[37.5871802821916,49.76763310604425],[37.588039368191495,49.76792514504422],[37.5890114931914,49.76811497004414],[37.59057141319109,49.768611428044125],[37.5911818181911,49.76897647004409],[37.59140789419099,49.769648137044136],[37.591453109190994,49.77040740104416],[37.591453109190994,49.77096224204407],[37.5917470071909,49.77122505804417],[37.5923260461908,49.77128449504422],[37.5923792411908,49.77128995504411],[37.5923956801908,49.77129164404425],[37.5925866331908,49.771060589044126],[37.5927689821908,49.77083541104418],[37.592962508190794,49.77059642904414],[37.5933323211908,49.77013022804413],[37.5936960421907,49.76966202804408],[37.5940536581907,49.76919187004407],[37.5944051331907,49.76871978004403],[37.594750442190595,49.768245785044016],[37.594820571190596,49.76814738304399],[37.594427703190696,49.768041718043925],[37.5939471691908,49.768028225044056],[37.592892083190904,49.76804846604405],[37.592244407191,49.768014730044015],[37.591856487191,49.76797876804413],[37.59123756519109,49.76773003404405]]]},"properties":{"pub_date":"2026-10-07"}},{"type":"Feature","geometry":{"bbox":[36.1253277554724,47.78799189204052,36.1288288034718,47.79177709304077],"type":"Polygon","coordinates":[[[36.1253277554724,47.7889395770407],[36.1253693634723,47.789443930040676],[36.1254178534723,47.78993067704071],[36.1254813964723,47.79027278804066],[36.1256029984722,47.79093581604074],[36.12564782547219,47.791062735040754],[36.126052161472096,47.791585063040785],[36.1263107704721,47.79169479304075],[36.126746321472,47.79177709304077],[36.1282435304718,47.79169479304064],[36.1285021394718,47.7916033520406],[36.1288015814718,47.79136560104064],[36.1288288034718,47.79089009404057],[36.128828802471794,47.78992078104063],[36.1288015594719,47.78934473504051],[36.1287922274719,47.788451733040446],[36.1287421154719,47.788341772040496],[36.128643657472004,47.78824364904049],[36.128432443472,47.78811139504041],[36.128188672472,47.78803031204055],[36.1278949444721,47.78799287804049],[36.1272655334721,47.78799189204052],[36.1266054514722,47.788050024040636],[36.1261638884723,47.788135622040606],[36.1259361424723,47.78818130304065],[36.12574815447229,47.78826749204059],[36.125605533472395,47.78838724204062],[36.1254555094724,47.78857300504064],[36.1253540984724,47.7887557440406],[36.1253277554724,47.7889395770407]]]},"properties":{"pub_date":"2026-10-07"}},{"type":"Feature","geometry":{"bbox":[37.666357005186306,49.657664717038124,37.6673469851862,49.658866331038254],"type":"Polygon","coordinates":[[[37.66672193918631,49.657664717038124],[37.66665963918631,49.65766695803815],[37.6665203951863,49.65771558303823],[37.66641838318629,49.65775010303815],[37.666357005186306,49.65782221603817],[37.666363102186295,49.658047233038246],[37.6664360141863,49.65835723303824],[37.6664842291863,49.65861721103829],[37.666456829186195,49.658823488038266],[37.6664363611862,49.658866331038254],[37.667152964186094,49.6587322670382],[37.667201068186195,49.65872326703823],[37.6673194951861,49.658701111038226],[37.6673208971861,49.658695585038224],[37.6673469851862,49.65859277803822],[37.667272694186096,49.658288416038204],[37.66718489418619,49.657989395038136],[37.66707945018619,49.65785127403821],[37.6670396441862,49.65781745803819],[37.666832998186194,49.65769086103818],[37.66672193918631,49.657664717038124]]]},"properties":{"pub_date":"2026-10-07"}},{"type":"Feature","geometry":{"bbox":[36.12853438047339,47.740815944037095,36.1974557824638,47.77940701803738],"type":"Polygon","coordinates":[[[36.1974557824638,47.763247656036164],[36.1943428724644,47.76033865103616],[36.1928874334646,47.75952815603617],[36.1906100334649,47.759043152036256],[36.18750769746539,47.75901193503643],[36.1840898034658,47.75920851403667],[36.18011292546629,47.76009253003688],[36.175985549466795,47.760769478037105],[36.17339562846719,47.760383637037265],[36.1720712414675,47.7589580060372],[36.17073332346779,47.756453884037164],[36.170788614467995,47.75242349703703],[36.1712106434681,47.74929546203691],[36.1704080124683,47.74713053903676],[36.1688301014686,47.74495766003674],[36.1661765064691,47.742362899036806],[36.1640654824695,47.7414425520369],[36.1589731654702,47.740815944037095],[36.15675152647051,47.741049342037265],[36.1489635284715,47.74152694803761],[36.145298653472,47.74152694703782],[36.1398734379728,47.74163585303807],[36.1398579314728,47.74163615803805],[36.1362902634732,47.741707780038254],[36.1312830144739,47.74171596703845],[36.12937975647421,47.74171901903863],[36.1295054934737,47.75215715803903],[36.1291249304735,47.75536251303921],[36.12853438047339,47.759729016039365],[36.1295953984731,47.763471136039534],[36.1326694084726,47.764185660039374],[36.1390909024717,47.76433359003907],[36.1530523714699,47.76347657403831],[36.1726231214672,47.76235934703739],[36.1728363314672,47.762458608037335],[36.1731257034671,47.76246759803731],[36.173414816467094,47.762479818037356],[36.1737035844671,47.76249526503721],[36.173991931467,47.762513933037226],[36.174245997467,47.76253308103724],[36.1744996184669,47.76255472803722],[36.1745670324669,47.76256120403721],[36.174636889466896,47.76256791403724],[36.17478627746691,47.76258226303723],[36.17478722446689,47.76258235903728],[36.175580117466794,47.76267571103718],[36.1755803894668,47.76267566603718],[36.1755809474668,47.76267573103716],[36.1755837364668,47.76267508303729],[36.1759097664667,47.762673217037204],[36.176235780466705,47.7626761260372],[36.1765616234667,47.76268380903717],[36.176887138466604,47.76269626003709],[36.1772121744666,47.762713475037074],[36.1775365744665,47.762735446037105],[36.17786018746649,47.762762161037095],[36.178182855466396,47.76279360803699],[36.1785044284664,47.762829772037094],[36.1788247554663,47.76287063703706],[36.1791436794663,47.76291618103694],[36.179461052466195,47.76296638403701],[36.17977672546619,47.763021222037075],[36.1800905434662,47.76308067203703],[36.1804023614661,47.76314470003694],[36.1807120324661,47.76321328003693],[36.181019406466,47.763286376036945],[36.181324338466,47.763363957037],[36.18162668446589,47.7634459830369],[36.1819262994659,47.76353241703694],[36.1822230434658,47.763623218036955],[36.1825167734658,47.76371834103688],[36.18280735346579,47.763817744036906],[36.1830946414657,47.763921377036844],[36.18337850346569,47.76402919103692],[36.1836588044656,47.76414113603694],[36.1839354124656,47.764257159036866],[36.1842081934655,47.76437720403693],[36.1844770194655,47.76450121303683],[36.1847417644654,47.76462913003685],[36.1850022984654,47.76476089103683],[36.1852585034654,47.764896436036864],[36.1855102554653,47.765035701036794],[36.1857574324653,47.765178616036835],[36.1859999284653,47.76532513003683],[36.186014224465204,47.76541523903673],[36.18601606646519,47.76542684203687],[36.186038939465206,47.76552796303688],[36.18606850246519,47.765628298036766],[36.1861046994652,47.765727647036776],[36.1861474524652,47.765825810036866],[36.1861966824652,47.76592259103676],[36.186252287465194,47.766017803036796],[36.1863141574651,47.76611125003679],[36.1863821714651,47.766202748036896],[36.186456190465094,47.766292113036805],[36.1865360674651,47.76637917003683],[36.1866216464651,47.76646374503688],[36.18671275446509,47.766545669036766],[36.1868092114651,47.76662477803679],[36.1869108244651,47.76670091603683],[36.187017388465,47.76677392703684],[36.187128695465,47.766843673036725],[36.187244522465,47.76691000803678],[36.18725594846501,47.766915206036856],[36.18725715546499,47.766915755036806],[36.187400863464994,47.76698108403681],[36.187402480465,47.766981876036816],[36.187404271465,47.76698269003679],[36.187427085465,47.766993903036806],[36.1874555784649,47.76700790603683],[36.187553352465,47.76705583803682],[36.187556653464995,47.76705758103682],[36.18755999446489,47.767059222036835],[36.187571714465,47.76706543303683],[36.1876165594649,47.767089198036864],[36.1877017954649,47.76713418203677],[36.18770665946491,47.76713694303687],[36.1877106774649,47.76713907103682],[36.18771148646489,47.76713949903672],[36.1877685104649,47.76717204103678],[36.1878460104649,47.76721602003677],[36.1878523314649,47.76721987203676],[36.1878562054649,47.76722208203678],[36.18785854346489,47.767223418036785],[36.1878675264649,47.767228933036755],[36.18791416946489,47.76725757003678],[36.1879858134649,47.76730124403677],[36.1879934934648,47.76730627103682],[36.1879989514649,47.76730962103684],[36.1880009774649,47.76731086503678],[36.1880090744649,47.767316212036796],[36.1880544054649,47.7673461410368],[36.188121027464796,47.76738974803682],[36.1881299404649,47.76739601103681],[36.1881385984648,47.767401727036734],[36.1881894774648,47.767437849036874],[36.1881895104648,47.76743787303673],[36.1882514854648,47.76748142403679],[36.188261517464795,47.76748899403674],[36.1882712254648,47.76749588603674],[36.188319381464794,47.767532659036746],[36.1883770194648,47.76757615303679],[36.1883880194648,47.767585072036766],[36.18839868346479,47.76759321403682],[36.18840325346479,47.7675969720368],[36.1884439254648,47.76763039903671],[36.188497474464796,47.76767381503683],[36.1885093474648,47.767684170036716],[36.1885199614648,47.76769289303683],[36.1885208054648,47.767693587036746],[36.1885630624647,47.76773100903675],[36.188612694464695,47.767774291036766],[36.1886252814648,47.76778611003677],[36.1886374294647,47.76779687003681],[36.1886526674648,47.76781143203674],[36.1886767324647,47.76783443103675],[36.18872253846471,47.767877451036796],[36.1887357044648,47.76789079203677],[36.1887453974647,47.76790005503678],[36.18874840546479,47.767902930036655],[36.18878474646469,47.767940485036824],[36.1888268664647,47.76798316503678],[36.1888404484647,47.76799804603682],[36.1888499164647,47.76800783403671],[36.1888535834647,47.768011622036745],[36.188886992464695,47.768049053036826],[36.1889255454647,47.76809130103674],[36.1889394194647,47.76810778903676],[36.1889528244647,47.76812280703675],[36.18898333946469,47.76815998703678],[36.1890184554647,47.768201723036796],[36.18903245346469,47.768219830036784],[36.1890460044647,47.768236341036776],[36.1890621154647,47.7682577740368],[36.1890736634647,47.76827314003678],[36.1891054754646,47.76831429103683],[36.1891194624647,47.7683340700367],[36.1891329934647,47.76835207003678],[36.1891514324646,47.76837898603677],[36.18915788046469,47.768388396036734],[36.1891864964647,47.76842886403672],[36.18920028846469,47.768450298036754],[36.1892092254646,47.76846334303679],[36.189213679464594,47.768469844036794],[36.1892190974646,47.768478573036774],[36.189235885464605,47.768505618036784],[36.1892614194646,47.768545296036756],[36.1892748774646,47.76856843403682],[36.1892879594647,47.768589506036804],[36.1893075504646,47.768624601036855],[36.1893301444646,47.76866344303672],[36.189343099464594,47.76868827703674],[36.1893557294646,47.76871090103685],[36.18936101346459,47.76872152103684],[36.1893728254646,47.76874526403684],[36.189392589464596,47.768783153036765],[36.1894048784646,47.76880969403674],[36.189411764464595,47.76882353503675],[36.1894169044646,47.76883386803676],[36.1894315834646,47.76886736803675],[36.1894486734646,47.76890427703677],[36.1894601364646,47.76893252503681],[36.1894635554646,47.76894032903685],[36.1894714054646,47.768958243036714],[36.18948380146459,47.768990857036734],[36.1894983284645,47.76902666503681],[36.18950879346449,47.769056608036735],[36.18951915446459,47.76908386803675],[36.1895264024646,47.76910630103679],[36.1895293794646,47.76911551003675],[36.1895414884645,47.76915015703673],[36.1895507904646,47.76918177603675],[36.189553044464596,47.76918874703676],[36.1895600964646,47.76921057303676],[36.1895664864646,47.76923450803678],[36.1895682634646,47.76924116403681],[36.1895781014646,47.769274601036855],[36.18958608346459,47.76930789903682],[36.1895941724646,47.769338191036795],[36.1895969414646,47.76935127903682],[36.18960041446461,47.769367688036745],[36.1896081214646,47.76939984103673],[36.1896146104645,47.769434773036764],[36.18961807246449,47.76945112503679],[36.1896213374646,47.76946655803689],[36.189624824464495,47.76948878703674],[36.1896257794645,47.76949488203679],[36.189631508464494,47.76952571603678],[36.189636346464496,47.76956226703682],[36.18963822146449,47.769574222036816],[36.1896415594645,47.769595499036654],[36.1896443364645,47.76962261703672],[36.1896482364645,47.769652071036816],[36.189651256464494,47.76969018603672],[36.18965288546449,47.76970609203681],[36.1896548084645,47.76972485003686],[36.18965605946449,47.76975072403675],[36.18965827846449,47.76977874103677],[36.18965932546449,47.76981840003677],[36.18965975646449,47.769827305036735],[36.18966106746449,47.76985443903678],[36.189660927464494,47.76987900803679],[36.18966162846449,47.7699055750368],[36.1896605334645,47.76994829303681],[36.1896603284645,47.76998409303686],[36.1896590754645,47.77000509603685],[36.1896584664645,47.77002882103674],[36.18965487946449,47.77007536003683],[36.1896525954645,47.77011364603687],[36.1896505394645,47.77013168603681],[36.1896489804645,47.770151921036785],[36.1896424814645,47.77020244803678],[36.1896410744645,47.770214813036844],[36.189637872464495,47.77024292103683],[36.18963652746451,47.77025091803683],[36.1896353444645,47.770257947036804],[36.1896331864645,47.77027472603683],[36.189623278464495,47.7703296120368],[36.1896161844645,47.770371755036884],[36.1896147494645,47.77037818403677],[36.18961351146449,47.77038372803688],[36.1896110994645,47.77039709303674],[36.1895971504645,47.77045701103686],[36.18958755746449,47.77049997503683],[36.189585070464496,47.77050889703688],[36.1895827474645,47.770518874036846],[36.189563782464504,47.77058525103679],[36.189563774464496,47.77058528503681],[36.1895595504645,47.77060043903684],[36.1895520294645,47.77062741203686],[36.189550055464494,47.77063330303685],[36.1895481634645,47.77063992603686],[36.18952175846451,47.77071774903688],[36.1895096474645,47.77075389803689],[36.189508894464495,47.7707558210369],[36.1895085224645,47.7707567670369],[36.1895073914645,47.770760104036874],[36.18946049446449,47.77087923103681],[36.1894604634645,47.77087926003695],[36.188871559464594,47.77131006703695],[36.188155622464606,47.771749169036994],[36.1870722874647,47.7723467860371],[36.18658737046479,47.77266173103711],[36.18622441946479,47.77302120603705],[36.18602384246489,47.7733485820371],[36.18587102046481,47.773695212037055],[36.1857363024649,47.77418494403711],[36.1856998024648,47.774598708037175],[36.1856998044648,47.77459876603718],[36.185699102464795,47.77460672103715],[36.1857073244648,47.77475823503714],[36.18571439946479,47.77488852603716],[36.1858139264648,47.775206343037134],[36.1858774224647,47.77534636503719],[36.18593788446479,47.77547969103727],[36.18595207746469,47.77550194603728],[36.1861098074647,47.775749282037225],[36.18634035446469,47.776066390037194],[36.1863699274646,47.77611110603726],[36.1864498884646,47.7762320120372],[36.1866977054645,47.77710714003726],[36.186739128464495,47.777912589037285],[36.1866860454645,47.77887572603739],[36.1867377454644,47.77911338703734],[36.1868559194644,47.77926791203735],[36.187020305464394,47.779357921037345],[36.1872699294643,47.7793906520374],[36.18761088046429,47.77940701803738],[36.1877935334643,47.77937837803728],[36.1880248924643,47.77930064303719],[36.188225808464196,47.779210633037295],[36.1886093784642,47.77897333503722],[36.1886207764642,47.77896296503723],[36.1893561234641,47.77848601703718],[36.1896044524641,47.778370878037165],[36.19012470146411,47.7781910800371],[36.191432853463894,47.77779014703706],[36.192221801463695,47.77761796303699],[36.1926454384638,47.77527696503687],[36.19261441446389,47.773256352036825],[36.19301015846399,47.771163288036696],[36.1926366454641,47.76908235403661],[36.1926366254641,47.76906086303665],[36.1926366694641,47.769060841036655],[36.19630283446379,47.76572847603632],[36.197202945463694,47.76458069003628],[36.1974557824638,47.763247656036164]]]},"properties":{"pub_date":"2026-10-07"}},{"type":"Feature","geometry":{"bbox":[37.6757197661837,49.691296527038844,37.68006276818319,49.69425697603879],"type":"Polygon","coordinates":[[[37.6758226261838,49.69169531003878],[37.6757197661837,49.69223031103886],[37.6757537981837,49.692387077038916],[37.6759093591837,49.692518203038816],[37.676460895183595,49.69280484703883],[37.6769844131835,49.69301218303872],[37.6771303961835,49.69305688503887],[37.677332973183496,49.69311891803881],[37.67835257918339,49.69346945503877],[37.6787518661833,49.69373696903872],[37.679250975183194,49.69404137803875],[37.6793149001832,49.69407619203873],[37.679342625183196,49.69412401803877],[37.679382428183196,49.69425697603879],[37.67939736718319,49.69406799803872],[37.6794082901832,49.69392983203867],[37.6794596341833,49.693280324038746],[37.6795607841832,49.69326980503874],[37.67986071418319,49.69319351303871],[37.6798787131832,49.693188934038716],[37.6799875671832,49.69316124403869],[37.68006276818319,49.69312082703872],[37.679993461183194,49.69313887603878],[37.6799526811832,49.693143043038795],[37.67974629918319,49.69314356203871],[37.6796008371832,49.69313290303869],[37.6791582831833,49.69310046903868],[37.67850944318341,49.69286523803871],[37.6779777751835,49.69260623103874],[37.6774613151835,49.6924409000388],[37.6773796981835,49.692410546038815],[37.67708627118359,49.692301419038756],[37.676955076183596,49.69213186603886],[37.6769544081836,49.692097651038715],[37.676951757183595,49.6919618190388],[37.6769899041836,49.691877918038756],[37.6770379351836,49.69167244603871],[37.67703891618359,49.69160966003876],[37.6770326191836,49.691568238038805],[37.6770242171836,49.691512978038745],[37.6769292951836,49.691436223038735],[37.676691994183706,49.69132108803875],[37.676262474183694,49.691296527038844],[37.6760085601837,49.69134104503882],[37.67591036418379,49.69144113803874],[37.675905633183696,49.6914548390388],[37.6758953881837,49.6914845230388],[37.6758226261838,49.69169531003878]]]},"properties":{"pub_date":"2026-10-07"}},{"type":"Feature","geometry":{"bbox":[37.6728837931846,49.68042274703865,37.6733236961845,49.68081775503866],"type":"Polygon","coordinates":[[[37.6732981261845,49.68046329903853],[37.6732702721845,49.680438518038656],[37.673155372184596,49.68042274703865],[37.6729865061846,49.68042612703864],[37.6729220921846,49.68045541503865],[37.67290294418459,49.68049596603865],[37.6728837931846,49.68061649603864],[37.6728918181846,49.68067658303864],[37.6729137621846,49.68072499603867],[37.6729469681845,49.68075722503863],[37.67300163318459,49.68078283803862],[37.67307590218449,49.680809491038545],[37.6731169521845,49.680814213038644],[37.6731762441845,49.68081775503866],[37.6732245931845,49.68081067103864],[37.6732556081845,49.68080004603866],[37.6732647311845,49.68079237503862],[37.67330942918449,49.68075873003865],[37.67332219918449,49.68071918303865],[37.6733236961845,49.6806380480386],[37.6733085711845,49.680515493038676],[37.6733062271845,49.68049649703868],[37.6732981261845,49.68046329903853]]]},"properties":{"pub_date":"2026-10-07"}},{"type":"Feature","geometry":{"bbox":[37.5218437632543,48.47876012100502,37.524242653254,48.47927363600501],"type":"Polygon","coordinates":[[[37.5229609252542,48.479184571005064],[37.5236831952541,48.47924355900503],[37.524094117254,48.47927363600501],[37.52413938725401,48.47927250700497],[37.524171895254,48.47926504200497],[37.524195181254,48.47923911600498],[37.524242653254,48.4790188370049],[37.524223666253995,48.478974782005004],[37.524166699253996,48.478947508005],[37.5224292442542,48.47880065400506],[37.52200200025429,48.478762891005054],[37.5219325722543,48.47876012100502],[37.52188806825429,48.478775479005066],[37.52187224525429,48.47883841700508],[37.5218564212543,48.47891603900505],[37.5218437632543,48.47902723000501],[37.52186516125429,48.479066090005034],[37.5218756932543,48.47908521700512],[37.52196172525429,48.47910607200501],[37.522291386254295,48.47913271100506],[37.5226666012542,48.479165689005036],[37.5229609252542,48.479184571005064]]]},"properties":{"pub_date":"2026-10-07"}},{"type":"Feature","geometry":{"bbox":[37.255292220288794,48.47904804801614,37.27946339328479,48.50558148801699],"type":"Polygon","coordinates":[[[37.255292220288794,48.47904804801614],[37.2553283252888,48.479191648016176],[37.2562123882884,48.48513540701638],[37.256485055288195,48.48932811701645],[37.256843862287894,48.49484483901667],[37.2579805162875,48.500117287016906],[37.2587302242871,48.50558148801699],[37.258847525287095,48.50511532201689],[37.2595062372871,48.50464771501699],[37.260447254287,48.50405540601684],[37.261999931286795,48.50352544001682],[37.263787862286605,48.50308899301672],[37.2675519282861,48.50230961401653],[37.2712689442857,48.50137434201631],[37.2727745712855,48.500969053016235],[37.273480334285495,48.50050140801619],[37.2739978932854,48.500127289016184],[37.275738774285195,48.498880203016014],[37.2763974852851,48.49825664901594],[37.2771502992851,48.49788251301595],[37.277903111285,48.49769544401586],[37.2794087392848,48.497633087015735],[37.27946339328479,48.497645089015876],[37.278102849285,48.49682937901579],[37.2772751622852,48.4956446580159],[37.2765799062853,48.4943063290158],[37.27490402128569,48.49040886401571],[37.27439884128599,48.48647475001558],[37.27507677828599,48.483008335015505],[37.2746907162861,48.4828547960154],[37.26937687428679,48.48158285601566],[37.26302978328769,48.48050657601589],[37.25957602128819,48.479847958015945],[37.255292220288794,48.47904804801614]]]},"properties":{"pub_date":"2026-10-07"}},{"type":"Feature","geometry":{"bbox":[36.753086505275,50.22937757608637,36.813052356268,50.26492616408796],"type":"Polygon","coordinates":[[[36.797590879270395,50.230815876085984],[36.794194381270906,50.22968771608603],[36.7867364032718,50.22937757608637],[36.779619852272695,50.22960006908674],[36.7741419812733,50.23010555608694],[36.7732928562735,50.23056517608707],[36.772835635273495,50.23160975108703],[36.77290095327339,50.23323924208708],[36.7744685662731,50.235077574087015],[36.7768853072727,50.237166503087074],[36.77812633427249,50.23862869808701],[36.7781992522725,50.23911839308699],[36.7778588042725,50.23969481408695],[36.776043326272706,50.24055575708708],[36.7718972112732,50.24167762308729],[36.767751095273596,50.24269747708757],[36.76405678827409,50.24341939208757],[36.7607696852744,50.24431249308774],[36.7571717642748,50.24574277608785],[36.755461485275,50.247497513088035],[36.753086505275,50.25237717608824],[36.7549194742743,50.26285290308833],[36.7549216392743,50.26327839708836],[36.7549678962743,50.263689437088374],[36.75522023227429,50.264079693088355],[36.7556131842742,50.264399536088334],[36.7564728082741,50.26464199008842],[36.7580687782739,50.2646873120883],[36.760949142273496,50.26476910708813],[36.7655539802729,50.26489987708795],[36.7669094822727,50.26492616408796],[36.7684903622726,50.26470627408783],[36.7689983792725,50.26458365808776],[36.7698718332724,50.26437284708788],[36.7727734592721,50.26362531408775],[36.7752369722718,50.262893214087526],[36.7762306842717,50.262722615087505],[36.77654715427159,50.2626540110875],[36.7767319202716,50.262571002087526],[36.776827037271595,50.26242686708745],[36.77684841827159,50.26225363508753],[36.7768391802716,50.26222089408753],[36.7768226962717,50.262162472087496],[36.77679984327169,50.26208150308748],[36.7765343942717,50.261863848087486],[36.77626385827169,50.261699999087554],[36.7761096822717,50.26164227908748],[36.77387624327199,50.26080613808757],[36.7671603582731,50.25729971308776],[36.7660104222732,50.2567801780878],[36.7655995442733,50.25647903908774],[36.7654973972733,50.25603760208776],[36.76558808627329,50.2556882010878],[36.7659746302733,50.25541863308783],[36.7670127812732,50.25506417608771],[36.7813727262716,50.25060011508711],[36.782742627271396,50.25055565308693],[36.7839237262713,50.25067008308688],[36.7845011052712,50.25090800808701],[36.784893205271096,50.25121885808696],[36.785472793271,50.25181208608698],[36.786145706270894,50.25234154608691],[36.78694916527079,50.25276479408695],[36.787774917270696,50.253048283086926],[36.7890118762705,50.253216421086854],[36.79118427927019,50.2532943100868],[36.7940223432699,50.25339606608661],[36.7955049682697,50.25344922308656],[36.7969368652695,50.25339092308648],[36.7974851762695,50.253343004086496],[36.7978510882694,50.25324402108645],[36.79812348926939,50.253132816086435],[36.7983619062693,50.252958303086494],[36.7986406922694,50.252209474086406],[36.7987255622693,50.25182960608643],[36.7989221972693,50.25094947808639],[36.7999487472694,50.24635443108619],[36.80011404626939,50.24642101708625],[36.80072615626929,50.246569917086184],[36.8009970942693,50.24651628908618],[36.8030330372691,50.24529624008604],[36.8051635652689,50.24357352608605],[36.807567351268695,50.2419184880858],[36.8087237722686,50.241381571085874],[36.8103414292684,50.2411393120857],[36.8119661872682,50.241226937085685],[36.812977017268,50.24128145008567],[36.813052356268,50.24130391808563],[36.81085028226829,50.23996552308574],[36.8084335442687,50.238545145085766],[36.8059514882691,50.236498055085875],[36.8025585372696,50.23411077608586],[36.80192738126969,50.23365419908582],[36.7992536732702,50.231719998085964],[36.797590879270395,50.230815876085984]]]},"properties":{"pub_date":"2026-10-07"}},{"type":"Feature","geometry":{"bbox":[37.213695379296894,48.417033515015355,37.2205941032961,48.42291946101559],"type":"Polygon","coordinates":[[[37.2186715782961,48.42291946101559],[37.21894599329601,48.42202919201558],[37.2191877452961,48.42124486501551],[37.2202854462961,48.417870037015305],[37.2204216972961,48.41750077301538],[37.2205941032961,48.417033515015355],[37.219834357296094,48.4174389330154],[37.2192285042962,48.417725644015384],[37.2186228772963,48.417877747015375],[37.2174810402964,48.41782305101548],[37.2164218052966,48.41774148501557],[37.2146329132968,48.41791958001563],[37.2138892742969,48.41829589201561],[37.213695379296894,48.418986708015595],[37.21385942229679,48.41956114801568],[37.21440894629669,48.420010259015584],[37.2150553002966,48.42018126001555],[37.2160040492965,48.42052298801572],[37.2170900032964,48.42108915201555],[37.2179280142962,48.42182561701565],[37.2184637182961,48.42234648401552],[37.2186715782961,48.42291946101559]]]},"properties":{"pub_date":"2026-10-07"}},{"type":"Feature","geometry":{"bbox":[36.87558102935181,48.1888239680216,36.876275056351695,48.18925195702164],"type":"Polygon","coordinates":[[[36.8756215123518,48.18911315102156],[36.8757314013518,48.18921725602165],[36.8759858783518,48.18925195702164],[36.8762403533517,48.1891786980216],[36.876275055351705,48.18906688102158],[36.876275056351695,48.18893193002163],[36.8761998693518,48.188858670021524],[36.87603214735179,48.188831680021636],[36.8759106923518,48.1888239680216],[36.8757661013518,48.1888239680216],[36.875679348351795,48.1888586700216],[36.87558102935181,48.189020612021565],[36.8756215123518,48.18911315102156]]]},"properties":{"pub_date":"2026-10-07"}},{"type":"Feature","geometry":{"bbox":[36.9279881112525,50.25559978908024,36.9614295952488,50.27317831908156],"type":"Polygon","coordinates":[[[36.9607048242488,50.262053164080335],[36.96094358324869,50.26165157108025],[36.961001101248705,50.26150950108035],[36.9614295952488,50.25859238408019],[36.9614042652488,50.25841964408022],[36.96069514724899,50.25646552908017],[36.960471536249,50.25622492608019],[36.9594026542492,50.25577118208015],[36.9587921622493,50.25561697908026],[36.9585292772493,50.25559978908024],[36.957824643249396,50.255740210080305],[36.956908157249494,50.256012160080395],[36.9564372952495,50.25644289108034],[36.9563994692495,50.25710230308038],[36.9566146742494,50.257887521080335],[36.957400958249295,50.258827091080306],[36.9576593052492,50.25941308608031],[36.95758784024919,50.25991497208029],[36.9573800382492,50.26039516808044],[36.9565414972493,50.261225908080476],[36.9552007872494,50.261931809080515],[36.9531470762497,50.262712040080615],[36.9526751162497,50.26284570908066],[36.94993277724999,50.26311841108074],[36.9472782982503,50.263331418080895],[36.9424133392509,50.263494601081],[36.9368271862516,50.263332283081255],[36.93655120025169,50.263359549081315],[36.9346024902519,50.26393881008132],[36.9341557972519,50.26418790408137],[36.9316955502522,50.26617314508147],[36.9313356032522,50.26656943308158],[36.9310340822522,50.2669247090816],[36.9310339592522,50.26692484708156],[36.93103384825219,50.26692498308159],[36.9307513012522,50.26727416408159],[36.9307511932523,50.267274301081564],[36.930618874252296,50.26745191808165],[36.9303458362522,50.26773451808162],[36.930078745252295,50.26801943108162],[36.92981764925229,50.26830660308163],[36.9295625942524,50.26859598208168],[36.92931362625241,50.26888751808165],[36.929070792252396,50.26918115708165],[36.9288341332524,50.26947684908169],[36.9286036922524,50.26977453908177],[36.92837951125241,50.27007417008165],[36.92816162925239,50.27037569608172],[36.9279881112525,50.27062452608179],[36.9280008932525,50.27071060708172],[36.9280230082524,50.27076105708184],[36.9281398802524,50.270947806081686],[36.9282994542524,50.271118697081775],[36.9284860172524,50.271280024081754],[36.92872745125229,50.27139926508179],[36.9291444722522,50.27151850708172],[36.9296163652522,50.27156760708176],[36.9299894902521,50.27158864908171],[36.9305821012521,50.271581635081624],[36.931229582252,50.27154656408164],[36.93165757825199,50.271567607081636],[36.9323818792519,50.271581635081624],[36.9332791362518,50.27166552508155],[36.9339533942516,50.271831620081656],[36.934445040251596,50.27205158408156],[36.9348172872515,50.27224910108152],[36.9349928752515,50.272392749081526],[36.93523869925139,50.272635155081474],[36.9353932172515,50.272868581081596],[36.93553368725139,50.272980806081485],[36.9360253342513,50.273142408081526],[36.9363273452513,50.27317831908156],[36.9365380512513,50.27317831908143],[36.9366670042512,50.27315425808156],[36.9368605712513,50.273076398081436],[36.9371015082512,50.27292220608145],[36.9371019172512,50.27292195208151],[36.93754052225119,50.2726475540814],[36.9379839712511,50.27237635408147],[36.9379843842512,50.27237610008143],[36.93843303425099,50.27210788108137],[36.938886418251,50.27184293108127],[36.93934447525099,50.271581283081375],[36.939344916251,50.27158103708135],[36.9398071462509,50.27132297408123],[36.94027392725089,50.271068276081344],[36.9402743722509,50.27106803208134],[36.9402746002509,50.27106791308133],[36.9407460932508,50.27081649608124],[36.94122224825081,50.2705683930813],[36.941702546250696,50.270323876081285],[36.9417027772508,50.270323757081215],[36.9421876152507,50.27008262008117],[36.9426767042507,50.26984501508112],[36.9426766432506,50.26984499308119],[36.9426765792506,50.269844969081184],[36.942676506250706,50.2698449390812],[36.9425748412507,50.269806682081175],[36.9424731762507,50.26976842408117],[36.9424730582507,50.269768382081196],[36.94247300525069,50.269768362081194],[36.9424729492507,50.26976834008122],[36.9424728402507,50.26976830108117],[36.94247273225069,50.26976826208122],[36.94236933625069,50.26973200508122],[36.9422659402507,50.26969574608112],[36.9422657852507,50.26969569508115],[36.942265720250695,50.26969567208112],[36.94226565325069,50.26969564808118],[36.9422655212507,50.26969560608114],[36.9422653622507,50.269695551081206],[36.9421603212507,50.26966132308112],[36.9420552802507,50.26962709308126],[36.9420551392508,50.269627048081176],[36.9420550722507,50.2696270270812],[36.94205500425079,50.269627004081265],[36.9420548722507,50.26962696608124],[36.942054708250794,50.26962691508117],[36.941948107250795,50.26959474008124],[36.9418415042508,50.26956256608125],[36.94184134025079,50.2695625180811],[36.9418412702508,50.269562497081125],[36.9418411992508,50.26956247608126],[36.9418410582508,50.26956243708125],[36.9418409142508,50.269562394081134],[36.94173283625079,50.269532301081234],[36.941624758250796,50.26950220708119],[36.941624610250805,50.26950216708121],[36.9416245192508,50.26950214308121],[36.9416244302508,50.26950211608119],[36.9416242482508,50.26950207108124],[36.9416240782508,50.26950202408122],[36.941514638250794,50.26947404308123],[36.9414051972508,50.26944606008117],[36.9414050572508,50.269446026081205],[36.9414049782508,50.269446007081214],[36.9414048982508,50.269445986081216],[36.9414047392508,50.26944594908115],[36.941404572250896,50.2694459080812],[36.9412938392508,50.26942005408119],[36.94118310325079,50.26939420308119],[36.94118296025089,50.269394171081196],[36.9411828832509,50.26939415208127],[36.94118280525089,50.26939413408119],[36.9411826512508,50.26939410108119],[36.9411824632508,50.26939406108119],[36.9410705812508,50.26937037008119],[36.9409586992509,50.26934668008125],[36.94095852425091,50.269346644081224],[36.94095844125089,50.26934662808121],[36.9409583562509,50.269346609081275],[36.9409581892509,50.26934657808128],[36.94095799125089,50.26934653908126],[36.940845067250905,50.269325032081206],[36.9407321452509,50.26930352608115],[36.9407319622509,50.26930349408118],[36.940731861250896,50.26930347408125],[36.9407317572509,50.26930345508127],[36.94073155125089,50.269303419081155],[36.940731368251,50.2693033860813],[36.9406174722509,50.2692840780813],[36.94050357625089,50.26926476908129],[36.940503385251,50.26926473808125],[36.940503300251,50.26926472508126],[36.9405032152509,50.26926470908132],[36.9405030452509,50.26926468508125],[36.9405028562509,50.269264655081294],[36.940388099250896,50.269247561081244],[36.940273343251,50.26923046908128],[36.940273153251,50.26923044208128],[36.940273047251,50.26923042608123],[36.940272939251,50.269230412081235],[36.940272726251,50.26923038308126],[36.940272538251,50.26923035608125],[36.940157021251,50.269215495081255],[36.940041506251,50.26920063308123],[36.940041325251,50.26920061208126],[36.94004123625099,50.26920060108126],[36.94004114425099,50.269200589081215],[36.940040964251,50.269200570081274],[36.940040758250994,50.269200544081215],[36.93992461225099,50.26918793108123],[36.93980846725099,50.26917531608134],[36.939808253251,50.26917529408133],[36.939808148251096,50.26917528308128],[36.939808041251,50.26917527208124],[36.939807832251,50.269175253081215],[36.9398076492511,50.26917523408123],[36.939690963250996,50.26916487608122],[36.9395742762511,50.26915451908125],[36.939574073251094,50.26915450208124],[36.9395739592511,50.26915449308133],[36.93957384625109,50.26915448208132],[36.9395736192511,50.26915446708131],[36.9395733912511,50.269154448081274],[36.9394563042511,50.269146359081205],[36.9393392172511,50.26913826808135],[36.9393390022511,50.26913825508133],[36.93933888625109,50.26913824808123],[36.9393387702511,50.269138239081336],[36.93933853825111,50.26913822808128],[36.9393383232511,50.26913821508134],[36.9392208782511,50.26913239608133],[36.9391034322511,50.269126576081355],[36.939103219251194,50.26912656808133],[36.9391031262511,50.269126564081326],[36.9391030342511,50.26912655908133],[36.9391028482511,50.2691265540813],[36.939102650251094,50.26912654508134],[36.9389849652511,50.269123003081354],[36.9388672792511,50.26911946108132],[36.93886708725119,50.26911945708134],[36.9388669692512,50.26911945308135],[36.938866850251195,50.26911945108128],[36.9388666152512,50.26911944908133],[36.9388663742512,50.269119444081284],[36.93874862225119,50.26911818508136],[36.938630871251206,50.269116925081285],[36.93863066925119,50.269116925081285],[36.9386305552512,50.26911692308131],[36.9386304402512,50.26911692208131],[36.938630211251194,50.269116925081285],[36.93863001925119,50.26911692208131],[36.938394491251195,50.26911896808133],[36.9383942452512,50.269118973081284],[36.938394131251194,50.269118974081294],[36.9383940182512,50.269118975081355],[36.9383937902512,50.269118981081306],[36.9383935752512,50.26911898608135],[36.9382759222513,50.2691222880813],[36.9381582682513,50.269125592081345],[36.9381580162512,50.269125601081335],[36.938157907251295,50.26912560508129],[36.9381578012513,50.26912560808128],[36.9381575882512,50.26912561708134],[36.9381573462512,50.26912562708133],[36.9380398812513,50.26913120908135],[36.9379224162513,50.269136790081305],[36.9379222202513,50.26913680308134],[36.93792211425129,50.269136808081285],[36.9379220072513,50.269136813081346],[36.9379217962513,50.2691368280813],[36.93792155725129,50.26913684108134],[36.9378044442513,50.26914469408134],[36.93768733125129,50.269152548081294],[36.9376870802513,50.26915256708133],[36.9376869672513,50.26915257408132],[36.9376868542513,50.26915258308133],[36.9376866282513,50.26915260208136],[36.9376864062513,50.26915261908137],[36.9375697152513,50.2691627380814],[36.9374530262513,50.26917285708143],[36.937452795251396,50.26917287908132],[36.9374527362514,50.269172884081335],[36.9374526752513,50.26917289008135],[36.9374525572513,50.26917290008136],[36.937452318251296,50.269172925081364],[36.937452101251296,50.26917294608132],[36.93733594125129,50.269185321081345],[36.9372197822514,50.269197697081346],[36.9372195562514,50.26919772208136],[36.937219442251305,50.26919773608137],[36.9372193292513,50.269197747081336],[36.9371517142514,50.26920295108148],[36.93708405725139,50.269208155081344],[36.9370160862514,50.269211107081304],[36.9369481202514,50.26921405608138],[36.9368118862514,50.26921543708147],[36.936744039251394,50.26921387008137],[36.9366757262514,50.269212291081416],[36.9366080742514,50.26920847208137],[36.936540005251494,50.269204626081425],[36.93647273125149,50.26919856408139],[36.9364050902515,50.26919246808144],[36.93633838625149,50.26918417708135],[36.9362713562515,50.26917584408148],[36.936205383251504,50.26916534508146],[36.9361391332515,50.269154801081434],[36.9360740802515,50.269142119081415],[36.93600880825149,50.26912939508142],[36.9359448522515,50.26911456808139],[36.9358807252515,50.26909969808142],[36.9358180472516,50.26908276108138],[36.9357552382516,50.26906578908141],[36.93569399125159,50.26904678408139],[36.9356326582516,50.26902775308139],[36.9355730192516,50.26900673408141],[36.9355133452516,50.268985701081384],[36.9354554782516,50.26896272208152],[36.935397613251595,50.26893974408131],[36.93534167125159,50.268914866081424],[36.9352857702516,50.2688900050815],[36.93524713325159,50.268870846081455],[36.9351739332516,50.26882291508149],[36.9351315212516,50.26868412608142],[36.9352147372516,50.26813211708136],[36.9352841242516,50.26802698708141],[36.938101931251396,50.26645059608127],[36.9383443212513,50.26636001508133],[36.9418248622509,50.265835276081084],[36.9459142862505,50.26533772508103],[36.95235026824961,50.26546231108069],[36.95297401024959,50.265416470080694],[36.95367581724949,50.265312935080665],[36.9571378392491,50.2642303210805],[36.9600490602488,50.26261449408025],[36.96062859324869,50.2621388390803],[36.9607048242488,50.262053164080335]]]},"properties":{"pub_date":"2026-10-07"}},{"type":"Feature","geometry":{"bbox":[35.0508738675997,51.12073626350558,35.0583114182274,51.12370188201074],"type":"Polygon","coordinates":[[[35.0542215919414,51.12073626350558],[35.0535622651914,51.12088312205332],[35.05313795229859,51.12114332649987],[35.053094571481196,51.12118166162196],[35.0530681430744,51.121231924960114],[35.0529731340205,51.12161711014885],[35.0529533899794,51.121912869613375],[35.0528036785244,51.122190065947606],[35.05248936078339,51.12252452872191],[35.0519838874282,51.12300803440173],[35.05130078896589,51.123425773154686],[35.0508738675997,51.12370188201074],[35.05099216711939,51.123668889511386],[35.0511212762456,51.12363288411025],[35.05166379985769,51.12347840324563],[35.0517277529862,51.123460193296836],[35.0523321582397,51.12328466538035],[35.05233232697629,51.123284620046896],[35.052386093711895,51.123270136952314],[35.0524545038786,51.12325171026341],[35.0526415192056,51.12320133826676],[35.052695141868,51.1231873583642],[35.0529240272011,51.12312769136573],[35.0529240730586,51.12312768040717],[35.05292411706759,51.12312766891034],[35.0530756118879,51.123088177273445],[35.0531228122247,51.12307634408683],[35.0533549599922,51.1230181486662],[35.0533550879295,51.12301811506859],[35.05351212736691,51.12297874817118],[35.0535303052744,51.122974371471344],[35.0535369441707,51.122972772464784],[35.0535528270658,51.1229689479408],[35.05359498411799,51.12295846764946],[35.05378918836559,51.122912034215695],[35.0539509850172,51.12287307327594],[35.0539778842898,51.12286685919903],[35.0539851298109,51.12286518604814],[35.0540203869277,51.12285675723618],[35.054226375978,51.12280945631974],[35.054226485411,51.122809430530836],[35.05422670748829,51.12280937919346],[35.05439210091139,51.12277117185904],[35.0544111480645,51.12276695644615],[35.0544157310041,51.12276594307417],[35.0544196010898,51.12276508542235],[35.0544478999133,51.12275858903191],[35.054668739235495,51.12270994680585],[35.0546688101118,51.12270993132294],[35.054668874173,51.122709917328834],[35.0548353943362,51.12267306343304],[35.0548497836243,51.12267001804059],[35.054851724037505,51.12266960640056],[35.05485615794459,51.12266866700871],[35.05487744138209,51.12266398088004],[35.05511888138209,51.122613042438026],[35.05518537148609,51.122598964815296],[35.0552155931758,51.122592566203316],[35.0552807840017,51.12257876387034],[35.0552906192735,51.12257677637169],[35.055293143491795,51.122576264503415],[35.055294694062,51.12257595120489],[35.05530894191039,51.12257294794489],[35.0555878444792,51.12251667282551],[35.05562724893371,51.12250870508865],[35.05564194216839,51.12250573352672],[35.0557281828703,51.12248829501039],[35.05573233488891,51.12248749439881],[35.05573518188639,51.12248694591441],[35.05617640918269,51.12240188300076],[35.0561765009883,51.12240186388638],[35.0561775095634,51.12240166992255],[35.0563158882988,51.12236424998926],[35.0564568029833,51.12233076231155],[35.0565999667322,51.12230127615682],[35.0567450955007,51.12227584981247],[35.05689189590999,51.12225453607116],[35.0570400686631,51.122237374891256],[35.05718932400589,51.12222440414795],[35.0573393511788,51.12221564935223],[35.05745879726239,51.1222117115334],[35.05757839298829,51.12221044524012],[35.05766659283999,51.1222155361387],[35.0577540378852,51.12222438826204],[35.0578403149423,51.12223696189908],[35.057925028955694,51.122253198308904],[35.05800778021699,51.12227302281206],[35.0580565300865,51.12228716024642],[35.05806334499759,51.1222891376926],[35.0580671454182,51.122290238369686],[35.05808818480829,51.12229634032462],[35.05816587215799,51.122323044369665],[35.0582404770663,51.12235301128324],[35.0583033909584,51.12238226013326],[35.0583114182274,51.12238599129787],[35.05815034843639,51.122287247931034],[35.0579554970366,51.12219656246312],[35.0577216795789,51.12208341879446],[35.0575125466118,51.121980896918046],[35.0572137831033,51.12183752350318],[35.0570423393681,51.12173869398107],[35.0566701944172,51.12155121612603],[35.0564364114057,51.121416448933616],[35.0558124772896,51.121075703984545],[35.0549537243601,51.120800449139],[35.0542215919414,51.12073626350558]]]},"properties":{"pub_date":"2026-10-07"}},{"type":"Feature","geometry":{"bbox":[36.88794882225929,50.22600901608196,36.9454715062511,50.26247992708314],"type":"Polygon","coordinates":[[[36.8919561682578,50.24921293808274],[36.8915634142576,50.25553375108279],[36.8915412702576,50.2557898180829],[36.8914487402576,50.25612043408289],[36.89135006525759,50.25645032308286],[36.8912444472576,50.25678183508294],[36.891099474257594,50.257205294082944],[36.89097621025759,50.257544240082915],[36.8908511582576,50.2578702980829],[36.89072170925759,50.25819142908297],[36.89064441225759,50.25837599308297],[36.89055658325759,50.25858123108299],[36.8904472082576,50.258826253082965],[36.8902934192576,50.25915848608296],[36.8901690032576,50.25941615808302],[36.89004529825759,50.25966467508295],[36.8899475182576,50.25985733308304],[36.889794145257696,50.26014752508299],[36.8896941212577,50.260330775083034],[36.88959920625761,50.26050342708309],[36.8894159002576,50.260824404083024],[36.8892265302577,50.26114393408302],[36.8890311222577,50.26146197408307],[36.88883347325769,50.261772564083046],[36.88859643825769,50.26213009908308],[36.88835667525769,50.26247992708314],[36.898556947256495,50.261096101082735],[36.9181068392542,50.25758461508187],[36.93471025725229,50.25380345608106],[36.936209003252195,50.25334122608109],[36.936282843252094,50.25331845008105],[36.936360702252195,50.25329443608105],[36.9364860272521,50.253255784081055],[36.93703918225209,50.253085183081],[36.9403494772517,50.252064228080876],[36.94075802125159,50.2519243910808],[36.9411916112516,50.25177598408078],[36.94167445825149,50.25161071508084],[36.9422960792515,50.2513979450808],[36.94246151025149,50.25132478108079],[36.9429824222514,50.251094399080685],[36.9434914212513,50.25086928308077],[36.9448220062512,50.25093097908068],[36.9454715062511,50.25134407708067],[36.9454608492511,50.25120200208069],[36.9454501902511,50.25105992508058],[36.9454361672511,50.250917960080585],[36.9454221442511,50.25077599608074],[36.9454047622511,50.250634187080635],[36.94538737825109,50.25049237708069],[36.9453666382512,50.2503507510806],[36.9453458982511,50.2502091250807],[36.9453218062512,50.25006771408063],[36.9452977142512,50.24992630408064],[36.9452702752512,50.24978514308058],[36.9452428362512,50.24964398108065],[36.94521205725119,50.24950310108064],[36.945181279251194,50.24936222208056],[36.94514716625121,50.24922165508067],[36.9451130552512,50.2490810870806],[36.9450756182512,50.24894086708057],[36.9450381802512,50.248800645080614],[36.9449974272512,50.24866080408065],[36.944956672251294,50.24852096108056],[36.9449126102512,50.24838152808065],[36.9448685482513,50.248242092080616],[36.9448211902513,50.248103100080534],[36.94477383025129,50.24796410808063],[36.9447231852513,50.24782559008057],[36.9446725402514,50.24768707108066],[36.94461861925139,50.24754906208061],[36.94456470025139,50.24741105008059],[36.9445075182514,50.24727357708055],[36.9444503362514,50.24713610108064],[36.94445032025139,50.24713606808066],[36.944389896251394,50.24699917608063],[36.94432947225139,50.24686228508069],[36.94426580325149,50.24672598108064],[36.944202137251395,50.24658967608058],[36.944135251251495,50.24645400308065],[36.9440683622515,50.246318330080605],[36.9439982752515,50.2461833320806],[36.9439281882515,50.24604833208055],[36.9439281662515,50.24604828908052],[36.9438548872515,50.245913980080566],[36.9438390052515,50.24588332308062],[36.9449537272514,50.24572691608053],[36.94516470225139,50.24569731308058],[36.945283223251394,50.24568068308053],[36.9421782612518,50.24458851708056],[36.9421514082518,50.24457907308057],[36.9421364702518,50.2445735460806],[36.9420499122518,50.24454153508071],[36.9420497942518,50.24454149308068],[36.9420497332518,50.24454147108061],[36.94204967225179,50.2445414490807],[36.9420495502518,50.24454140708057],[36.9420494072518,50.24454135708065],[36.9419612272518,50.2445112570807],[36.9418730452518,50.24448115908063],[36.941872907251906,50.244481113080646],[36.9418728302518,50.24448108708067],[36.94187275625179,50.24448106108061],[36.9418726042518,50.24448101408069],[36.9418724812518,50.24448097508067],[36.941782730251894,50.244452805080634],[36.941692980251794,50.24442463808065],[36.9416928602519,50.24442460108062],[36.941692795251896,50.24442458108064],[36.941692728251795,50.244424560080624],[36.9416925962519,50.244424523080646],[36.9416924622519,50.24442448208066],[36.94160126325189,50.24439828408067],[36.9415100662519,50.244372086080645],[36.9415099382518,50.2443720490806],[36.9415098702519,50.24437203108061],[36.9415097992518,50.2443720100806],[36.9415096592519,50.24437197308065],[36.941509509251794,50.24437193208075],[36.9414169812519,50.24434773708065],[36.9413244512519,50.24432354208071],[36.94132431725189,50.24432350608058],[36.9413242482519,50.244323490080646],[36.9413241782519,50.24432347108073],[36.9413240392519,50.24432343808058],[36.9413238972519,50.24432340208074],[36.9412301392519,50.2443012370806],[36.941136380251905,50.244279069080726],[36.941136233251896,50.24427903508069],[36.94113615725189,50.24427901908073],[36.941136082251894,50.24427900008072],[36.9411359332519,50.24427896908075],[36.9411357642519,50.244278931080714],[36.9410409052519,50.24425882208071],[36.940946048252,50.24423871408073],[36.9409458782519,50.2442386800807],[36.94094580525199,50.24423866508071],[36.94094573025199,50.244238648080675],[36.940945581252,50.2442386210807],[36.9409454162519,50.24423858808073],[36.94084953925199,50.24422055408059],[36.940753663252,50.2442025220807],[36.940753487252,50.24420249108074],[36.940753414252,50.24420247908067],[36.940753338251994,50.244202464080665],[36.94075319325199,50.24420244108071],[36.940753017252,50.2442024100807],[36.94065624525199,50.24418647408067],[36.940559474252,50.24417054108069],[36.940559325252,50.24417051608067],[36.940559230252,50.244170500080656],[36.94055913425199,50.24417048508068],[36.94055894325199,50.244170460080724],[36.940558766252,50.244170431080676],[36.940461213252,50.24415661408071],[36.94036366025199,50.24414279808067],[36.940363504252,50.24414277708066],[36.940363423252094,50.244142767080795],[36.940363340252,50.24414275308065],[36.940363177252,50.24414273508077],[36.940362999252095,50.24414271308077],[36.940264752252,50.24413102408068],[36.940166507251995,50.244119336080686],[36.94016635025199,50.24411932008071],[36.9401662682521,50.244119310080734],[36.940166184252,50.24411930008078],[36.94016601825199,50.24411928508076],[36.940165834252,50.24411926208081],[36.940067040252096,50.24410972208077],[36.93996824925209,50.244100182080764],[36.93996805425209,50.24410016408074],[36.9399679752521,50.244100157080716],[36.9399678962521,50.24410014908076],[36.9399677352521,50.24410013808076],[36.9399675672521,50.244100124080674],[36.93986831925209,50.24409273808075],[36.93976907025209,50.24408535108079],[36.9397688672521,50.244085338080644],[36.9397687852521,50.24408533208074],[36.9397687012521,50.24408532408073],[36.9397685322521,50.24408531708064],[36.93976832825209,50.24408530508077],[36.9396687622521,50.24408008308074],[36.939569198252094,50.24407486208064],[36.9395690222521,50.24407485508076],[36.93956892725209,50.2440748530808],[36.93956883325221,50.24407484608075],[36.939568644252105,50.24407484008074],[36.93956845125209,50.24407483208074],[36.93946868525221,50.24407178208073],[36.9393689172521,50.24406873208073],[36.9393687032521,50.24406872808077],[36.93936861325219,50.244068725080766],[36.9393685232522,50.24406872208077],[36.93936834325219,50.24406872108076],[36.939368161252204,50.244068716080704],[36.93916839825219,50.24406696308079],[36.93916821725221,50.24406696308079],[36.9391681092522,50.24406696408081],[36.9391680032522,50.24406696208078],[36.9391677912522,50.24406696408081],[36.939167584252196,50.2440669650807],[36.9390677412522,50.24406826308071],[36.9389678952522,50.24406956008078],[36.9389677142522,50.244069562080796],[36.938967611252195,50.24406956508073],[36.9389675072522,50.24406956708078],[36.9389672992522,50.24406957508077],[36.9389670782522,50.24406957908075],[36.9388673632522,50.24407305008077],[36.9387676482522,50.24407651908076],[36.9387674722522,50.24407652608075],[36.9387673672522,50.244076531080786],[36.9387672642522,50.24407653408074],[36.9387670582522,50.24407654608075],[36.9387668782522,50.244076554080756],[36.9386674102523,50.24408219108076],[36.9385679412523,50.244087828080794],[36.938567716252194,50.244087842080724],[36.9385676122522,50.244087849080785],[36.938567509252294,50.244087855080714],[36.9385673032522,50.24408787108072],[36.9385671162523,50.24408788308079],[36.9384680062523,50.24409568308076],[36.9383688942523,50.24410348108078],[36.9383686852523,50.24410350008075],[36.93836857925229,50.244103508080755],[36.9383684712523,50.244103516080756],[36.9383682602523,50.24410353808075],[36.9383680692523,50.24410355408074],[36.9382694142523,50.24411350808073],[36.9381707592523,50.24412346108078],[36.93817058125231,50.24412348108081],[36.9381704822523,50.24412349108074],[36.9381703842523,50.24412350208079],[36.9381701872523,50.24412352608077],[36.9381699862523,50.24412354808079],[36.93807194225229,50.24413563908077],[36.937973896252295,50.244147732080755],[36.9379736752523,50.244147760080786],[36.9379735732523,50.24414777308078],[36.9379734722524,50.24414778508077],[36.93782926625239,50.24416344608074],[36.93768498825239,50.24417911208075],[36.9375402132524,50.24419251008078],[36.93739539025239,50.244205911080805],[36.9372501342524,50.24421703708082],[36.9371048532524,50.24422816308082],[36.9369592042525,50.2442370100808],[36.936813548252495,50.244245855080884],[36.9366675942525,50.244252419080865],[36.936521655252506,50.2442589770809],[36.936375480252494,50.24426325208082],[36.9362293462526,50.2442675220809],[36.9360830412525,50.24426950308089],[36.9359367972526,50.24427148308093],[36.9356441862526,50.24427085908091],[36.9354979642526,50.24426825708093],[36.935351684252694,50.24426565108087],[36.93520559525259,50.244260756080905],[36.93505947125269,50.24425585808088],[36.934913603252696,50.24424867708095],[36.9347677202527,50.24424149108089],[36.934622160252694,50.244232024080894],[36.9344766082528,50.24422255608091],[36.934331445252795,50.244210812080865],[36.9341863082528,50.24419906508103],[36.9340416282528,50.24418504808097],[36.93389699625279,50.24417103208096],[36.93375292225291,50.24415475608096],[36.9336088462528,50.24413847608095],[36.933025750253,50.244001877081025],[36.93113441725319,50.24392744108103],[36.92863203825349,50.2437785740812],[36.927089874253696,50.2437227500812],[36.9264791642538,50.24373398208117],[36.9260983872538,50.24391193408117],[36.9258718752538,50.244230044081284],[36.9256267202538,50.244819227081265],[36.9242092292539,50.248225791081396],[36.9233654022539,50.24917472408147],[36.922917361253894,50.24981890508152],[36.922208289253994,50.2503547510815],[36.921785304254,50.250674397081575],[36.9209677692541,50.25111970508165],[36.92082772925419,50.25119597908163],[36.9206084242542,50.251072447081626],[36.9194555392544,50.250423019081644],[36.9174920432547,50.249086337081714],[36.916892806254694,50.2486783840817],[36.9143012502552,50.24655713708174],[36.9129556602554,50.24483613508177],[36.9112950482557,50.242712138081835],[36.9090144822561,50.23919833608185],[36.9078822782563,50.237656594081855],[36.9058009522567,50.23482228908185],[36.9053729442568,50.233631360081816],[36.904970939256906,50.23251276308182],[36.9037277122572,50.22905325708182],[36.9031950292573,50.22706185308182],[36.9008954122577,50.22600901608196],[36.8936587932586,50.22627507408206],[36.890596085259,50.22638767508224],[36.89018862125899,50.2264026580822],[36.8896356802591,50.22665710608228],[36.8885974522592,50.22715525908244],[36.88794882225929,50.227591097082424],[36.895661052258,50.23563753808228],[36.89829807725749,50.23828310708224],[36.9008026202571,50.24090039908221],[36.903046092256794,50.24297558108209],[36.9048450982564,50.24518796708211],[36.906938409256,50.246721397082034],[36.91038666325559,50.24800956408195],[36.9129551652552,50.24846215908184],[36.914702531255,50.2489952360818],[36.9159780562548,50.250262147081784],[36.916258632254696,50.25117887308187],[36.9152080252548,50.25216058108188],[36.91172470225519,50.253687001082035],[36.9109339762553,50.254033476082085],[36.9102064202554,50.25438361708211],[36.9087253462555,50.25487529008219],[36.9080153662556,50.25503772308218],[36.9068783732557,50.25520439208222],[36.9054331492559,50.25529612408225],[36.90435375125599,50.25510490508228],[36.90140036125639,50.254174106082374],[36.8993906582567,50.2533772030825],[36.8986357672568,50.25301889608246],[36.8970386582571,50.25226080208263],[36.89199414225789,50.24860170908269],[36.8919916572579,50.24864169808269],[36.8919561682578,50.24921293808274]]]},"properties":{"pub_date":"2026-10-07"}},{"type":"Feature","geometry":{"bbox":[37.773304475216094,48.61685902100004,37.7806365702151,48.62145169700012],"type":"Polygon","coordinates":[[[37.77495766421579,48.62038604500023],[37.7755266372157,48.62145169700012],[37.77564800621569,48.62144937400019],[37.7757693752156,48.621447053000175],[37.7758906092156,48.621442616000195],[37.7760118432156,48.621438182000105],[37.7761328582156,48.62143163600014],[37.7762538742156,48.6214250910001],[37.776374585215606,48.621416441000044],[37.7764952982156,48.62140779100011],[37.77661562221561,48.62139704200017],[37.7767359482155,48.621386294000075],[37.7768558042155,48.621373453000096],[37.77697566021549,48.621360612000096],[37.77709496221549,48.621345690000034],[37.777214264215495,48.62133076600006],[37.77733293021549,48.62131377000004],[37.7774515982154,48.621296776000044],[37.7775695442154,48.62127771800003],[37.7776874922154,48.62125866200002],[37.7778046402154,48.621237559000036],[37.777921787215405,48.621216457000024],[37.7780380522154,48.621193321000085],[37.7781543182153,48.621170183],[37.7782696222153,48.621145031000104],[37.7783849242153,48.621119879],[37.77849918621529,48.62109272600011],[37.7786134462153,48.62106557500011],[37.7787265862153,48.62103644199999],[37.77883972521529,48.62100731100006],[37.778951665215196,48.62097621999996],[37.7790636032152,48.62094512699992],[37.779063684215195,48.62094510199991],[37.7790638162152,48.62094506400006],[37.77906388221529,48.620945044999935],[37.77906394721519,48.62094502500001],[37.7791726272152,48.62091306299994],[37.7792813092152,48.62088110199994],[37.7792815452152,48.620881034000064],[37.779281663215194,48.6208810009999],[37.7792817212152,48.620880984999914],[37.77928178121519,48.62088097000006],[37.77939171121519,48.62085097700002],[37.7795016842152,48.6208209769999],[37.779501957215196,48.620820901999934],[37.7795020942152,48.62082086799997],[37.7795021632152,48.620820850000044],[37.7795022332152,48.62082083199999],[37.77961335721509,48.62079282799993],[37.7797245052152,48.620764818000005],[37.779724760215096,48.62076475400002],[37.7797248912152,48.62076472400001],[37.7797249542151,48.620764708999985],[37.779725020215196,48.62076469300004],[37.7798372582151,48.62073869499999],[37.7799494962151,48.620712696999966],[37.77994979021509,48.62071262799999],[37.7799499402151,48.62071259799994],[37.7799500132151,48.62071258199998],[37.7799500882151,48.62071256500004],[37.7800633562151,48.62068859299997],[37.7801766062151,48.62066462399994],[37.7801768802151,48.620664565999924],[37.78017702021509,48.620664539999986],[37.7801770882151,48.62066452599987],[37.7801771592151,48.62066451199994],[37.7802914062151,48.62064257699998],[37.7804056132151,48.62062064999995],[37.78040586421509,48.62062059999995],[37.78040599121509,48.62062058099997],[37.780406053215096,48.620620569999964],[37.78040611821509,48.620620557999914],[37.7805212362151,48.620600680999836],[37.78063629021501,48.62058081499991],[37.7806364322151,48.62058079199995],[37.78063650121509,48.62058077899992],[37.7806365702151,48.620580766999964],[37.780513640215105,48.62022185899991],[37.78005057721519,48.619070888999936],[37.7800281172152,48.6190150599998],[37.77983390921529,48.61820623099989],[37.7797173832153,48.617628488999834],[37.77979613921529,48.617263560999795],[37.7753247152159,48.61698491999998],[37.773304475216094,48.61685902100004],[37.77340558421609,48.616999381000134],[37.7735803732161,48.61735887200013],[37.7737745822161,48.617692681000094],[37.773914549216,48.618191987000074],[37.7744835212159,48.61925768400003],[37.77495766421579,48.62038604500023]]]},"properties":{"pub_date":"2026-10-07"}},{"type":"Feature","geometry":{"bbox":[36.88397895434989,48.191145077021005,36.8938544253486,48.20781240702159],"type":"Polygon","coordinates":[[[36.8863444293498,48.20054543502152],[36.8859792273499,48.20153988002161],[36.88569793634989,48.202305824021664],[36.8854225833499,48.20304231602164],[36.885028005349895,48.203598135021714],[36.884740410349906,48.20401845402175],[36.884501020349894,48.20422689802182],[36.8843733023499,48.20442426302186],[36.8841989883499,48.20472620602187],[36.8839976613499,48.20535876102187],[36.88397895434989,48.20563928302179],[36.884024299349896,48.205989037021844],[36.8841613293499,48.20635145602184],[36.8843654003498,48.206639012021824],[36.8846630923498,48.20681773702189],[36.8853965683497,48.20692858002189],[36.8863534343496,48.20692877302182],[36.8887528333493,48.207248585021716],[36.8897837573491,48.20751807402169],[36.89078213934899,48.207760803021586],[36.8913894413489,48.20781240702159],[36.8918938653488,48.207713761021544],[36.89292389634869,48.20712537502157],[36.8932450953487,48.20674887402142],[36.8935787673487,48.206247812021516],[36.8938544253486,48.20521199302138],[36.8936631723487,48.20436774602137],[36.8932306163488,48.203759208021395],[36.892329211348994,48.202964204021434],[36.89130432734909,48.201930295021434],[36.8911069643491,48.20141603402137],[36.8909583953492,48.20102890902138],[36.8907670683493,48.20034654302137],[36.8908222863493,48.199615154021345],[36.8909881133493,48.199214480021276],[36.89181725034919,48.19827495802123],[36.8927085733492,48.197031445021175],[36.893537710349094,48.19570499902105],[36.8936828093492,48.194212705020945],[36.893371883349296,48.19280327702091],[36.8930609563494,48.191960365020904],[36.8920659923495,48.19133853602095],[36.8909259283497,48.191145077021005],[36.88943348134989,48.191297081021055],[36.8888945423499,48.19179454502109],[36.88885308434989,48.19234727702118],[36.8892261963498,48.192996730021115],[36.889702950349694,48.19361853902113],[36.89003460534969,48.19440615302116],[36.8898273213496,48.19502794502117],[36.8891847403497,48.196064248021315],[36.8881690463497,48.19755648702135],[36.8873813663498,48.19860655602144],[36.8869460693498,48.1992144800215],[36.8865759463498,48.2002578250215],[36.8863444293498,48.20054543502152]]]},"properties":{"pub_date":"2026-10-07"}},{"type":"Feature","geometry":{"bbox":[37.649333376186306,49.70505682303906,37.6816196521822,49.71323144903929],"type":"Polygon","coordinates":[[[37.6546716551856,49.70937447604004],[37.65470731318559,49.70936396204009],[37.6550054651856,49.709337669040124],[37.6554997441856,49.709283264040074],[37.656104448185495,49.709225458040024],[37.6567827661854,49.70920505604015],[37.6575662521853,49.709225458039946],[37.6577466341853,49.70923053004003],[37.6629648991846,49.70975699703976],[37.6657049581843,49.71003493803976],[37.6687673771839,49.71043447703963],[37.671749205183495,49.710964296039464],[37.6746504431831,49.71171124403953],[37.67887804218249,49.7125736290393],[37.68002237718239,49.71285111103924],[37.6816196521822,49.71323144903929],[37.68010847818239,49.712349242039224],[37.6800624151824,49.712335495039255],[37.68004140218239,49.712281003039244],[37.6800413891824,49.712280967039234],[37.68003563518239,49.712266379039235],[37.680035624182395,49.71226634503921],[37.68003342818239,49.712260326039285],[37.6800334151824,49.71226029403931],[37.680028107182395,49.71224652803919],[37.680028095182394,49.71224649403921],[37.67997796418239,49.712110473039154],[37.67997794618239,49.7121104360392],[37.6799597481824,49.712058474039274],[37.67995973218239,49.712058437039154],[37.6799509261824,49.71203431003924],[37.679950913182395,49.712034273039244],[37.6799424951824,49.712009228039285],[37.6799424841824,49.71200919603921],[37.6799231201824,49.71195391803919],[37.6799231081824,49.71195388303924],[37.6798734031824,49.711803672039316],[37.6798733911825,49.71180364003922],[37.6798726101824,49.71180128903917],[37.6798725971824,49.71180125503923],[37.6798724391824,49.711800762039225],[37.6798724301824,49.71180072803918],[37.6798711711825,49.711796926039305],[37.6798711621824,49.7117968980392],[37.6798288601824,49.71166171903925],[37.679828850182396,49.71166168603925],[37.6798065321824,49.71158639203924],[37.6798065231824,49.711586357039174],[37.67980069918249,49.71156741903923],[37.6798006891824,49.711567384039284],[37.679797355182494,49.71155543203923],[37.6797973441825,49.711555397039234],[37.679788699182495,49.711526227039236],[37.679788690182505,49.711526192039244],[37.67974620418249,49.7113720570393],[37.6797461921825,49.71137202303926],[37.679735240182396,49.71133275703917],[37.6797352321825,49.711332723039185],[37.6797339391824,49.71132756403918],[37.6797339301825,49.71132752803927],[37.6797316041825,49.71131908203915],[37.6797315941825,49.71131904703918],[37.67967807318251,49.7111052230392],[37.6796780661825,49.71110519203921],[37.6796765871825,49.71109871903925],[37.6796765771825,49.71109868103927],[37.6796762501825,49.71109737903921],[37.6796762431825,49.711097340039224],[37.67967514218249,49.711092400039206],[37.6796751361825,49.71109236203927],[37.67964349718249,49.710953907039254],[37.6796434931825,49.71095387503919],[37.679629051182495,49.710885263039195],[37.6796290441825,49.71088522703914],[37.679623730182506,49.71086134803924],[37.6796237251825,49.71086131403916],[37.6796202311825,49.710843355039216],[37.6796202241825,49.71084331903915],[37.67961159618249,49.710802343039234],[37.6796115911825,49.710802310039256],[37.6795855691825,49.710665145039215],[37.6795855621825,49.71066511003922],[37.6795777151825,49.71062475503923],[37.67957770618249,49.71062471903919],[37.6795763281825,49.710616388039206],[37.6795736691825,49.7106024100393],[37.6795736651825,49.71060237903919],[37.67954038918259,49.71040213303921],[37.6795403801825,49.7104020970391],[37.67953866918259,49.710390395039205],[37.6795382081825,49.71038767403924],[37.6795382001825,49.71038763703923],[37.67953730618251,49.71038118903921],[37.67953730318249,49.710381157039215],[37.679521860182504,49.71027615403922],[37.67952185318249,49.71027611803919],[37.6795051751825,49.71015006803921],[37.6795051691825,49.7101500280392],[37.67950516118259,49.71014998303914],[37.6795008061825,49.710101402039236],[37.6794706941826,49.709757648039165],[37.6794679931826,49.70972685803913],[37.6794363861826,49.70934918403918],[37.6794347481826,49.70932806703914],[37.67943406718259,49.70932010003915],[37.6794201721826,49.709139935039204],[37.679373026182596,49.708531426039166],[37.6793711381826,49.70850408603912],[37.6793700381827,49.70848982303916],[37.6793540921826,49.708256940039156],[37.6793540711826,49.70825666803913],[37.6793166001827,49.70771342203914],[37.679314534182694,49.7076793220391],[37.67931316718269,49.707659317039116],[37.6792991071827,49.707424417039135],[37.679299014182696,49.70742293103917],[37.67926762218269,49.70690433403914],[37.6792652501827,49.706858914039074],[37.67926524118269,49.70685872403912],[37.6792634371827,49.7068285960391],[37.6792501231827,49.70656878503912],[37.679250046182695,49.70656726803914],[37.679225418182796,49.7060950690391],[37.67922541218281,49.706095033039134],[37.679225410182696,49.70609499303909],[37.67922541218281,49.70609485703909],[37.6792218701827,49.70601745303906],[37.679221863182796,49.7060173270391],[37.6792208601827,49.70599770503906],[37.6792194081828,49.70596366403908],[37.6792194001827,49.705963541039054],[37.6792069491828,49.70567141503909],[37.679206934182794,49.705671072039124],[37.6792062891828,49.705657010039104],[37.6792054421828,49.705636054039076],[37.6792054201827,49.70563553703909],[37.6791891051828,49.70525280203907],[37.67918910218279,49.70525269803901],[37.679185433182795,49.70516665103904],[37.6791844781828,49.70513855803906],[37.6791844701828,49.70513842703904],[37.67918169518279,49.70505682303906],[37.6790303931828,49.70533751903911],[37.67890188218279,49.705510132039166],[37.678684406182796,49.705612421039056],[37.678397728182894,49.70568274303908],[37.6778897681829,49.705751597039104],[37.6666712041843,49.70633082903953],[37.6652207271844,49.70647974303959],[37.6649721141845,49.70650526803959],[37.66356825118459,49.70655489103976],[37.663334375184704,49.706584615039745],[37.6631004181847,49.706614349039754],[37.662865899184794,49.70664190203977],[37.6626313141848,49.70666946103977],[37.6623962011848,49.70669483603975],[37.6621610361848,49.706720217039766],[37.661925379184794,49.70674340803976],[37.6616896791849,49.70676660303978],[37.6614535271849,49.70678760803975],[37.6612173431849,49.706808613039755],[37.66098074218499,49.70682742303977],[37.66074412318499,49.70684623503978],[37.660507122185,49.706862851039816],[37.66027011818499,49.706879465039805],[37.660032772185104,49.7068938800398],[37.6597954251851,49.70690829403984],[37.65955783618511,49.706920503039825],[37.6593202861851,49.70693271103981],[37.6593202131852,49.70693271403981],[37.6593201391852,49.706932717039884],[37.6593199921852,49.70693272303982],[37.659082227185195,49.70694272603993],[37.6588444931852,49.70695272303995],[37.65884442718521,49.70695272603984],[37.6588443631852,49.70695272803995],[37.65884423218521,49.70695273303983],[37.6586062921853,49.70696052603982],[37.6583683941853,49.70696831803991],[37.658368292185294,49.70696832103997],[37.6583681901853,49.70696832303993],[37.6583679871853,49.706968328039956],[37.6581299901853,49.706973913039946],[37.65789204718529,49.70697949503994],[37.65789196718539,49.70697949603992],[37.6578918841854,49.70697949703991],[37.6578917221853,49.70697950003993],[37.6578913961853,49.70697950603996],[37.6576533671854,49.70698288003998],[37.6574154071854,49.706986252039925],[37.65741531718539,49.70698625403992],[37.6574152291854,49.70698625303992],[37.65741505318541,49.706986256039954],[37.6574147001854,49.706986259039944],[37.6571766871854,49.706987425039905],[37.6569387541855,49.70698858903995],[37.6569386361855,49.70698858803996],[37.65693852018549,49.70698858903995],[37.65693828918549,49.70698858903995],[37.6569382601855,49.70698858803996],[37.65693781718551,49.70698858903995],[37.65646203518549,49.70698650303996],[37.6564619711855,49.70698650303996],[37.6564619061855,49.70698650303996],[37.6564617741855,49.706986502039925],[37.656461520185495,49.70698649903993],[37.65646148818549,49.70698649903993],[37.6564609921855,49.706986495040034],[37.6562364461856,49.70698397504003],[37.6562364011856,49.706983977039954],[37.656236434185594,49.70698400503995],[37.6562364621855,49.70698403203993],[37.6562365741856,49.706984078039966],[37.65624638318559,49.70698820703993],[37.656234415185494,49.706988760039955],[37.6562185511856,49.706998088040045],[37.6561565351855,49.70702513503996],[37.65591327718559,49.70718595603997],[37.65572523518559,49.707429168040086],[37.6553894431856,49.70769843804009],[37.6551476741856,49.70791558904007],[37.6550326791857,49.70799821703999],[37.6549581401856,49.7080285160401],[37.65472677618569,49.70813053104003],[37.6543166301857,49.70825634504008],[37.65410104018579,49.70830735104002],[37.6537028261858,49.708409738040125],[37.652877723185895,49.708393319040105],[37.6514934581861,49.70843754704024],[37.65062728618619,49.708451209040234],[37.6499653311862,49.708464872040246],[37.649651961186294,49.708526349040234],[37.6495040771863,49.70860831904026],[37.64946886818629,49.70867890504028],[37.6494257861863,49.708905790040234],[37.64937205918629,49.709331395040266],[37.649333376186306,49.709746921040356],[37.64935916518619,49.71012492204042],[37.6493419721863,49.71061965404037],[37.6493935511863,49.710919825040364],[37.6497116111862,49.71099208904031],[37.6503391381861,49.711008765040255],[37.651181572186,49.710964296040245],[37.6518950631859,49.710836445040265],[37.652359260185904,49.71054739004014],[37.6523420691859,49.71029724504019],[37.6523357701859,49.71028753104023],[37.65232731418589,49.710207337040174],[37.6523643331859,49.71001583204027],[37.652455195185894,49.70977645004018],[37.6525696151859,49.709667639040234],[37.6526993031859,49.70961999004025],[37.6530297701858,49.70960239004017],[37.6546716551856,49.70937447604004]]]},"properties":{"pub_date":"2026-10-07"}},{"type":"Feature","geometry":{"bbox":[37.67689422518159,49.73252191603985,37.682362380181,49.74279149504022],"type":"Polygon","coordinates":[[[37.67689422518159,49.74094097704012],[37.67689422718159,49.740941033040166],[37.67689422718159,49.740941085040156],[37.676894226181695,49.74094119304014],[37.6768967421816,49.74124951704014],[37.676896743181594,49.74124963004024],[37.6768967441816,49.74124974604013],[37.676896747181594,49.741249807040184],[37.676896747181594,49.741249867040125],[37.6768967491816,49.74124996704017],[37.6769014091816,49.7414041100402],[37.67690606918159,49.74155825404015],[37.6769060731816,49.74155834604019],[37.676906076181595,49.74155846004009],[37.67690607918159,49.74155852004023],[37.6769060811816,49.741558576040084],[37.6769060871816,49.74155869604022],[37.6769141491816,49.74171278204012],[37.676922208181594,49.741866869040194],[37.6769222151816,49.741866969040174],[37.6769222191816,49.74186705504007],[37.6769222221816,49.74186709804019],[37.6769222251816,49.74186714104015],[37.6769222301816,49.74186722504019],[37.676933693181596,49.74202126704016],[37.6769451571816,49.74217531004016],[37.67694516418149,49.74217540604021],[37.67694516818159,49.742175466040166],[37.67694517618159,49.74217552804017],[37.67694518618159,49.74217565704017],[37.6769600421815,49.74232953504021],[37.6769748981815,49.742483412040166],[37.67697491118161,49.74248352904016],[37.6769749211816,49.74248363504018],[37.67697492918149,49.7424836870402],[37.67697493318159,49.742483741040196],[37.6769749431816,49.742483826040164],[37.6769931981815,49.7426375930401],[37.6770114531815,49.74279136004013],[37.6770114611816,49.74279141504012],[37.677011466181604,49.742791457040205],[37.6770114711815,49.74279149504022],[37.6775148891815,49.74271670604022],[37.6794183321813,49.74247069704006],[37.680602697181094,49.74200600804003],[37.681406373181,49.74140464204006],[37.682090640180995,49.74008677603995],[37.682118431180996,49.739788191039935],[37.682150824180994,49.73948979903996],[37.6821922081811,49.739158510039886],[37.6821941481811,49.73914486703987],[37.682194748181,49.739140076039874],[37.68220266018099,49.739084996039956],[37.682239263181,49.738827538039864],[37.68224285418099,49.73880516003987],[37.6822449441811,49.738790599039895],[37.6822724891811,49.73862043203985],[37.682298241181094,49.73845991803981],[37.6823005651811,49.73844698303991],[37.6823014471811,49.73844152203991],[37.6823371161811,49.73824359103985],[37.682362380181,49.738102999039924],[37.682339799181094,49.737978517039906],[37.682339411181104,49.73797637303987],[37.68221143418109,49.73727081903991],[37.6822056111811,49.73723762503986],[37.68220559218109,49.73723752203981],[37.6821445841811,49.73689003403989],[37.68214446618119,49.736889368039876],[37.6820634151811,49.73642769303988],[37.6820509641812,49.73635433203984],[37.6820509271812,49.73635412703985],[37.6819855101812,49.73596873303985],[37.6819853901812,49.7359679930398],[37.6819202411812,49.735584194039866],[37.6819016901812,49.73547101703984],[37.68190164118119,49.7354707150398],[37.68183575018129,49.735068746039765],[37.6818356831812,49.735068349039764],[37.68178191918129,49.734740350039715],[37.68175760718129,49.734586602039776],[37.68175755518129,49.734586267039745],[37.6816928171813,49.73417682503977],[37.6816927191813,49.73417621303977],[37.6816484391813,49.73389615203981],[37.6816116071813,49.73365532703972],[37.68161156118129,49.73365505203972],[37.6815724091814,49.73339908803976],[37.6815723921813,49.73339895903978],[37.68155097818129,49.733258999039755],[37.6815485191814,49.733242908039855],[37.6815412571814,49.73319399003986],[37.681458954181394,49.73263966003976],[37.6814588741814,49.73263910603977],[37.6814515051814,49.73258948103977],[37.68145091418139,49.732568687039745],[37.6794794761816,49.73252191603985],[37.6794794401816,49.7325219800398],[37.67947940418169,49.732522044039854],[37.67947933118159,49.73252216803985],[37.6794791961816,49.73252240003983],[37.6793763681816,49.7327017770398],[37.67927354018169,49.732881151039805],[37.679273387181595,49.732881420039824],[37.679273354181596,49.73288148003987],[37.67927332018169,49.73288154003988],[37.6792732531816,49.73288165603983],[37.679273121181694,49.73288189403987],[37.6792729791816,49.732882145039824],[37.679173241181694,49.73306225603977],[37.6790735011817,49.73324236703985],[37.6790733791817,49.73324258903983],[37.6790733441816,49.733242656039856],[37.67907330818169,49.73324272303982],[37.679073233181704,49.73324285403983],[37.679073090181696,49.73324312403981],[37.67907294418169,49.733243391039956],[37.67897631718169,49.733424200039906],[37.6788796881817,49.733605010039945],[37.6788795881817,49.733605198039946],[37.67887955318171,49.73360526603984],[37.6788795171817,49.73360533303994],[37.678879446181696,49.73360546703984],[37.6788793051817,49.73360573903983],[37.6788791691817,49.73360599803997],[37.678785668181696,49.733787475039875],[37.6786921661816,49.7339689500399],[37.6786920521817,49.733969176039935],[37.6786920171817,49.73396924403983],[37.67869198218169,49.73396931303994],[37.678691913181694,49.73396944803981],[37.6786917751817,49.73396972303992],[37.6786916521817,49.73396996703992],[37.6786012701817,49.734152126039874],[37.67851088618169,49.73433428403991],[37.67851077518169,49.73433451403996],[37.67851074718169,49.73433457403991],[37.6785107171817,49.734334633039936],[37.6785106571817,49.73433475203994],[37.6785105421817,49.73433499203989],[37.678510455181694,49.734335171039916],[37.6784231981817,49.7345180000399],[37.6783359421817,49.73470082803993],[37.6783358281817,49.7347010700399],[37.6783357971817,49.734701136039924],[37.6783357661817,49.734701202039915],[37.6783357031817,49.73470133403994],[37.6783355791817,49.734701600039905],[37.67833548218171,49.73470180703993],[37.67825138618169,49.73488523703994],[37.6781672891817,49.73506866503991],[37.678167176181695,49.73506891704001],[37.67816714918169,49.73506897703993],[37.67816712218169,49.73506903403997],[37.6781670691817,49.73506914904004],[37.67816705018169,49.735069199039884],[37.678167031181694,49.73506924303989],[37.6781669901817,49.735069334039935],[37.6781669251817,49.73506948204],[37.67810451218169,49.73521551803997],[37.67804209818169,49.73536155304],[37.6780420101817,49.735361765040004],[37.67804199418169,49.73536180604],[37.678041974181696,49.73536184704002],[37.67804194018169,49.73536192803998],[37.6780418741817,49.73536209103995],[37.6780418111817,49.73536224403986],[37.67798256918171,49.73550884004002],[37.67792332618169,49.73565543504],[37.6779232401817,49.735655656039995],[37.6779232241817,49.73565569304003],[37.677923208181696,49.73565573303998],[37.6779231771817,49.73565580903994],[37.67792311718169,49.73565596603997],[37.67792305618169,49.73565612203996],[37.67786699618169,49.73580325004003],[37.6778109371817,49.735950379040084],[37.6778108581817,49.73595059103995],[37.6778108311817,49.73595066503994],[37.677810802181696,49.73595073703991],[37.6778107481817,49.73595088503994],[37.6778106851817,49.735951059039905],[37.6777578191817,49.736098695039985],[37.6777049521817,49.73624632803994],[37.67770488518169,49.73624652004004],[37.6777048621817,49.73624658703989],[37.6777048391817,49.73624665304003],[37.6777047941817,49.736246786040056],[37.6777047441817,49.73624692704005],[37.677655090181695,49.73639501604006],[37.67760543618169,49.73654310603999],[37.6776053721817,49.73654330003999],[37.6776053561817,49.73654335003998],[37.6776053401817,49.736543399039995],[37.67760530718171,49.73654349704],[37.67760524418169,49.73654369604001],[37.6776051921817,49.73654385404002],[37.67755876418169,49.73669235504001],[37.6775123371817,49.73684085403999],[37.677512276181695,49.736841055039996],[37.6775122631817,49.73684109503997],[37.6775122511817,49.73684113404009],[37.6775122271817,49.736841213039966],[37.6775121791817,49.73684137503995],[37.6775121371817,49.73684151704005],[37.6774689161817,49.73699049203998],[37.67742569418169,49.73713946504005],[37.6774256541817,49.737139613040064],[37.677425636181695,49.73713967804004],[37.67742561718169,49.73713974204004],[37.677425581181694,49.73713987404007],[37.6774255381817,49.73714002804005],[37.677385567181695,49.73728932804006],[37.6773455971817,49.737438627040035],[37.677345545181694,49.73743882604],[37.6773455321817,49.73743887504001],[37.677345518181696,49.737438926040014],[37.6773454921817,49.73743902404002],[37.6773454421817,49.737439226040046],[37.67734540718169,49.73743935804003],[37.6773086731817,49.73758904404007],[37.6772719371817,49.73773872803998],[37.67727190718169,49.73773885204006],[37.6772718901817,49.737738929040056],[37.6772718721817,49.73773900204],[37.67727183718169,49.737739156040085],[37.6772718051817,49.73773929104012],[37.6772383201817,49.73788929704003],[37.677204836181694,49.73803930204002],[37.6772048201817,49.73803937304004],[37.677204805181695,49.738039444040034],[37.6772047961817,49.73803948703996],[37.677204787181694,49.738039530039984],[37.6772047681817,49.73803961603997],[37.6772047321817,49.738039791040094],[37.67720470118171,49.73803993804009],[37.677174479181694,49.738190210040045],[37.6771442571817,49.738340481040105],[37.677144224181696,49.73834065604009],[37.677144210181694,49.73834073304006],[37.6771441941817,49.73834080704005],[37.6771441661817,49.73834095704008],[37.6771441391817,49.73834110004007],[37.677117168181695,49.738491704040136],[37.6770901981817,49.73864230904007],[37.6770901811817,49.73864241304005],[37.67709017218169,49.73864246404005],[37.67709016218169,49.73864251404002],[37.6770901461817,49.738642618040046],[37.677090124181696,49.738642756040065],[37.6770664251816,49.73879357604011],[37.6770427281817,49.73894439504015],[37.6770427011817,49.73894457604002],[37.67704269318169,49.738944629040134],[37.6770426831817,49.738944680040085],[37.67704267018169,49.73894478904009],[37.6770426501817,49.73894492304015],[37.6770222241817,49.73909596604003],[37.6770017981817,49.73924701104012],[37.67700178218169,49.7392471390401],[37.67700177618169,49.739247192040104],[37.67700176818169,49.73924724504013],[37.6770017561817,49.73924735304012],[37.6770017341817,49.73924752404012],[37.67698459218169,49.739398703040166],[37.6769674501817,49.73954988204008],[37.6769674331816,49.739550052040194],[37.6769674271817,49.739550101040194],[37.6769674211816,49.73955015004011],[37.676967412181696,49.739550250040075],[37.6769673991817,49.739550387040076],[37.676953536181706,49.739701737040136],[37.6769396731817,49.73985308604007],[37.67693966318161,49.73985320704005],[37.6769396571817,49.73985327004018],[37.676939652181694,49.73985333404014],[37.676939642181694,49.739853463040156],[37.6769396331816,49.73985358804013],[37.676929055181596,49.74000505704012],[37.6769184781817,49.740156526040145],[37.6769184731817,49.74015661804011],[37.6769184691816,49.74015667804014],[37.67691846518169,49.74015673704016],[37.67691846118159,49.74015681004013],[37.676918458181696,49.7401568800401],[37.676918450181596,49.74015699304016],[37.6769119831816,49.740287391040056],[37.67690551418159,49.74041778804011],[37.67690550818169,49.74041791804015],[37.676905507181594,49.74041796004008],[37.6769055051816,49.74041800204013],[37.6769055011816,49.74041808204014],[37.6769054951816,49.74041824704011],[37.6769054911816,49.7404183470401],[37.67690145918159,49.74054881504016],[37.6768974261816,49.74067928304015],[37.6768974231816,49.74067942404009],[37.6768974231816,49.740679467040216],[37.67689742118159,49.74067950704006],[37.67689742018159,49.74067959404017],[37.676897418181596,49.74067973804006],[37.676895823181596,49.74081021704012],[37.676894228181595,49.74094069604017],[37.67689422718159,49.74094085104018],[37.67689422718159,49.74094091504014],[37.67689422518159,49.74094097704012]]]},"properties":{"pub_date":"2026-10-07"}},{"type":"Feature","geometry":{"bbox":[35.2129359434181,51.027254268608935,35.2701134997156,51.05258447288895],"type":"Polygon","coordinates":[[[35.2368566440623,51.05207584537373],[35.2384312390964,51.05200111503089],[35.2415614260297,51.051852560244534],[35.2456209709847,51.05165989920464],[35.2624555599724,51.0504611721746],[35.2673715633607,51.049937440169565],[35.26996374314349,51.0495668561685],[35.27001088582959,51.049549008918795],[35.2701134997156,51.04951016321913],[35.2683920120175,51.04783267759381],[35.26561833093099,51.046396646572894],[35.2628446583946,51.04424251178254],[35.258602570405,51.04167793538146],[35.2528920667784,51.0395235808476],[35.24864997908589,51.03870284743479],[35.2453868346035,51.037984695259084],[35.245386801515,51.03798464127362],[35.24371479751569,51.0353347381802],[35.2437147630721,51.03533468449416],[35.2425118793902,51.03382181384121],[35.2425118517818,51.033821771847016],[35.24177675195,51.032392898058774],[35.2417767211,51.03239284263706],[35.24124211526149,51.03134219490227],[35.2400391936096,51.03075379291066],[35.24003915558481,51.03075374095801],[35.2394158867448,51.030085071905816],[35.2384287382116,51.02967138508004],[35.2379471833393,51.03004995746406],[35.2372549492828,51.03035281181426],[35.2356296991169,51.030655664969494],[35.2346966872549,51.03040959792163],[35.2337937722181,51.03023924196602],[35.2330413405319,51.03025817043154],[35.2322287165709,51.03006888534203],[35.2322286799148,51.0300688330871],[35.231693481623,51.02941856003835],[35.2313857807778,51.029185339712875],[35.23138573248449,51.0291852937964],[35.2311727523175,51.02898684209929],[35.23117271803199,51.028986804406756],[35.23121016730119,51.02864205213615],[35.231117511052496,51.02825742403827],[35.2311174888601,51.028257367650056],[35.23118121441459,51.02801291876331],[35.2310934334369,51.0276406628339],[35.2307440374593,51.02743251807304],[35.23051584354919,51.027407975810284],[35.22976363995589,51.0273760046247],[35.22944852919299,51.027401578562085],[35.2289528122059,51.027254268608935],[35.2267989532627,51.02889025234614],[35.2262037543555,51.029285353696196],[35.225063037304,51.02978444679769],[35.2248812530671,51.030085938515775],[35.2248935555785,51.03010169390439],[35.2248935945606,51.03010174753229],[35.2248956167574,51.03010433078591],[35.224908542832,51.03012087825896],[35.2249085818141,51.03012093188692],[35.22500319489169,51.03024205408104],[35.2250182757769,51.03026135921116],[35.22501831622229,51.03026141534476],[35.2250239757088,51.03026865432396],[35.225344109353195,51.03067849949044],[35.2253441401495,51.030678541724455],[35.2253441418657,51.03109443979025],[35.22484814604079,51.03152074198744],[35.2240876434394,51.031749440579844],[35.2233933441045,51.03169744090537],[35.223161869397295,51.03199891390167],[35.2233009293922,51.032069553257045],[35.224021508373,51.03243558650428],[35.2240215428948,51.032435643001634],[35.2240432653363,51.03247151181478],[35.2240709926982,51.03251729456198],[35.2240710272202,51.03251735105939],[35.224101375587296,51.0325674649694],[35.224137315927,51.032626811730715],[35.2241373494737,51.03262686655757],[35.2241537104484,51.03265388633549],[35.2241537449706,51.0326539428329],[35.2225501481201,51.03313224477599],[35.2224509612382,51.033329718220905],[35.2225414247839,51.03339211746476],[35.2229634117922,51.033683185064646],[35.2235751127865,51.03391188727635],[35.2235751541049,51.033911942275395],[35.223725049747394,51.034083804709525],[35.2237250957354,51.03408386245002],[35.223784216911795,51.03415164878341],[35.2237842614368,51.03415170401827],[35.2238467909526,51.03422339337317],[35.223846833143206,51.034223447237174],[35.22385620759,51.03423419457392],[35.223856247342,51.03423424426154],[35.223790047978,51.03470204491537],[35.2233767454338,51.034702042553405],[35.222946944061,51.03444214387751],[35.2223683490169,51.03423424549008],[35.221822745068394,51.03437984299442],[35.2212606503824,51.03492044383295],[35.2213753006413,51.03509244188233],[35.221375338368,51.035092498616336],[35.221450671813194,51.035205508421164],[35.2214507076932,51.03520556461944],[35.2216779079294,51.03554639526444],[35.22167794332229,51.0355464506275],[35.2219446176678,51.03594649446063],[35.2219446530613,51.03594654982353],[35.22241791163509,51.03665649285867],[35.2224179450789,51.03665654488029],[35.2223683483717,51.03713474178642],[35.22188884740451,51.03720754611646],[35.2214161307025,51.03681878588815],[35.2212441452543,51.03667734379264],[35.221244144984595,51.03667731179772],[35.22124411578591,51.036677288066095],[35.2212284352465,51.036292023980124],[35.22122761855069,51.036271841982824],[35.2207647463587,51.03620954270423],[35.219342949101595,51.036625345661434],[35.21816914647389,51.03735304616652],[35.218069954469,51.03773759776767],[35.2186981139022,51.037955886860836],[35.2200703143304,51.03786238713029],[35.2209134112017,51.03810148639519],[35.220913451265105,51.03810154449991],[35.22094582958079,51.038141123862836],[35.2209458713875,51.038141179697746],[35.2210603599396,51.038281129389524],[35.2211173565398,51.03835080436441],[35.2211173978593,51.03835085936397],[35.2211308111546,51.03836725185401],[35.2211387327268,51.038376937595835],[35.221138775893394,51.038376993131045],[35.2211670269097,51.03841152122641],[35.22121100438391,51.038465289090446],[35.22121104521591,51.038465343254806],[35.2207647478126,51.03867324594351],[35.2189131456055,51.039161845153785],[35.21815264737539,51.03956724571617],[35.21808644784889,51.03991029382386],[35.218615511991594,51.04006618563001],[35.2186155560283,51.04006624003109],[35.21934290054659,51.0407418901856],[35.219342917128095,51.04074191858457],[35.2193429340936,51.04074194501347],[35.2194751221331,51.04128238636409],[35.21947514529279,51.04128244442432],[35.21904534613909,51.04177094262445],[35.21884721336879,51.04180989794015],[35.2166872228262,51.04159407513143],[35.2164397186721,51.041867307399954],[35.2161865154432,51.04236749829755],[35.2152883342468,51.043362487108375],[35.2141762933049,51.04379274545406],[35.2134491924097,51.04441123632151],[35.2129359434181,51.04502971769859],[35.2129965926423,51.045805309221336],[35.220653876708795,51.05016620293425],[35.2212386495681,51.05049921789104],[35.2214215547907,51.050376759463276],[35.22170558388369,51.05039515505994],[35.22197530605969,51.05050900667976],[35.222116995803,51.05070858019151],[35.2221929260446,51.05111167179088],[35.22221250514111,51.05152058832703],[35.2222168310434,51.05161093810667],[35.2222761838279,51.05206193686668],[35.2223990183189,51.05226186920985],[35.22263330908379,51.05242398591337],[35.2240261180533,51.052337988298746],[35.22540689927,51.052394980888394],[35.22597612526909,51.05245552626702],[35.2260721637239,51.05253134958539],[35.2261394499277,51.05258447288895],[35.23317148125529,51.052250738646464],[35.2350997102646,51.05215922633301],[35.2368566440623,51.05207584537373]]]},"properties":{"pub_date":"2026-10-07"}},{"type":"Feature","geometry":{"bbox":[37.0578196593213,48.28274260101689,37.106423846316595,48.32838860501891],"type":"Polygon","coordinates":[[[37.0649829523225,48.28274260101689],[37.065404842322394,48.28316970301679],[37.0658660603223,48.28367046101688],[37.0662301803223,48.28463965501693],[37.0659388843222,48.286158020017034],[37.0655990383222,48.28787016701699],[37.0651329673222,48.28996278401713],[37.06469796632211,48.29239189601728],[37.063874123321995,48.29665734101746],[37.06381916832199,48.2969019270175],[37.063738687321994,48.29724441801749],[37.0628680953219,48.30216192201765],[37.0622734123218,48.30541916801794],[37.0623681493218,48.305727649017946],[37.0624241843218,48.30583907401786],[37.06242524232181,48.305841180017836],[37.0624261823218,48.30584304901798],[37.062426959321805,48.30584459601789],[37.06242793532181,48.30584653401794],[37.0624769973218,48.30594409301788],[37.0626564453217,48.306108207017935],[37.06265644632169,48.30743179101793],[37.0625923603217,48.30793332001798],[37.0618893263217,48.308218078017944],[37.0610499443218,48.308690532018],[37.0604805333219,48.3093601020181],[37.0600885043219,48.30993122701816],[37.0597125593219,48.31076763301823],[37.05938840032189,48.3114226930182],[37.059051393322,48.31219382201822],[37.058979330321904,48.31273755201831],[37.058842901321896,48.31350361101829],[37.0588259083218,48.314487862018424],[37.0588394103218,48.31545545901843],[37.0589903123218,48.31602785101836],[37.0592342603217,48.31659105301843],[37.05953104332169,48.317093929018384],[37.0597592763216,48.31739441301847],[37.060167126321595,48.317655477018405],[37.0605378843215,48.31783168101851],[37.06094965032139,48.3179435240183],[37.0614136123213,48.31800523001835],[37.0620051623213,48.31801294401832],[37.062793681321196,48.31796509001833],[37.0631244703211,48.31793195401833],[37.0634666443211,48.31785482001832],[37.06356638632109,48.31785398201829],[37.0636600573211,48.31787294001833],[37.063751875321,48.31795766701835],[37.06373743632109,48.31804356001825],[37.063591832320995,48.31874960501831],[37.062643604321,48.3207169080185],[37.0599885663212,48.32434865201866],[37.0578196593213,48.32838860501891],[37.06772739032029,48.32215744501829],[37.06855793732019,48.3216350670182],[37.07139521432,48.319850489018016],[37.0721201713199,48.319493176018],[37.0752281033195,48.31796135801773],[37.0752273133195,48.317955659017834],[37.0752265743196,48.31795039501787],[37.07522656431949,48.31795036001777],[37.0753272423195,48.31791250901776],[37.0763243503194,48.317421050017714],[37.0767834373193,48.317276684017735],[37.076973208319295,48.31721700701775],[37.0773401133193,48.317101630017675],[37.0773404043193,48.317101473017686],[37.0795884543191,48.31588449001752],[37.079856101319,48.315714974017496],[37.080358590319,48.31543320201749],[37.080359005319,48.315432971017465],[37.0814887443189,48.31527263101742],[37.0814937223189,48.31527219301745],[37.0827888263187,48.315152013017325],[37.0838010743186,48.3150689770173],[37.08380503931849,48.315068627017325],[37.0838054693185,48.315068474017245],[37.085726508318295,48.314389767017175],[37.08663904531821,48.314067364017085],[37.0893720633179,48.31310176301702],[37.0902194873178,48.31275679401692],[37.090219553317795,48.31275677001699],[37.0904782073178,48.312646183017],[37.0906721963177,48.3125202390168],[37.09078304731779,48.312412725016856],[37.0908792603178,48.312260964017],[37.0909194233178,48.3121397650169],[37.0909493253178,48.31205332101693],[37.0909869733177,48.31198069701685],[37.0910779903177,48.311907868016874],[37.0912264533177,48.31182907701684],[37.0913465413177,48.31177378301688],[37.0915674673177,48.311685930016914],[37.0918943153176,48.31156012601682],[37.092167522317595,48.311472862016835],[37.092421714317595,48.31141180301682],[37.09257833931759,48.31137418001677],[37.0926856143176,48.31135873501682],[37.0928021923175,48.311367509016776],[37.0929530163175,48.31136777201669],[37.0931596783175,48.31134699901675],[37.0933585103175,48.31131777901676],[37.0943210533174,48.310917111016664],[37.0945231263174,48.31079231501671],[37.0947021353173,48.3106645110167],[37.094970572317294,48.31046112001673],[37.09533863331729,48.31022112601657],[37.0965510703171,48.30942433101653],[37.098030532317,48.30855642401646],[37.098234585317,48.30850858701647],[37.0984186123169,48.30848570001641],[37.0986812053169,48.30850214501643],[37.098889949316906,48.30854257601635],[37.0990269463168,48.30855874801637],[37.09911878031679,48.30856409401637],[37.09919030731681,48.308565959016484],[37.09940635831679,48.30855437001636],[37.099580906316795,48.30854182101637],[37.09973725431679,48.30851771801635],[37.0998519963167,48.308484218016304],[37.0999851513167,48.308425776016406],[37.1000730533167,48.308363887016334],[37.100114137316694,48.3083269500163],[37.100142383316694,48.308271891016346],[37.10015500681669,48.30821816051635],[37.1001580763167,48.30760747301629],[37.1000535473167,48.307412817016335],[37.1000331883168,48.30737491001628],[37.1000331743168,48.30737488301634],[37.0999400623168,48.30720148601626],[37.0999262233168,48.307175717016364],[37.09989873531679,48.307124529016335],[37.0997818893168,48.30690692901625],[37.0997818603168,48.30690690501629],[37.099110912316895,48.306420373016316],[37.099110890316894,48.306420347016314],[37.098325862317,48.30600952601627],[37.0968006043173,48.305514923016396],[37.093152573317795,48.30405320001646],[37.0931525573178,48.30405317101652],[37.0931437203178,48.304036162016516],[37.093138376317896,48.30402587301652],[37.0931382763178,48.304025682016515],[37.0931380723178,48.304025349016534],[37.093138026317796,48.30402527101651],[37.09311408031779,48.30398625301646],[37.0930899583178,48.303946946516476],[37.093089862317896,48.30394679701642],[37.0930730913179,48.3039232470165],[37.0930624643178,48.30390831701649],[37.0930351473178,48.303869970016464],[37.09303511231789,48.30386992201646],[37.0930350253179,48.30386980001649],[37.0930350013178,48.303869772016455],[37.0930349563179,48.30386971201648],[37.0930347843179,48.303869504016454],[37.0930347373179,48.30386944401648],[37.0930044733179,48.303832361016475],[37.0929739143178,48.30379492101643],[37.0929151153179,48.30373143501654],[37.09290672231789,48.30372237801653],[37.09290664931789,48.30372230401655],[37.0928336523179,48.3036524030165],[37.0927549223179,48.30358519501647],[37.0927548963179,48.303585174016504],[37.0926707683179,48.30352096101649],[37.0926707413179,48.30352094001644],[37.0925814493179,48.30345989101644],[37.092581421317895,48.30345987101656],[37.0924872273179,48.3034021720165],[37.0924872033179,48.30340214701655],[37.09238838031799,48.303347983016536],[37.092285222318,48.30329747701652],[37.092178052318,48.303250813016454],[37.092067196318006,48.30320812501647],[37.09195299031799,48.30316954901653],[37.091835767318,48.30313519901646],[37.0917158963181,48.30310517501644],[37.0915937283181,48.303079570016585],[37.091469630318095,48.30305846001654],[37.0913439823181,48.303041908016546],[37.0912171603181,48.30302996701649],[37.09108953931819,48.30302267201649],[37.09096151431811,48.30302004101652],[37.09084567531819,48.303021689016525],[37.09073011431819,48.30302715201663],[37.0906150943182,48.30303642601655],[37.090500913318195,48.30304948101651],[37.0903878443182,48.30306628501651],[37.090276169318294,48.30308681001656],[37.0901778593183,48.30310985501652],[37.090077473318296,48.30312850401665],[37.089975437318294,48.30314267401654],[37.0898734853183,48.30315222001653],[37.08977080631829,48.30315729401668],[37.08975715831829,48.30315736501656],[37.0897557093183,48.303157384016544],[37.0896764173183,48.303157831016655],[37.0896755293183,48.30315782401656],[37.0896678533183,48.30315787401658],[37.0895650663184,48.30315396101664],[37.0894628813183,48.30314557101667],[37.0893617443184,48.30313273901664],[37.089262091318396,48.30311551901666],[37.0891643543184,48.30309399001653],[37.08906895431841,48.30306823701666],[37.08897629431839,48.3030383790166],[37.0889706643184,48.303036252016646],[37.08894957831839,48.30302828101662],[37.0889416913185,48.30302530401666],[37.08889637331849,48.30300816601662],[37.08889602331839,48.30300803401677],[37.0888867833184,48.3030045420166],[37.0888007923184,48.302966870016704],[37.08871871531839,48.30292552501668],[37.088640888318494,48.30288069101656],[37.0885676503185,48.3028325520167],[37.0884993203185,48.30278132301664],[37.0884648433185,48.302751779016646],[37.0884516993185,48.302740512016626],[37.08843618931849,48.30272722201662],[37.08843615331849,48.302727186016604],[37.0884170513185,48.302708422016714],[37.08837983331849,48.30267185501661],[37.0883798023185,48.30267181901663],[37.0883289213185,48.3026142040166],[37.08832889231849,48.302614165016585],[37.08828367231849,48.30255449701672],[37.0882836473185,48.30255445801669],[37.0882442623185,48.302492995016664],[37.0882442423185,48.30249296101661],[37.088210850318596,48.30242993001665],[37.08821543431859,48.30241735401662],[37.0882108363185,48.3024086750166],[37.088210816318494,48.30240864201662],[37.0882347963186,48.30234284901661],[37.088265243318496,48.302278256016564],[37.0883020193185,48.30221514001656],[37.0883449783186,48.30215376801656],[37.0883939093185,48.302094418016665],[37.08844862331849,48.302037337016635],[37.0885088763185,48.30198278001661],[37.088574397318496,48.30193098301655],[37.0886449073185,48.301882174016576],[37.0887201033185,48.30183655901658],[37.0887996513185,48.30179434001657],[37.088883213318496,48.30175569901662],[37.088970414318496,48.30172080701652],[37.089060889318496,48.30168981401647],[37.0891542333185,48.30166285601662],[37.089250047318494,48.30164004701658],[37.0893479173185,48.3016214840166],[37.0894474063184,48.30160725801647],[37.0895480883184,48.30159742201646],[37.08964953231839,48.301592022016564],[37.08965844731839,48.30159193801647],[37.0896587653184,48.30159164101659],[37.0897512153184,48.30159096701648],[37.089852747318396,48.301594480016526],[37.08985285531839,48.30159448501647],[37.0899539123184,48.3016024470165],[37.0899587803183,48.30160283201648],[37.09004928231839,48.30160895101648],[37.0901397833183,48.301615070016645],[37.090144744318295,48.30161534901651],[37.09014496031829,48.301615363016516],[37.09015013731829,48.301615650016515],[37.090240673318306,48.30161964701652],[37.09033121131829,48.301623644016495],[37.090336338318295,48.301623811016505],[37.0903365703183,48.301623821016484],[37.0903418863183,48.30162399201654],[37.09043253531829,48.30162587501652],[37.09052318631829,48.3016277620165],[37.0905285093183,48.301627812016484],[37.0905286123183,48.30162781301648],[37.0905339333183,48.30162785901651],[37.090715094318206,48.30162740401651],[37.0907205383182,48.3016273290165],[37.0907206823182,48.30162732701649],[37.090726138318196,48.30162724601649],[37.0908164483183,48.30162491401649],[37.0909067613182,48.301622583016496],[37.09091242631819,48.30162237301649],[37.0909126673182,48.30162236301647],[37.0909182513183,48.301622152016506],[37.0910082163182,48.30161772601649],[37.09109818031819,48.30161330201648],[37.0911039353182,48.301612953016516],[37.0911041293182,48.301612940016426],[37.0911098493182,48.30161258901647],[37.09119949431819,48.30160607401651],[37.0912891353182,48.301599557016495],[37.091294831318194,48.30159907801637],[37.09129490631819,48.30159907101652],[37.0913005923182,48.30159858801642],[37.0913898023182,48.30158999401651],[37.09147901131819,48.301581397016484],[37.09148488031819,48.301580764016485],[37.0914851123182,48.3015807390165],[37.0914908823181,48.30158011101653],[37.0915794573181,48.30156945701647],[37.09166803131809,48.30155880401648],[37.0916738473181,48.301558036016516],[37.0916740533181,48.30155800801647],[37.091679811318095,48.301557243016404],[37.0917676693181,48.301544549016484],[37.091855525318095,48.30153185401645],[37.0918609983181,48.301530998016474],[37.0918615133181,48.30153092001649],[37.0918672393181,48.30153002101647],[37.0919545893181,48.30151525101645],[37.0920419383181,48.3015004790165],[37.0920476163181,48.30149945101647],[37.09204778831809,48.3014994180165],[37.0920534203181,48.30149839401644],[37.0921397733181,48.30148163201637],[37.092226126318,48.301464868016424],[37.0922319603181,48.30146366501644],[37.0922321963181,48.30146361501637],[37.09223790431809,48.301462432016464],[37.0923232863181,48.301443675016436],[37.0924086693181,48.301424919016426],[37.092414306318,48.30142360901636],[37.0924144633181,48.301423571016464],[37.092420035318,48.30142227301647],[37.092504468318,48.30140151701631],[37.0925889003181,48.301380761016404],[37.09259443331799,48.30137933101635],[37.092594577317996,48.30137929101646],[37.092600064318,48.301377866016416],[37.092683302317994,48.30135517001646],[37.092766540318,48.30133247501642],[37.092772117318,48.301330881016405],[37.092772329318,48.30133081901644],[37.092777811318,48.301329247016405],[37.092859712318,48.30130465401639],[37.092941613318,48.30128006101641],[37.092947143318,48.30127832601629],[37.092947314318,48.30127827001638],[37.092952762318,48.301276554016404],[37.093033394318,48.30125004401641],[37.093114026318,48.3012235330164],[37.093119297318,48.30122172601638],[37.093119758318,48.30122156501638],[37.0931246903179,48.30121986901639],[37.0932038863179,48.30119149301635],[37.09328308331789,48.30116311701636],[37.093288301317905,48.30116117001634],[37.093288363318,48.30116114901637],[37.093288577318,48.301161067016416],[37.0932936383179,48.30115917501638],[37.09337134831801,48.30112895001634],[37.09344905731789,48.30109872601637],[37.0934541393179,48.30109667201633],[37.093454335317894,48.301096590016385],[37.0934592913179,48.30109458201632],[37.0935354553179,48.30106252801632],[37.0936116183179,48.3010304740163],[37.09361642131789,48.30102837501633],[37.0936164843179,48.3010283470163],[37.09362124731789,48.301026261016304],[37.0936957983179,48.30099239701631],[37.09377034731789,48.30095853201631],[37.0937750063179,48.30095633801631],[37.09377511831789,48.30095628501633],[37.0937796643179,48.30095413801628],[37.09385243931789,48.30091853301628],[37.09392521631789,48.30088292701641],[37.0939297043179,48.300880652016254],[37.0939299053179,48.30088054801627],[37.0939342363179,48.30087834901633],[37.0940051213179,48.30084105401628],[37.0940760083179,48.30080376101624],[37.0940803223178,48.30080141001633],[37.0940804283179,48.30080135101634],[37.09408464531789,48.30079904901639],[37.094153647317796,48.300760057016255],[37.0942226513178,48.3007210640163],[37.094226678317796,48.30071870801635],[37.0942267693178,48.30071865601634],[37.094230671317796,48.300716368016346],[37.0942977773178,48.30067567101631],[37.0943648823178,48.30063497601633],[37.0943685923178,48.300632648016276],[37.0943687603179,48.300632538016295],[37.0943723373178,48.300630290016336],[37.0944373213178,48.300588018016306],[37.09450230631779,48.30054574401639],[37.09450588931781,48.300543334016275],[37.09450604631779,48.3005432260163],[37.0945095043178,48.30054089501631],[37.09457229031779,48.30049708601629],[37.0946019623178,48.3004763850163],[37.0941079893179,48.300533040016276],[37.0935592473179,48.300533039016265],[37.092937329318,48.30044786201636],[37.0926080753181,48.300326182016335],[37.0920410413181,48.300070651016426],[37.092041017318195,48.300070624016364],[37.0920409863181,48.30007058601631],[37.0918398363182,48.29982727801637],[37.09183982131821,48.29982723801642],[37.0918373743182,48.299814220016394],[37.09182153631819,48.29972994501643],[37.09182153231819,48.299729913016456],[37.09182373031819,48.29972042001647],[37.09182152431819,48.29970869101641],[37.0918215163182,48.29970865701632],[37.0918214953182,48.299708624016354],[37.0918580783182,48.299550437016386],[37.09201298331819,48.29939242901645],[37.0920135223182,48.29939192601637],[37.0921324753182,48.299270609016276],[37.0925166003182,48.29906374801626],[37.09557128031779,48.29785903401621],[37.1058844703167,48.29300223101546],[37.1063122573166,48.29258367901546],[37.106423846316595,48.29205273401548],[37.106169998316695,48.29123238901543],[37.10616998331669,48.29123236401542],[37.1056569383168,48.290622806015406],[37.1056568853168,48.29062275301541],[37.104704105317,48.28976937101551],[37.104704082317,48.289769347015515],[37.10309884331719,48.28874983001551],[37.1030987613173,48.288749783015454],[37.1030916133172,48.28874524301546],[37.1008554253175,48.28757999701553],[37.1008103053176,48.287556484015525],[37.0994463253178,48.28706649601554],[37.0964650633182,48.286324296015636],[37.0918408183188,48.28550200701586],[37.0815130903203,48.28421791601612],[37.075826277321,48.28397738601648],[37.07144217632159,48.28415599801675],[37.0690460583219,48.284063215016765],[37.0667006143223,48.28359986601685],[37.0649829523225,48.28274260101689]]]},"properties":{"pub_date":"2026-10-07"}},{"type":"Feature","geometry":{"bbox":[37.0214122313257,48.33683329802071,37.03942138432329,48.345449370020674],"type":"Polygon","coordinates":[[[37.0331422133238,48.345449370020674],[37.0363718663234,48.344028539020435],[37.0365529083234,48.34363093002042],[37.03702471932339,48.34287573702036],[37.037120228323396,48.342722861020405],[37.0377685963234,48.34169164402026],[37.0384748513233,48.3408220200203],[37.0389763263233,48.34031104302011],[37.0393734483233,48.339538720020144],[37.03942138432329,48.33920020602015],[37.0393096973233,48.3390294380202],[37.0389834483234,48.33880231502022],[37.0383770283234,48.33864442602017],[37.034421462324,48.337928272020356],[37.02827719332479,48.337336160020584],[37.0228817413255,48.336851328020856],[37.0224508933256,48.33683329802071],[37.021997861325694,48.33683952002078],[37.02169926632569,48.33688598102088],[37.02157886032569,48.33694316102088],[37.0215127913257,48.3370534570209],[37.021468277325695,48.33719594002088],[37.0214484263257,48.33730390202086],[37.0214122313257,48.33755054902083],[37.0214614543257,48.33773108502084],[37.0216038143257,48.3378035270209],[37.02180035232559,48.33789010902087],[37.0223132513255,48.33803715802091],[37.0227831313255,48.33812280902084],[37.0237898813254,48.338216764020764],[37.02933615732459,48.33860650802054],[37.031414712324306,48.338891494020416],[37.032383430324195,48.33913274902039],[37.0331022213241,48.33952304402045],[37.033715693324,48.33994570602034],[37.03404435232391,48.34035907802038],[37.0342202183239,48.34091296402046],[37.034227131323796,48.341728860020446],[37.03398322032379,48.34280877902052],[37.033676041323794,48.343773277020595],[37.0331422133238,48.345449370020674]]]},"properties":{"pub_date":"2026-10-07"}},{"type":"Feature","geometry":{"bbox":[35.0350606619472,51.108907265776814,35.0446277377016,51.11745941807108],"type":"Polygon","coordinates":[[[35.04330140547219,51.111869990438656],[35.0433589877925,51.11184949518654],[35.0434168450995,51.111828904988236],[35.0434727401798,51.11180661932302],[35.04352886236159,51.111784243518784],[35.04358292745539,51.11176022310826],[35.0436371804277,51.1117361164165],[35.0436892788192,51.111710419379904],[35.0437415270231,51.11168464720227],[35.0437915253952,51.111657337510394],[35.0438416346366,51.111629964951725],[35.04388941066879,51.11160110699985],[35.0439372620245,51.11157220430698],[35.043982687741,51.111541871261956],[35.0440281600496,51.11151151011344],[35.0440711263484,51.111479778555136],[35.0441141064204,51.111448036424],[35.0441545001134,51.11141498382559],[35.04419488487869,51.111381939742856],[35.0442326062007,51.111347648181294],[35.044270291022094,51.11131338905579],[35.0443052421506,51.11127794395187],[35.0443401378679,51.11124255425448],[35.04437222885961,51.11120604401779],[35.0444042501033,51.11116961210109],[35.0444333988935,51.11113212813027],[35.0444624650553,51.11109474790035],[35.04448859688,51.111056380941456],[35.04451464019569,51.11101814726711],[35.044537686507105,51.110978996127514],[35.0445606410622,51.1109400044155],[35.0445805450935,51.11090016438762],[35.0446003551848,51.1108605144073],[35.044608254366594,51.110820001613874],[35.044614853972895,51.110786156869985],[35.0446166376605,51.110775193500174],[35.0446207243713,51.1107387733176],[35.0446247294208,51.11070310659354],[35.0446255043167,51.11069112213045],[35.0446277377016,51.110616899435726],[35.0446276740209,51.11061494853764],[35.04462564095069,51.110575751715544],[35.0446238729708,51.11054172831532],[35.0446230014438,51.110531020867114],[35.0446180696842,51.1104942740925],[35.0446133967573,51.1104594440693],[35.0446110556564,51.11044640049489],[35.0446038330802,51.11041314837858],[35.0445953826196,51.110374233297854],[35.0445937165797,51.11036825724749],[35.0445829671292,51.11033258994918],[35.0445728664213,51.11029907731275],[35.04456961815029,51.110289213942046],[35.0445555260206,51.11025281114505],[35.0445427039713,51.11021969698312],[35.04453686486129,51.110206187311924],[35.0445215813582,51.11017402521193],[35.04450421592139,51.11013747458522],[35.04449956197929,51.11012883470934],[35.044481227424,51.11009643949883],[35.0444629108472,51.11006407521406],[35.0444577823859,51.110055432547405],[35.0444345671593,51.110020260404],[35.0444142834584,51.109989530468276],[35.0444048247979,51.10997615204203],[35.04438172394269,51.10994568986041],[35.0443563473172,51.109912224641675],[35.0443479779839,51.10990210651067],[35.0443228487751,51.10987293506913],[35.0442963092817,51.10984212474891],[35.044290208351796,51.10983526934705],[35.0442580690866,51.10980215469027],[35.04423113456559,51.10977440423293],[35.0442181078559,51.10976166101954],[35.0441875971291,51.10973358210393],[35.04415535952659,51.109703919328304],[35.0441426056595,51.109692976774966],[35.0441115838832,51.10966736893972],[35.0440766364389,51.109638518438516],[35.0440708474437,51.109633856408244],[35.0440302499453,51.10960369683227],[35.04399753436249,51.10957939519398],[35.0439812378145,51.1095678088531],[35.0439438069676,51.10954273994957],[35.043905867234095,51.10951733384696],[35.04388889305079,51.10950665656278],[35.0438525941714,51.10948472559929],[35.04380881741359,51.10945827541869],[35.04380577721499,51.10945647637359],[35.04365821475259,51.10939387935228],[35.04365774218161,51.1093936868116],[35.0436575264186,51.109393595477854],[35.0436574257787,51.109393554351634],[35.0436573269866,51.109393513763756],[35.0436571257996,51.109393434316836],[35.04365689398399,51.10939334177981],[35.0436564835479,51.10939317428581],[35.043506109664094,51.10933439366565],[35.0435056816071,51.10933423284586],[35.0435054637901,51.1093341485539],[35.0435054109875,51.109334129003926],[35.043505358185,51.10933410945395],[35.043505253065,51.10933407119004],[35.0435050440948,51.109333991559126],[35.04350479495739,51.10933390092125],[35.04350430485869,51.10933371785991],[35.043349801262,51.10927823623091],[35.043192132617996,51.10922637976425],[35.0431916120366,51.10922621560446],[35.0431912790562,51.10922610748617],[35.0431911741223,51.10922607483281],[35.04319106967349,51.10922604301543],[35.0431908607761,51.10922597938051],[35.0431906042274,51.10922589977994],[35.0431901521085,51.10922575834323],[35.043030351428996,51.10917788631843],[35.043029884022,51.10917775292981],[35.0430296151171,51.10917767320204],[35.0430295596824,51.10917765705254],[35.0430295042476,51.10917764090302],[35.0430293925006,51.10917760973753],[35.0430291703692,51.10917754710901],[35.0430289325777,51.10917748130763],[35.04302839728639,51.109177328837156],[35.04286504679249,51.10913301432832],[35.0426991973459,51.10909252041422],[35.0426986335121,51.10909239018869],[35.04269825302589,51.10909229809644],[35.0426981862049,51.1090922834918],[35.0426981212317,51.10909226942551],[35.0426979907073,51.10909223765135],[35.0426977279963,51.109092179175825],[35.0426973818339,51.10909210125062],[35.0426968963932,51.10909198969572],[35.0425298095982,51.109055643628984],[35.0425293116873,51.10905554233221],[35.042529018627,51.10905547918201],[35.042528945385094,51.10905546409575],[35.042528872143194,51.109055449009574],[35.0425287242967,51.10905541913491],[35.0425284290888,51.109055360221255],[35.04252803301469,51.109055280951985],[35.042527453108,51.10905516271341],[35.0423573786445,51.10902258099425],[35.04218550260861,51.10899396608801],[35.0421849038829,51.108993873621536],[35.04218451702749,51.108993810234104],[35.042184445334,51.10899380046095],[35.04218437403281,51.1089937887183],[35.042184232885894,51.10899376774075],[35.0421839477741,51.10899372357554],[35.0421835671326,51.10899366824976],[35.04218305439791,51.10899358902728],[35.04201064349609,51.108969173829685],[35.042010118776,51.10896910570117],[35.042009796109,51.10896906031874],[35.0420097179946,51.108969050064054],[35.0420096398802,51.10896903980925],[35.0420094854991,51.10896901983813],[35.0420091744968,51.10896898132706],[35.04200878401739,51.108968932858886],[35.0420081752471,51.108968854830145],[35.0418334467492,51.108948382535665],[35.0416576330882,51.108931976737665],[35.041657007831,51.108931925855224],[35.041656548062996,51.108931884983384],[35.0416561948183,51.10893185569701],[35.0416558430291,51.10893182891847],[35.0416554219721,51.10893179654616],[35.041654888941,51.10893175377863],[35.041479459224995,51.10891957020948],[35.0414789219918,51.108919538719654],[35.0414784827352,51.10891950937956],[35.0414783988706,51.10891950508986],[35.0414783131581,51.108919500261734],[35.0414781430959,51.10891949030793],[35.0414778053043,51.108919471774506],[35.0414774208111,51.10891945213795],[35.041476788719194,51.108919415933755],[35.0412995321328,51.108911298810035],[35.0411219210711,51.108907295779126],[35.041121277157195,51.108907289469734],[35.0411208422452,51.10890728084302],[35.0411204591858,51.10890727690425],[35.04112007797409,51.10890727350383],[35.0411196190191,51.108907271069754],[35.0411190739591,51.108907265776814],[35.040942710113,51.10890743298317],[35.0409421640611,51.108907439208664],[35.0409417112271,51.10890744203034],[35.0409413211472,51.108907447159275],[35.0409409324299,51.10890745199066],[35.040940458763394,51.10890746124565],[35.04093981210231,51.10890746872164],[35.0407623300868,51.10891180469346],[35.0405852238817,51.10892024876668],[35.0405845750288,51.10892028685958],[35.0405840712685,51.10892031304595],[35.0405836977966,51.10892033621015],[35.04058332159929,51.1089203599695],[35.040582907061605,51.108920386450386],[35.0405823563924,51.108920419113446],[35.04040703101081,51.10893293193695],[35.0404064784716,51.10893297725193],[35.040406075505594,51.10893300779843],[35.0404057059142,51.10893303764957],[35.040405334567694,51.1089330697678],[35.040404873883894,51.108933111977045],[35.0404042259789,51.108933164932075],[35.040228595426996,51.10894989311007],[35.03981749821239,51.108985363494064],[35.0394064013188,51.10902083413301],[35.0385832949206,51.10908746314417],[35.037759330766,51.109149775803814],[35.03734694476859,51.109178770708944],[35.03693456699249,51.10920776604437],[35.0363103198804,51.10924874876806],[35.03568567834089,51.10928725882361],[35.0353731713897,51.10930527414093],[35.0350606619472,51.10932329007063],[35.03512634284429,51.109447713945805],[35.03532063297789,51.109815768854126],[35.0352301673726,51.11368073186218],[35.035209343945596,51.11457017017146],[35.0351996089078,51.11498608346003],[35.03525418550699,51.116152077246724],[35.0352731773234,51.11655782349903],[35.0352731926515,51.116558178057524],[35.03530365605629,51.117208959949345],[35.0353107862671,51.11745941807108],[35.0353108159789,51.11745929196992],[35.0353407413883,51.11732972981521],[35.035340766964,51.117329630988706],[35.0353407804795,51.11732958282941],[35.0353407921469,51.11732953413157],[35.0353772612049,51.11720055244716],[35.0353772987936,51.117200429335554],[35.03537731826949,51.11720036763096],[35.035377337745395,51.11720030592639],[35.0354202851298,51.11707216006868],[35.03542033403821,51.117072019416256],[35.0354203622926,51.117071946376704],[35.0354203860653,51.11707187619934],[35.035469777115594,51.11694465471565],[35.0354698319372,51.11694452690022],[35.0354698555017,51.11694446430296],[35.03546988267,51.11694439997725],[35.0355256730473,51.11681821707379],[35.035525735468894,51.11681808383157],[35.0355257648778,51.11681801807477],[35.03552579701261,51.11681795172295],[35.0355879222817,51.116692950480356],[35.03558799336571,51.116692816288925],[35.03558802910409,51.11669274820856],[35.035588063964695,51.11669268126151],[35.035656454148594,51.11656900314444],[35.0356565423965,51.11656884825261],[35.0356565883685,51.116568771345115],[35.0356566104305,51.116568732622206],[35.0356566343405,51.116568694437674],[35.0357312070139,51.1164464779769],[35.0357313162138,51.11644630626687],[35.0357313710563,51.11644622082977],[35.0357313979925,51.11644617727541],[35.0357314254138,51.11644613455681],[35.0358121167045,51.116325484093444],[35.035812236021805,51.11632531394196],[35.03581229495289,51.11632522761238],[35.03581232694789,51.11632518483719],[35.035812354369,51.116325142118555],[35.0358990991605,51.11620615190481],[35.0358992228431,51.11620598927693],[35.0358992841992,51.11620590712697],[35.0358993149235,51.11620586745465],[35.035899346040495,51.11620582581298],[35.03599205494,51.11608861706332],[35.0359921891327,51.116088454024435],[35.0359922537918,51.1160883749207],[35.035992288119694,51.11608833351991],[35.0359923202067,51.116088293550156],[35.0360908594717,51.11597303012619],[35.03609103995719,51.115972827783295],[35.03609112820169,51.11597272846091],[35.036091171399995,51.11597267853036],[35.036091216839,51.115972627168965],[35.0361954752771,51.115859435044804],[35.0361956752352,51.115859226566684],[35.0361957742903,51.11585912205848],[35.03619582605861,51.11585906837325],[35.0361958742232,51.11585901641677],[35.036305795163095,51.11574795409441],[35.0363059928563,51.11574776023834],[35.0363060913103,51.115747665279734],[35.0363061409299,51.115747615831005],[35.03630619200489,51.11574756889008],[35.036421658348,51.11563874950609],[35.0364218813581,51.115638546355115],[35.036421993740994,51.1156384436462],[35.0364220479342,51.11563839414073],[35.0364221034904,51.11563834433767],[35.03654299998999,51.115531881566255],[35.0365432252166,51.115531690175125],[35.0365433351502,51.11553159647738],[35.0365433921614,51.11553154918206],[35.0365434482024,51.115531500214956],[35.0366696350835,51.11542751308606],[35.0366698948898,51.115427301900816],[35.0366703353847,51.115426936361466],[35.0368906860487,51.115245687396595],[35.0368911531281,51.11524530945864],[35.036891617574,51.11524493492098],[35.0371172272695,51.11506624696827],[35.0371176814556,51.115065894448094],[35.0371181351566,51.11506554109188],[35.0373489638051,51.11488944829786],[35.037349411727895,51.1148891140969],[35.03734963408381,51.11488894687601],[35.0373497461396,51.114888862132055],[35.0373498024562,51.11488882158085],[35.03734986004329,51.11488877792654],[35.0375857884542,51.11471537126873],[35.0375862649014,51.1147150280128],[35.0375867399858,51.114714685054516],[35.0378276519995,51.11454405014088],[35.03782816008909,51.114543695265276],[35.0378286691491,51.11454334206142],[35.0380744980198,51.11437552263093],[35.03807501640819,51.114375174923495],[35.0380755330412,51.11437482948299],[35.0383262412476,51.11420985347587],[35.0383267528878,51.11420952325162],[35.0383272622874,51.114209194458475],[35.038582719385,51.114047144011835],[35.0385832821396,51.114046796032206],[35.038583842076,51.11404644584225],[35.0388439459674,51.11388738842848],[35.0388445194131,51.1138870456473],[35.03884509101089,51.11388670232769],[35.03910975949109,51.11373068412345],[35.039110375480796,51.1137303273414],[35.0391109923482,51.11372996942564],[35.0393801778867,51.11357701961871],[35.0393807637527,51.11357669295867],[35.0393813509816,51.11357636600098],[35.0396549781032,51.113426526474996],[35.039655592192,51.11342619553377],[35.0396562072511,51.11342586626449],[35.0399341384423,51.113279212229926],[35.03993476915869,51.113278886132534],[35.0399353985122,51.11327856033272],[35.0402175442856,51.11313513861934],[35.0402181969881,51.11313481336982],[35.04021885144589,51.11313448585336],[35.04050509797279,51.11299435425858],[35.0405057848339,51.11299402437317],[35.0405064730578,51.11299369419031],[35.0407967510233,51.112856886664744],[35.04079743688789,51.11285656829695],[35.0407981218749,51.11285625106266],[35.0410924159237,51.112722772821044],[35.041093050346994,51.112722490172786],[35.0410936852555,51.112722208360665],[35.041391871061194,51.11259211761314],[35.0413925293187,51.11259183635101],[35.041393187090996,51.11259155425276],[35.041695052792,51.11246494622277],[35.0416957741261,51.11246464929968],[35.0416964927347,51.112464352971784],[35.0420019786858,51.11234124914275],[35.04200267828269,51.112340972976014],[35.0420033783647,51.112340697645244],[35.0423124507244,51.11222111104162],[35.0423131411491,51.112220848178005],[35.042313835269695,51.11222058639098],[35.0426263454985,51.11210457580795],[35.042627062090396,51.11210431570421],[35.042627780045,51.112104055302666],[35.0429435993783,51.11199166862569],[35.0429443298725,51.111991413959935],[35.0429450613371,51.111991160966056],[35.0432641161242,51.11188242462681],[35.04326484104989,51.111882181535336],[35.04330140547219,51.111869990438656]]]},"properties":{"pub_date":"2026-10-07"}},{"type":"Feature","geometry":{"bbox":[36.0263354104966,47.56906300403559,36.1053731244846,47.61286257003603],"type":"MultiPolygon","coordinates":[[[[36.039388663495295,47.57064585903595],[36.0362879394957,47.57145516603624],[36.0341830664959,47.571959068036264],[36.03246295649609,47.57263093003636],[36.0321060974962,47.57281149703643],[36.0314671034963,47.573134820036486],[36.0300712434964,47.574085664036566],[36.0292925214965,47.57478613103657],[36.0288245704965,47.57531008503673],[36.028824970496494,47.575311722036616],[36.02864999449649,47.57548256403665],[36.0284808164966,47.57565604203672],[36.0283175254966,47.5758320680367],[36.028160207496605,47.57601055303675],[36.0280089404966,47.57619140103684],[36.0278638044966,47.576374521036776],[36.027724873496595,47.57655981703685],[36.0275922204966,47.57674719603679],[36.0274659144967,47.57693655803681],[36.0273460184967,47.57712780703692],[36.0272325954966,47.577320843036865],[36.027125703496594,47.57751556903684],[36.02702539849659,47.5777118820369],[36.0269317324967,47.57790967903682],[36.0268447524967,47.57810886203693],[36.026764505496594,47.5783093270369],[36.0266910304967,47.578510968036966],[36.0266243674967,47.57871368203694],[36.02656454849671,47.57891736503698],[36.0265116094967,47.579121912036925],[36.0264655724967,47.57932721703699],[36.0264264634967,47.57953317303699],[36.0263942994967,47.57973967503688],[36.026369103496606,47.579946616037006],[36.0263508824966,47.58015388803698],[36.0263396504966,47.58036138503702],[36.0263354104966,47.580569002037116],[36.02633816449659,47.58077662903702],[36.0263479124966,47.58098415803709],[36.02636464749659,47.581191483037124],[36.0263883654966,47.581398499037],[36.0264190494965,47.58160509503701],[36.0264566834965,47.581811167037095],[36.0265012504965,47.582016610037044],[36.026552727496494,47.58222131303713],[36.0266110864965,47.582425177037095],[36.02667629849649,47.58262809003713],[36.0267483294964,47.582829952037144],[36.026827142496394,47.583030656037046],[36.0269126934964,47.58323010003711],[36.02700494449639,47.58342818003708],[36.02710384349629,47.58362479503707],[36.0272093394963,47.58381984103712],[36.027321380496296,47.58401322203717],[36.0274399064963,47.58420483303711],[36.0275648574962,47.58439457803709],[36.02769616749621,47.584582357037156],[36.027833770496194,47.58476807503706],[36.027977593496196,47.584951635037065],[36.02812756549609,47.58513294303709],[36.0282836054961,47.5853119060372],[36.0284456344961,47.585488429037156],[36.028613567496,47.58566242403718],[36.028784540496,47.58583076403712],[36.028960997496,47.585996510037106],[36.02914285349589,47.586159578037034],[36.0293300194959,47.5863198890371],[36.0295224034959,47.586477364037144],[36.0297411894958,47.5865827120371],[36.0299639214958,47.58668422803712],[36.030190452495795,47.58678184503717],[36.03042063049569,47.586875497037056],[36.0306543074956,47.58696512603708],[36.0308913244956,47.587050669037005],[36.031131527495596,47.587132071037054],[36.0313747544956,47.5872092770371],[36.03162084849549,47.587282238037],[36.0318696424955,47.58735090303704],[36.03211972149539,47.58741490803707],[36.0321209744955,47.58741523003703],[36.03212223949549,47.58741552803704],[36.0323733934954,47.587474869037045],[36.0323746754954,47.58747517203693],[36.0323759694954,47.58747545303704],[36.0326293194954,47.587530418037005],[36.0326305804954,47.587530692037085],[36.0326318514954,47.58753094303698],[36.0328872224954,47.58758149603693],[36.0328885164953,47.58758175303697],[36.03288982149531,47.587581986036994],[36.0331471034953,47.58762810203704],[36.0331483174953,47.587628321036995],[36.03314953949529,47.58762851703699],[36.0334098064953,47.587670363037006],[36.0337021244952,47.58771434803702],[36.03797833749449,47.58997281103681],[36.04223195549379,47.59314824003671],[36.045879186493,47.59730024903669],[36.048404933492506,47.60189605203686],[36.0509221204919,47.606842967036904],[36.05250090549149,47.609214623036955],[36.05548455149109,47.610442838036725],[36.060559349490305,47.610707078036626],[36.069560755489,47.61232249103618],[36.0738849334884,47.61286257003603],[36.077011400488,47.61265144403582],[36.080361799487704,47.60984308003556],[36.08299884348741,47.60804549803542],[36.0879261464868,47.60560562203507],[36.094332599486,47.60321686803457],[36.0989997874854,47.60251273703439],[36.101611878485095,47.602874794034214],[36.1031667754848,47.60297237303412],[36.1043809024847,47.602984690034134],[36.105315909484595,47.60284995503409],[36.1053731244846,47.60161590103398],[36.1027145814853,47.5957553050338],[36.0979345774863,47.588044589033814],[36.0933330864872,47.58384868403389],[36.09073408048759,47.58206355203401],[36.08651392948829,47.58072708003412],[36.0611663544919,47.57850233203521],[36.0544762274929,47.57758359403557],[36.0515546894934,47.57607490703555],[36.045881321859795,47.569550231182006],[36.0451600874946,47.569607484035664],[36.04214989349501,47.570019782035764],[36.039388663495295,47.57064585903595]]],[[[36.045457739494495,47.56906300403559],[36.045881321859795,47.569550231182006],[36.0458813614945,47.56955022803566],[36.045457739494495,47.56906300403559]]]]},"properties":{"pub_date":"2026-10-07"}},{"type":"Feature","geometry":{"bbox":[35.0350606360573,51.10890722418327,35.04380881741359,51.10945827541869],"type":"Polygon","coordinates":[[[35.0350606360573,51.109323240153564],[35.0350606619472,51.10932329007063],[35.0353731713897,51.10930527414093],[35.03568567834089,51.10928725882361],[35.0363103198804,51.10924874876806],[35.03693456699249,51.10920776604437],[35.03734694476859,51.109178770708944],[35.037759330766,51.109149775803814],[35.0385832949206,51.10908746314417],[35.0394064013188,51.10902083413301],[35.03981749821239,51.108985363494064],[35.040228595426996,51.10894989311007],[35.0404042259789,51.108933164932075],[35.040404873883894,51.108933111977045],[35.040405334567694,51.1089330697678],[35.0404057059142,51.10893303764957],[35.040406075505594,51.10893300779843],[35.0404064784716,51.10893297725193],[35.04040703101081,51.10893293193695],[35.0405823563924,51.108920419113446],[35.040582907061605,51.108920386450386],[35.04058332159929,51.1089203599695],[35.0405836977966,51.10892033621015],[35.0405840712685,51.10892031304595],[35.0405845750288,51.10892028685958],[35.0405852238817,51.10892024876668],[35.0407623300868,51.10891180469346],[35.04093981210231,51.10890746872164],[35.040940458763394,51.10890746124565],[35.0409409324299,51.10890745199066],[35.0409413211472,51.108907447159275],[35.0409417112271,51.10890744203034],[35.0409421640611,51.108907439208664],[35.040942710113,51.10890743298317],[35.0411190739591,51.108907265776814],[35.0411196190191,51.108907271069754],[35.04112007797409,51.10890727350383],[35.0411204591858,51.10890727690425],[35.0411208422452,51.10890728084302],[35.041121277157195,51.108907289469734],[35.0411219210711,51.108907295779126],[35.0412995321328,51.108911298810035],[35.041476788719194,51.108919415933755],[35.0414774208111,51.10891945213795],[35.0414778053043,51.108919471774506],[35.0414781430959,51.10891949030793],[35.0414783131581,51.108919500261734],[35.0414783988706,51.10891950508986],[35.0414784827352,51.10891950937956],[35.0414789219918,51.108919538719654],[35.041479459224995,51.10891957020948],[35.041654888941,51.10893175377863],[35.0416554219721,51.10893179654616],[35.0416558430291,51.10893182891847],[35.0416561948183,51.10893185569701],[35.041656548062996,51.108931884983384],[35.041657007831,51.108931925855224],[35.0416576330882,51.108931976737665],[35.0418334467492,51.108948382535665],[35.0420081752471,51.108968854830145],[35.04200878401739,51.108968932858886],[35.0420091744968,51.10896898132706],[35.0420094854991,51.10896901983813],[35.0420096398802,51.10896903980925],[35.0420097179946,51.108969050064054],[35.042009796109,51.10896906031874],[35.042010118776,51.10896910570117],[35.04201064349609,51.108969173829685],[35.04218305439791,51.10899358902728],[35.0421835671326,51.10899366824976],[35.0421839477741,51.10899372357554],[35.042184232885894,51.10899376774075],[35.04218437403281,51.1089937887183],[35.042184445334,51.10899380046095],[35.04218451702749,51.108993810234104],[35.0421849038829,51.108993873621536],[35.04218550260861,51.10899396608801],[35.0423573786445,51.10902258099425],[35.042527453108,51.10905516271341],[35.04252803301469,51.109055280951985],[35.0425284290888,51.109055360221255],[35.0425287242967,51.10905541913491],[35.042528872143194,51.109055449009574],[35.042528945385094,51.10905546409575],[35.042529018627,51.10905547918201],[35.0425293116873,51.10905554233221],[35.0425298095982,51.109055643628984],[35.0426968963932,51.10909198969572],[35.0426973818339,51.10909210125062],[35.0426977279963,51.109092179175825],[35.0426979907073,51.10909223765135],[35.0426981212317,51.10909226942551],[35.0426981862049,51.1090922834918],[35.04269825302589,51.10909229809644],[35.0426986335121,51.10909239018869],[35.0426991973459,51.10909252041422],[35.04286504679249,51.10913301432832],[35.04302839728639,51.109177328837156],[35.0430289325777,51.10917748130763],[35.0430291703692,51.10917754710901],[35.0430293925006,51.10917760973753],[35.0430295042476,51.10917764090302],[35.0430295596824,51.10917765705254],[35.0430296151171,51.10917767320204],[35.043029884022,51.10917775292981],[35.043030351428996,51.10917788631843],[35.0431901521085,51.10922575834323],[35.0431906042274,51.10922589977994],[35.0431908607761,51.10922597938051],[35.04319106967349,51.10922604301543],[35.0431911741223,51.10922607483281],[35.0431912790562,51.10922610748617],[35.0431916120366,51.10922621560446],[35.043192132617996,51.10922637976425],[35.043349801262,51.10927823623091],[35.04350430485869,51.10933371785991],[35.04350479495739,51.10933390092125],[35.0435050440948,51.109333991559126],[35.043505253065,51.10933407119004],[35.043505358185,51.10933410945395],[35.0435054109875,51.109334129003926],[35.0435054637901,51.1093341485539],[35.0435056816071,51.10933423284586],[35.043506109664094,51.10933439366565],[35.0436564835479,51.10939317428581],[35.04365689398399,51.10939334177981],[35.0436571257996,51.109393434316836],[35.0436573269866,51.109393513763756],[35.0436574257787,51.109393554351634],[35.0436575264186,51.109393595477854],[35.04365774218161,51.1093936868116],[35.04365821475259,51.10939387935228],[35.04380577721499,51.10945647637359],[35.04380881741359,51.10945827541869],[35.0438058258789,51.109456467628625],[35.04380574616409,51.10945642287399],[35.04380566400229,51.10945638713108],[35.04380557999269,51.10945635084968],[35.0437316393318,51.1094249920408],[35.0436574992493,51.10939354866567],[35.04365739948679,51.109393506405944],[35.0436572998173,51.10939346695166],[35.043657099022596,51.10939338553527],[35.0435813563077,51.10936377848471],[35.0435054379836,51.109334101444],[35.0435053838184,51.10933408219171],[35.0435053318933,51.109334061508136],[35.0435052267733,51.109334023244216],[35.0435050182883,51.10933394444927],[35.0434275611209,51.1093061237035],[35.0433499489453,51.10927824730273],[35.043349897990694,51.10927822829107],[35.0433498429481,51.109278210172135],[35.0433497369508,51.10927817304165],[35.0433495227161,51.109278100211746],[35.0432704520228,51.10925210211577],[35.04319125325009,51.10922606037632],[35.04319114695349,51.109226028020494],[35.04319104338229,51.10922599506951],[35.0431908339997,51.10922593059868],[35.0431102658804,51.109201793835226],[35.0430295893112,51.10917762609205],[35.0430295338764,51.109177609942485],[35.0430294779565,51.10917759295712],[35.0430293662095,51.10917756179172],[35.0430291440782,51.10917749916314],[35.0429472000818,51.109155261224714],[35.0428651791359,51.10913300426164],[35.0428651172803,51.1091329876306],[35.0428650559098,51.10913297183557],[35.0428649331689,51.109132940245466],[35.0428646839914,51.10913287598869],[35.04278148090621,51.10911256881461],[35.0426982253726,51.109092250448086],[35.042698159914195,51.10909223554581],[35.042698094940995,51.10909222147952],[35.0426979639315,51.10909218886948],[35.04269770394579,51.10909212979868],[35.042613358951,51.109073783359314],[35.042528991459,51.10905543236958],[35.0425289190946,51.10905541614976],[35.0425288449752,51.10905540219717],[35.0425286988837,51.10905537005534],[35.0425284031908,51.10905531030582],[35.0424430189812,51.109038945490404],[35.04235764446529,51.10902258133576],[35.04235757501189,51.10902257013156],[35.042357505950896,51.10902255695786],[35.042357364711094,51.109022533175185],[35.0423570853492,51.10902248304511],[35.0422707700692,51.10900811955321],[35.0421844893748,51.108993762585584],[35.04218441904389,51.10899375251474],[35.04218434822789,51.10899374160819],[35.0421842052332,51.10899372009228],[35.042183921483996,51.10899367562947],[35.0420968100235,51.10898133956424],[35.0420097689416,51.10896901350616],[35.04200969082719,51.10896900325143],[35.04200961407551,51.10896899269906],[35.0420094592093,51.108968971892075],[35.0420091490845,51.10896893224749],[35.04192137235869,51.10895864021961],[35.0418336981085,51.108948360605616],[35.0418336159061,51.10894835124354],[35.0418335314635,51.10894834331264],[35.0418333648186,51.10894832601974],[35.0418330296809,51.10894829089566],[35.041744711212694,51.10894005736371],[35.0416565212884,51.10893183620119],[35.0416561698916,51.1089318074532],[35.0416558157694,51.108931779300356],[35.041567057000194,51.1089256150685],[35.0414784545982,51.108919460895045],[35.0414783712186,51.108919457441274],[35.0414782863838,51.10891945147954],[35.04147811632149,51.10891944152572],[35.0414777798926,51.10891942269479],[35.0413887018259,51.108915335237526],[35.041299818551,51.108911257921896],[35.041299457201596,51.10891124641665],[35.04129909167159,51.108911232998814],[35.0412098400237,51.108909230045406],[35.041120814108496,51.108907232358355],[35.0411204310491,51.108907228419596],[35.04112004935239,51.10890722418327],[35.0409416844534,51.108907393248025],[35.0409412943734,51.108907398376985],[35.0409409051711,51.10890740237234],[35.040851800071394,51.108909572671834],[35.040762657315106,51.10891173888215],[35.0407622908638,51.10891175297864],[35.0407619252902,51.10891176594145],[35.0406729876728,51.10891601594324],[35.0405840444951,51.108920264263546],[35.0405836710232,51.10892028742773],[35.04058329434079,51.10892031035119],[35.0404946599199,51.108926635843275],[35.0404060473697,51.10893295931364],[35.0404056764156,51.108932989462325],[35.04040530730939,51.10893302014949],[35.04031712718189,51.1089414116782],[35.040228947899,51.108949802008134],[35.0402285621404,51.10894984104066],[35.0394063712436,51.10902078230409],[35.03858326387619,51.10908740964327],[35.0377593006926,51.10914972397463],[35.0369345382828,51.109207713917385],[35.0363102939891,51.10924869885125],[35.0356856514803,51.10928720723483],[35.0350606360573,51.109323240153564]]]},"properties":{"pub_date":"2026-10-07"}},{"type":"Feature","geometry":{"bbox":[36.0801345416616,47.75109587068392,36.0824792736585,47.751999960647346],"type":"Polygon","coordinates":[[[36.0815422928436,47.75116425363212],[36.0809532725983,47.751233614673744],[36.0802463304409,47.75131686084738],[36.08017908778359,47.751345750460146],[36.08015122170989,47.75136884363459],[36.0801345416616,47.75139652058581],[36.0802081403451,47.75168212902244],[36.0803205920315,47.75196898716117],[36.08033938747499,47.75198480993463],[36.0803800322781,47.751996800509154],[36.0804476867476,47.751999960647346],[36.0824056185828,47.751754292745574],[36.0824463179917,47.75173357580642],[36.08246688402589,47.75170166350809],[36.0824792736585,47.75164531595708],[36.0823678746249,47.751292830757116],[36.0823329002482,47.75118216252444],[36.082289685662595,47.75112405282988],[36.0822358936522,47.75110384173881],[36.08212301315909,47.75109587068392],[36.0815422928436,47.75116425363212]]]},"properties":{"pub_date":"2026-10-07"}},{"type":"Feature","geometry":{"bbox":[36.087121683391494,47.744627948758854,36.09037417345349,47.74555511260766],"type":"Polygon","coordinates":[[[36.0872343827179,47.74501486063286],[36.0871641989033,47.7450433560247],[36.0871373023907,47.745060376794996],[36.087121683391494,47.74509438728202],[36.0872462171077,47.74550998701734],[36.0872753289017,47.745531712755344],[36.087337094759896,47.74555418110197],[36.0874432418257,47.74555511260766],[36.0902589207955,47.74521584421618],[36.0903302083666,47.74518378259689],[36.0903575473368,47.74515041974544],[36.09037417345349,47.745079011177644],[36.09030023395649,47.744713567501805],[36.090271478804596,47.744670400170335],[36.09019148564809,47.744639760395906],[36.0900896124194,47.744627948758854],[36.0872343827179,47.74501486063286]]]},"properties":{"pub_date":"2026-10-07"}},{"type":"Feature","geometry":{"bbox":[37.9069202083286,49.062430523972274,37.9471700213548,49.10760030127557],"type":"Polygon","coordinates":[[[37.910545892801,49.09749937821813],[37.9105460300128,49.097499543133],[37.91050609877569,49.09753443086332],[37.910643763858296,49.09760203698385],[37.913138348447596,49.099350192032965],[37.91489664054749,49.099920387910146],[37.916546319100895,49.10046386549013],[37.916546881154794,49.10046386735647],[37.9194576145405,49.10121104179037],[37.9235446423042,49.10243169483239],[37.9281019379296,49.1034474444247],[37.9312038654424,49.10408961136945],[37.9335148764577,49.10468629411994],[37.9335161129232,49.10468671624159],[37.93724385001939,49.105349609584486],[37.939702448495,49.10608558581314],[37.9397033005306,49.1060856527569],[37.94140777219009,49.10626622489697],[37.9448880486357,49.10760030127557],[37.94440542475961,49.105062319382434],[37.9443940541654,49.10299396938419],[37.94441859631599,49.10152559541733],[37.94498496332729,49.09925331673882],[37.9460181785029,49.09536125195014],[37.9471121012326,49.0912397598],[37.9471700213548,49.09078005126855],[37.9394112013867,49.074743399321],[37.9374100005639,49.06743759920398],[37.9366135020338,49.06653139826211],[37.93681420150539,49.06580579862717],[37.93520466996329,49.06364847277011],[37.9344668017829,49.06265939948245],[37.9343033970669,49.062430523972274],[37.931621703395,49.065627926576816],[37.9283929230817,49.06911297701785],[37.9102787721107,49.0866962903877],[37.907726994099995,49.089004760257744],[37.9069202083286,49.09077023636158],[37.90706549073249,49.09258686937609],[37.90753253149389,49.09342282047878],[37.90774393524689,49.093801202067326],[37.9082255622447,49.094663226979165],[37.90822567401839,49.09466342047786],[37.9082256958992,49.09466344837744],[37.910545892801,49.09749937821813]]]},"properties":{"pub_date":"2026-10-07"}},{"type":"Feature","geometry":{"bbox":[37.163118504302105,48.434444765016565,37.2399065082915,48.478393826017445],"type":"Polygon","coordinates":[[[37.2258560492938,48.45161428501641],[37.225796997293806,48.45152842701642],[37.22574887529381,48.45145845601638],[37.225748851293794,48.45145841901637],[37.2257487132938,48.45145822601636],[37.22568562729379,48.451366489016294],[37.2255990852939,48.45124388801638],[37.2255988642939,48.4512435770164],[37.2255266282939,48.45114123701637],[37.2255110652939,48.451119190016364],[37.22547175829389,48.45106350001641],[37.2254717382939,48.45106347401633],[37.2254716202939,48.451063308016344],[37.22544409829389,48.451024311016454],[37.22541843229389,48.45098887401644],[37.2254183022939,48.450988690016395],[37.2254051032939,48.45097046601641],[37.2251974802939,48.450683734016316],[37.2251974262939,48.45068366201641],[37.225197391294,48.45068361701631],[37.225149264294,48.45061831001629],[37.225144560294,48.450611925016425],[37.2250995302939,48.450550823016414],[37.22509947829399,48.45055075301642],[37.223371128294296,48.44839389001634],[37.2231515032943,48.44814197401639],[37.222928993294396,48.44789117901626],[37.2227036012944,48.44764151401629],[37.22270254229439,48.44764034801632],[37.2226876912944,48.447624053016426],[37.2223545452945,48.44726316201632],[37.2220154032946,48.44690473401635],[37.22167028629459,48.446548820016424],[37.2213192532947,48.446195460016405],[37.2209623432947,48.44584469701632],[37.2205995972948,48.445496574016396],[37.2202310612949,48.44515113701634],[37.2198567872949,48.44480842401643],[37.21947680429499,48.44446847701629],[37.21909117929499,48.44413134301636],[37.2187111732951,48.443806662016414],[37.218699938295096,48.44379706401638],[37.2185652802951,48.44368460001636],[37.2185585142951,48.44367894901636],[37.2185582512951,48.443678729016376],[37.21840476229511,48.443550537016414],[37.2183139652952,48.44347470501643],[37.21831391729519,48.44347466501641],[37.2183133852952,48.443474221016444],[37.2183130082952,48.44347391001643],[37.2183031522952,48.4434656800164],[37.2181683882952,48.44335564901638],[37.2181611402952,48.44334973001639],[37.2179811512953,48.44320278001646],[37.217911193295194,48.44314566101646],[37.2179105832952,48.443145167016446],[37.21791012129519,48.44314479201641],[37.2179008492952,48.44313722201644],[37.2177648082952,48.4430286250164],[37.2177592592953,48.44302419501639],[37.217758570295295,48.443023646016385],[37.21775853529519,48.44302361701635],[37.21769245929529,48.44297087401637],[37.2175031172953,48.44281973401643],[37.2175025022953,48.44281924301643],[37.2175020422953,48.44281888101639],[37.2174930962953,48.44281173801643],[37.2173586012953,48.442706764016414],[37.2173534152953,48.44270271701639],[37.2173503822954,48.44270034901642],[37.21735033029529,48.44270030801636],[37.2170893782953,48.442496641016454],[37.2170887112954,48.44249611901641],[37.2170882142954,48.44249573601642],[37.2170799282954,48.44248926801644],[37.2169490792954,48.442389402016396],[37.2169430622954,48.44238480901636],[37.216940045295395,48.442382505016376],[37.2169396992954,48.44238224401639],[37.21693955129539,48.442382130016426],[37.2168228882954,48.44229309301635],[37.2166701762954,48.44217654801641],[37.21666998329539,48.44217639801647],[37.2166693582955,48.44217592101645],[37.2166688612954,48.44217554601645],[37.2166614012955,48.44216985301645],[37.21653700429539,48.44207700801638],[37.2165278652955,48.44207018601642],[37.2165251042954,48.44206812601638],[37.2163033802955,48.44190264601646],[37.21624564029549,48.441859551016414],[37.21624502129549,48.44185908901644],[37.2162445152955,48.44185871501647],[37.2162375642955,48.44185352901645],[37.2161176712956,48.44176601501643],[37.21610666929549,48.44175798401641],[37.2161057462955,48.441757310016435],[37.2158158832956,48.44154573701643],[37.2158157252956,48.44154562401648],[37.21581499429549,48.44154509101645],[37.2158084722956,48.44154033001645],[37.2156944002956,48.44145889701642],[37.2156841152956,48.4414515530164],[37.215679968295596,48.44144859401643],[37.2156797332956,48.441448426016414],[37.215381206295596,48.44123531301648],[37.2153804672957,48.44123478601645],[37.21537991729569,48.44123439801645],[37.21537419229569,48.441230311016504],[37.2152575502957,48.441148869016416],[37.21524808929569,48.44114226101645],[37.21524545629569,48.441140421016414],[37.2152453812957,48.441140368016455],[37.2152362882957,48.441134019016445],[37.2151393852957,48.44106636101638],[37.21500577429569,48.440973073016465],[37.214941363295694,48.44092810201639],[37.2149405362957,48.440927526016466],[37.2149400122957,48.44092716301647],[37.2149347572957,48.44092349401646],[37.2148234372958,48.44084747101648],[37.2148152692957,48.44084189301644],[37.214809637295694,48.44083804701642],[37.2148094142958,48.440837893016344],[37.2146550652958,48.44073249201643],[37.214495916295796,48.440623811016515],[37.214495642295795,48.440623624016496],[37.214494944295794,48.44062314801649],[37.2144902152958,48.440619918016395],[37.21439236229579,48.44055455901646],[37.21438066929579,48.440546748016466],[37.214375105295794,48.440543032016414],[37.2143748512958,48.440542862016464],[37.21404559729589,48.44032294101648],[37.2140455682958,48.4403229220165],[37.2140454772958,48.44032286201646],[37.2140446642958,48.44032232001648],[37.214040642295906,48.44031963101652],[37.21395138729589,48.440261321016486],[37.2139326062958,48.44024905101645],[37.2139313642959,48.44024823801647],[37.2138134562959,48.44017120501647],[37.213612475295896,48.440039901016526],[37.2135907612959,48.44002571501642],[37.2135898312959,48.44002510901651],[37.213589200296,48.44002470001639],[37.21358608729601,48.44002266901651],[37.21350032429599,48.439967862016495],[37.213480244296,48.4399550310165],[37.213427128296,48.43992108901647],[37.213260748295994,48.43981477501646],[37.213142866296,48.43973944901644],[37.21313012929599,48.43973131201641],[37.213129268296,48.439730761016506],[37.213126593296,48.439729052016524],[37.21306000329609,48.43968743501651],[37.213036820296,48.43967294401637],[37.212954806296,48.43962168701644],[37.2126655092961,48.439440877016445],[37.2126645192961,48.43944025801644],[37.21266223629609,48.439438830016535],[37.21260295529609,48.4394025940165],[37.2125806762961,48.4393889770165],[37.2125761972961,48.43938623801644],[37.2124130552961,48.439286517016505],[37.212195277296196,48.43915339901652],[37.2121943982962,48.43915286401641],[37.21219305529619,48.43915204201645],[37.2121553972962,48.43912952801655],[37.2121319712962,48.43911552201655],[37.2121277512962,48.439112999016515],[37.211720840296294,48.43886973801649],[37.2117207442962,48.438869681016456],[37.211719806296195,48.43886912301659],[37.2117191162962,48.438868711016454],[37.2116974422963,48.438856037016436],[37.2116791792962,48.438845359016575],[37.21166552329619,48.43883737401641],[37.2116652822963,48.43883723301657],[37.211241279296296,48.438589346016485],[37.2112407172963,48.438589017016476],[37.2112404772963,48.43858887901647],[37.211231798296296,48.4385839130165],[37.2112118922963,48.43857253101649],[37.2108605192964,48.43837164801652],[37.2107573822964,48.43831268201651],[37.2107572362964,48.43831259801654],[37.2107572002964,48.438312579016504],[37.2107556312964,48.43831170001648],[37.21075060729639,48.43830889201649],[37.2107496042964,48.438308330016525],[37.2102693362965,48.438039848016494],[37.209776952296494,48.43777071301656],[37.2092832222966,48.437506877016546],[37.2092801052966,48.43750521401657],[37.2087788582967,48.43724338001656],[37.2082732692967,48.43698524201654],[37.207763407296795,48.436730833016604],[37.207249322296896,48.436480187016684],[37.206731089297,48.43623332701671],[37.2062087642971,48.43599029301664],[37.2059498152971,48.43587261901662],[37.20598015929709,48.43586521901672],[37.2061467362971,48.43582460001655],[37.20653491829711,48.43566896001653],[37.206687183297,48.43550556101659],[37.206767851297,48.435318240016606],[37.20696968029699,48.434897778016605],[37.207002453297,48.434444765016565],[37.206918355297,48.43464259001655],[37.206843829297,48.434772947016576],[37.206694777297095,48.43490330501661],[37.20644409829709,48.4349797220165],[37.2058004642972,48.43506962301668],[37.2047435482973,48.435199980016705],[37.20388988629739,48.43526740501673],[37.20072432329779,48.43559452901688],[37.1940821722986,48.43643473101715],[37.1893783912992,48.43694913301742],[37.1881676842994,48.43710213001745],[37.1876226362994,48.43719068701748],[37.1864062242996,48.43753211701751],[37.185553339299695,48.43782360601757],[37.1846229222998,48.4380979470176],[37.1838734172999,48.438320848017625],[37.18296884429999,48.43852660301778],[37.180877351300296,48.438892838017765],[37.178814687300495,48.43917929601799],[37.175021744301,48.440170253018124],[37.1706880673014,48.44149431601837],[37.165973371301995,48.44293475101859],[37.1652087733021,48.44316834601864],[37.16495283630209,48.443380179018696],[37.164769724302104,48.4437573710187],[37.1647311733021,48.444364709018686],[37.1647311733021,48.444741894018705],[37.16471613330211,48.44482879201869],[37.1644856253021,48.446160531018805],[37.1644324113021,48.446467961018776],[37.164258937302094,48.44715197901881],[37.1637532813021,48.44832629901886],[37.1633810963021,48.44909977001899],[37.163118504302105,48.44997549301905],[37.163130947301994,48.45008749501894],[37.163244249302,48.450246476019025],[37.1644718353018,48.451422559018965],[37.1665746443015,48.45243087801893],[37.1683490763012,48.45306460901893],[37.170373027301,48.453439218018836],[37.1710790573009,48.45347043501873],[37.1729602313006,48.45366259901872],[37.17414475130041,48.45373624901862],[37.1755035073003,48.45378260601864],[37.1779510753,48.45415720901856],[37.1800220942996,48.45459424301849],[37.18190483929939,48.45490640701839],[37.184117064299095,48.455312218018285],[37.1851996432989,48.455499514018264],[37.1865175632988,48.455811673018225],[37.1882591042985,48.45640477001812],[37.1889651322984,48.456779353018106],[37.1902359862982,48.45727879401805],[37.191506838298,48.45768458601812],[37.1926835522979,48.45796551701804],[37.1935778582977,48.45802794501799],[37.1957221532974,48.45797505701785],[37.197515129297294,48.4576809900179],[37.199809367297,48.45737413701766],[37.2017180182967,48.457054496017584],[37.2026048652966,48.45684992501756],[37.2039929772965,48.45655585201743],[37.2065764042961,48.4560316320174],[37.2094297412958,48.45534118701716],[37.211569744295495,48.454586801017044],[37.2148279462951,48.453576673016926],[37.2167558782949,48.45297570201677],[37.21951281829459,48.45228521601671],[37.22059246029449,48.45200390401661],[37.222231200294296,48.45177373801659],[37.2235036352941,48.45159471901648],[37.2247956192939,48.45153343501638],[37.2230625252939,48.45725901301665],[37.22047600829399,48.46353027601706],[37.21861694829399,48.468675349017296],[37.2182936332939,48.47231945901744],[37.2184423582938,48.47497949601752],[37.2188471482937,48.47599674601755],[37.21958689229349,48.47692781401757],[37.2201914902934,48.47733290001766],[37.2212842942932,48.47789230001762],[37.22237386529309,48.478162353017545],[37.2237091552929,48.47832095401751],[37.2252836982927,48.478393826017445],[37.2269714012925,48.4782780890173],[37.2278731442924,48.47786900001727],[37.2284037262924,48.47739226701721],[37.2288013622923,48.47703498201729],[37.2304179362922,48.47457010501705],[37.2322769962922,48.470551028016715],[37.23575262929191,48.465888501016465],[37.2358638192919,48.46582569501644],[37.23714546229179,48.46444574501648],[37.2386569562917,48.46287970901621],[37.2399065082915,48.46242672401616],[37.23933814929159,48.462284621016195],[37.2378007422918,48.46190022601623],[37.23534995329219,48.46091446001632],[37.2347259292923,48.46066346001639],[37.2330120972925,48.459827795016366],[37.2312982722928,48.45899211201652],[37.2308798052928,48.45875424801637],[37.229886881293005,48.45818984401642],[37.22983362429299,48.45817821101641],[37.22978259829299,48.458162814016426],[37.229734383293,48.45814383501643],[37.22968956029299,48.45812150101643],[37.229648659293005,48.45809606901648],[37.229612167293,48.45806784501648],[37.229580507292994,48.45803715901644],[37.2295540482931,48.45800437701645],[37.2295540062931,48.45800431001647],[37.2295539782931,48.4580042650165],[37.2295341082931,48.457971511016474],[37.229533121292995,48.457969885016446],[37.229529740293,48.45796570101648],[37.229522619293,48.457956900016455],[37.229504806292994,48.45793487701646],[37.2295045992931,48.45793462401647],[37.22950035929309,48.45792937701644],[37.2293395202931,48.457730527016494],[37.22933936129309,48.45773032901648],[37.22933916529309,48.45773008301645],[37.2293390202931,48.4577299070164],[37.22933872429309,48.45772954001648],[37.2293332312931,48.45772275101652],[37.2292674262931,48.45763817101646],[37.2292662462931,48.45763665701645],[37.2291505962932,48.45748801301644],[37.22915048629309,48.45748787001645],[37.22913932529309,48.45747352501653],[37.229072159293196,48.45738369501649],[37.229071668293095,48.45738304101646],[37.228967297293195,48.457243453016446],[37.22896721829321,48.45724335001644],[37.2289565302932,48.45722905301646],[37.2289515352932,48.457222373016464],[37.228951460293096,48.45722227301649],[37.2289468312932,48.45721582501641],[37.22892624629309,48.45718715201643],[37.2288880612932,48.457133966016535],[37.2288880072932,48.45713389001642],[37.22888790729319,48.457133751016386],[37.2287897872932,48.45699708201637],[37.2287897672932,48.45699705301644],[37.22876967329319,48.45696906301648],[37.2287114452932,48.45688449301645],[37.2287113672932,48.45688438101646],[37.2286178752933,48.456748593016414],[37.22861783829319,48.4567485420165],[37.22860929729319,48.45673613701639],[37.22859402029321,48.45671394901639],[37.2285754262932,48.45668575901637],[37.2285517002932,48.45664979401638],[37.2285453342933,48.456640140016404],[37.228543773293296,48.45663777201644],[37.2285416172932,48.456634503016474],[37.2285415652933,48.45663442401645],[37.2285415372933,48.45663438401632],[37.2285413722933,48.45663413501648],[37.22845199329319,48.4564986350164],[37.2284413612932,48.456482512016436],[37.22842454129329,48.45645701301642],[37.228397674293305,48.45641455901641],[37.2283912462933,48.456404399016414],[37.2283829922933,48.456391353016414],[37.2283679512933,48.4563675870164],[37.2283040792933,48.45626664401637],[37.22830069929329,48.456261305016454],[37.2282973502933,48.45625601301649],[37.2282808732933,48.45622997201647],[37.2282577982933,48.45619202301646],[37.22821895429329,48.45612814101644],[37.22815862429329,48.45602892001642],[37.2281528882933,48.45601948301645],[37.2281420242933,48.45600161801649],[37.2281076692934,48.45594274901644],[37.228073198293394,48.45588367801649],[37.2280187252933,48.455790336016456],[37.2280166042934,48.45578670101642],[37.22801366029339,48.455781658016505],[37.2280123162934,48.45577935601644],[37.2280094342934,48.45577441301643],[37.2280080212934,48.4557719910164],[37.22799787129329,48.45575384501651],[37.227957968293396,48.455682507016405],[37.2279303142934,48.45563306501647],[37.2279280212934,48.45562896401648],[37.2278839282934,48.45555013601647],[37.2278829592934,48.45554840201645],[37.22788134729339,48.45554551601645],[37.22787889629339,48.45554113801646],[37.22786951729339,48.45552361901645],[37.2278590642934,48.455504091016415],[37.22781220429339,48.45541656001641],[37.22780090129339,48.45539544701641],[37.2277577612934,48.45531486901635],[37.22775764629339,48.455314653016444],[37.2277575652934,48.45531450001638],[37.2277575452934,48.45531446701643],[37.2277574702934,48.45531432101637],[37.22775544229339,48.45531053801638],[37.2277551892934,48.45531006401646],[37.22775495329339,48.45530962301638],[37.22775467529339,48.45530910301639],[37.22775461029341,48.45530899201642],[37.2277151232934,48.45524200501648],[37.22763991629339,48.45511442101639],[37.2276398792934,48.4551143600164],[37.2276398522934,48.455114306016405],[37.2276211372934,48.45508062801638],[37.2275904052935,48.45502531501641],[37.2275512422935,48.454954833016394],[37.2275309362935,48.45491828501645],[37.2275309172934,48.45491825101636],[37.2275308922935,48.45491820501649],[37.2275308702935,48.45491816001646],[37.2275147652934,48.45488732401649],[37.227512849293504,48.45488365801645],[37.22750828029349,48.45487490601636],[37.2274848422934,48.45483003301644],[37.2274740342935,48.45480934301646],[37.2274630552935,48.454788325016324],[37.227449736293494,48.45476282301644],[37.22742777529349,48.45472077201644],[37.2274277472935,48.454720722016404],[37.227427729293495,48.454720684016436],[37.22742771429349,48.454720651016416],[37.2274208472935,48.454706622016445],[37.2273748282935,48.45461259301637],[37.2273627312935,48.45458788001652],[37.2273304642935,48.45452194901645],[37.227330429293495,48.45452187601643],[37.227330404293504,48.454521822016474],[37.2273171352935,48.454492783016455],[37.2273131822935,48.454484133016464],[37.227239051293495,48.45432190001649],[37.2272389952935,48.454321772016385],[37.2271535612935,48.454120703016464],[37.22715351229349,48.45412057601638],[37.2270740382936,48.45391843101652],[37.2270739912936,48.45391830401637],[37.227000503293596,48.45371516701639],[37.2270004592936,48.45371503801639],[37.226932985293594,48.453510989016365],[37.22687151729361,48.45330596701641],[37.2268161132936,48.453100184016314],[37.2268160472936,48.453100076016355],[37.2268138362936,48.45309649401641],[37.2268123862937,48.45309414201646],[37.2268120942936,48.45309366901646],[37.2268118432937,48.453093262016345],[37.22681089229359,48.453091718016346],[37.2268100392936,48.45309033701634],[37.2266003752937,48.45275052001635],[37.2265859282937,48.452727747016304],[37.2265858962937,48.452727696016346],[37.2265858742936,48.45272766501638],[37.2265858352937,48.45272760201633],[37.22650544829369,48.45260089501641],[37.2265054152937,48.45260084701639],[37.2265050722937,48.45260030801637],[37.226379440293705,48.45240228301634],[37.2263488692937,48.45235540201637],[37.2263149182937,48.452303332016285],[37.2262529602938,48.45220831801633],[37.2262528732937,48.452208179016374],[37.2262525092938,48.45220762501635],[37.226153320293804,48.452055514016315],[37.2261058102938,48.45198458301644],[37.2261057322938,48.451984465016444],[37.22600234529379,48.45183012001637],[37.22600216729379,48.45182985601642],[37.225922036293795,48.451710233016335],[37.2258561572938,48.451614443016275],[37.2258560492938,48.45161428501641]]]},"properties":{"pub_date":"2026-10-07"}},{"type":"Feature","geometry":{"bbox":[37.0454244615237,48.357815371897544,37.1981032767554,48.42031205865255],"type":"MultiPolygon","coordinates":[[[[37.1874198729971,48.357815371897544],[37.174225916609295,48.36219822885401],[37.1766785345703,48.36425202406641],[37.17668412780561,48.36429522747749],[37.1767128558233,48.364517117058],[37.17673815564849,48.364739189185094],[37.1767589400274,48.36492164050571],[37.17676345450679,48.36496125676072],[37.1767667397788,48.36499467505625],[37.176785321784806,48.3651834914907],[37.1768025968445,48.36535908244693],[37.176807186862,48.36540571719971],[37.1768102294232,48.36544244902088],[37.17682561958029,48.36562808923051],[37.17684290979119,48.36583667716068],[37.17684405091051,48.36585044629508],[37.1768448251578,48.365861948125655],[37.176859046493504,48.36607293428849],[37.1768725637091,48.36627350795713],[37.1768740417824,48.36629539938789],[37.1768748959786,48.36631188762383],[37.1768855999822,48.366517978547286],[37.176896708896,48.36673195951233],[37.1768971548888,48.366740529835965],[37.17689736063749,48.36674619119192],[37.1769052751758,48.36696317734654],[37.17691298759449,48.36717473139908],[37.176913392206096,48.36718579219285],[37.176913526249,48.367192273266596],[37.1769180705205,48.36740848422572],[37.1769227484371,48.36763113617294],[37.1769252225223,48.36807651614376],[37.1769230210687,48.368299179541836],[37.1769208169319,48.36852188748533],[37.17691517170321,48.36874452414403],[37.1769095268632,48.3689672007379],[37.1769004446712,48.36918978788432],[37.1768913581036,48.36941240948096],[37.17687883792409,48.36963492346705],[37.1768663113589,48.3698574685843],[37.176850352943795,48.37007988460908],[37.17683439072069,48.37030232632437],[37.1768149960132,48.3705246257165],[37.1767955963321,48.37074694153314],[37.1767727674128,48.37096909603281],[37.17674993581609,48.37119126349838],[37.1767236749101,48.37141325245082],[37.1766974136917,48.371635246116504],[37.1766677205519,48.37185704471855],[37.1766430929509,48.37204102938984],[37.1766380306669,48.372078844251845],[37.17660491309629,48.372300431385696],[37.1765717973339,48.37252201216639],[37.17653525762739,48.37274336238183],[37.1764987195531,48.372964698636515],[37.1764587619843,48.37318578980125],[37.1764188055905,48.373406861379515],[37.1763754324551,48.37362766804227],[37.17633206279219,48.37384845165876],[37.1762852801302,48.3740689521927],[37.176238503801294,48.3742894222562],[37.1761883133466,48.37450959517312],[37.1761381320858,48.374729730195156],[37.1760845437602,48.374949548105064],[37.1760309638906,48.37516932447566],[37.175973978653,48.3753887670414],[37.17591700522749,48.37560816147277],[37.1758566421708,48.375827179867514],[37.1757962745357,48.376046196314284],[37.162616958503506,48.3781512391667],[37.1600206472511,48.37856591938636],[37.1591320628299,48.37868716719294],[37.158215627923894,48.37889006567115],[37.1569467247323,48.37923342997695],[37.156030293871694,48.37943632826947],[37.1549728699837,48.379561186589534],[37.15356297535731,48.37962361758684],[37.1534534123453,48.379640849125146],[37.1534404387549,48.37964289111723],[37.1526700415213,48.37976407984762],[37.1516831128679,48.37976408061109],[37.151001663341106,48.37976408108442],[37.1504847016797,48.380045010599055],[37.1495682707854,48.380341547195926],[37.1483933573251,48.380528833281836],[37.1473359360485,48.38073172568513],[37.1470954096357,48.38076461516059],[37.146536995071095,48.38084097424274],[37.1459730362864,48.38105947234892],[37.1455265688699,48.38157449781644],[37.1452680901395,48.382151944538876],[37.1451271016769,48.38274499335958],[37.14526695582,48.383014356799286],[37.1453101176249,48.383097487669865],[37.1453620831601,48.38319757584248],[37.1458466120288,48.38340733716587],[37.1471174238627,48.3836810658505],[37.14755061876329,48.383774374061815],[37.1486098625384,48.38410062580217],[37.14919321876409,48.38438609724944],[37.1503445718568,48.38503859335814],[37.15080511207239,48.385109960018845],[37.1513424123965,48.38509976275229],[37.1517415475883,48.38499781186815],[37.1518643596228,48.384906055849],[37.1522174428374,48.38471234592656],[37.15250911974181,48.38444726726689],[37.152954308,48.38404965049203],[37.1537218767158,48.38348889968407],[37.1550113950792,48.38248973123418],[37.1561473979791,48.38178622426541],[37.15703778082519,48.38127642798304],[37.1578500067426,48.38094482372702],[37.1591160698368,48.38068510011439],[37.1603165770386,48.38053706495606],[37.166487553443694,48.379933174674726],[37.1679599293446,48.3798403715384],[37.1707605457402,48.37948454575509],[37.1761273227169,48.37880268194852],[37.1767045923882,48.378816295600394],[37.1767614889673,48.37851886435465],[37.17676206417289,48.378518768831185],[37.1769754904943,48.3774154740613],[37.1777772256777,48.37586223899264],[37.1787125838923,48.375196554994396],[37.1804496740498,48.37470837731497],[37.18245401173059,48.3743533388463],[37.1858613846755,48.37359887163277],[37.1908643625119,48.372121814061934],[37.192475696826996,48.37164608113291],[37.194517202124395,48.370857034803464],[37.1981032767554,48.36907336370995],[37.195922041679395,48.368522657806345],[37.1929291113929,48.36734257595984],[37.1908365043149,48.36598466174693],[37.18926148075819,48.36476174865706],[37.18899780042139,48.36451293077057],[37.1888291755741,48.36430076699682],[37.1888291572034,48.36430074109673],[37.18865110981929,48.364011480539446],[37.18827937715069,48.363103211057364],[37.1881822839732,48.36286597239652],[37.18810603593229,48.362569638413795],[37.1879287507575,48.36061428398232],[37.1879287425508,48.36061425549775],[37.1874198729971,48.357815371897544]]],[[[37.10049938777709,48.38264527909434],[37.0998474661979,48.38304711607393],[37.09984742811051,48.38304713813399],[37.0984957007436,48.38523533045542],[37.098018638494196,48.38692124690359],[37.0974409443731,48.388585069392164],[37.09628464977341,48.39030438709746],[37.0955987221142,48.391324275772966],[37.09504244234479,48.39215137488924],[37.0915039754033,48.39532116651279],[37.0880043002546,48.397220364754894],[37.0877013641134,48.39788526401325],[37.0871566759881,48.39908074715028],[37.08678068065079,48.40056962488591],[37.085431807358795,48.401608509909806],[37.0847155268315,48.402160172952605],[37.0840854025113,48.402645473606924],[37.0805186624554,48.40434713695985],[37.0767160118841,48.40617964245676],[37.07500289028349,48.406623032161825],[37.0738679804655,48.40687480573692],[37.0726009731838,48.40708170114303],[37.0716321646426,48.40739731961283],[37.071045324001496,48.4077129994469],[37.070612049910295,48.40819605467066],[37.0704078289975,48.40862695780061],[37.0699860067253,48.40951698714831],[37.068180435969296,48.415264286633175],[37.0678874119733,48.416053675073854],[37.0676218387489,48.41666435805386],[37.06723780484699,48.41701436975876],[37.06697504318849,48.41720583849938],[37.06648994668971,48.417357060753574],[37.0656300038455,48.41749456390419],[37.0584197863934,48.417898440576955],[37.0573566925068,48.41795865984971],[37.055951613949794,48.41811567192088],[37.05090712650469,48.41898847568122],[37.04988580787679,48.41909100277674],[37.0482067912396,48.41920666850721],[37.04742629882641,48.419241515073715],[37.0461919588458,48.419206267064695],[37.0458421841615,48.41924948123361],[37.0456767295965,48.41932579388025],[37.0455295740764,48.41942305711967],[37.0454624282589,48.419517447807],[37.0454244615237,48.419677257379625],[37.0454305782857,48.41980115990176],[37.04543994439431,48.41999087578143],[37.0455157110759,48.42013238101303],[37.0455565901258,48.4202087259705],[37.0456381516415,48.42026951391662],[37.0457973141743,48.42031205865255],[37.0459929923457,48.420309306992856],[37.0461418112021,48.42029370353493],[37.05133335284919,48.41974934617728],[37.0573172058761,48.418835123215395],[37.063903886974494,48.418345019911165],[37.071162137553195,48.41808967851037],[37.07148269162679,48.41804058251072],[37.0715936531987,48.417991485959334],[37.071630639160595,48.417909659016175],[37.071626299742405,48.41762450460384],[37.0716249487094,48.41753567585988],[37.07161298574,48.41746917918618],[37.0715879849721,48.417415254124954],[37.071527884499595,48.41735856989237],[37.07144987538269,48.41730797176417],[37.071382505838,48.417265610525206],[37.0712814470283,48.4172267800751],[37.07118216146189,48.417200892782496],[37.0710468862476,48.417189668910986],[37.070827934499604,48.41718612524371],[37.0703004034021,48.41719061428694],[37.0695970299191,48.417168170698396],[37.069475291433804,48.41714572647772],[37.0693265021828,48.41705595138026],[37.0692521063261,48.416966176391725],[37.069225054364104,48.41684497894869],[37.069228498417296,48.416746857773845],[37.07187041417339,48.41040568118063],[37.07217881046169,48.409688012637034],[37.0725169085038,48.40915621145855],[37.0728623555686,48.408761013518216],[37.0732372033126,48.40852682278877],[37.073648022892,48.408386646187324],[37.07484222233569,48.40809507105624],[37.077648657249405,48.407506760917535],[37.0849010772696,48.404927923842976],[37.0856100717695,48.40484947812119],[37.0863640158849,48.4049170176205],[37.0883273638428,48.405366996127064],[37.09020133569649,48.40560541988138],[37.0935135094744,48.40568489502072],[37.09766370413289,48.40557892943827],[37.09972832358099,48.40548857582638],[37.10455644994159,48.403376956024815],[37.1065987319662,48.402338549768224],[37.10934896067519,48.400522739967336],[37.1108706178314,48.399135188641154],[37.112211242567994,48.397698491193445],[37.113521398931695,48.395976500526594],[37.1147113091277,48.39477591581122],[37.116263029828794,48.393673554227455],[37.1188842952509,48.39189196405907],[37.121881605867,48.38951990120168],[37.1237058195661,48.38928940865287],[37.1241442482912,48.38710979856157],[37.1241935800227,48.38700244108874],[37.124815200030106,48.385649577810234],[37.12556341724309,48.38437761865646],[37.1263516280966,48.38347017411762],[37.12821172970731,48.38104677768214],[37.1293201712702,48.37998195994812],[37.1299389027742,48.37963061619825],[37.1073908914514,48.38758504165921],[37.106359208392995,48.38788954208317],[37.105319966165396,48.38807047344841],[37.1042970845216,48.38805063699182],[37.104120760321,48.38804721793656],[37.10279752305719,48.38789571067078],[37.101854524874994,48.3876836002199],[37.100972366353304,48.3873401812458],[37.1003335617166,48.38696645840992],[37.1001202244366,48.3868443239353],[37.0997621553627,48.38651571428358],[37.09961753178429,48.38629574047301],[37.0994052085189,48.3856615737027],[37.09939056352079,48.38535032694085],[37.099466611307,48.38481497142924],[37.09984904386679,48.38353217927103],[37.10049938777709,48.38264527909434]]]]},"properties":{"pub_date":"2026-10-07"}},{"type":"Feature","geometry":{"bbox":[36.2728711173329,50.30860199510836,36.2819765743319,50.31457032110873],"type":"Polygon","coordinates":[[[36.2774911363322,50.31457032110873],[36.2819765743319,50.30860199510836],[36.27979126533219,50.30889275510842],[36.2774317853324,50.30904712010857],[36.2758759173327,50.3091544381087],[36.27507912133271,50.309231683108735],[36.2743709633328,50.309365951108745],[36.2737361343329,50.30956149710872],[36.273263727332896,50.3098669771088],[36.273038953333,50.31009783110885],[36.27295383933291,50.31038614110869],[36.2728711173329,50.31066635510889],[36.272950818332895,50.31105658110875],[36.2733909113329,50.31171439410885],[36.2739182443327,50.31223637010875],[36.27496537133259,50.312817844108686],[36.2759214453325,50.31334116510871],[36.2769230453323,50.3139807711087],[36.2774911363322,50.31457032110873]]]},"properties":{"pub_date":"2026-10-07"}},{"type":"Feature","geometry":{"bbox":[36.9477165393367,48.30941021202295,36.950357918336394,48.310996189022994],"type":"Polygon","coordinates":[[[36.9484129853366,48.310991726023],[36.9484572033365,48.310996189022994],[36.948499873336495,48.31099110702296],[36.948567922336494,48.31097905402307],[36.9486127343365,48.310968409022955],[36.9486419303365,48.31096147402309],[36.9487084753365,48.31091423902302],[36.94883674333649,48.31077855502301],[36.94903155533649,48.31053466302307],[36.9492034493365,48.31036698502297],[36.9493295053365,48.310306012023],[36.949623706336396,48.31025140602293],[36.9497928473364,48.31024359102294],[36.9499936623364,48.31022215102293],[36.9501212163363,48.310227807022954],[36.95022545433629,48.31019332502297],[36.9502820373363,48.310158587022904],[36.9503284863363,48.31009953702289],[36.95034940533629,48.310039251022914],[36.950357918336394,48.30994348502296],[36.95034940433639,48.30984870702298],[36.95031502633629,48.30967340602291],[36.95027709033629,48.30958509802295],[36.9501786303364,48.30948442902294],[36.9500858343364,48.30944475102287],[36.9498337243364,48.30941426502289],[36.94951085533639,48.30941021202295],[36.949218677336496,48.30943093802293],[36.948859662336496,48.30945237402296],[36.9484814963366,48.309498104022936],[36.94820646733659,48.309559079023],[36.9480001953366,48.30963529702292],[36.94790851933669,48.309703893022984],[36.9477824643367,48.30990205902306],[36.9477165393367,48.310116770022994],[36.9477366263367,48.31031363302308],[36.9477595453367,48.310458445022995],[36.947897889336595,48.310653736023085],[36.9481262503366,48.31082428502307],[36.9483170153365,48.31095423002308],[36.9484129853366,48.310991726023]]]},"properties":{"pub_date":"2026-10-07"}},{"type":"Feature","geometry":{"bbox":[35.3621853645889,47.586873104071,35.3680783815882,47.59076610807128],"type":"Polygon","coordinates":[[[35.3661918155884,47.58981849807103],[35.366384353588394,47.58978308307101],[35.36642716558829,47.589787703071096],[35.3670637975882,47.58972806907098],[35.3673246385882,47.58967141707104],[35.3677800075881,47.58961476407104],[35.367809211588195,47.58961126307095],[35.3679584925881,47.58957084807094],[35.3680095195881,47.58954534307104],[35.3680629545881,47.58946567807099],[35.3680541125881,47.589149614070955],[35.3679170595881,47.5889379090709],[35.3678507435882,47.58872918607091],[35.36786842958819,47.58852344507098],[35.3679214815882,47.58819246607087],[35.3680386585882,47.58780916507085],[35.3680783815882,47.58767922107092],[35.3679463125882,47.58770624207094],[35.3677071335883,47.58770782407093],[35.36769843258829,47.58770788107093],[35.3673509135883,47.58769312907089],[35.36711761358839,47.58767509907095],[35.3668834405884,47.587632279070874],[35.3665511865884,47.58764828507089],[35.3662426645884,47.58758425907089],[35.36596974158849,47.58751222907093],[35.36582141358849,47.587428194070945],[35.3657684405886,47.587273227071016],[35.365773105588495,47.58726486907099],[35.3657902415885,47.58690523507098],[35.3657838075885,47.58689480007101],[35.3657740705886,47.58688646507095],[35.3657549205886,47.586880618070964],[35.3653296835886,47.586873104071],[35.3653048305886,47.58687951807098],[35.365291955588596,47.58688464907109],[35.3652796845886,47.58689878507095],[35.365271908588596,47.58726454707098],[35.3652103025886,47.58730414207103],[35.3650679085886,47.58740818507108],[35.3649136475887,47.58748821907104],[35.3646585235887,47.58752823507097],[35.3644983295887,47.58754424207105],[35.36439153358871,47.587664292071025],[35.364231339588706,47.58789638707108],[35.3640533455888,47.5879764200711],[35.3639168845888,47.58812047907112],[35.36391095158869,47.588312556071145],[35.3638931515887,47.58844060707104],[35.3637922885887,47.58847262007118],[35.36351936558879,47.58848462507115],[35.3630981145888,47.58848862607121],[35.3626590645889,47.58847662207119],[35.362421739589,47.58856865807121],[35.362234728588895,47.58961194107124],[35.3621853645889,47.58991157307125],[35.3622271335889,47.59010620507129],[35.3625125905888,47.590697724071305],[35.3630775115887,47.59073680107132],[35.3635989765887,47.59076610807128],[35.3643522035886,47.59060980307112],[35.3647867575885,47.59037534307116],[35.3653371925884,47.5902385750711],[35.36591659858839,47.590072498071066],[35.3660533655883,47.58994627507104],[35.3661918155884,47.58981849807103]]]},"properties":{"pub_date":"2026-10-07"}},{"type":"Feature","geometry":{"bbox":[37.82355261431229,48.987486509867,37.824932152703,48.98888551076553],"type":"Polygon","coordinates":[[[37.824768579763,48.988229971510385],[37.8246189510984,48.98801308209839],[37.82431328609399,48.987597253045],[37.8241608707515,48.987516826403485],[37.824050868923294,48.98748898351587],[37.823910958815,48.987486509867],[37.82375093497729,48.987529111252776],[37.8236427107038,48.98760062527132],[37.8235657257467,48.987720599532274],[37.82355261431229,48.98781069436605],[37.823564320864,48.98788289737907],[37.823671909753,48.98811874058674],[37.8239780355064,48.98853927149819],[37.8240543630094,48.988632469698814],[37.824209841349294,48.98877401621615],[37.824378540762496,48.98885371106579],[37.82454138805189,48.98888551076553],[37.8246981216996,48.98887341607445],[37.8247785989173,48.98884652092905],[37.8248566836204,48.98879493751524],[37.82491844093081,48.98869900851069],[37.824932152703,48.988573835091486],[37.82491292747649,48.988501051416016],[37.824768579763,48.988229971510385]]]},"properties":{"pub_date":"2026-10-07"}},{"type":"Feature","geometry":{"bbox":[36.1745788031309,50.31137660896877,36.1768742864309,50.31396141396591],"type":"Polygon","coordinates":[[[36.174748566665095,50.312346723843326],[36.17497031385529,50.31300915107484],[36.1751726900767,50.313515388144786],[36.1753302357819,50.313720070446536],[36.175685792949,50.313901259604556],[36.1759049688755,50.31396141396591],[36.1764396008346,50.313944783077815],[36.176690482130994,50.313896401044204],[36.1768742864309,50.31374216306885],[36.1768523975116,50.31345171352314],[36.1766800957247,50.31266641367347],[36.17656433874289,50.31217915090967],[36.1764139330369,50.311684299532416],[36.1763135464475,50.3115164474629],[36.176142519233494,50.311387824294705],[36.1759627402018,50.311378840055596],[36.1757305365492,50.31137660896877],[36.175532538779,50.31140010168398],[36.1752236192854,50.311447923222815],[36.1748721857595,50.31157152223678],[36.1745788031309,50.3116956791935],[36.1746509133992,50.311972223540415],[36.174748566665095,50.312346723843326]]]},"properties":{"pub_date":"2026-10-07"}},{"type":"Feature","geometry":{"bbox":[37.67096035923069,48.512153292997695,37.7709461362194,48.59767232300152],"type":"Polygon","coordinates":[[[37.6973888282291,48.53953299900024],[37.6973854022292,48.53953526300023],[37.696292246229206,48.54011300200023],[37.695389744229395,48.54039865500031],[37.694262716229495,48.54091166200036],[37.6935348452295,48.54134693600047],[37.6930182912296,48.54184438700051],[37.6927955582296,48.54258171400042],[37.69273933422959,48.54269910600046],[37.6926412912296,48.54321375500052],[37.6926272842296,48.54354757600053],[37.692634289229595,48.543746944000546],[37.69263428822949,48.543895305000646],[37.69267630722949,48.54405294100055],[37.69271832522949,48.544205942000595],[37.69280236222949,48.544340396000585],[37.6929844432295,48.54454439500062],[37.6931595202295,48.544729847000575],[37.6932461642294,48.54479867900057],[37.6932488012294,48.544800776000606],[37.6932909822294,48.54483428300059],[37.6933105982294,48.54484986800061],[37.6937931232293,48.545155425000615],[37.694333157229295,48.545341956000534],[37.6950845082292,48.545419679000574],[37.69583585922909,48.54546630900047],[37.6971037632289,48.54526423600044],[37.69862994622869,48.54489117300042],[37.699686535228594,48.54470463900036],[37.7001326492286,48.54462691600032],[37.701212717228394,48.54456474000021],[37.7025510602282,48.54465800600024],[37.7031647872282,48.54473487500014],[37.70352751422809,48.544781080000185],[37.70388940422809,48.54482899500008],[37.7039040252281,48.54482884100021],[37.7040104082281,48.54484556800019],[37.704144867227996,48.54488414100013],[37.704400340228,48.54502657000018],[37.704434606228,48.54505960200006],[37.7045567802279,48.54517738000012],[37.7055736452277,48.546668727000124],[37.7058443782277,48.54713747400016],[37.7062887252276,48.5479068070002],[37.70754235222739,48.55007725200022],[37.70891496022699,48.55462024300034],[37.708996050227,48.55488860500033],[37.7115914572266,48.55581897300016],[37.711978342226594,48.55593759700023],[37.7120964272266,48.55597880900021],[37.7122520082265,48.55604828100025],[37.7128648022264,48.55657317100021],[37.7129591862264,48.55665401500022],[37.7139319232262,48.55741490500024],[37.7151168952261,48.55818748900023],[37.715732137226,48.55858158200016],[37.715875362225894,48.55869455400019],[37.71595504922599,48.55872332200014],[37.71608963322589,48.55885471300018],[37.7162252262259,48.55899127700024],[37.7163195532259,48.55921368300019],[37.71643156622579,48.55950241800014],[37.7163902982258,48.55975213200023],[37.7160721552259,48.56034867700017],[37.7157842942259,48.56112978200031],[37.71541007522589,48.561634636000285],[37.7151078212259,48.56221568800032],[37.7145608862259,48.562615754000376],[37.71378366422599,48.56323489500047],[37.7133230862261,48.56354922700044],[37.713265514226094,48.56360637800059],[37.7117314462262,48.56468012700057],[37.7103641452264,48.56563052100062],[37.7098382162264,48.56594742600063],[37.7093199222264,48.56631899100074],[37.7087872332265,48.56665244600082],[37.7075490882267,48.56699542500085],[37.7065566872268,48.56731256800093],[37.70459769622699,48.567938602001],[37.70026419122749,48.5692152000012],[37.6977303132278,48.56984395900133],[37.69534040622799,48.57034886700142],[37.6925905732284,48.57106335100162],[37.69162597322849,48.571453931001614],[37.690258255228606,48.57256849600176],[37.689288786228694,48.57344508900181],[37.68928744522869,48.57344630000178],[37.68818508222879,48.57420695900182],[37.687594804228894,48.574597516001944],[37.686658997229,48.57545482200199],[37.685867160228995,48.576264487002014],[37.6851329122291,48.57703603800214],[37.6843554732292,48.57771232800209],[37.68363562022919,48.578407656002284],[37.6819655662294,48.57950302000233],[37.6806842292295,48.580322144002416],[37.6804106862295,48.58048406400241],[37.6803111052296,48.58054403100249],[37.6802049582296,48.58056353600248],[37.6799985632296,48.58052062200244],[37.679615256229695,48.58030215000247],[37.679349890229695,48.58020461800248],[37.67894299622979,48.580122692002426],[37.6786953202298,48.58001345400252],[37.6782707352299,48.579892514002495],[37.67774000422991,48.579833994002556],[37.67721516823,48.57981058500252],[37.6762834382301,48.57978327700256],[37.675793984230204,48.579802783002556],[37.67541031023019,48.579834481002656],[37.6750141042303,48.579834481002656],[37.67465475323029,48.57985886400264],[37.674442829230294,48.57989543800261],[37.6741387652304,48.580102697002744],[37.67353731323039,48.58051531800265],[37.6732007692305,48.58070495700271],[37.6729354022305,48.58094391000275],[37.6727363782305,48.58116823000273],[37.6722498742306,48.58152909100283],[37.671697028230604,48.581904580002835],[37.671188409230595,48.58227519100289],[37.67105093823069,48.582374413002896],[37.6709965912307,48.58244232300292],[37.67096035923069,48.582508236002944],[37.67098451523069,48.58257215300284],[37.6710781112307,48.58269798700291],[37.67122605523059,48.58286376700286],[37.67140419423059,48.58301356900286],[37.6716578122306,48.58317535600294],[37.6718444542305,48.58329923000289],[37.67199187923049,48.58331873500289],[37.6721057152305,48.58328861100286],[37.6722867312305,48.58324071400286],[37.6726479222305,48.58297739100275],[37.673296596230394,48.58254826900281],[37.6743207432303,48.581815584002754],[37.6747353772302,48.58149556500272],[37.6750809062302,48.581297457002705],[37.6755876802302,48.58097743500264],[37.676082940230096,48.5806726490026],[37.676405433229995,48.58044406000252],[37.67673944223,48.58036024200261],[37.677234702229896,48.58040596200252],[37.6777875482299,48.58055835500257],[37.6782367362298,48.58071836800259],[37.6788471692297,48.58093933800247],[37.6793654612297,48.58114506600254],[37.67981680922959,48.58128174200248],[37.6803387012295,48.58132936400246],[37.6810585532294,48.58126983600248],[37.6817064192293,48.58109125300242],[37.6823722822293,48.58087695100233],[37.6829661592292,48.58055549800233],[37.6836500192291,48.580114984002314],[37.6846038212291,48.57951968800225],[37.6850717242291,48.579019634002236],[37.68562961022901,48.5786267310021],[37.6861874942289,48.57823382500206],[37.6867993682288,48.578090949002146],[37.68762719822869,48.57811476300205],[37.6883110572286,48.578424325002096],[37.6889589232285,48.578829135002096],[37.6897147672284,48.579614935001985],[37.6897011012284,48.579614935001985],[37.6907284652283,48.580464529002015],[37.6944542572276,48.583324623001985],[37.69734988922719,48.585518746001874],[37.698280643226994,48.586223993002044],[37.698810091226996,48.58655087300193],[37.6993715742269,48.58696990400193],[37.7002497942267,48.58758892000194],[37.7003662662267,48.58767136800191],[37.70107042522659,48.588169835001885],[37.70204942322639,48.58887454400185],[37.70253892122639,48.58922689500188],[37.702711686226294,48.5893887830018],[37.7028556562263,48.58955067400186],[37.70294070122629,48.58967212700193],[37.7023375202263,48.59004389500189],[37.69608276522699,48.5927551820023],[37.695861531227,48.593194160002184],[37.695714038227095,48.59360874800234],[37.69567716622701,48.594437911002274],[37.6960827642269,48.59492565100231],[37.6967464722268,48.595218291002304],[37.69740884622669,48.59526696400235],[37.697570621226795,48.59527885400232],[37.69972570122639,48.59532483100221],[37.70809146222529,48.59651914200185],[37.7188791712239,48.5976294720015],[37.71920315022389,48.59767232300152],[37.7216261742236,48.59747201700146],[37.72480639322319,48.59667078300122],[37.732498144222305,48.59368867300086],[37.7343828212221,48.59261895500077],[37.74010172722159,48.58795655000024],[37.7450992132212,48.58324823299992],[37.7460990372211,48.58195175999973],[37.7455308992212,48.58123715499985],[37.7455034652212,48.58120085599982],[37.7453434752212,48.58100240199988],[37.7451260262213,48.580732670999936],[37.74477217522129,48.580186446999825],[37.744465507221406,48.57951536599986],[37.7442296082215,48.57901595099984],[37.7442296082215,48.57861017299979],[37.74493730522139,48.578063928999754],[37.7458101342214,48.577533284999724],[37.7463055232213,48.577205531999695],[37.7466829622212,48.57683095299966],[37.7472491212212,48.576565626999624],[37.74826348822109,48.576003749999536],[37.74911272822099,48.57566037999956],[37.7496552972209,48.575488691999496],[37.75025538922079,48.57546251999952],[37.7504525922208,48.57541913899951],[37.75139713422071,48.57521082499939],[37.75261154622059,48.57497275099935],[37.7538034692204,48.57483883399932],[37.7546130762203,48.57474955499921],[37.7555673242202,48.574733054999164],[37.7556250862202,48.57471979499932],[37.7564346942201,48.574704916999266],[37.75693316422,48.57466643899915],[37.7577840402199,48.574600758999146],[37.7586386262198,48.574630517999054],[37.760185624219595,48.57444024799902],[37.7602777392196,48.57406846399901],[37.76026852821959,48.57376372299896],[37.7602224692196,48.573507736999005],[37.7601211422197,48.573221275999025],[37.7598171632197,48.573068901998994],[37.75940264421979,48.57294090899899],[37.7590065462198,48.57293481299908],[37.7583893732199,48.5729652879991],[37.757127394220106,48.57297747899905],[37.75606806722019,48.573001857999174],[37.75512849122029,48.57302623799918],[37.7538757222205,48.57303842899921],[37.7529453582206,48.573050617999264],[37.75129809422079,48.57305084799928],[37.75130821022079,48.573028680999265],[37.753882672220705,48.568018336999025],[37.75676001122049,48.56360882899875],[37.7608488642202,48.55819663299839],[37.76539203321989,48.553986743998095],[37.7694808832195,48.54997700299769],[37.7709461362194,48.54779805799756],[37.76993202221949,48.5479999659976],[37.768537910219706,48.54787853399767],[37.7666668732199,48.547441373997714],[37.7576785372212,48.544478292998036],[37.7357763522242,48.53881881499866],[37.7338617452245,48.53887650399877],[37.7327725972247,48.538914458998775],[37.73197006822469,48.539180139998834],[37.7316261292247,48.540204897998855],[37.7312821862247,48.54081215099892],[37.730479658224795,48.54122963499892],[37.729447833225,48.54122963499892],[37.7247473012256,48.54058443199913],[37.7192442392263,48.540660339999405],[37.71672200422659,48.54115372899955],[37.71322526622699,48.5414193989996],[37.7117983382272,48.54121718699973],[37.7113080762273,48.54108439799967],[37.710996101227295,48.54089259399976],[37.7095673942275,48.54008037899982],[37.70832105622771,48.53937183799979],[37.70811170122779,48.5393351289998],[37.7079540712278,48.539313720999814],[37.7077438912278,48.539308370999755],[37.7076145532278,48.539316395999776],[37.707553926227895,48.539340479999794],[37.7012367802285,48.54215193000012],[37.7011860772285,48.54216039400011],[37.7011519872286,48.54216402900012],[37.701099993228496,48.542145816000215],[37.7009058512286,48.54199813400017],[37.70068693022859,48.54178208800012],[37.700583668228596,48.54167543100017],[37.7005490242287,48.54160578500013],[37.70054940722859,48.54160523100014],[37.7006047392286,48.54152508600022],[37.700611289228604,48.54152230100011],[37.7041041472283,48.540058289000044],[37.7071862052279,48.538747770999834],[37.7080052552278,48.5383797839997],[37.70920712722769,48.53665496999976],[37.7098123282278,48.53476168099957],[37.7118932792275,48.53377920699938],[37.7135005792273,48.53362581999932],[37.716492153226994,48.53346245599916],[37.7177416052267,48.534024135999275],[37.719313030226495,48.53449739599917],[37.72015241222639,48.53471928399915],[37.7222914672261,48.53499551599906],[37.724249318225894,48.53499246499895],[37.725805349225695,48.534565093998914],[37.72769997122549,48.53388018099881],[37.730232391225194,48.53281436499863],[37.7331402522249,48.531645303998445],[37.735590126224594,48.530355201998404],[37.73750941222449,48.5294164729982],[37.73929867322429,48.52847229799813],[37.7401532672242,48.527743846997986],[37.7405439842242,48.526690439997864],[37.7408976812242,48.52548267999784],[37.7409785002242,48.52424429299783],[37.74245865722409,48.523408324997796],[37.74606969622369,48.521181567997616],[37.74760692722351,48.5201418839974],[37.7495156972234,48.51850638099734],[37.74950742122329,48.51849230599729],[37.7489120732235,48.51747949499738],[37.747792615223595,48.516923551997394],[37.73575106422539,48.51229594199767],[37.734773766225494,48.512153292997695],[37.7336785552256,48.512413223997754],[37.7316633012259,48.51300828699787],[37.7298625212261,48.513544355997986],[37.7277375302263,48.514457380998074],[37.7254348672266,48.515583674998155],[37.72322267122681,48.51684954499835],[37.72101629422699,48.51831937299848],[37.7182960072273,48.519971401998646],[37.715307310227594,48.52169702399887],[37.7113468422281,48.52348371699908],[37.7088095172283,48.525126222999226],[37.6901763852303,48.53406846500039],[37.6898779812303,48.53421166200033],[37.6898871182303,48.53421283300031],[37.68996363223031,48.534349697000366],[37.6900602092303,48.534432832000256],[37.69016644423029,48.53445841200023],[37.6902180782303,48.53445499300029],[37.6904204312303,48.534413876000386],[37.690619988230196,48.53438184200038],[37.6909162992302,48.53439385400028],[37.691194470230094,48.534542014000294],[37.6915089232301,48.534754238000275],[37.69181128123,48.535058558000266],[37.69214387723,48.53531482700025],[37.692243794229995,48.53545435800026],[37.69230819523,48.53548060000026],[37.69234782523,48.535508482000296],[37.692459287229894,48.53551012100033],[37.692650011229894,48.5354346760003],[37.69286367022989,48.53534647600023],[37.6930512732299,48.5352690280002],[37.6935020722298,48.53508533500015],[37.6935790172298,48.53504795000027],[37.6948653352296,48.53511747800016],[37.6974431942293,48.53548494800003],[37.6978873342292,48.53567610500001],[37.699207520228995,48.536244309999994],[37.699474371228995,48.536359161000036],[37.69959141222899,48.53640953500008],[37.699854023229,48.53685563799994],[37.7000649032289,48.53721386399998],[37.70007500822889,48.53725969600011],[37.70007746622889,48.53732956],[37.7000641022289,48.53737751400001],[37.700041931228895,48.53740962100003],[37.6999975282289,48.53747392199995],[37.6999167872289,48.53753265700004],[37.6998430452289,48.53757304300009],[37.6996031252289,48.537680747000124],[37.699572606229,48.53769088900014],[37.69949342422889,48.53774333800006],[37.699455790228996,48.53778536900007],[37.6994659672289,48.537844894000024],[37.6994705862289,48.53785531000006],[37.6995134542289,48.53795196800013],[37.699524906228895,48.53803585700004],[37.69934363922899,48.53821834400017],[37.698747363229,48.53849088800012],[37.698308253229094,48.538699928000206],[37.697723899229096,48.539114639000154],[37.69742694222909,48.53946527400024],[37.6973967022291,48.5395009750002],[37.6973888282291,48.53953299900024]],[[37.727415639225995,48.52237122799837],[37.727880104226,48.52265480499832],[37.73002243722559,48.523962786998304],[37.7311693102254,48.52466298699835],[37.7314534912254,48.52492505899832],[37.7316194242254,48.525193054998276],[37.731631697225396,48.52533936399837],[37.73138275722539,48.52552020799829],[37.730916028225394,48.525717833998335],[37.72889367722559,48.526639142998526],[37.725623079226,48.52812906999863],[37.725485758226,48.52819162599873],[37.7243478032262,48.52871001299874],[37.7243153582262,48.528724792998695],[37.7216491672265,48.52993933399885],[37.7214067272265,48.5299670959989],[37.72119438622649,48.52994152899885],[37.720911548226596,48.52980426999893],[37.7200288102267,48.52904701699886],[37.71914073422679,48.52849101099896],[37.718023025227,48.52779122699895],[37.71791274922699,48.52765962299904],[37.717899880227,48.527574396998986],[37.71797321822701,48.52743558099894],[37.71803859122701,48.527390230998954],[37.71985397322679,48.526179373998765],[37.7212905512267,48.52522115799869],[37.72596350422619,48.522222133998454],[37.7264068382262,48.52206584299835],[37.72670531722609,48.52208665299838],[37.727415639225995,48.52237122799837]],[[37.713067749227804,48.52449714499895],[37.7146758552275,48.52539748599901],[37.7147071562275,48.525438610999075],[37.7147120152275,48.525469713998966],[37.7146930822275,48.525520331999],[37.71392490322761,48.52620655699911],[37.7138511282276,48.526272457999],[37.71356298022759,48.52652986199911],[37.713471164227606,48.52658275599909],[37.711872861227796,48.52750343599914],[37.711768992227796,48.52752865799918],[37.7116651232278,48.52752177999926],[37.711573252227794,48.52748660599912],[37.71040139222801,48.52660459899921],[37.710307910228,48.52648765699913],[37.710307910228,48.526439504999196],[37.71033702522799,48.52636104999924],[37.7112998142279,48.52558750899909],[37.711325499228,48.5255539789991],[37.7115064532279,48.52542148899917],[37.71189134222791,48.525139666999046],[37.71276430622779,48.52450047899898],[37.7128749632278,48.52446567799909],[37.71295593522779,48.52446400299899],[37.713067749227804,48.52449714499895]],[[37.73636709422531,48.51393740199769],[37.7371274992251,48.51434187399772],[37.73717846322509,48.514389375997645],[37.7371855552251,48.51441286399762],[37.737148995225105,48.51446748199764],[37.7367478442251,48.51475206999767],[37.73663579022519,48.51483156099765],[37.736423217225195,48.514982364997714],[37.7363474872252,48.51500973499769],[37.7363039192252,48.515012137997836],[37.7362371422252,48.514990981997705],[37.73553903222529,48.51454727499768],[37.7355007942253,48.514499290997676],[37.73549654022529,48.514469228997626],[37.7355277002253,48.51441049399769],[37.736102104225296,48.5139538029977],[37.73620703122529,48.51390744899773],[37.7362509942253,48.513907447997695],[37.73636709422531,48.51393740199769]]]},"properties":{"pub_date":"2026-10-07"}},{"type":"Feature","geometry":{"bbox":[37.632379293237,48.550171550003256,37.6333632142369,48.55078215900325],"type":"Polygon","coordinates":[[[37.632417029237,48.55070167000331],[37.632587538237,48.55073035000318],[37.632721709237,48.55074237700324],[37.6328433012369,48.550747928003304],[37.6330249912369,48.55076365500333],[37.633173139236895,48.550781233003214],[37.63321646523679,48.55078215900325],[37.6332639832369,48.550769206003196],[37.6332905382368,48.55071647200319],[37.6333073102368,48.55066651400322],[37.633318490236796,48.55062303100316],[37.6333408522369,48.55057492200316],[37.6333520332369,48.550518488003256],[37.6333632142369,48.550461127003196],[37.6333548282369,48.550396366003206],[37.6333198882368,48.550351033003174],[37.63317174123689,48.550296448003174],[37.6330207992369,48.55026314200317],[37.6328628682369,48.55021318200326],[37.632755252236905,48.550171550003256],[37.632685371237,48.5501724750032],[37.6326238762369,48.55022891000321],[37.632523248237,48.55035473300323],[37.632436596237,48.55049628400322],[37.632391872237,48.55056382100327],[37.632387679237,48.55061840500327],[37.632383486236996,48.55065078600326],[37.632379293237,48.55068131600329],[37.632417029237,48.55070167000331]]]},"properties":{"pub_date":"2026-10-07"}},{"type":"Feature","geometry":{"bbox":[36.2383475025974,50.28043458062023,36.24034762438699,50.28161090026121],"type":"Polygon","coordinates":[[[36.2393695545577,50.28043458062023],[36.2389167678048,50.280499916754316],[36.2385475156015,50.280647393851886],[36.2383475025974,50.28084402923237],[36.2383475027396,50.280981673579056],[36.2384398165067,50.28115864421492],[36.23853212971,50.28135527772318],[36.2387321420273,50.281483089039334],[36.239116780183394,50.28159123640038],[36.2394398763996,50.28161090026121],[36.239701431190994,50.281591237066046],[36.239947600513695,50.2815322472603],[36.2402399256933,50.281473256853474],[36.24034762438699,50.281306119222855],[36.24033223961899,50.28108982254962],[36.2402245403625,50.28082436527886],[36.2401147441042,50.2806067361326],[36.2398327450784,50.28049805799814],[36.2396460679214,50.28046533162064],[36.2393695545577,50.28043458062023]]]},"properties":{"pub_date":"2026-10-07"}},{"type":"Feature","geometry":{"bbox":[37.8030614479886,48.883028294628204,37.8270700691993,48.893647779484986],"type":"Polygon","coordinates":[[[37.8041523451729,48.88884670799594],[37.8041716886776,48.88896541434996],[37.804191360610304,48.88908614423567],[37.80419366210139,48.88908538764112],[37.80421015932839,48.88918785965062],[37.80439325511839,48.890325123771845],[37.8046780290282,48.89207266344465],[37.80468355807789,48.89208090932595],[37.80503914256549,48.89261124552304],[37.8051534752821,48.892709165113835],[37.8052354872906,48.89277940460805],[37.8055333811133,48.89273647969025],[37.8055389099924,48.89273568298418],[37.8059642229283,48.892730090080875],[37.806780822939395,48.892780423973235],[37.807410285947,48.89279160884312],[37.8081367951591,48.89281916659128],[37.8082922041641,48.892823604440736],[37.8083052295087,48.89282562826828],[37.8089158936281,48.892853128046255],[37.8101115544604,48.8930167116031],[37.810212825845895,48.893028875423525],[37.8104165036062,48.89304750348735],[37.81052320116869,48.89306615597044],[37.8113964694786,48.89317104688437],[37.8119859892153,48.89320086134036],[37.8131551994244,48.89324390987789],[37.8141840840679,48.8933345056859],[37.8142467045074,48.89333140376249],[37.8149366220292,48.893394237067916],[37.8165045380127,48.89349732149716],[37.81787351340309,48.893488583653685],[37.8183727161668,48.89349809697978],[37.818578502672395,48.893491904447046],[37.8193724044529,48.89350430357555],[37.81952358995039,48.89351891131709],[37.81978742121189,48.89352353640115],[37.8204471339933,48.89361517042931],[37.8206277041455,48.893636504193594],[37.8209215776279,48.893647779484986],[37.8213433806862,48.89363265357956],[37.8216308039027,48.893608303672075],[37.822279903178796,48.893558903291485],[37.822934404652,48.89348490337292],[37.823680004716095,48.89333670439829],[37.8242835044693,48.89318860396665],[37.8246430021905,48.89306160463029],[37.824929669857596,48.892948847799616],[37.8252761609018,48.892684427797754],[37.8257151658122,48.89255156538268],[37.8260949391632,48.892535529259774],[37.8264768917081,48.89252092633166],[37.82677631102939,48.89248155394335],[37.82695596337629,48.89244576144614],[37.8270102517616,48.89243282685675],[37.8270531780396,48.89241961608728],[37.8270700691993,48.892419704523945],[37.8270680439466,48.89241513815402],[37.8270675515169,48.89241428035803],[37.8270202891765,48.89233181514203],[37.8267546818471,48.8918683718448],[37.8263810593691,48.89148800766745],[37.825730229692894,48.89121065648571],[37.8247178310737,48.89094122991602],[37.823862112952895,48.89054500899044],[37.8233318059693,48.89015670901051],[37.8230425515547,48.88976840905081],[37.8223377311444,48.88886308807486],[37.8209124698007,48.88783524645122],[37.81898147136949,48.88695854066831],[37.817556208465696,48.88556787387661],[37.8170964484687,48.88502368883779],[37.8167286387993,48.88420740005387],[37.816636686962994,48.883632967334464],[37.8161769244732,48.883028294628204],[37.813740186718796,48.883179463879245],[37.81107357123089,48.883632968019455],[37.8079471915502,48.884267867060935],[37.8062000970112,48.88502368878275],[37.8054609925063,48.88521606924722],[37.80399324087969,48.885598105663],[37.8030614479886,48.88580234311396],[37.803941665950894,48.88755377609047],[37.8041523451729,48.88884670799594]]]},"properties":{"pub_date":"2026-10-07"}},{"type":"Feature","geometry":{"bbox":[37.779874469628695,48.83788191045924,37.7835427911006,48.84009511737373],"type":"Polygon","coordinates":[[[37.7805347929732,48.839288405997486],[37.7806279097396,48.839373527201154],[37.7808048406385,48.83953526415989],[37.7812700261405,48.83990266882568],[37.78157572027439,48.84009511737373],[37.781775084953,48.84002513611004],[37.78194786839009,48.83978020091909],[37.78217381687719,48.83952651623878],[37.782612420015695,48.83922909169982],[37.7829048227575,48.839080379048575],[37.78334342620389,48.83876545564219],[37.7835427911006,48.83844178237446],[37.78350291977969,48.83833680698455],[37.7831706421643,48.838293066650216],[37.7826522938919,48.83826682279743],[37.7821605253515,48.8381880914418],[37.78185483209129,48.83804812265716],[37.7816155927454,48.83788191045924],[37.7813630631967,48.83800438320339],[37.7808978773319,48.83819683945574],[37.7805124383222,48.83842428652174],[37.7801668714875,48.83860799367982],[37.779874469628695,48.83872171607639],[37.780100415326395,48.83889667340785],[37.7803263631853,48.83909787426977],[37.7805347929732,48.839288405997486]]]},"properties":{"pub_date":"2026-10-07"}},{"type":"Feature","geometry":{"bbox":[35.943163625082,47.621379420874405,35.94890431030171,47.62392005155649],"type":"Polygon","coordinates":[[[35.9431650290065,47.623392116701325],[35.9435326013529,47.62390033934239],[35.9435676915654,47.62391491553638],[35.943619947516595,47.62392005155649],[35.9436996946554,47.62391048760938],[35.94372220463819,47.62390396188665],[35.9437636387414,47.62389194797716],[35.9486111145823,47.62217563999204],[35.9488499702027,47.62210269922349],[35.94889015887679,47.6220717057313],[35.94890431030171,47.6220379513265],[35.94890428484481,47.621979679280756],[35.9485994038764,47.62142947992882],[35.94856247138641,47.62140690161168],[35.9484862664902,47.62138635549579],[35.9484060948541,47.621379420874405],[35.9483504949565,47.621392623432165],[35.94835044661019,47.62139261630259],[35.9435887030822,47.62314435215102],[35.94349032673339,47.62318802089174],[35.94320542323949,47.623314488650294],[35.943171986313395,47.62334593503801],[35.943163625082,47.62336847600569],[35.9431650290065,47.623392116701325]]]},"properties":{"pub_date":"2026-10-07"}},{"type":"Feature","geometry":{"bbox":[37.50983966322679,50.176929330103015,37.51240576891111,50.17916782529443],"type":"Polygon","coordinates":[[[37.5103270840458,50.17916782529443],[37.5103888643963,50.179153386096075],[37.5114332520653,50.178815776214094],[37.51219287782979,50.178559015450716],[37.5122614494771,50.17851330220143],[37.5123408465443,50.17842788976438],[37.51240576891111,50.17832066624325],[37.5124042846082,50.17825589598381],[37.51236868662969,50.178188654170086],[37.5122082195742,50.177976250400675],[37.51212112602809,50.17786771896716],[37.51199611029519,50.17778080946692],[37.5117984653956,50.17752282096756],[37.51156369521559,50.17715168790818],[37.5114646887128,50.17702727631089],[37.51131027464939,50.176929330103015],[37.51098621667239,50.17714222413905],[37.5103169385928,50.177617741731694],[37.51013792442479,50.1777541326709],[37.5099021717814,50.178130428286124],[37.5098518616099,50.17832606896801],[37.50983966322679,50.178533424398005],[37.50986836896149,50.17860400932287],[37.5099161255749,50.17867339025115],[37.5101830825407,50.17898653300829],[37.5103270840458,50.17916782529443]]]},"properties":{"pub_date":"2026-10-07"}},{"type":"Feature","geometry":{"bbox":[37.863566308994294,48.92437190836724,37.9935318078787,49.016525994232076],"type":"Polygon","coordinates":[[[37.87263230483249,49.00218458826603],[37.8711099675471,49.00441277622162],[37.8647571759815,49.010898758454836],[37.8689078659814,49.01128105965965],[37.87407795194309,49.014291911672174],[37.8792399633871,49.01540773933595],[37.88456385221999,49.01611658408666],[37.910774740365206,49.016525994232076],[37.91643182935359,49.01594912289744],[37.91673818318,49.01503737593819],[37.9167381857109,49.01503734653846],[37.9168469761508,49.0098532280814],[37.9211550106733,49.00444466646963],[37.923209636574995,49.00067537764326],[37.92442587174259,48.99844401286851],[37.9304031268554,48.99518180694535],[37.9354019019732,48.991956953130426],[37.93648614014359,48.98673492674074],[37.9364983707981,48.985926674336156],[37.9352422910977,48.98530804298758],[37.9297702356573,48.984008119810674],[37.918779648404595,48.98266767269283],[37.9011752607185,48.982029351324236],[37.89053912587559,48.980408764251884],[37.8882158794513,48.980054633131296],[37.880653017508195,48.97890146003745],[37.87618709817849,48.97674006344555],[37.8754993830291,48.976260679690746],[37.8753576074055,48.97608265909066],[37.875239148252696,48.97550797781182],[37.8773973962236,48.95815537043504],[37.87741254121569,48.95803357835031],[37.8775033901143,48.95730300954003],[37.8784380131171,48.95602837745115],[37.879528760512,48.9555760214095],[37.8819635377148,48.954744715400885],[37.8819719269944,48.954741851628306],[37.8882360261196,48.954387467445336],[37.888224230095,48.95436714300528],[37.902634182730694,48.95355190962393],[37.91994678335679,48.95240225564501],[37.9387791766913,48.95069617298082],[37.9391692245999,48.95103652260739],[37.9421715230843,48.95473317383649],[37.944073181772595,48.957074496044825],[37.948775683373896,48.95922246810585],[37.9536122999219,48.95886493693518],[37.9828530876567,48.954508743202815],[37.98424012012939,48.953456243614255],[37.9892541475505,48.947254726470824],[37.9935318078787,48.94022118951801],[37.9684735492891,48.924627478472004],[37.968473336902896,48.924627464470035],[37.9684735837416,48.92462753377442],[37.9645403953189,48.92437190836724],[37.9618801900588,48.924382594674775],[37.9602999675381,48.92467941882219],[37.959018649581495,48.925065369459446],[37.9566263431617,48.926071136959],[37.9548849626341,48.92707582485601],[37.95372031925489,48.92814270715279],[37.9526046292074,48.92982176729235],[37.9513267615593,48.93213951112133],[37.9503907128435,48.93445010107731],[37.9498233132577,48.935850630680704],[37.9498231641652,48.93585064434368],[37.9497480830729,48.935888431044546],[37.9491226076117,48.9362032319363],[37.9484338864436,48.93646958384776],[37.946889729990694,48.936952356345984],[37.945398822993994,48.9373614062514],[37.9438799644389,48.93766365897454],[37.9424978382907,48.93787546551256],[37.940814073156794,48.93789973633808],[37.93992261004869,48.93785016636933],[37.9384204651373,48.937585170495],[37.9384203606354,48.93758519369233],[37.93813287669509,48.93754876081467],[37.93812594455749,48.93754788273117],[37.9057866719968,48.93344957042073],[37.9057518292593,48.93344514969763],[37.9035301212258,48.933163284664005],[37.9035298235619,48.93316333185493],[37.903529772587994,48.93316334310672],[37.9027678301529,48.933378094732994],[37.90139752142869,48.93362247973195],[37.90004190896119,48.93377864432651],[37.8997971864517,48.93378857836327],[37.879224766631594,48.93723245712059],[37.879170899332905,48.93724146988118],[37.875633863521195,48.937833213183126],[37.8715130426996,48.93890860327554],[37.869276558481,48.93989155217641],[37.86742127796919,48.94107141221263],[37.8650742732331,48.943201601879224],[37.864081949261895,48.94445474969752],[37.8635663171861,48.94568618453324],[37.863566308994294,48.945686291071624],[37.8637526185772,48.949724326217044],[37.86375262216829,48.949724360738266],[37.86414894360139,48.95237976305845],[37.863752572183095,48.94972426824232],[37.8664803093678,48.9680016268205],[37.8665995528179,48.969293267851775],[37.8665995542582,48.971406789492946],[37.86630144037159,48.9730114400214],[37.868913134232095,48.978654755385996],[37.8742839459941,48.990629510869674],[37.875280294772196,48.99377148507456],[37.8753709575439,48.99640237385591],[37.8742760941634,48.99977852524242],[37.87263230483249,49.00218458826603]]]},"properties":{"pub_date":"2026-10-07"}},{"type":"Feature","geometry":{"bbox":[35.3777948883236,50.8099954300223,35.415101525793,50.818409835320104],"type":"Polygon","coordinates":[[[35.415101525793,50.81804737666001],[35.4148313057508,50.81768153201978],[35.414726839058694,50.81753769016337],[35.413711273812396,50.816212941572275],[35.4134604275229,50.81590971348437],[35.4133255219747,50.815710063032036],[35.41303059873379,50.815559662309205],[35.412731401424296,50.815412668283486],[35.4124280320363,50.815269129864745],[35.41212058887509,50.81512909489826],[35.4118091706154,50.81499260925864],[35.4114938826843,50.81485971731165],[35.4111748268241,50.81473046235792],[35.410852111645006,50.814604888995554],[35.4105258419573,50.81448303795225],[35.4101961252703,50.81436494935217],[35.40986306762271,50.8142506608168],[35.40952678240979,50.81414021209959],[35.4091873787392,50.814033638248866],[35.408844969395,50.8139309753794],[35.408499666553894,50.8138322559667],[35.408151583366696,50.81373751415633],[35.407800836430994,50.813646779549366],[35.40744754061609,50.81356008402065],[35.40709181104701,50.81347745466919],[35.4037742104333,50.81288640676795],[35.394752938627896,50.81158122653175],[35.3937563372551,50.81145873827824],[35.3925034189774,50.81130474743763],[35.3894185826899,50.81096692348871],[35.38841469486649,50.8108967377685],[35.38763505363511,50.810865077064086],[35.38658890624129,50.81090442804926],[35.3855080452,50.810996610888246],[35.384535569156,50.81105489818109],[35.3828867580652,50.811191928540964],[35.3824167731824,50.811239180828835],[35.3820712636816,50.811249480546806],[35.3816491512123,50.81117565466653],[35.3813212624378,50.81112326318083],[35.38109512971451,50.8110708713275],[35.3808652311597,50.81099942609102],[35.3796921836358,50.81065128545772],[35.3784483093476,50.81025290815376],[35.37825352067069,50.8101765638843],[35.3777948883236,50.8099954300223],[35.38021097364649,50.81465482605228],[35.3819021569491,50.81685291624724],[35.383738296931696,50.818165616077756],[35.385091243024895,50.818409835320104],[35.38736225963411,50.81807403387741],[35.40669005646139,50.817188726083465],[35.4124527436212,50.81747089283349],[35.415101525793,50.81804737666001]]]},"properties":{"pub_date":"2026-10-07"}},{"type":"Feature","geometry":{"bbox":[35.3540702635268,50.920755214633324,35.3557005082022,50.92123569375146],"type":"Polygon","coordinates":[[[35.3540702635268,50.920755214633324],[35.354070282747095,50.92075523960852],[35.3556805182563,50.92122981905352],[35.3557005082022,50.92123569375146],[35.3540702635268,50.920755214633324]]]},"properties":{"pub_date":"2026-10-07"}},{"type":"Feature","geometry":{"bbox":[35.3569036467366,50.926594999662306,35.358684626520194,50.92755724387282],"type":"Polygon","coordinates":[[[35.35868459257829,50.926594999662306],[35.3586845928888,50.92662624938235],[35.3586151402331,50.92666690006841],[35.3584424989301,50.926713479840025],[35.3579748761552,50.92681431420133],[35.3575564753358,50.92700822885915],[35.3571011582041,50.92726419337739],[35.3569036467366,50.92755724387282],[35.356903724201196,50.927557232312964],[35.357101189012,50.92726424596877],[35.357556508477096,50.92700828281867],[35.3579749065867,50.92681436876339],[35.3584425307172,50.926713534100614],[35.3586151710423,50.92666695265945],[35.358684626520194,50.92662630417645],[35.35868462444731,50.926595033147635],[35.35868459257829,50.926594999662306]]]},"properties":{"pub_date":"2026-10-07"}},{"type":"Feature","geometry":{"bbox":[35.338632986752295,50.917425029408065,35.341778664419394,50.92011387220385],"type":"Polygon","coordinates":[[[35.3400546937815,50.91758090736816],[35.339189311842,50.9181654401275],[35.338880245237,50.91890583984332],[35.338632986752295,50.92011383683846],[35.3386330059182,50.92011387220385],[35.3388802647804,50.91890587323788],[35.3391893313853,50.91816547352206],[35.3400547143024,50.9175809424324],[35.3413527828242,50.91742506447204],[35.341778664419394,50.91757198400948],[35.3417786421646,50.917571951217475],[35.34135276230239,50.917425029408065],[35.3400546937815,50.91758090736816]]]},"properties":{"pub_date":"2026-10-07"}},{"type":"Feature","geometry":{"bbox":[35.35716419766269,50.92166580646564,35.3616658448825,50.92335675393522],"type":"Polygon","coordinates":[[[35.35716419766269,50.92166580646564],[35.3597922824375,50.92244704522302],[35.3616658448825,50.92335675393522],[35.3597922648331,50.92244701517109],[35.357868053879,50.92187244813812],[35.35716419766269,50.92166580646564]]]},"properties":{"pub_date":"2026-10-07"}},{"type":"Feature","geometry":{"bbox":[35.3526018308244,50.91923898012712,35.3540702635268,50.920755214633324],"type":"Polygon","coordinates":[[[35.3526018308244,50.91923898012712],[35.3540702635268,50.920755214633324],[35.353945919880395,50.92062337935042],[35.3538700231606,50.920542912667926],[35.3535132598804,50.920164663176884],[35.3526018308244,50.91923898012712]]]},"properties":{"pub_date":"2026-10-07"}},{"type":"Feature","geometry":{"bbox":[35.3423628616957,50.91834704577438,35.3526018308244,50.91923898012712],"type":"Polygon","coordinates":[[[35.3423628616957,50.91834704577438],[35.34236288259639,50.91834707886736],[35.34277587268419,50.91855214084145],[35.3431883976766,50.91875697060951],[35.34446850546269,50.91901235331046],[35.3464129717341,50.919042999043604],[35.34903055977,50.918875842184505],[35.3503906256481,50.91882401001922],[35.3517916514062,50.918824012372],[35.3526018308244,50.91923898012712],[35.351791630875596,50.91882397730989],[35.3501712381505,50.91882397610963],[35.348049545032694,50.91892038361054],[35.3475875587245,50.91895498445762],[35.346412952185005,50.91904296565032],[35.3444684859151,50.91901231991673],[35.343188378130094,50.91875693721553],[35.3423628616957,50.91834704577438]]]},"properties":{"pub_date":"2026-10-07"}},{"type":"Feature","geometry":{"bbox":[35.2650220281515,50.93808328112569,35.26634657054159,50.938304957192436],"type":"Polygon","coordinates":[[[35.2650220281515,50.93808328112569],[35.2662233018265,50.93828973329789],[35.26634657054159,50.938304957192436],[35.2650220281515,50.93808328112569]]]},"properties":{"pub_date":"2026-10-07"}},{"type":"Feature","geometry":{"bbox":[35.2650070611972,50.93696589349053,35.2811099294254,50.93850369733081],"type":"Polygon","coordinates":[[[35.26592845696899,50.937291050272805],[35.2654493321954,50.93747685340577],[35.2650070611972,50.93768588095994],[35.265007061203,50.93808070885604],[35.2650071052334,50.93808071608367],[35.265007088492794,50.93768592772853],[35.2659284842653,50.93729109704121],[35.26696044616601,50.9370820680499],[35.2683241084051,50.93696594025842],[35.2808550729947,50.93842912958117],[35.2811099294254,50.93850369733081],[35.281109895333,50.938503652067666],[35.28085504616999,50.9384290836514],[35.2683240811065,50.93696589349053],[35.26696041886879,50.937082021281675],[35.26592845696899,50.937291050272805]]]},"properties":{"pub_date":"2026-10-07"}},{"type":"Feature","geometry":{"bbox":[35.2663772771112,50.93830874873546,35.27979523848731,50.93994669709775],"type":"Polygon","coordinates":[[[35.2716779560666,50.93896325139113],[35.27979523848731,50.93994669709775],[35.2663772771112,50.93830874873546],[35.2716779560666,50.93896325139113]]]},"properties":{"pub_date":"2026-10-07"}},{"type":"Feature","geometry":{"bbox":[35.34099364967359,51.03202903356656,35.3571905724801,51.036162158100694],"type":"Polygon","coordinates":[[[35.3472680147606,51.0328664837093],[35.3470404689085,51.03294018502413],[35.3457485669073,51.03335861403549],[35.3440890758175,51.03389609828416],[35.3430004859038,51.03425934206579],[35.3421504981342,51.03454296436766],[35.3417080829296,51.034956938558025],[35.3411254347577,51.03550212465083],[35.34099364967359,51.036162104005086],[35.3409936737448,51.036162158100694],[35.3411254647524,51.035502178377165],[35.3417081146617,51.03495699001255],[35.342150529487895,51.03454301779259],[35.343000517636895,51.034259393519996],[35.3440891063046,51.033896152844584],[35.3457485996228,51.03335866715845],[35.34704050249359,51.03294023701093],[35.34726804427089,51.03286653659946],[35.34883430217759,51.03260101963458],[35.35067115768769,51.03228963007144],[35.3555242862204,51.03202908752165],[35.3559089591831,51.03203791163073],[35.3564129304352,51.03204947293585],[35.356656894512,51.03210658601184],[35.35688513120879,51.03216001668508],[35.3571712995653,51.03238451212163],[35.3571905724801,51.032399631584575],[35.35719055672409,51.03239959168193],[35.35717127102391,51.03238446090342],[35.35688509983919,51.03215996326382],[35.3566568649911,51.03210653312402],[35.35641289585959,51.03204941928217],[35.3559089310215,51.03203785844159],[35.3555242530042,51.03202903356656],[35.35067112398699,51.032289575280195],[35.34883427081729,51.03260096621124],[35.3472680147606,51.0328664837093]]]},"properties":{"pub_date":"2026-10-07"}},{"type":"Feature","geometry":{"bbox":[35.0508736653623,51.12073621114281,35.0583116539144,51.12370193842611],"type":"Polygon","coordinates":[[[35.0508736653623,51.12370193842611],[35.0508738675997,51.12370188201074],[35.05130078896589,51.123425773154686],[35.0519838874282,51.12300803440173],[35.05248936078339,51.12252452872191],[35.0528036785244,51.122190065947606],[35.0529533899794,51.121912869613375],[35.0529731340205,51.12161711014885],[35.0530681430744,51.121231924960114],[35.053094571481196,51.12118166162196],[35.05313795229859,51.12114332649987],[35.0535622651914,51.12088312205332],[35.0542215919414,51.12073626350558],[35.0549537243601,51.120800449139],[35.0558124772896,51.121075703984545],[35.0564364114057,51.121416448933616],[35.0566701944172,51.12155121612603],[35.0570423393681,51.12173869398107],[35.0572137831033,51.12183752350318],[35.0575125466118,51.121980896918046],[35.0577216795789,51.12208341879446],[35.0579554970366,51.12219656246312],[35.05815034843639,51.122287247931034],[35.0583114182274,51.12238599129787],[35.0583116539144,51.12238610087807],[35.05815031590279,51.12228719192821],[35.0579554642052,51.12219651123499],[35.0577216485027,51.12208336529921],[35.0575125150503,51.12198084258667],[35.0572137493019,51.12183747060316],[35.057042308293,51.121738640485596],[35.056670163342595,51.12155116263039],[35.05643638033149,51.12141639543786],[35.055812443882296,51.12107564911462],[35.0549536886202,51.12080039289489],[35.0542215599928,51.12073621114281],[35.053562232758,51.12088306885449],[35.05313792025749,51.12114327133144],[35.053094539925596,51.12118160728934],[35.0530681128818,51.12123187032991],[35.05297310110179,51.12161705611411],[35.052953355697596,51.121912815876335],[35.0528036459976,51.12219000994332],[35.0524893283501,51.12252447552286],[35.0519838549951,51.123007981202576],[35.051300757411006,51.12342571882181],[35.0508736653623,51.12370193842611]]]},"properties":{"pub_date":"2026-10-07"}},{"type":"Feature","geometry":{"bbox":[35.24003915558481,51.03075374095801,35.24124211526149,51.03134219490227],"type":"Polygon","coordinates":[[[35.24003915558481,51.03075374095801],[35.2400391936096,51.03075379291066],[35.24124211526149,51.03134219490227],[35.2412420867478,51.03134214085089],[35.24003915558481,51.03075374095801]]]},"properties":{"pub_date":"2026-10-07"}},{"type":"Feature","geometry":{"bbox":[35.221244144984595,51.03665649285867,35.2224179450789,51.03720754611646],"type":"Polygon","coordinates":[[[35.221244144984595,51.03667731179772],[35.2212441452543,51.03667734379264],[35.2214161307025,51.03681878588815],[35.22188884740451,51.03720754611646],[35.2223683483717,51.03713474178642],[35.2224179450789,51.03665654488029],[35.22241791163509,51.03665649285867],[35.2223683129767,51.037134686423734],[35.22188881511259,51.03720748818406],[35.22141609705219,51.036818728255206],[35.221244144984595,51.03667731179772]]]},"properties":{"pub_date":"2026-10-07"}},{"type":"Feature","geometry":{"bbox":[35.22245091716239,51.03265388633549,35.2241537449706,51.033329718220905],"type":"Polygon","coordinates":[[[35.2241537104484,51.03265388633549],[35.22255011311199,51.03313218744301],[35.22245091716239,51.03332968739955],[35.2224509612382,51.033329718220905],[35.2225501481201,51.03313224477599],[35.2241537449706,51.0326539428329],[35.2241537104484,51.03265388633549]]]},"properties":{"pub_date":"2026-10-07"}},{"type":"Feature","geometry":{"bbox":[35.22316181493681,51.03067849949044,35.2253441418657,51.03199891390167],"type":"Polygon","coordinates":[[[35.225344109353195,51.03067849949044],[35.2253441110368,51.031094384364216],[35.224848111031,51.031520684654886],[35.224087612123995,51.03174938431826],[35.2233933109432,51.03169738410806],[35.22316181493681,51.03199888631323],[35.223161869397295,51.03199891390167],[35.2233933441045,51.03169744090537],[35.2240876434394,51.031749440579844],[35.22484814604079,51.03152074198744],[35.2253441418657,51.03109443979025],[35.2253441401495,51.030678541724455],[35.225344109353195,51.03067849949044]]]},"properties":{"pub_date":"2026-10-07"}},{"type":"Feature","geometry":{"bbox":[35.22126061216831,51.034234188692544,35.223856247342,51.03492044383295],"type":"Polygon","coordinates":[[[35.22236831585499,51.034234188692544],[35.221822711906995,51.03437978619671],[35.22126061216831,51.03492038626372],[35.2212606503824,51.03492044383295],[35.221822745068394,51.03437984299442],[35.2223683490169,51.03423424549008],[35.222946944061,51.03444214387751],[35.2233767454338,51.034702042553405],[35.223790047978,51.03470204491537],[35.223856247342,51.03423424426154],[35.22385620759,51.03423419457392],[35.2237900116078,51.03470198788235],[35.2233767141171,51.03470198629187],[35.222946910898195,51.0344420870802],[35.22236831585499,51.034234188692544]]]},"properties":{"pub_date":"2026-10-07"}},{"type":"Feature","geometry":{"bbox":[35.21808644784889,51.038465289090446,35.22121104521591,51.03991029382386],"type":"Polygon","coordinates":[[[35.22121100438391,51.038465289090446],[35.220764714161795,51.03867318831059],[35.2189131138037,51.03916178805595],[35.2181526132395,51.03956718724725],[35.21808644784889,51.03991029382386],[35.21815264737539,51.03956724571617],[35.2189131456055,51.039161845153785],[35.2207647478126,51.03867324594351],[35.22121104521591,51.038465343254806],[35.22121100438391,51.038465289090446]]]},"properties":{"pub_date":"2026-10-07"}},{"type":"Feature","geometry":{"bbox":[35.2180699137319,51.0362094875769,35.22122761855069,51.03773759776767],"type":"Polygon","coordinates":[[[35.2207647141727,51.0362094875769],[35.2193429122478,51.036625287792006],[35.2181691141867,51.03735298823321],[35.2180699137319,51.03773758317813],[35.218069954469,51.03773759776767],[35.21816914647389,51.03735304616652],[35.219342949101595,51.036625345661434],[35.2207647463587,51.03620954270423],[35.22122761855069,51.036271841982824],[35.2212276092954,51.03627178934234],[35.2207647141727,51.0362094875769]]]},"properties":{"pub_date":"2026-10-07"}},{"type":"Feature","geometry":{"bbox":[35.2322286799148,51.02967133162768,35.2394158867448,51.030655664969494],"type":"Polygon","coordinates":[[[35.2322286799148,51.0300688330871],[35.2322287165709,51.03006888534203],[35.2330413405319,51.03025817043154],[35.2337937722181,51.03023924196602],[35.2346966872549,51.03040959792163],[35.2356296991169,51.030655664969494],[35.2372549492828,51.03035281181426],[35.2379471833393,51.03004995746406],[35.2384287382116,51.02967138508004],[35.2394158867448,51.030085071905816],[35.2394158473623,51.03008502025286],[35.238428706984394,51.02967133162768],[35.2379471529836,51.030049902876506],[35.23725491805649,51.03035275836155],[35.2356296669167,51.03065560984596],[35.2346966569028,51.030409543333256],[35.2337937386613,51.03023918714169],[35.2330413079517,51.03025811727737],[35.2322286799148,51.0300688330871]]]},"properties":{"pub_date":"2026-10-07"}},{"type":"Feature","geometry":{"bbox":[35.2248812132137,51.02725421014242,35.2310934334369,51.030085938515775],"type":"Polygon","coordinates":[[[35.22895277806539,51.02725421014242],[35.226798922049994,51.0288901988905],[35.2262037240145,51.02928529910561],[35.2250630063723,51.02978438856611],[35.2248812132137,51.030085886022775],[35.2248812530671,51.030085938515775],[35.225063037304,51.02978444679769],[35.2262037543555,51.029285353696196],[35.2267989532627,51.02889025234614],[35.2289528122059,51.027254268608935],[35.22944852919299,51.027401578562085],[35.22976363995589,51.0273760046247],[35.23051584354919,51.027407975810284],[35.2307440374593,51.02743251807304],[35.2310934334369,51.0276406628339],[35.231093419049,51.02764061980932],[35.23074400390839,51.027432463247806],[35.23051580794329,51.02740791483856],[35.2297636040718,51.0273759484285],[35.2294484918461,51.02740151986005],[35.22895277806539,51.02725421014242]]]},"properties":{"pub_date":"2026-10-07"}},{"type":"Feature","geometry":{"bbox":[35.212935909875696,51.04128238636409,35.21947514529279,51.045805309221336],"type":"Polygon","coordinates":[[[35.2166871918973,51.04159401689824],[35.216439686974894,51.04186725310702],[35.216186483746,51.042367444004554],[35.215288299831,51.04336243341438],[35.2141762620968,51.04379269199587],[35.2134491593548,51.04441118232749],[35.212935909875696,51.04502966286918],[35.2129965926423,51.045805309221336],[35.2129359434181,51.04502971769859],[35.2134491924097,51.04441123632151],[35.2141762933049,51.04379274545406],[35.2152883342468,51.043362487108375],[35.2161865154432,51.04236749829755],[35.2164397186721,51.041867307399954],[35.2166872228262,51.04159407513143],[35.21884721336879,51.04180989794015],[35.21904534613909,51.04177094262445],[35.21947514529279,51.04128244442432],[35.2194751221331,51.04128238636409],[35.2190453107446,51.04177088726103],[35.218847179230394,51.041809839471526],[35.2166871918973,51.04159401689824]]]},"properties":{"pub_date":"2026-10-07"}},{"type":"Feature","geometry":{"bbox":[35.245386801515,51.03798464127362,35.2683920120175,51.04783267759381],"type":"Polygon","coordinates":[[[35.245386801515,51.03798464127362],[35.2453868346035,51.037984695259084],[35.24864997908589,51.03870284743479],[35.2528920667784,51.0395235808476],[35.258602570405,51.04167793538146],[35.2628446583946,51.04424251178254],[35.26561833093099,51.046396646572894],[35.2683920120175,51.04783267759381],[35.2683919717156,51.04783262708651],[35.265618296834795,51.046396590923244],[35.26284462528049,51.04424245780229],[35.25860253729789,51.04167788139987],[35.252892036886394,51.03952352709939],[35.2486499469694,51.03870279512057],[35.245386801515,51.03798464127362]]]},"properties":{"pub_date":"2026-10-07"}},{"type":"Feature","geometry":{"bbox":[36.9939497382126,50.302816268596615,37.02488310974639,50.31154301994808],"type":"Polygon","coordinates":[[[37.024422129981296,50.31098558145186],[37.0248448252244,50.31011576084755],[37.02488310974639,50.30943929638875],[37.02458999142759,50.30882010017665],[37.02448927468289,50.30794101413687],[37.0239185467203,50.30682605518847],[37.0232135299294,50.30603270172397],[37.0211656218194,50.30483192520629],[37.0187484191058,50.303995651413025],[37.0168725702204,50.303486376936476],[37.01587598552669,50.30307899012706],[37.0148575733842,50.30291034502236],[37.0132006038931,50.302816268596615],[37.0078500256941,50.30308431296762],[37.0049329046387,50.30344262667149],[37.00355407692359,50.30371740020824],[37.0035485816931,50.30372091243218],[37.0009257487933,50.304525025064024],[36.998827482069,50.304759554307196],[36.9949981479142,50.30502758972079],[36.9939497382126,50.30512803125293],[36.993962864233,50.305134194549375],[36.993962983018,50.30513424869389],[36.99630956490449,50.30616671523694],[36.9973586973823,50.30723880783924],[36.9990373112424,50.3082103738291],[37.0010306633995,50.308880403891905],[37.002549543083795,50.30929614159013],[37.003968233916694,50.30968442776548],[37.006118956092095,50.31005293383304],[37.0092663556164,50.31042143935191],[37.0106910781418,50.31021373721836],[37.0115303844002,50.31002077549103],[37.01260469746331,50.30989213242366],[37.0132425687626,50.30993501256798],[37.0136515777844,50.310115853253514],[37.0145518909566,50.31051390564614],[37.01592835204419,50.31098558492713],[37.0180098328,50.31132862285626],[37.01952058350359,50.31154301994808],[37.020997763496396,50.3115001409079],[37.022642803182194,50.311457261685085],[37.0236816934469,50.31143586080568],[37.0236928185779,50.31143016418121],[37.0236929311331,50.31143009984447],[37.024422129981296,50.31098558145186]]]},"properties":{"pub_date":"2026-10-07"}},{"type":"Feature","geometry":{"bbox":[37.34851206297391,50.33511472421045,37.3499102080411,50.33595363958083],"type":"Polygon","coordinates":[[[37.3488803104723,50.33513001179456],[37.348837690470894,50.33519393748922],[37.3487698132009,50.33526725809457],[37.34864728359119,50.33542759138472],[37.348555383565895,50.33554881653989],[37.34851206297391,50.33562686582923],[37.3485317654799,50.33567192794871],[37.3485479902414,50.335709037126186],[37.3494222035828,50.33595363958083],[37.349532977973794,50.3359345300469],[37.3499102080411,50.33543194716495],[37.349895238136895,50.33538799369153],[37.3490427016051,50.33513697429617],[37.3489671344098,50.33511472421045],[37.3488803104723,50.33513001179456]]]},"properties":{"pub_date":"2026-10-07"}},{"type":"Feature","geometry":{"bbox":[37.7367446924113,48.61823665842785,37.8925550564987,48.789753041765046],"type":"Polygon","coordinates":[[[37.777324484988796,48.73521974612991],[37.775570824741294,48.73551661749156],[37.773327204697,48.735735839344436],[37.7708342945125,48.73576324176479],[37.76738576839719,48.73598246204849],[37.7635633057244,48.73609207177006],[37.7606133626905,48.73620168148664],[37.758328193559805,48.736475704660734],[37.7559183796447,48.7367771274962],[37.75309308180369,48.73713335321942],[37.7518050788783,48.73743477245702],[37.7496030071332,48.73787319775989],[37.747110096883596,48.738421223504496],[37.74465873448559,48.738969243280074],[37.7428306006329,48.73948985685848],[37.741750338794795,48.73990086327732],[37.74121020850149,48.740394067557965],[37.74108556379429,48.740914666316314],[37.7413348541436,48.74124346274393],[37.742165824741,48.7415448566934],[37.74403550681609,48.741188662994404],[37.74644532063,48.74025706693731],[37.7505170753061,48.73927065178778],[37.7535501165434,48.73861303061997],[37.756832447903996,48.738037605864896],[37.759110903333394,48.73776024319949],[37.76102784212819,48.73763094692462],[37.762726945578095,48.737508833312326],[37.76454585829139,48.73754474913693],[37.76581403610399,48.73763460804207],[37.76586375357899,48.73763813039669],[37.765871316470694,48.737643240603],[37.7667594535799,48.737747835177466],[37.766822904447594,48.73775530782578],[37.76820138423191,48.737946109354276],[37.7694266987034,48.73810324021713],[37.7706690339603,48.73831648726718],[37.771809256669194,48.73857462842381],[37.7734770476205,48.73886643699875],[37.7750937810078,48.73910212891437],[37.7757207361128,48.73916093945201],[37.7761455120263,48.73916812131198],[37.776766338097,48.73917530534894],[37.7776485664729,48.73918967092732],[37.7780297749447,48.73907474412219],[37.7784872255459,48.73898854846416],[37.77889021836379,48.738995731638866],[37.7793803447976,48.73896699898666],[37.7803714885929,48.73891671886557],[37.78097053118609,48.73890953569476],[37.7814170913467,48.738981365072135],[37.7816022497586,48.73909629252621],[37.781787409093695,48.739239951535495],[37.7819398924808,48.739448256068],[37.782034702777494,48.739595292089334],[37.7820646180297,48.73960766968196],[37.7820278934993,48.73991462048536],[37.781969013429794,48.74040677435918],[37.782171882579796,48.740808136966166],[37.7820704469914,48.74117604689523],[37.781715425024196,48.741644294782915],[37.7819182955592,48.74231321040781],[37.78283121311151,48.7432831231152],[37.78529101924149,48.74493862206177],[37.7864325885529,48.74618599492409],[37.7873731811751,48.74708647543457],[37.7880526574277,48.747951889636994],[37.78929966724329,48.74965906285634],[37.789915625469,48.7506815190471],[37.790630976252196,48.75230654364695],[37.7907282419183,48.75279045610851],[37.790642893540394,48.75333553143467],[37.79028252531829,48.753675688124154],[37.7889367565138,48.754077611209844],[37.7831449243102,48.75612411522412],[37.7754500608804,48.7587960394526],[37.769489632793295,48.76146027249843],[37.7653490596811,48.76394826651072],[37.7613892234572,48.76722157343634],[37.7591644762776,48.77048772911773],[37.759710665303594,48.773124919992895],[37.7639867539175,48.77552230706575],[37.76571754083189,48.775789832934265],[37.768941588688996,48.776288168034185],[37.7708714215863,48.77649096630336],[37.775110572146296,48.77693643193248],[37.79306725905569,48.767081542133575],[37.7970486379303,48.76482968531047],[37.8009025574478,48.76138171387496],[37.8021287899002,48.760311945267354],[37.802649677246,48.75985751486213],[37.8033055763967,48.75947761202121],[37.804043849732,48.75925350108363],[37.804580517367995,48.759174786568515],[37.8053957887249,48.75929334003544],[37.80596107250089,48.759468415295615],[37.8067547900696,48.75999995363615],[37.8075527293649,48.76082143950519],[37.81301290233059,48.76644237993019],[37.81634718902901,48.76980517204017],[37.82195169147369,48.77524339227515],[37.8260884049356,48.779131893224296],[37.8268535956951,48.77985113755205],[37.8278141908428,48.78054629882804],[37.82888933913299,48.78108038797127],[37.83019961760541,48.78163159067145],[37.8313100234339,48.78200718456176],[37.8320907324143,48.78218726349028],[37.83230226546609,48.78226856572748],[37.8327041575296,48.78256187457187],[37.8341319822979,48.78404701243691],[37.8374738287481,48.78743190601358],[37.839633038312996,48.78961881127261],[37.839731209453795,48.78968714622393],[37.839859010880595,48.789727415997255],[37.840023854982896,48.78975182216081],[37.84026649750249,48.789753041765046],[37.840636940708194,48.78973229785065],[37.8673930335234,48.78472460784643],[37.8692215432974,48.78446318996214],[37.8708258001988,48.78446319014578],[37.8724375290424,48.78451801161132],[37.86879063372479,48.78413044479932],[37.867434917876096,48.783724405048154],[37.86610795607479,48.78281507778216],[37.86589435887299,48.78266870062894],[37.8652781290896,48.781816001595445],[37.865282072150094,48.78180041632186],[37.8652781224967,48.78179495208446],[37.8656511002798,48.78032031750257],[37.8657094831024,48.78008950163461],[37.86583724053699,48.77993205848982],[37.8660510997239,48.77948601480254],[37.866051167632506,48.7794858659409],[37.8662495484236,48.77901406212663],[37.8671149912228,48.77695576923413],[37.8681514944805,48.77587897847704],[37.869511840234,48.775191675109674],[37.87094024052169,48.774469977909206],[37.8736428191291,48.772413978790354],[37.87605295370469,48.77042653173344],[37.876096837758794,48.77031249006626],[37.878265309815994,48.7646770263795],[37.878437728350896,48.76422888043265],[37.8804208776814,48.75907441289058],[37.882391036824394,48.75362150903082],[37.884255763099,48.748459192293474],[37.8846914543591,48.74725302129725],[37.886236767555495,48.74297474712492],[37.8865716830488,48.74159640991852],[37.886675571467805,48.740637267221366],[37.8869872312153,48.7394725867444],[37.887298890265,48.73823936339495],[37.88740514752439,48.738011602904585],[37.8876768476457,48.737429186216914],[37.8879495568692,48.736783199514505],[37.8895534431453,48.73446456967927],[37.891694930431,48.73128652655207],[37.89199196010959,48.73030693657151],[37.8925550564987,48.72844979729097],[37.8924973002167,48.72835062973357],[37.89244987175099,48.728269199622986],[37.891116490909894,48.72597981576656],[37.891116465637396,48.72597978685897],[37.8908970398463,48.72579134861347],[37.8898205042166,48.72486683360304],[37.8883317202652,48.72396024907681],[37.88649935926,48.72358250192113],[37.8858276587909,48.72355833506728],[37.88564072779619,48.72355161066554],[37.8833499916619,48.723469180886404],[37.8807159735111,48.72437576808741],[37.87819647953499,48.72611335212869],[37.876650427453995,48.72701989563231],[37.87500269475849,48.7278964384823],[37.87487532655949,48.72796418949522],[37.8716686904623,48.72913509665163],[37.8689201543712,48.72992827144726],[37.8653126980022,48.730003810448416],[37.86349230145859,48.72977867201325],[37.8634803333978,48.72977719034491],[37.8622778557503,48.728908467527816],[37.86227783304509,48.72890844274439],[37.86141893860199,48.72800196273731],[37.85970109572129,48.72717097519958],[37.8597010732733,48.72717095322448],[37.8588585648329,48.72640425607907],[37.8588585423857,48.72640423410376],[37.85841821385979,48.725874312133115],[37.8582681055151,48.72546833695088],[37.8582680973533,48.72546830935791],[37.858134886349895,48.724227941956244],[37.8581359625983,48.724217000969645],[37.858134877324595,48.72420687204457],[37.858286261993,48.722671430850994],[37.8584946536733,48.72121980289147],[37.85932700471469,48.719263320713715],[37.86859577528941,48.70665513509927],[37.8689048602782,48.705431302887455],[37.8693791052827,48.703553482551484],[37.8691680298349,48.70221617157771],[37.8691680229455,48.70221614365401],[37.8689803076508,48.701026830352895],[37.8680784038597,48.699950978250214],[37.8680783750475,48.699950957928685],[37.8669697417231,48.69922386215468],[37.8663762266579,48.69883460339105],[37.864644095453,48.698200476904674],[37.8642756475535,48.69811850405266],[37.8623128346631,48.69768181360981],[37.856989176844195,48.697683568744424],[37.85355331765851,48.69814547361674],[37.85047462556379,48.69906697160412],[37.8498079243197,48.69926652133768],[37.849321892488796,48.69951551513667],[37.8478913360839,48.70024837561868],[37.8462454488722,48.701091535290296],[37.84165986336819,48.70338163540234],[37.8388825013724,48.70488775082621],[37.8362343222357,48.705939162434646],[37.8352396321597,48.70623807046536],[37.835173964828996,48.70625780552572],[37.8346860614102,48.706289104777156],[37.8342647528201,48.70627341340241],[37.8340989896142,48.70624701107557],[37.83384451473229,48.706173608894304],[37.833844461195206,48.70617359401126],[37.83374964020079,48.70611971054848],[37.8308915324959,48.70449551949318],[37.8288657853651,48.70378994535348],[37.82767058548289,48.70337364633646],[37.8263177842961,48.70300613673916],[37.8250399644865,48.70251939329891],[37.824595372553894,48.70167590200268],[37.82444878778361,48.699934449230874],[37.8244503157321,48.699931600763485],[37.8244487814908,48.69991336833548],[37.8252916649157,48.698341172610434],[37.8264277287503,48.69688987108448],[37.828265215444894,48.695599837814825],[37.83009244666379,48.69439837324826],[37.83155832946059,48.693382387094594],[37.8332807536131,48.69241476298161],[37.8354062914809,48.691422927344384],[37.8374218881086,48.69069718313958],[37.83831067434429,48.690354674185535],[37.839071727440796,48.69015389469508],[37.8393210911542,48.69001654008837],[37.83935096468089,48.69000008655586],[37.83938009819399,48.68998374425082],[37.8395112261634,48.689910184700395],[37.83993712952909,48.689671260211355],[37.840518787121795,48.689338962279315],[37.841095895867795,48.689003223716355],[37.84166839634229,48.6886640657279],[37.8422362673527,48.68832152357073],[37.84279942756261,48.687975621256726],[37.843357865988,48.68762638181758],[37.84391152474749,48.68727383852226],[37.8444603441828,48.68691801935292],[37.8450043036364,48.686558950810024],[37.8455433411643,48.68619666434597],[37.846077419805596,48.685831188772625],[37.8466065074473,48.68546254877164],[37.847130544706104,48.68509078471933],[37.847305497349694,48.684964402665365],[37.84764949132379,48.6847159176614],[37.8478148098373,48.6845943140156],[37.8479991869812,48.68432716816798],[37.848149961386596,48.6839185356911],[37.8483540341319,48.68312490590972],[37.848415214047,48.68275132564165],[37.84838517573219,48.682354722701156],[37.8482139622458,48.681789526502996],[37.8473890392586,48.680638554304046],[37.8463150803288,48.679107314301284],[37.84403852030341,48.676547928972575],[37.8438671270895,48.676355235075185],[37.84336952425339,48.67598326246992],[37.8429264320647,48.6756520410711],[37.8424294591599,48.67548795965408],[37.8413101697046,48.675234374109685],[37.841077583429495,48.675219016318984],[37.8407461361724,48.67529197068253],[37.84013122264799,48.67561794971139],[37.839909807422,48.67572824512234],[37.8388570091867,48.67625267968656],[37.8387839926961,48.676289049729085],[37.8375549521562,48.676648003273584],[37.83679862337019,48.67680406604269],[37.8361683944432,48.67686267827686],[37.8351205016099,48.67696013558126],[37.8317169998834,48.67722544449084],[37.8265644733457,48.67750635947136],[37.82377548783419,48.67758439461457],[37.8233450489384,48.67753524096776],[37.823110021751496,48.677508402858244],[37.8231098548719,48.67750836463425],[37.8224842331104,48.6773693037281],[37.82198236833559,48.67704610237276],[37.821982290174,48.67704601625763],[37.8219822642043,48.67704598848895],[37.8219821801875,48.677045895266495],[37.8216415946323,48.67667380994498],[37.82121539455,48.67624345583852],[37.8212153606865,48.67624342244881],[37.82121526877399,48.676243328396744],[37.82112907490549,48.67615629636127],[37.820388236087794,48.67540823403516],[37.81956479284779,48.67444157864045],[37.819391118816895,48.67423769039211],[37.819391072277995,48.67423758363122],[37.8186894384551,48.672554987317085],[37.8184678576128,48.67089661872702],[37.8184218089754,48.67062523762604],[37.8184217988316,48.67062518276278],[37.8182573135504,48.66973021034773],[37.8182567619838,48.66972958570353],[37.8182524189561,48.6697246462447],[37.81756725933369,48.66894549630587],[37.81694631943219,48.6682393688198],[37.816897370722494,48.66820018039971],[37.8168524078077,48.668158959358365],[37.81681161344609,48.668115887368835],[37.8167751851706,48.66807114610949],[37.816775106807,48.66807102842865],[37.8167432626701,48.66802492649005],[37.8167431932257,48.668024806499105],[37.8167256486901,48.66799425646428],[37.81671598129589,48.667977424375174],[37.8167159385787,48.6679773309981],[37.8167159276504,48.6679773012506],[37.8166925887181,48.66792579817288],[37.81669066088299,48.66792154877771],[37.8166896822235,48.667919385738685],[37.8166896395367,48.66791925881775],[37.81668875359339,48.66791655531269],[37.81668758514131,48.6679129706382],[37.816687244686,48.66791193296398],[37.81667032552949,48.66786016231699],[37.8166580147969,48.66780012875257],[37.81665282840199,48.66773964034461],[37.8166533093361,48.667724803091126],[37.81665276353199,48.66771842410549],[37.8166547362675,48.66765785414455],[37.8166638542671,48.667597571278115],[37.81668007131799,48.66753793719846],[37.8167032803108,48.66747932266185],[37.8167333318606,48.66742208254406],[37.81677005442899,48.667366562127455],[37.8168132232368,48.66731310419497],[37.81686256766529,48.667262034656524],[37.81691780158,48.66721365661297],[37.8169785754136,48.667168273305776],[37.81704452153949,48.66712616103526],[37.8171152354162,48.6670875721284],[37.8171903013138,48.66705274073134],[37.81821353942749,48.666771164226766],[37.820039473141996,48.6662438765012],[37.82017615874279,48.66620537782966],[37.82031175534579,48.66616524751886],[37.8205277372891,48.66609723294339],[37.82074062078699,48.66602508668483],[37.82095022410661,48.66594886636638],[37.8211563675503,48.665868637709295],[37.82135888212219,48.66578446941427],[37.82155758736399,48.665696433152824],[37.8217523188677,48.66560460506468],[37.8219429071342,48.66550906261038],[37.82212919617001,48.66540988358595],[37.8223110146907,48.665307159332656],[37.82248822862,48.66520096963776],[37.82266066438319,48.665091414105085],[37.822828195554,48.66497857533411],[37.8229906607916,48.66486255838597],[37.82314792627981,48.664743460234426],[37.82329986737799,48.664621378351654],[37.823446352054795,48.66449641979141],[37.8235872503229,48.664368690121165],[37.82372244136649,48.66423830019872],[37.82385181634929,48.66410535873739],[37.823975256247294,48.66396997709053],[37.824092667253595,48.66383227636892],[37.82420393544529,48.66369237139661],[37.8243089833327,48.66355037618291],[37.82440770641679,48.66340641844298],[37.82461125393911,48.6627192665874],[37.82461123867979,48.6627192322124],[37.82473568986239,48.66229908872885],[37.824823746665295,48.66200182200017],[37.8252860388873,48.6594368675152],[37.8254757432978,48.65736182684314],[37.825398323676794,48.656748102753745],[37.82536183740369,48.65645880568048],[37.8253580055264,48.65642847892797],[37.8248259847058,48.65221107871108],[37.8248259282149,48.65221101094347],[37.8248259122045,48.65221096334819],[37.8238535420934,48.65073349446919],[37.822976505365595,48.649400814087876],[37.82297647763549,48.64940077623776],[37.82198628184209,48.647896127646824],[37.82174330128169,48.6475268976542],[37.8216922970518,48.64744939136856],[37.8213766694545,48.64696976401187],[37.80111696657869,48.64078871851184],[37.800584451548495,48.640943543716425],[37.80026777207729,48.64103561432593],[37.7974393874727,48.64185793363465],[37.796961328330994,48.64187651639328],[37.79493862799471,48.64195513315041],[37.7929511711047,48.64115337360868],[37.79295115669451,48.641153299734796],[37.7929511442899,48.64115324833568],[37.79273208453709,48.64010829526906],[37.79273582060199,48.640105047735254],[37.792732077332595,48.64008719056366],[37.79552703649891,48.637657035077346],[37.7971091785016,48.6366115167384],[37.8005044818455,48.622346146055214],[37.799598725717495,48.621181953503076],[37.7982988417887,48.61951112650271],[37.7975062981361,48.618492396355656],[37.7974039459063,48.6183608279752],[37.7954113820935,48.61823665842785],[37.796727272289495,48.619182995594876],[37.7974784945382,48.62067777548358],[37.7977349732383,48.62282606173858],[37.7976615941425,48.62541001119631],[37.7967618427249,48.62797697161451],[37.793236162439094,48.634459013816844],[37.788970144927895,48.640520043720414],[37.7831280389652,48.64430841169461],[37.77588899483829,48.64736027201691],[37.7730979730267,48.64987031801457],[37.7719217306217,48.65092810883691],[37.77106770679859,48.65169906283626],[37.76861681630079,48.652464470024924],[37.7658985574855,48.65284716941537],[37.7625564342313,48.65314155145464],[37.758635010191,48.653406493526724],[37.755426572644595,48.6539952493255],[37.75310936587049,48.65490780801134],[37.75056935401379,48.6559086588166],[37.7497666365203,48.65626923388525],[37.7494553141186,48.65640907916884],[37.7494545017543,48.656409778511666],[37.7494230730478,48.65659783650752],[37.7494081197923,48.6568200707759],[37.749542692098096,48.65712132068511],[37.749752025827995,48.65738306095982],[37.7500959312991,48.65758060002497],[37.750649170367296,48.657842338296845],[37.7510603619055,48.65800036802702],[37.7513165406368,48.658071914062184],[37.752213306428494,48.657748811959834],[37.7526318291598,48.657598013386746],[37.7531539294371,48.657409898330876],[37.7555602581725,48.65640907732488],[37.757610093354096,48.655496546281015],[37.760640283251995,48.654996119514905],[37.76460627050779,48.65511386675809],[37.7675918997115,48.654790059560824],[37.76986454226,48.65420131260053],[37.771914377322,48.653671434998614],[37.77337406864319,48.653861798509],[37.775669352045796,48.65465251436253],[37.78014382150659,48.65619391562307],[37.78932318751829,48.659016822424114],[37.796458233537,48.66158293662525],[37.8002456058645,48.664322427763636],[37.803012493517606,48.670988487460775],[37.8031075748726,48.6799983765464],[37.8036494125225,48.692551291518164],[37.8035096132898,48.69311089035544],[37.80347821161579,48.69358759160296],[37.80386056506309,48.695207094164196],[37.80336971061839,48.69545008521071],[37.800620828170196,48.695853291548424],[37.7998317718188,48.69588000007232],[37.7994131403437,48.69582182763991],[37.798145953340295,48.69545008510429],[37.7944699745718,48.69442844515299],[37.7919548320407,48.693662202639494],[37.78943968983639,48.69340678417519],[37.78634412867479,48.693789909773535],[37.784409401977506,48.69417303244896],[37.7755437193699,48.6940154927817],[37.7687554722436,48.69411618575421],[37.768523658623,48.69408799754951],[37.7682768974708,48.693941965060965],[37.768257074675994,48.69393077439245],[37.7668928894396,48.69282563534632],[37.7666051687106,48.692658055209186],[37.765400185458596,48.69223695823388],[37.764191426743594,48.691906277954885],[37.7641906405103,48.69190773201756],[37.7635623562614,48.69190090134658],[37.76286598540689,48.69191348541616],[37.762503253370895,48.69199391285996],[37.762361315293596,48.692117933726045],[37.7622371052175,48.69235683177177],[37.7622543148088,48.692737192014505],[37.7623551789413,48.69290792381328],[37.762357957148794,48.692992372634684],[37.762374694817595,48.6933492293181],[37.7623241889193,48.69347425276031],[37.7621979180114,48.69357010378216],[37.7619866870366,48.693623516279246],[37.7614568380879,48.69365531165645],[37.7577747464228,48.693642691492784],[37.756832727297294,48.69368710604849],[37.75652754055749,48.69370399767298],[37.756148217899,48.693759886436716],[37.7558874346299,48.69384707334564],[37.7556537466569,48.69403039000582],[37.75533952724899,48.694370690104954],[37.75490601542041,48.694847604583344],[37.7537223959132,48.69643690269872],[37.7536502616216,48.69660446433231],[37.7536710689659,48.6968233030032],[37.7537196207366,48.696953323318105],[37.7537550009052,48.69701877678087],[37.7538084132695,48.69706228261958],[37.753945308710506,48.6971087508985],[37.7543896576593,48.697198882873],[37.75628843058869,48.697522212573794],[37.7565832190565,48.6975637012331],[37.7567015652538,48.697572687309716],[37.7568072160043,48.69756975745867],[37.75691464446919,48.69755159129392],[37.7570060912554,48.697514087936],[37.757155243919094,48.69739337273424],[37.7574896595904,48.69698414839367],[37.7577036027205,48.69685758732216],[37.7580376463749,48.696722467250446],[37.7582847476399,48.696668101169436],[37.75856653027309,48.69664950249384],[37.7589090013269,48.69664521047873],[37.7593066293236,48.696674459138606],[37.75963031551969,48.696715155755264],[37.7632525374396,48.69751887363182],[37.7633173715509,48.697526961103975],[37.763325184866,48.6975494727305],[37.7642425614618,48.69763722635235],[37.7659422314592,48.697676986053],[37.7690867276751,48.697409182917625],[37.78425130648499,48.69710790297868],[37.78572211907309,48.69690704864232],[37.78678719061989,48.69660576602382],[37.7874715368205,48.69652720799829],[37.788380544655595,48.69658380961955],[37.7956120638509,48.69848038603984],[37.79982162741991,48.69928377306377],[37.800937418663096,48.69941767090763],[37.80223426530749,48.6993518287383],[37.8026959827025,48.69958038163949],[37.8030906864937,48.69992315307999],[37.803161547587194,48.700258325698435],[37.80306755889951,48.70129218649938],[37.804234065570895,48.70376911867407],[37.814142058673795,48.71764825389978],[37.8142537733854,48.71808127408266],[37.814136690376394,48.71869925740406],[37.81389894964929,48.719065239395455],[37.8133442262783,48.71927437002435],[37.8118385451459,48.719640348344925],[37.7959892751259,48.71911752210707],[37.7951175653639,48.719012956546756],[37.794596179737695,48.71874541172515],[37.7940671929253,48.71864697438854],[37.7936118864919,48.71864697445065],[37.7925816835609,48.71875154043268],[37.79090572635689,48.71883659674702],[37.79019463824509,48.71903412946465],[37.7886986145214,48.719849476405706],[37.787509918361394,48.72005860406213],[37.7850028508439,48.719568526479186],[37.7828230671426,48.71899567141136],[37.7808495567195,48.71844744547729],[37.77981979057999,48.718077362887456],[37.778361669704,48.717324475037145],[37.7765231679803,48.71615329115363],[37.7750650454442,48.71514939854933],[37.7741115645562,48.7145552357721],[37.773293084408095,48.71418135995743],[37.77209859116879,48.713701616504615],[37.7701244124327,48.7131525793896],[37.7691057639078,48.71293239816329],[37.766569898914796,48.71230492769492],[37.76416082750699,48.71167744875506],[37.76010344465269,48.71088263115669],[37.753573592479896,48.70962763009239],[37.747170534576796,48.708414433096124],[37.744459694667796,48.70773335725505],[37.743578440734794,48.70759429358713],[37.7428106444143,48.707520744179675],[37.7416306930698,48.70752074436144],[37.741109368511,48.70755896978398],[37.7386179119086,48.70805057549772],[37.7380077423027,48.70826649136987],[37.7374925496355,48.70860646137249],[37.7369773605105,48.70924252678218],[37.7367446924113,48.70993341708752],[37.736744695279505,48.71072299293921],[37.7369441218982,48.71153449108829],[37.737210027898,48.71230211044496],[37.7377584555957,48.71292716492321],[37.738393095077,48.71325613679589],[37.73935388381089,48.713513144104375],[37.7421323789405,48.713907220470674],[37.7473258302946,48.7147810313365],[37.7508833433331,48.71532929763812],[37.753687808584196,48.716048887030816],[37.75393422382469,48.71613842562082],[37.7562996474755,48.71648791875496],[37.7615615684083,48.71753361042234],[37.76542875923761,48.71837014879485],[37.7689789704617,48.719332152932644],[37.77227559416719,48.72050326097852],[37.774431081177894,48.7215906952056],[37.77607939147409,48.72280357453884],[37.77695446948779,48.723689610130506],[37.77772579422919,48.72492013011273],[37.7785897497723,48.7267175680853],[37.7794565093425,48.729494597029785],[37.7781627257459,48.733606252815406],[37.7780944607156,48.73382319107178],[37.777324484988796,48.73521974612991]]]},"properties":{"pub_date":"2026-10-07"}}],"fileName":"AssessedRussianInfiltrationAreasinUkraine20261007"}